  0.1139913062475013E+06   0.5737260459387205E+05   0.6987919607075817E+04   0.7585768447035266E+03   0.4430777743670207E+03   0.3306966802722126E+03   0.2268048888946816E+03   0.1163140951582173E+03   0.5078453920435227E+02   0.1230238671816567E+02   0.5395899169679653E+01   0.1464224769803990E+01   0.1216578222554276E+01   0.1437780005129208E+00   0.1105208510472865E-02   0.1000000275083406E-02   0.9999999747378773E-03   0.9999999747378752E-03   0.9999999747378752E-03   0.9999999747378752E-03   0.9999999747378752E-03   0.9999999747378752E-03   0.9999999747378752E-03   0.9999999747378752E-03   0.9999999747378752E-03   0.9999999747378752E-03   0.9999999747378754E-03   0.9999999747378754E-03   0.9999999747378756E-03   0.9999999747378765E-03   0.9999999747378780E-03   0.9999999747378812E-03   0.9999999747378888E-03   0.9999999759636171E-03   0.1000070992260680E-02   0.1015136997906326E-02   0.1084137665553144E-02   0.1039653901234495E-02   0.1000284405449161E-02   0.9999999833082474E-03   0.9999999747429145E-03   0.9999999747480747E-03   0.9999999747583581E-03   0.9999999747786863E-03   0.9999999748185452E-03   0.9999999748960744E-03   0.9999999750456615E-03   0.9999999753319585E-03   0.9999999758755007E-03   0.9999999768991478E-03   0.9999999788116152E-03   0.9999999823569221E-03   0.9999999888820619E-03   0.1000000000825057E-02   0.1000000022653707E-02   0.1000000062880541E-02   0.1000000139116362E-02   0.1000000292684200E-02   0.1000000634241033E-02   0.1000001487633715E-02   0.1000003829078858E-02   0.1000010556337779E-02   0.1000029919209756E-02   0.1000084128226370E-02   0.1000229293178085E-02   0.1000597779689160E-02   0.1001480084293941E-02   0.1003467159583547E-02   0.1007668598630819E-02   0.1015996627680997E-02   0.1031451515109580E-02   0.1058264460717731E-02   0.1101678805674179E-02   0.1167139062682479E-02   0.1218779627633434E-02   0.1267392056568979E-02   0.1338435481799888E-02   0.1420956313901276E-02   0.1528266218343484E-02   0.1600750746906256E-02   0.1670343671735087E-02   0.1685365938352477E-02   0.1654053899933392E-02   0.1595468606716775E-02   0.1527474642524227E-02   0.1452629222038232E-02   0.1423563893796255E-02   0.1419447875675594E-02   0.1484479461437165E-02   0.1578459017864797E-02   0.1688797559481248E-02   0.1873054883017152E-02   0.1291254294216250E-02   0.1507582664884419E-02   0.1991432633787834E-02   0.2617946936614379E-02   0.3418270875078152E-02   0.4429661822629473E-02   0.5695515092884329E-02   0.7265289687504116E-02   0.9194272422152911E-02
  0.3886421100201881E+08   0.1820115038076568E+08   0.1858803034156382E+07   0.4195456436765947E+05   0.6424768051847715E+03   0.3394965892502972E+03   0.2276876127528960E+03   0.1147496325227905E+03   0.4867754002820254E+02   0.1217139212522982E+02   0.4765584340109049E+01   0.2573245103262787E+01   0.9472681369275814E+00   0.1733998988388848E-01   0.1001659235044264E-02   0.9999999754121073E-03   0.9999999747378752E-03   0.9999999747378752E-03   0.9999999747378752E-03   0.9999999747378752E-03   0.9999999747378752E-03   0.9999999747378752E-03   0.9999999747378752E-03   0.9999999747378752E-03   0.9999999747378752E-03   0.9999999747378752E-03   0.9999999747378754E-03   0.9999999747378754E-03   0.9999999747378756E-03   0.9999999747378765E-03   0.9999999747378780E-03   0.9999999747378812E-03   0.9999999747378888E-03   0.9999999784654006E-03   0.1000166632125008E-02   0.1019126578084397E-02   0.1087431345469299E-02   0.1027303602493683E-02   0.1000071382954733E-02   0.9999999754914052E-03   0.9999999747428931E-03   0.9999999747480331E-03   0.9999999747582746E-03   0.9999999747785193E-03   0.9999999748182156E-03   0.9999999748954284E-03   0.9999999750444043E-03   0.9999999753295323E-03   0.9999999758708556E-03   0.9999999768903240E-03   0.9999999787949844E-03   0.9999999823258124E-03   0.9999999888242611E-03   0.1000000000718163E-02   0.1000000022455894E-02   0.1000000062509717E-02   0.1000000138394719E-02   0.1000000291168795E-02   0.1000000630671349E-02   0.1000001478126477E-02   0.1000003801432592E-02   0.1000010473006474E-02   0.1000029669532910E-02   0.1000083403334111E-02   0.1000227281450991E-02   0.1000592480094184E-02   0.1001466878563740E-02   0.1003436089514529E-02   0.1007599642749888E-02   0.1015852339106968E-02   0.1031166932240171E-02   0.1057735476278317E-02   0.1100752171589888E-02   0.1165609388054093E-02   0.1216399921565792E-02   0.1263903063996142E-02   0.1343614240028476E-02   0.1424676563814215E-02   0.1520555203663140E-02   0.1601822668491037E-02   0.1650593176567161E-02   0.1675316054813989E-02   0.1644268198612989E-02   0.1586450462682271E-02   0.1519581234775128E-02   0.1456021982949639E-02   0.1408203425187571E-02   0.1415126216801469E-02   0.1490872362281404E-02   0.1575178614493118E-02   0.1685430646698923E-02   0.1869180116388955E-02   0.1316439146975481E-02   0.1501365433113568E-02   0.1983295842847994E-02   0.2607287314207586E-02   0.3404368998104544E-02   0.4411652807327577E-02   0.5672360684053491E-02   0.7235751815786844E-02   0.9156888482915876E-02
  0.3092504338707737E+03   0.8498065843591970E+03   0.8638564633584223E+03   0.6064370109436958E+03   0.4399691984343543E+03   0.3429739493469787E+03   0.2295595674051246E+03   0.1168458572098694E+03   0.4927211815025529E+02   0.1309911408905642E+02   0.4330383994461195E+01   0.3255837674141294E+01   0.8319525879191714E+00   0.4115956410952814E-02   0.1000069207145919E-02   0.9999999747452911E-03   0.9999999747378752E-03   0.9999999747378752E-03   0.9999999747378752E-03   0.9999999747378752E-03   0.9999999747378752E-03   0.9999999747378752E-03   0.9999999747378752E-03   0.9999999747378752E-03   0.9999999747378752E-03   0.9999999747378752E-03   0.9999999747378754E-03   0.9999999747378754E-03   0.9999999747378756E-03   0.9999999747378765E-03   0.9999999747378780E-03   0.9999999747378812E-03   0.9999999747378888E-03   0.9999999838600896E-03   0.1000401452266330E-02   0.1030495605222653E-02   0.1078012359562550E-02   0.1022002017009801E-02   0.1000030847359864E-02   0.9999999748812958E-03   0.9999999747428725E-03   0.9999999747479912E-03   0.9999999747581907E-03   0.9999999747783510E-03   0.9999999748178821E-03   0.9999999748947718E-03   0.9999999750431232E-03   0.9999999753270510E-03   0.9999999758660894E-03   0.9999999768812418E-03   0.9999999787778202E-03   0.9999999822936456E-03   0.9999999887645298E-03   0.1000000000608498E-02   0.1000000022257964E-02   0.1000000062163769E-02   0.1000000137832084E-02   0.1000000290418656E-02   0.1000000630350208E-02   0.1000001481293736E-02   0.1000003819880531E-02   0.1000010546777088E-02   0.1000029922779119E-02   0.1000084192086868E-02   0.1000229554591000E-02   0.1000598591667849E-02   0.1001482264941753E-02   0.1003472427057443E-02   0.1007680218333785E-02   0.1016020174675474E-02   0.1031495408247268E-02   0.1058339585906769E-02   0.1101796272741949E-02   0.1167305233299342E-02   0.1218988335188414E-02   0.1267615493149067E-02   0.1338617091176819E-02   0.1421010143788164E-02   0.1528086326485066E-02   0.1600230892980864E-02   0.1669402587164939E-02   0.1683969291209462E-02   0.1662223265163043E-02   0.1593271470841976E-02   0.1524996354442135E-02   0.1449934531804577E-02   0.1410658876443842E-02   0.1426251240657258E-02   0.1480806799906150E-02   0.1574017433827205E-02   0.1683184230818510E-02   0.1865752498693330E-02   0.1321618378729961E-02   0.1494818853957486E-02   0.1974564486249280E-02   0.2595776256807835E-02   0.3389332772291794E-02   0.4392176497924009E-02   0.5647338039976978E-02   0.7203861937529032E-02   0.9116572690207365E-02
  0.5136461855470164E+02   0.3495481870584169E+03   0.6722833232433858E+03   0.5894269778625987E+03   0.4393362015937152E+03   0.3401323509886670E+03   0.2329272809592565E+03   0.1218485610339688E+03   0.5409346943503720E+02   0.1393821711200562E+02   0.5007332644925494E+01   0.2692600280446678E+01   0.1295285512811028E+01   0.7003146495757523E-01   0.1016442483585655E-02   0.1000000009872174E-02   0.9999999747378754E-03   0.9999999747378752E-03   0.9999999747378752E-03   0.9999999747378752E-03   0.9999999747378752E-03   0.9999999747378752E-03   0.9999999747378752E-03   0.9999999747378752E-03   0.9999999747378752E-03   0.9999999747378752E-03   0.9999999747378754E-03   0.9999999747378754E-03   0.9999999747378756E-03   0.9999999747378765E-03   0.9999999747378780E-03   0.9999999747378812E-03   0.9999999747378888E-03   0.9999999880724367E-03   0.1000645253490957E-02   0.1046864656223666E-02   0.1060562457806413E-02   0.1023015666330526E-02   0.1000088460956280E-02   0.9999999763987040E-03   0.9999999747428521E-03   0.9999999747479494E-03   0.9999999747581062E-03   0.9999999747781819E-03   0.9999999748175449E-03   0.9999999748941054E-03   0.9999999750418180E-03   0.9999999753245157E-03   0.9999999758612038E-03   0.9999999768719060E-03   0.9999999787601299E-03   0.9999999822604348E-03   0.9999999887028914E-03   0.1000000000496102E-02   0.1000000022060007E-02   0.1000000061842955E-02   0.1000000137429537E-02   0.1000000290438949E-02   0.1000000633301646E-02   0.1000001497239230E-02   0.1000003884834584E-02   0.1000010779156046E-02   0.1000030684036750E-02   0.1000086510397026E-02   0.1000236158746932E-02   0.1000616238664273E-02   0.1001526554160347E-02   0.1003576893895339E-02   0.1007911880974195E-02   0.1016503242076870E-02   0.1032442683994120E-02   0.1060086560409550E-02   0.1104826341321779E-02   0.1172248137929222E-02   0.1226572012183229E-02   0.1278558726011602E-02   0.1353468790632377E-02   0.1439966829973459E-02   0.1540841851146520E-02   0.1625918097119202E-02   0.1676666764210376E-02   0.1701171316815593E-02   0.1667722515479462E-02   0.1605707190802047E-02   0.1533486568119697E-02   0.1464143611661199E-02   0.1420732735695822E-02   0.1432660660948228E-02   0.1484158566268473E-02   0.1564886718095989E-02   0.1681998960230747E-02   0.1862734788756032E-02   0.1306769959982050E-02   0.1487930523212130E-02   0.1965231771596145E-02   0.2583409982126318E-02   0.3373159894792433E-02   0.4371231262021709E-02   0.5620445837643056E-02   0.7169618947001908E-02   0.9073324233489971E-02
  0.6110739052399171E+01   0.1076822873902618E+03   0.4302055868395519E+03   0.5536177467887189E+03   0.4410308521702532E+03   0.3371570860710988E+03   0.2316827856240234E+03   0.1319530345568957E+03   0.5957682833530883E+02   0.1728861771451817E+02   0.5116462478871388E+01   0.3154245609663746E+01   0.7802586082911447E+00   0.6147152278553333E+00   0.8530075388438845E-02   0.1000276216126714E-02   0.9999999747583126E-03   0.9999999747378752E-03   0.9999999747378752E-03   0.9999999747378752E-03   0.9999999747378752E-03   0.9999999747378752E-03   0.9999999747378752E-03   0.9999999747378752E-03   0.9999999747378752E-03   0.9999999747378752E-03   0.9999999747378754E-03   0.9999999747378754E-03   0.9999999747378756E-03   0.9999999747378765E-03   0.9999999747378778E-03   0.9999999747378810E-03   0.9999999747378888E-03   0.9999999891232539E-03   0.1000785736967318E-02   0.1064560754627070E-02   0.1044669532829379E-02   0.1024867456197745E-02   0.1000449161050023E-02   0.1000000019472250E-02   0.9999999747428519E-03   0.9999999747479077E-03   0.9999999747580214E-03   0.9999999747780115E-03   0.9999999748172041E-03   0.9999999748934300E-03   0.9999999750404903E-03   0.9999999753219275E-03   0.9999999758562019E-03   0.9999999768623197E-03   0.9999999787419205E-03   0.9999999822261909E-03   0.9999999886393654E-03   0.1000000000381022E-02   0.1000000021862199E-02   0.1000000061548172E-02   0.1000000137191717E-02   0.1000000291252159E-02   0.1000000639626316E-02   0.1000001526379290E-02   0.1000003997890087E-02   0.1000011175820384E-02   0.1000031972099841E-02   0.1000090416219562E-02   0.1000247260526690E-02   0.1000645867821652E-02   0.1001600863752536E-02   0.1003752098002796E-02   0.1008300306846748E-02   0.1017313056399345E-02   0.1034030513378057E-02   0.1063014617889681E-02   0.1109904692697470E-02   0.1170532127276996E-02   0.1229281661994983E-02   0.1276899023874322E-02   0.1358360623424525E-02   0.1461741459761460E-02   0.1578989435897711E-02   0.1658990244040000E-02   0.1722399913154457E-02   0.1736827464063507E-02   0.1710563830334817E-02   0.1633468448774876E-02   0.1564709967236934E-02   0.1488294165901907E-02   0.1438092504580724E-02   0.1434069697267065E-02   0.1470702593690111E-02   0.1557621201299074E-02   0.1681761257962804E-02   0.1840053102464159E-02   0.1301847366883764E-02   0.1480670757412257E-02   0.1955276933861296E-02   0.2570171189888548E-02   0.3355832973679332E-02   0.4348797313227750E-02   0.5591660320764485E-02   0.7132993916453268E-02   0.9027107986167111E-02
  0.4369758978909130E+00   0.2177559850879909E+02   0.2038550434508839E+03   0.4586589222093069E+03   0.4430412090163119E+03   0.3391657630503044E+03   0.2288239725132066E+03   0.1424758219552451E+03   0.6697238648447171E+02   0.2256433616828411E+02   0.6075485516934854E+01   0.2930344984664850E+01   0.9266320662605375E+00   0.6267394769769066E+00   0.2722096770135510E+00   0.1569737122245289E-02   0.1000001899067597E-02   0.9999999747378821E-03   0.9999999747378752E-03   0.9999999747378752E-03   0.9999999747378752E-03   0.9999999747378752E-03   0.9999999747378752E-03   0.9999999747378752E-03   0.9999999747378752E-03   0.9999999747378752E-03   0.9999999747378754E-03   0.9999999747378754E-03   0.9999999747378756E-03   0.9999999747378765E-03   0.9999999747378778E-03   0.9999999747378810E-03   0.9999999747378888E-03   0.9999999877177610E-03   0.1000792699510692E-02   0.1079349687579265E-02   0.1039768433845916E-02   0.1021803516901571E-02   0.1001743759379366E-02   0.1000000925902351E-02   0.9999999747456205E-03   0.9999999747478661E-03   0.9999999747579368E-03   0.9999999747778397E-03   0.9999999748168599E-03   0.9999999748927454E-03   0.9999999750391400E-03   0.9999999753192881E-03   0.9999999758510852E-03   0.9999999768524864E-03   0.9999999787231970E-03   0.9999999821909218E-03   0.9999999885739652E-03   0.1000000000263306E-02   0.1000000021664808E-02   0.1000000061280976E-02   0.1000000137126932E-02   0.1000000292898646E-02   0.1000000649504130E-02   0.1000001569454315E-02   0.1000004161871797E-02   0.1000011746787217E-02   0.1000033820043151E-02   0.1000096011351226E-02   0.1000263152191677E-02   0.1000688262203888E-02   0.1001707152081145E-02   0.1004002610742458E-02   0.1008855453343763E-02   0.1018469846865098E-02   0.1036297197209023E-02   0.1067191263070506E-02   0.1117141898347131E-02   0.1182325122766599E-02   0.1237352909600934E-02   0.1292940265892983E-02   0.1383649771371017E-02   0.1496711121619715E-02   0.1602876562201958E-02   0.1709708172829447E-02   0.1776724978229163E-02   0.1790891218984865E-02   0.1760528830936949E-02   0.1686192993568964E-02   0.1588211283738752E-02   0.1501898190412054E-02   0.1462272791926994E-02   0.1450075385620455E-02   0.1460118298798641E-02   0.1551984482647123E-02   0.1682308069884389E-02   0.1837600774428111E-02   0.1306782609334179E-02   0.1472995010965090E-02   0.1944667336352764E-02   0.2556031131495507E-02   0.3337321810705915E-02   0.4324839408060919E-02   0.5560938579341645E-02   0.7093934107484564E-02   0.8977859388328889E-02
  0.1741371176757195E-01   0.2600997793984587E+01   0.6499335401036862E+02   0.3050305034933249E+03   0.4215452396418970E+03   0.3477958247975324E+03   0.2327074854436790E+03   0.1473301282212097E+03   0.7565230554672196E+02   0.3049468845389013E+02   0.7638068230936597E+01   0.3249572812486230E+01   0.1046177522510033E+01   0.4436236400293385E+00   0.5678152092679217E+00   0.1013921392947000E+00   0.1026848726377276E-02   0.9999999841771412E-03   0.9999999747378752E-03   0.9999999747378752E-03   0.9999999747378752E-03   0.9999999747378752E-03   0.9999999747378752E-03   0.9999999747378752E-03   0.9999999747378752E-03   0.9999999747378752E-03   0.9999999747378754E-03   0.9999999747378754E-03   0.9999999747378756E-03   0.9999999747378765E-03   0.9999999747378778E-03   0.9999999747378810E-03   0.9999999747378888E-03   0.9999999854731637E-03   0.1000710257635757E-02   0.1088021649564858E-02   0.1051821465067252E-02   0.1016015901276104E-02   0.1004518419208569E-02   0.1000013949305340E-02   0.9999999750297162E-03   0.9999999747478249E-03   0.9999999747578520E-03   0.9999999747776673E-03   0.9999999748165126E-03   0.9999999748920522E-03   0.9999999750377687E-03   0.9999999753165986E-03   0.9999999758458561E-03   0.9999999768424098E-03   0.9999999787039633E-03   0.9999999821546318E-03   0.9999999885066989E-03   0.1000000000143001E-02   0.1000000021468196E-02   0.1000000061043620E-02   0.1000000137247361E-02   0.1000000295437702E-02   0.1000000663199211E-02   0.1000001627550213E-02   0.1000004380919151E-02   0.1000012506726123E-02   0.1000036276277838E-02   0.1000103444724612E-02   0.1000284261153633E-02   0.1000744566502247E-02   0.1001848280611371E-02   0.1004335108318278E-02   0.1009591855118393E-02   0.1020003126119680E-02   0.1039298584755628E-02   0.1072714888294771E-02   0.1126699084695054E-02   0.1197871846687785E-02   0.1251129379229384E-02   0.1317126368921177E-02   0.1409859851251248E-02   0.1535432469731126E-02   0.1653023588094518E-02   0.1768476148130055E-02   0.1839858526178697E-02   0.1853347358564042E-02   0.1817366806506320E-02   0.1733432687792329E-02   0.1633414029979516E-02   0.1524332330859999E-02   0.1472677692996150E-02   0.1440162265424875E-02   0.1461996853535083E-02   0.1537676401638538E-02   0.1683433389864424E-02   0.1815243648623862E-02   0.1301490335807882E-02   0.1464847112870704E-02   0.1933361244284624E-02   0.2540952311340979E-02   0.3317586362205662E-02   0.4299310336099677E-02   0.5528222792598769E-02   0.7052368163234198E-02   0.8925490771562213E-02
  0.1247038992611039E-02   0.1656548973069290E+00   0.1258213336188044E+02   0.1465953638372617E+03   0.3559464707803988E+03   0.3495491210299297E+03   0.2463805484697692E+03   0.1511048341028502E+03   0.8521260964366169E+02   0.3837638840480252E+02   0.1141749058447552E+02   0.3564358497144472E+01   0.1170882378580584E+01   0.7249695425754324E+00   0.2328282131765971E+00   0.4829730186545867E+00   0.3354221078070220E-01   0.1001856840294220E-02   0.9999999747718630E-03   0.9999999747378752E-03   0.9999999747378752E-03   0.9999999747378752E-03   0.9999999747378752E-03   0.9999999747378752E-03   0.9999999747378752E-03   0.9999999747378752E-03   0.9999999747378754E-03   0.9999999747378754E-03   0.9999999747378756E-03   0.9999999747378765E-03   0.9999999747378778E-03   0.9999999747378810E-03   0.9999999747378886E-03   0.9999999835173694E-03   0.1000605444542009E-02   0.1090096737360695E-02   0.1081157336078773E-02   0.1017101571256740E-02   0.1007901053223264E-02   0.1000134736616004E-02   0.9999999944737010E-03   0.9999999747478071E-03   0.9999999747577668E-03   0.9999999747774939E-03   0.9999999748161621E-03   0.9999999748913509E-03   0.9999999750363771E-03   0.9999999753138604E-03   0.9999999758405168E-03   0.9999999768320925E-03   0.9999999786842217E-03   0.9999999821173214E-03   0.9999999884375680E-03   0.1000000000020162E-02   0.1000000021272833E-02   0.1000000060839110E-02   0.1000000137569374E-02   0.1000000298949140E-02   0.1000000681067349E-02   0.1000001702130546E-02   0.1000004660613897E-02   0.1000013475426062E-02   0.1000039406127449E-02   0.1000112917320894E-02   0.1000311164126302E-02   0.1000816324712156E-02   0.1002028106588641E-02   0.1004758582211212E-02   0.1010529064437061E-02   0.1021952537253229E-02   0.1043109565353250E-02   0.1079717163170944E-02   0.1138791379803699E-02   0.1197498214577462E-02   0.1271067454585644E-02   0.1330045243961789E-02   0.1447682375430559E-02   0.1578638831922599E-02   0.1710115077998046E-02   0.1835827062009177E-02   0.1912090993002734E-02   0.1934189845765668E-02   0.1900773686698337E-02   0.1794636832670524E-02   0.1679610380018275E-02   0.1574834900713162E-02   0.1498583973775771E-02   0.1443709743837636E-02   0.1445850472029768E-02   0.1534342339076427E-02   0.1684896381852520E-02   0.1802826559699678E-02   0.1295872783854398E-02   0.1456163100696101E-02   0.1921311055677280E-02   0.2524891598410658E-02   0.3296580133287717E-02   0.4272154917469661E-02   0.5493445092191435E-02   0.7008212066636921E-02   0.8869898626529761E-02
  0.1002222656404155E-02   0.5848222507030309E-02   0.1327509145448691E+01   0.4530327836450686E+02   0.2411757951828562E+03   0.3358752359580837E+03   0.2572141210357045E+03   0.1655073290997689E+03   0.9296820258156120E+02   0.4477020409735060E+02   0.1761255984040306E+02   0.4672277507843559E+01   0.1415941234934646E+01   0.6400469186567258E+00   0.5720877618336891E+00   0.1298174945438662E+00   0.3899094890629522E+00   0.1057924444793593E-01   0.1000080285553409E-02   0.9999999747379693E-03   0.9999999747378752E-03   0.9999999747378752E-03   0.9999999747378752E-03   0.9999999747378752E-03   0.9999999747378752E-03   0.9999999747378752E-03   0.9999999747378754E-03   0.9999999747378754E-03   0.9999999747378756E-03   0.9999999747378765E-03   0.9999999747378778E-03   0.9999999747378810E-03   0.9999999747378886E-03   0.9999999821410971E-03   0.1000524580720385E-02   0.1088082153961835E-02   0.1120372497651493E-02   0.1033667260107919E-02   0.1012071494499120E-02   0.1000900406788975E-02   0.1000000923215248E-02   0.9999999747578379E-03   0.9999999747576822E-03   0.9999999747773202E-03   0.9999999748158096E-03   0.9999999748906425E-03   0.9999999750349654E-03   0.9999999753110742E-03   0.9999999758350678E-03   0.9999999768215346E-03   0.9999999786639718E-03   0.9999999820789864E-03   0.9999999883665675E-03   0.9999999998948467E-03   0.1000000021079309E-02   0.1000000060671287E-02   0.1000000138113956E-02   0.1000000303535470E-02   0.1000000703566197E-02   0.1000001795080521E-02   0.1000005008154769E-02   0.1000014678434358E-02   0.1000043293984104E-02   0.1000124688887835E-02   0.1000344606462902E-02   0.1000905531563201E-02   0.1002251609376608E-02   0.1005284625564211E-02   0.1011692249258199E-02   0.1024369001521807E-02   0.1047826084217228E-02   0.1088366254757548E-02   0.1153692544256710E-02   0.1221617219732048E-02   0.1277742648975746E-02   0.1362434109030098E-02   0.1487978822082207E-02   0.1637236671522269E-02   0.1784988907299637E-02   0.1932403880719171E-02   0.2013762100794144E-02   0.2043394626013322E-02   0.1980366554555226E-02   0.1879132410439549E-02   0.1745949683081253E-02   0.1612503162952107E-02   0.1519145707892364E-02   0.1460001513709503E-02   0.1451123804989691E-02   0.1541584336193482E-02   0.1676430867732104E-02   0.1800180741666976E-02   0.1299825304131621E-02   0.1446875396110393E-02   0.1908466748876539E-02   0.2507803505684763E-02   0.3274253740134357E-02   0.4243314199222401E-02   0.5456532675547564E-02   0.6961375416652918E-02   0.8810971272659165E-02
  0.1000005916613377E-02   0.1042461122743548E-02   0.6867303589749919E-01   0.7981301695835418E+01   0.1150668828848508E+03   0.2903779127081751E+03   0.2629526468392368E+03   0.1805141753003798E+03   0.1051573660992039E+03   0.5185750423229020E+02   0.2308076161049198E+02   0.7136610787793263E+01   0.2269171714230483E+01   0.6504854906044018E+00   0.4338880681404956E+00   0.4580795589764708E+00   0.7962533854812480E-01   0.3037235997211578E+00   0.3637676982809676E-02   0.1000003099774721E-02   0.9999999747378754E-03   0.9999999747378752E-03   0.9999999747378752E-03   0.9999999747378752E-03   0.9999999747378752E-03   0.9999999747378752E-03   0.9999999747378754E-03   0.9999999747378754E-03   0.9999999747378756E-03   0.9999999747378765E-03   0.9999999747378778E-03   0.9999999747378810E-03   0.9999999747378886E-03   0.9999999810823459E-03   0.1000479147908861E-02   0.1085587964390286E-02   0.1155184201412626E-02   0.1070439338577724E-02   0.1023465521821498E-02   0.1004442694275581E-02   0.1000031856169062E-02   0.9999999778069219E-03   0.9999999747576009E-03   0.9999999747771461E-03   0.9999999748154550E-03   0.9999999748899265E-03   0.9999999750335349E-03   0.9999999753082418E-03   0.9999999758295113E-03   0.9999999768107372E-03   0.9999999786432109E-03   0.9999999820396186E-03   0.9999999882936868E-03   0.9999999997671205E-03   0.1000000020888347E-02   0.1000000060544920E-02   0.1000000138907260E-02   0.1000000309324720E-02   0.1000000731268553E-02   0.1000001908764401E-02   0.1000005432585671E-02   0.1000016147891906E-02   0.1000048046127230E-02   0.1000139086719340E-02   0.1000385527407356E-02   0.1001014699587789E-02   0.1002525054896913E-02   0.1005927804992646E-02   0.1013112967215057E-02   0.1027316197731558E-02   0.1053567728204013E-02   0.1098870933939230E-02   0.1171740833796067E-02   0.1230736320098280E-02   0.1301857490736724E-02   0.1405185923423692E-02   0.1541782894172301E-02   0.1702300839708644E-02   0.1888622539476729E-02   0.2038936840720284E-02   0.2135231241579256E-02   0.2140887533949334E-02   0.2085654334629946E-02   0.1956102202139511E-02   0.1811426701894986E-02   0.1656291853779234E-02   0.1533401072730509E-02   0.1458237390488985E-02   0.1467207511102747E-02   0.1528973861909602E-02   0.1667755892043217E-02   0.1787131833506107E-02   0.1303242151975128E-02   0.1436917052163204E-02   0.1894779302505726E-02   0.2489643398280873E-02   0.3250558382812173E-02   0.4212729552403013E-02   0.5417412811332747E-02   0.6911767587988604E-02   0.8748596404084024E-02
  0.9999999796552743E-03   0.1000287162220029E-02   0.2405429527946906E-02   0.7080715846859209E+00   0.3362033821532546E+02   0.2001506374505112E+03   0.2610521073720474E+03   0.1907051071044029E+03   0.1206421991080652E+03   0.6458535556140987E+02   0.2673136681154146E+02   0.1084370563885078E+02   0.3413678528156439E+01   0.1050400929157602E+01   0.4210719192856711E+00   0.3113051697990380E+00   0.3708104252423017E+00   0.5411418614832990E-01   0.2314028144547204E+00   0.1690513944070520E-02   0.1000000090508383E-02   0.9999999747378752E-03   0.9999999747378752E-03   0.9999999747378752E-03   0.9999999747378752E-03   0.9999999747378752E-03   0.9999999747378754E-03   0.9999999747378754E-03   0.9999999747378756E-03   0.9999999747378765E-03   0.9999999747378778E-03   0.9999999747378810E-03   0.9999999747378884E-03   0.9999999799947495E-03   0.1000453903554902E-02   0.1084967763311779E-02   0.1173131386066495E-02   0.1118046540961344E-02   0.1051247313043866E-02   0.1015714351183087E-02   0.1000617045165790E-02   0.1000000469067099E-02   0.9999999747638075E-03   0.9999999747769717E-03   0.9999999748150988E-03   0.9999999748892042E-03   0.9999999750320860E-03   0.9999999753053628E-03   0.9999999758238459E-03   0.9999999767996979E-03   0.9999999786219330E-03   0.9999999819992032E-03   0.9999999882189079E-03   0.9999999996370605E-03   0.1000000020700832E-02   0.1000000060465841E-02   0.1000000139981305E-02   0.1000000316474010E-02   0.1000000764879189E-02   0.1000002046098392E-02   0.1000005945085839E-02   0.1000017923596245E-02   0.1000053794312648E-02   0.1000156516831706E-02   0.1000435092209355E-02   0.1001146944281545E-02   0.1002856203925410E-02   0.1006706130029743E-02   0.1014830138752805E-02   0.1030872412497209E-02   0.1060480938624411E-02   0.1111485635815276E-02   0.1193346148276467E-02   0.1245466310609541E-02   0.1324250803325936E-02   0.1429356625037742E-02   0.1590302448709655E-02   0.1805067925593825E-02   0.2012115749212246E-02   0.2166215832928062E-02   0.2266842642139453E-02   0.2286507626552021E-02   0.2206005483820589E-02   0.2054561935793113E-02   0.1874870814534722E-02   0.1695014037707986E-02   0.1550282046565069E-02   0.1457547904571550E-02   0.1453453984130074E-02   0.1516065984757028E-02   0.1668587018777830E-02   0.1783508126339292E-02   0.1306022229200085E-02   0.1426225807592828E-02   0.1880203860895408E-02   0.2470370416834341E-02   0.3225449003231616E-02   0.4180346410421784E-02   0.5376017425236127E-02   0.6859303394489025E-02   0.8682668050058883E-02
  0.9999999747389850E-03   0.1000000392601058E-02   0.1012101080942800E-02   0.2841645156704033E-01   0.5224439691808389E+01   0.9406997613473419E+02   0.2348727967076196E+03   0.1976180819925665E+03   0.1346262371745268E+03   0.7574275954936031E+02   0.3791836599031302E+02   0.1208503596670869E+02   0.5242793140457897E+01   0.1774849921812033E+01   0.6539043001173200E+00   0.2848138909890371E+00   0.2357528088479866E+00   0.3034459545476798E+00   0.4017034641150562E-01   0.1742727467084449E+00   0.1173542867836616E-02   0.9999999791213377E-03   0.9999999747378752E-03   0.9999999747378752E-03   0.9999999747378752E-03   0.9999999747378752E-03   0.9999999747378754E-03   0.9999999747378754E-03   0.9999999747378756E-03   0.9999999747378765E-03   0.9999999747378778E-03   0.9999999747378810E-03   0.9999999747378884E-03   0.9999999787561524E-03   0.1000424541868889E-02   0.1086567054518261E-02   0.1176033062629991E-02   0.1167761815927091E-02   0.1091441650128184E-02   0.1040981049140097E-02   0.1005802204587370E-02   0.1000033676321863E-02   0.9999999787939512E-03   0.9999999747768067E-03   0.9999999748147401E-03   0.9999999748884754E-03   0.9999999750306184E-03   0.9999999753024377E-03   0.9999999758180712E-03   0.9999999767884131E-03   0.9999999786001290E-03   0.9999999819577208E-03   0.9999999881422079E-03   0.9999999995047586E-03   0.1000000020517831E-02   0.1000000060441095E-02   0.1000000141374835E-02   0.1000000325173969E-02   0.1000000805255794E-02   0.1000002210641619E-02   0.1000006559332730E-02   0.1000020054332801E-02   0.1000060700269313E-02   0.1000177477962555E-02   0.1000494732307487E-02   0.1001306090452591E-02   0.1003254571470546E-02   0.1007641635424302E-02   0.1016891248107750E-02   0.1035132809082335E-02   0.1068742919124787E-02   0.1126516551836664E-02   0.1208998523143188E-02   0.1276531670150176E-02   0.1355908192980801E-02   0.1486172769599082E-02   0.1684920444942501E-02   0.1906926891796000E-02   0.2146668971449337E-02   0.2315057403435616E-02   0.2428885205399532E-02   0.2439966443108853E-02   0.2340613705542861E-02   0.2163337830849018E-02   0.1944937566530306E-02   0.1747345407811639E-02   0.1578627698519479E-02   0.1477011893817588E-02   0.1449195115264869E-02   0.1522414620334662E-02   0.1658647953091398E-02   0.1779148675845269E-02   0.1328074465652986E-02   0.1414747706362118E-02   0.1864702452724106E-02   0.2449949945524401E-02   0.3198886953538550E-02   0.4146117449141331E-02   0.5332287025439904E-02   0.6803907961261163E-02   0.8613092588768802E-02
  0.9999999747378752E-03   0.9999999749005235E-03   0.1000031472280654E-02   0.1321772693300736E-02   0.3743173824204035E+00   0.2555834592913980E+02   0.1663424514980630E+03   0.2005841829240795E+03   0.1458419657014340E+03   0.8807315807758019E+02   0.5081294497685336E+02   0.1867055357015013E+02   0.4511622337270962E+01   0.3290193868504875E+01   0.9177918537065879E+00   0.4698105648554429E+00   0.1950211445335786E+00   0.1878568850721208E+00   0.2509936738185303E+00   0.3181490394462167E-01   0.1307858448180070E+00   0.1043579778698904E-02   0.9999999749229107E-03   0.9999999747378752E-03   0.9999999747378752E-03   0.9999999747378752E-03   0.9999999747378754E-03   0.9999999747378754E-03   0.9999999747378756E-03   0.9999999747378765E-03   0.9999999747378778E-03   0.9999999747378810E-03   0.9999999747378884E-03   0.9999999774887585E-03   0.1000374387752324E-02   0.1089298156630961E-02   0.1177958568363146E-02   0.1200317197828905E-02   0.1127121125285095E-02   0.1076193193016690E-02   0.1026677606028569E-02   0.1000896824205640E-02   0.1000000856760953E-02   0.9999999747982058E-03   0.9999999748143797E-03   0.9999999748877399E-03   0.9999999750291324E-03   0.9999999752994654E-03   0.9999999758121851E-03   0.9999999767768778E-03   0.9999999785777864E-03   0.9999999819151465E-03   0.9999999880635582E-03   0.9999999993703268E-03   0.1000000020340627E-02   0.1000000060479125E-02   0.1000000143134362E-02   0.1000000335654164E-02   0.1000000853434753E-02   0.1000002406708463E-02   0.1000007291951156E-02   0.1000022599524726E-02   0.1000068961275315E-02   0.1000202578924011E-02   0.1000566195078350E-02   0.1001496803593539E-02   0.1003731746118483E-02   0.1008761094830472E-02   0.1019353806641661E-02   0.1040212171187182E-02   0.1078566316741637E-02   0.1144328838159803E-02   0.1229278012147104E-02   0.1294782321965152E-02   0.1387973504130834E-02   0.1547039068419297E-02   0.1777194140594495E-02   0.2029406038891526E-02   0.2303556387025298E-02   0.2496265815275414E-02   0.2601547062324828E-02   0.2590803883463386E-02   0.2468462967565079E-02   0.2271046083676300E-02   0.2030104047233471E-02   0.1811833139823553E-02   0.1617201655124187E-02   0.1495677181501618E-02   0.1453761834067646E-02   0.1527588412707997E-02   0.1657682025710010E-02   0.1783910883239216E-02   0.1339322550569715E-02   0.1402440078847207E-02   0.1848246118163817E-02   0.2428355508152901E-02   0.3170842061510723E-02   0.4110005080464132E-02   0.5286173812002738E-02   0.6745520612273613E-02   0.8539793574924789E-02
  0.9999999747378752E-03   0.9999999747378888E-03   0.9999999966775453E-03   0.1001998846044198E-02   0.1138039336169923E-01   0.3406478185125058E+01   0.7702645838164986E+02   0.1868510626651841E+03   0.1536837179630289E+03   0.1013143657208340E+03   0.5747909830248499E+02   0.3172103322654383E+02   0.6974375016524176E+01   0.2087314440348910E+01   0.2092158703694847E+01   0.5798246404030893E+00   0.3416024185202485E+00   0.1356965787077392E+00   0.1566482460692410E+00   0.2096343782753147E+00   0.2640491756422201E-01   0.9840663314620061E-01   0.1005811286806184E-02   0.9999999747475048E-03   0.9999999747378752E-03   0.9999999747378752E-03   0.9999999747378754E-03   0.9999999747378754E-03   0.9999999747378756E-03   0.9999999747378765E-03   0.9999999747378778E-03   0.9999999747378810E-03   0.9999999747378884E-03   0.9999999763976523E-03   0.1000302294366115E-02   0.1091248345363598E-02   0.1187048876027076E-02   0.1202699497840945E-02   0.1189805720114388E-02   0.1105736287058443E-02   0.1061488952860995E-02   0.1009521068154514E-02   0.1000065135685324E-02   0.9999999889801852E-03   0.9999999748141134E-03   0.9999999748869978E-03   0.9999999750276275E-03   0.9999999752964442E-03   0.9999999758061840E-03   0.9999999767650839E-03   0.9999999785548887E-03   0.9999999818714510E-03   0.9999999879829276E-03   0.9999999992339062E-03   0.1000000020170759E-02   0.1000000060590002E-02   0.1000000145315436E-02   0.1000000348189687E-02   0.1000000910662650E-02   0.1000002639506303E-02   0.1000008163065270E-02   0.1000025631263672E-02   0.1000078817025069E-02   0.1000232559965105E-02   0.1000651604990196E-02   0.1001724750955368E-02   0.1004301780102485E-02   0.1010096888092686E-02   0.1022287119234750E-02   0.1046248186680354E-02   0.1090204762920565E-02   0.1165355026960920E-02   0.1254865998261304E-02   0.1321206702937268E-02   0.1421760898863079E-02   0.1623545167566970E-02   0.1878851591386507E-02   0.2194155244699856E-02   0.2474092821357898E-02   0.2680587711328296E-02   0.2794865069025789E-02   0.2778341705345853E-02   0.2628293363505504E-02   0.2386076029175396E-02   0.2118669604748800E-02   0.1836910302824950E-02   0.1634714145306058E-02   0.1522584223256303E-02   0.1466504985231582E-02   0.1511186704907882E-02   0.1655463046092410E-02   0.1777677168338731E-02   0.1349708753398656E-02   0.1389273731413266E-02   0.1830816355006818E-02   0.2405570034038064E-02   0.3141294043376559E-02   0.4071983204538925E-02   0.5237643901471199E-02   0.6684097684939847E-02   0.8462715267440515E-02
  0.9999999747378752E-03   0.9999999747378752E-03   0.9999999747412384E-03   0.1000002621556408E-02   0.1080062859618775E-02   0.1892534750454936E+00   0.1920359777397759E+02   0.1357970940653792E+03   0.1574767206200438E+03   0.1133370420521851E+03   0.6582751801481331E+02   0.4252979685419745E+02   0.1531513406515175E+02   0.1385344854213770E+01   0.1709326130949933E+01   0.1233375596397493E+01   0.4220733923051750E+00   0.2461598972056104E+00   0.9752476971861049E-01   0.1356676117101255E+00   0.1766032179499907E+00   0.2273710876843912E-01   0.7458175075654992E-01   0.1005147415542667E-02   0.9999999747385634E-03   0.9999999747378752E-03   0.9999999747378754E-03   0.9999999747378754E-03   0.9999999747378756E-03   0.9999999747378765E-03   0.9999999747378778E-03   0.9999999747378810E-03   0.9999999747378882E-03   0.9999999756127530E-03   0.1000219903159229E-02   0.1090215395186049E-02   0.1199168127803763E-02   0.1160634151100088E-02   0.1271094364600993E-02   0.1162712836906176E-02   0.1110505550907295E-02   0.1034992186355504E-02   0.1001693850651317E-02   0.1000002769814183E-02   0.9999999749907488E-03   0.9999999748862497E-03   0.9999999750261021E-03   0.9999999752933724E-03   0.9999999758000633E-03   0.9999999767530223E-03   0.9999999785314170E-03   0.9999999818265993E-03   0.9999999879002823E-03   0.9999999990956731E-03   0.1000000020010065E-02   0.1000000060785688E-02   0.1000000147984161E-02   0.1000000363109139E-02   0.1000000978434563E-02   0.1000002915303576E-02   0.1000009196973836E-02   0.1000029236797846E-02   0.1000090558047037E-02   0.1000268318942688E-02   0.1000753538394925E-02   0.1001996797970794E-02   0.1004981662960490E-02   0.1011688048335482E-02   0.1025774400912297E-02   0.1053405344541559E-02   0.1103959367723826E-02   0.1190104723590372E-02   0.1286557936932930E-02   0.1346945979479706E-02   0.1478767109748021E-02   0.1707470883653890E-02   0.2021784382349432E-02   0.2352922309308108E-02   0.2669593543542786E-02   0.2908660072354526E-02   0.3008669784470363E-02   0.2961635968807144E-02   0.2788569653359870E-02   0.2516578850410386E-02   0.2188763376990772E-02   0.1890916646506245E-02   0.1649848768465064E-02   0.1516792369750710E-02   0.1466816933245847E-02   0.1512854961991407E-02   0.1651804998038061E-02   0.1790360376065051E-02   0.1369196639721656E-02   0.1375234249804038E-02   0.1812405851772694E-02   0.2381586491918764E-02   0.3110233273668850E-02   0.4032038232612700E-02   0.5186678677369705E-02   0.6619614279065483E-02   0.8381824859468824E-02
  0.9999999747378752E-03   0.9999999747378752E-03   0.9999999747378752E-03   0.9999999755262562E-03   0.1000265128927755E-02   0.4497144579482117E-02   0.2131772134134708E+01   0.6154085259538105E+02   0.1490787537162304E+03   0.1223722282992259E+03   0.7700041063444968E+02   0.4657698875498562E+02   0.2787171936980468E+02   0.5244929650144976E+01   0.1079761977505035E+00   0.1493619673773950E+01   0.7229955160868461E+00   0.3155192035370409E+00   0.1750433983216617E+00   0.7418788962728654E-01   0.1210220011455533E+00   0.1499028185213402E+00   0.2022612119187323E-01   0.5713236967305670E-01   0.1001909663784565E-02   0.9999999747379502E-03   0.9999999747378754E-03   0.9999999747378754E-03   0.9999999747378756E-03   0.9999999747378765E-03   0.9999999747378778E-03   0.9999999747378810E-03   0.9999999747378882E-03   0.9999999751385135E-03   0.1000142797781176E-02   0.1084495584764371E-02   0.1209185268772631E-02   0.1093056032902232E-02   0.1318224347873949E-02   0.1239688882777391E-02   0.1144689394708870E-02   0.1087371127949144E-02   0.1016843671451039E-02   0.1000174000026678E-02   0.1000000062261699E-02   0.9999999748875562E-03   0.9999999750245562E-03   0.9999999752902471E-03   0.9999999757938170E-03   0.9999999767406806E-03   0.9999999785073486E-03   0.9999999817805539E-03   0.9999999878155912E-03   0.9999999989558487E-03   0.1000000019860736E-02   0.1000000061080356E-02   0.1000000151219015E-02   0.1000000380804241E-02   0.1000001058540461E-02   0.1000003241634162E-02   0.1000010422973541E-02   0.1000033521570186E-02   0.1000104535986910E-02   0.1000310943268583E-02   0.1000875114648908E-02   0.1002321246777825E-02   0.1005791893992850E-02   0.1013581519386556E-02   0.1029915297460471E-02   0.1061879525676106E-02   0.1120186263450910E-02   0.1219175660278386E-02   0.1305277496900010E-02   0.1373309143262170E-02   0.1540683272982694E-02   0.1810788919893882E-02   0.2168035347337140E-02   0.2547522168299495E-02   0.2891326143761368E-02   0.3140951432069106E-02   0.3242526825064014E-02   0.3169430128243571E-02   0.2957454573493870E-02   0.2640463786127131E-02   0.2278359988815155E-02   0.1942126330487057E-02   0.1671293818500073E-02   0.1517408101070733E-02   0.1474153101233704E-02   0.1512298942144432E-02   0.1646570070135266E-02   0.1791907623858689E-02   0.1407772542437698E-02   0.1360322384855383E-02   0.1793018530805163E-02   0.2356407939408053E-02   0.3077660970756583E-02   0.3990169446843069E-02   0.5133275341510789E-02   0.6552065025713149E-02   0.8297113508440227E-02
  0.9999999747378752E-03   0.9999999747378752E-03   0.9999999747378752E-03   0.9999999747379177E-03   0.1000000135623688E-02   0.1020262035101235E-02   0.8773841846081137E-01   0.1379682117775045E+02   0.1094026245910133E+03   0.1268271949285136E+03   0.8916774860495534E+02   0.5193413557511824E+02   0.3649417030804020E+02   0.1331171660521725E+02   0.7948938918798820E+00   0.4764061780532030E-01   0.1252549839810377E+01   0.4595161781041897E+00   0.2345240834805018E+00   0.1236118172049220E+00   0.6094738813737838E-01   0.1102224225642152E+00   0.1281276046973392E+00   0.1857169573753129E-01   0.4434544219283813E-01   0.1000829737502556E-02   0.9999999747378888E-03   0.9999999747378754E-03   0.9999999747378756E-03   0.9999999747378765E-03   0.9999999747378778E-03   0.9999999747378810E-03   0.9999999747378882E-03   0.9999999748965885E-03   0.1000082250837419E-02   0.1073686898934312E-02   0.1218032329505905E-02   0.1059032233641885E-02   0.1265103653719984E-02   0.1350670830845937E-02   0.1217478266244340E-02   0.1147788926954633E-02   0.1044338570621731E-02   0.1003733342868837E-02   0.1000012353109681E-02   0.9999999772555255E-03   0.9999999750230125E-03   0.9999999752870645E-03   0.9999999757874382E-03   0.9999999767280453E-03   0.9999999784826587E-03   0.9999999817332729E-03   0.9999999877288244E-03   0.9999999988147110E-03   0.1000000019725376E-02   0.1000000061490759E-02   0.1000000155113020E-02   0.1000000401741394E-02   0.1000001153121272E-02   0.1000003627545301E-02   0.1000011876360324E-02   0.1000038612918854E-02   0.1000121176136144E-02   0.1000361748795958E-02   0.1001020106776965E-02   0.1002708124838124E-02   0.1006757171312163E-02   0.1015833658610249E-02   0.1034828870185941E-02   0.1071903374019909E-02   0.1139305291879297E-02   0.1253266153931359E-02   0.1332091996976911E-02   0.1401788615341898E-02   0.1619405573970708E-02   0.1945663908524884E-02   0.2359779886221337E-02   0.2779797738926767E-02   0.3140453829286006E-02   0.3407696638402999E-02   0.3485675950644030E-02   0.3380110911539698E-02   0.3122789267356579E-02   0.2765403774659221E-02   0.2355304534662531E-02   0.1988782759095936E-02   0.1707777610142975E-02   0.1523614324693246E-02   0.1478052505600831E-02   0.1519296862083805E-02   0.1649674550825099E-02   0.1792302355119353E-02   0.1415445731986831E-02   0.1344553552353603E-02   0.1772668972765146E-02   0.2330047074133204E-02   0.3043588892176895E-02   0.3946388801536589E-02   0.5077446786255106E-02   0.6481464017053766E-02   0.8208596332325123E-02
  0.9999999747378752E-03   0.9999999747378752E-03   0.9999999747378752E-03   0.9999999747378752E-03   0.9999999747556869E-03   0.1000026448038689E-02   0.1977652840112826E-02   0.1226341565224428E+01   0.4753633207876351E+02   0.1205113294637412E+03   0.9902474449037040E+02   0.6008706368388346E+02   0.3926956537757180E+02   0.2543587587799543E+02   0.4208445518019022E+01   0.2461704412132261E-01   0.5084173695936970E-01   0.9967754675222604E+00   0.3208315285266362E+00   0.1729939608204247E+00   0.8844993489362914E-01   0.5423380928304845E-01   0.1017092288333903E+00   0.1102915378044897E+00   0.1762735238442351E-01   0.3493440675613080E-01   0.1000430340835496E-02   0.9999999747378797E-03   0.9999999747378756E-03   0.9999999747378765E-03   0.9999999747378778E-03   0.9999999747378810E-03   0.9999999747378882E-03   0.9999999747920632E-03   0.1000041790845528E-02   0.1059009747367257E-02   0.1229621650480457E-02   0.1061511220674635E-02   0.1201152753353669E-02   0.1444487855136741E-02   0.1312092403731632E-02   0.1222209140816474E-02   0.1103194739801800E-02   0.1031171478230778E-02   0.1000553331857088E-02   0.1000000687574393E-02   0.9999999750850174E-03   0.9999999752838213E-03   0.9999999757809186E-03   0.9999999767151019E-03   0.9999999784573201E-03   0.9999999816847148E-03   0.9999999876399604E-03   0.9999999986726070E-03   0.1000000019607074E-02   0.1000000062036674E-02   0.1000000159776330E-02   0.1000000426475543E-02   0.1000001264736492E-02   0.1000004083897710E-02   0.1000013599644673E-02   0.1000044664574720E-02   0.1000140992660984E-02   0.1000422327032371E-02   0.1001193075487784E-02   0.1003169533026698E-02   0.1007907218052193E-02   0.1018512024855671E-02   0.1040657110741875E-02   0.1083752537414582E-02   0.1161809920233857E-02   0.1283188978355184E-02   0.1358228959884995E-02   0.1464075834828738E-02   0.1717043753069305E-02   0.2084446423325205E-02   0.2549299394173981E-02   0.3031571193592491E-02   0.3427969756971955E-02   0.3688825939224486E-02   0.3746969757500384E-02   0.3611669517752934E-02   0.3302083339962086E-02   0.2888852352105271E-02   0.2437347586574489E-02   0.2039140258540093E-02   0.1728106852180263E-02   0.1534699537019764E-02   0.1488156227064683E-02   0.1523708837061069E-02   0.1661092202918919E-02   0.1791564480627068E-02   0.1452247302775159E-02   0.1327956538158358E-02   0.1751381332518583E-02   0.2302525398514900E-02   0.3008038654569121E-02   0.3900720291388595E-02   0.5019220933008038E-02   0.6407844069913502E-02   0.8116311578419629E-02
  0.9999999747378752E-03   0.9999999747378752E-03   0.9999999747378752E-03   0.9999999747378752E-03   0.9999999747378754E-03   0.9999999811657308E-03   0.1003169921155977E-02   0.3541398275262843E-01   0.9252687278846111E+01   0.8749834620663310E+02   0.1041318976427426E+03   0.7095637739010012E+02   0.4294122281301759E+02   0.3159600800606804E+02   0.1223077677994522E+02   0.5080288635063748E+00   0.1078341651879081E-02   0.5702800777825195E-01   0.7563606658254978E+00   0.2379896193380925E+00   0.1281834432738426E+00   0.6623869359947721E-01   0.5143127455692773E-01   0.9450299584459093E-01   0.9568715969552083E-01   0.1730503653924522E-01   0.2796815705342577E-01   0.1000268694170257E-02   0.9999999747378782E-03   0.9999999747378765E-03   0.9999999747378778E-03   0.9999999747378810E-03   0.9999999747378882E-03   0.9999999747537694E-03   0.1000018623563886E-02   0.1042891680973559E-02   0.1245358136811899E-02   0.1074668249182514E-02   0.1104246235181587E-02   0.1468756107400309E-02   0.1465573273263855E-02   0.1315261132995906E-02   0.1192569933524465E-02   0.1081021047301416E-02   0.1008805367837068E-02   0.1000062664257281E-02   0.1000000012597729E-02   0.9999999752823758E-03   0.9999999757742497E-03   0.9999999767018337E-03   0.9999999784313044E-03   0.9999999816348365E-03   0.9999999875489861E-03   0.9999999985299643E-03   0.1000000019509483E-02   0.1000000062741420E-02   0.1000000165339298E-02   0.1000000455666779E-02   0.1000001396445557E-02   0.1000004623728188E-02   0.1000015644023790E-02   0.1000051862116431E-02   0.1000164607073312E-02   0.1000494602321407E-02   0.1001399531011833E-02   0.1003720064072515E-02   0.1009277769196808E-02   0.1021697495679070E-02   0.1047569056422059E-02   0.1097752866657942E-02   0.1188278452199117E-02   0.1319886604128965E-02   0.1365093480534516E-02   0.1512076137124562E-02   0.1835926289476613E-02   0.2269660407968240E-02   0.2788945216285951E-02   0.3314584617524607E-02   0.3744622416784481E-02   0.4003889715334052E-02   0.4044814434360429E-02   0.3861671071180703E-02   0.3482517110980310E-02   0.3008073339263255E-02   0.2512190497871265E-02   0.2081511784808174E-02   0.1741206687137570E-02   0.1540085437325387E-02   0.1484222725467227E-02   0.1525482935729482E-02   0.1650854851558352E-02   0.1779748590723913E-02   0.1498227899420983E-02   0.1310571550847117E-02   0.1729187883012514E-02   0.2273872122667544E-02   0.2971040799530203E-02   0.3853199017677401E-02   0.4958639689057229E-02   0.6331255505410083E-02   0.8020319184584214E-02
  0.9999999747378752E-03   0.9999999747378752E-03   0.9999999747378752E-03   0.9999999747378752E-03   0.9999999747378752E-03   0.9999999747380992E-03   0.1000001759835260E-02   0.1185563348387114E-02   0.6214100197007756E+00   0.3534220758645497E+02   0.9875682860330426E+02   0.8119938299365027E+02   0.4880189339490209E+02   0.3392019405409321E+02   0.2380630530928065E+02   0.3602154067458220E+01   0.1153649905193167E-01   0.1001747353137095E-02   0.6497092277493997E-01   0.5561634413236648E+00   0.1839591345841839E+00   0.9758797173701572E-01   0.5355787170813714E-01   0.5072765640758921E-01   0.8793953177453055E-01   0.8377922836629029E-01   0.1755420184457668E-01   0.2274817300037119E-01   0.1000201408316902E-02   0.9999999747378793E-03   0.9999999747378778E-03   0.9999999747378810E-03   0.9999999747378882E-03   0.9999999747418772E-03   0.1000007231182304E-02   0.1028002242667180E-02   0.1260996964767197E-02   0.1083437334270002E-02   0.1026802214295405E-02   0.1367545555050803E-02   0.1597361747845018E-02   0.1442158040921760E-02   0.1323040817033975E-02   0.1165521316365302E-02   0.1048060053020424E-02   0.1001832012754413E-02   0.1000006054313767E-02   0.9999999772688233E-03   0.9999999757674856E-03   0.9999999766882237E-03   0.9999999784045825E-03   0.9999999815835966E-03   0.9999999874559027E-03   0.9999999983873089E-03   0.1000000019436918E-02   0.1000000063632463E-02   0.1000000171956127E-02   0.1000000490100173E-02   0.1000001551905603E-02   0.1000005262686935E-02   0.1000018071161432E-02   0.1000060429573148E-02   0.1000192770581930E-02   0.1000580900918371E-02   0.1001646127956073E-02   0.1004377303816184E-02   0.1010911745370324E-02   0.1025486761902460E-02   0.1055765578591013E-02   0.1114288654035548E-02   0.1219386568578358E-02   0.1354447685272776E-02   0.1394285968352159E-02   0.1597922000429584E-02   0.1968600849389747E-02   0.2483982304078461E-02   0.3071091577324325E-02   0.3620429276158806E-02   0.4090832611280615E-02   0.4331980879430710E-02   0.4337115633449467E-02   0.4117235561176775E-02   0.3670958535846685E-02   0.3130184411578499E-02   0.2557540634494492E-02   0.2094321271735775E-02   0.1756160636929090E-02   0.1539351422135142E-02   0.1476138931752949E-02   0.1524657336492212E-02   0.1639050073894382E-02   0.1766940351526086E-02   0.1543454454143962E-02   0.1292447803294009E-02   0.1706127337165963E-02   0.2244122929941517E-02   0.2932633721111608E-02   0.3803870075860754E-02   0.4895757666802752E-02   0.6251764618856859E-02   0.7920698944707377E-02
  0.9999999747378752E-03   0.9999999747378752E-03   0.9999999747378752E-03   0.9999999747378752E-03   0.9999999747378752E-03   0.9999999747378752E-03   0.9999999748826042E-03   0.1000338633691477E-02   0.1193930753364896E-01   0.5674738536361863E+01   0.6952085418881322E+02   0.8677405527290165E+02   0.5754856541983840E+02   0.3658666818938926E+02   0.2746510124802212E+02   0.1185598104294852E+02   0.3582300035298789E+00   0.1018494157580121E-02   0.1002290089994748E-02   0.7360959516437224E-01   0.4052526169629270E+00   0.1479568779140976E+00   0.7824127860830325E-01   0.4725414854662419E-01   0.5093076604173498E-01   0.8171561713829070E-01   0.7413223504256772E-01   0.1834222820387487E-01   0.1879843513417101E-01   0.1000178924480078E-02   0.9999999747378825E-03   0.9999999747378810E-03   0.9999999747378882E-03   0.9999999747387508E-03   0.1000002423580529E-02   0.1016257785807293E-02   0.1267443471455038E-02   0.1083939376923730E-02   0.1009109696610494E-02   0.1191140095293553E-02   0.1661216470474288E-02   0.1601978316758083E-02   0.1441306486066755E-02   0.1280676047123562E-02   0.1132816909308804E-02   0.1020561340818170E-02   0.1000309039974949E-02   0.1000000526671005E-02   0.9999999758739328E-03   0.9999999766742576E-03   0.9999999783771257E-03   0.9999999815309567E-03   0.9999999873607278E-03   0.9999999982452804E-03   0.1000000019394461E-02   0.1000000064742127E-02   0.1000000179809180E-02   0.1000000530709430E-02   0.1000001735488671E-02   0.1000006019563833E-02   0.1000020955335082E-02   0.1000070637397800E-02   0.1000226391070283E-02   0.1000684034193579E-02   0.1001940899134730E-02   0.1005162429352728E-02   0.1012860642587894E-02   0.1029995250365197E-02   0.1065484915713437E-02   0.1133811977094310E-02   0.1255921183724766E-02   0.1368124560634160E-02   0.1437619648470125E-02   0.1693983523806898E-02   0.2147828335608105E-02   0.2730210005880868E-02   0.3368076006164355E-02   0.3980463122826363E-02   0.4466603259801226E-02   0.4691657699253886E-02   0.4661233074912765E-02   0.4355033676957666E-02   0.3853996984364329E-02   0.3232215016607103E-02   0.2621175445755534E-02   0.2096158637769788E-02   0.1762248361694188E-02   0.1532254340242583E-02   0.1473926191519733E-02   0.1521358266736095E-02   0.1625816069362096E-02   0.1753251325256551E-02   0.1598006198297370E-02   0.1283640828376111E-02   0.1682243097952196E-02   0.2213318718980293E-02   0.2892862555889388E-02   0.3752787371315135E-02   0.4830640790878760E-02   0.6169451993141747E-02   0.7817548466257151E-02
  0.9999999747378752E-03   0.9999999747378752E-03   0.9999999747378752E-03   0.9999999747378752E-03   0.9999999747378752E-03   0.9999999747378752E-03   0.9999999747378765E-03   0.1000000042290291E-02   0.1029744183745576E-02   0.2657229789907619E+00   0.2510185250370479E+02   0.8179247774114057E+02   0.6738093129614062E+02   0.4097106696253349E+02   0.2969323409827696E+02   0.2243486490950973E+02   0.3306806504541585E+01   0.6846665836909198E-02   0.1000010226650198E-02   0.1003283277082859E-02   0.8194784579857327E-01   0.2990336933213669E+00   0.1239016677430731E+00   0.6692271631114616E-01   0.4475352912021649E-01   0.5125856275568546E-01   0.7565171796222125E-01   0.6636699391529305E-01   0.1962604411536464E-01   0.1577115818501113E-01   0.1000184567916057E-02   0.9999999747378945E-03   0.9999999747378884E-03   0.9999999747380562E-03   0.1000000687061951E-02   0.1008312433537939E-02   0.1255334812561685E-02   0.1079931466454152E-02   0.1010202455041982E-02   0.1087156564748806E-02   0.1585679766023496E-02   0.1802889341730756E-02   0.1595794012850745E-02   0.1423133998138332E-02   0.1261809595584046E-02   0.1065153903095559E-02   0.1005716532100784E-02   0.1000045867363895E-02   0.1000000025732977E-02   0.9999999766671934E-03   0.9999999783489066E-03   0.9999999814768808E-03   0.9999999872634989E-03   0.9999999981046485E-03   0.1000000019388084E-02   0.1000000066108427E-02   0.1000000189114079E-02   0.1000000578605036E-02   0.1000001952421889E-02   0.1000006916920315E-02   0.1000024386019728E-02   0.1000082812069425E-02   0.1000266565561927E-02   0.1000807398520024E-02   0.1002293535107654E-02   0.1006100919634136E-02   0.1015186169084375E-02   0.1035360526633986E-02   0.1077009016107927E-02   0.1156853186416297E-02   0.1298795534164746E-02   0.1382351403628487E-02   0.1497136974735360E-02   0.1822874696905782E-02   0.2336568646552681E-02   0.3001219719849524E-02   0.3722126025876177E-02   0.4385716770251385E-02   0.4851424073525477E-02   0.5080870624470816E-02   0.4993948012388249E-02   0.4611300920633444E-02   0.4027995533635608E-02   0.3331178284713426E-02   0.2661013488493724E-02   0.2115834918966629E-02   0.1738978930561902E-02   0.1518741961090708E-02   0.1457740355533405E-02   0.1525793658446915E-02   0.1611333970702621E-02   0.1738812563684455E-02   0.1641970248922471E-02   0.1274209742361793E-02   0.1657581574633700E-02   0.2181504417330686E-02   0.2851778115856932E-02   0.3700012447900930E-02   0.4763364894090366E-02   0.6084410780343962E-02   0.7710981074396493E-02
  0.9999999747378752E-03   0.9999999747378752E-03   0.9999999747378752E-03   0.9999999747378752E-03   0.9999999747378752E-03   0.9999999747378752E-03   0.9999999747378752E-03   0.9999999747392454E-03   0.1000020961038671E-02   0.3529684131694935E-02   0.3106993041663796E+01   0.5466464102787891E+02   0.7319696422203953E+02   0.4782453564990811E+02   0.3190669398304629E+02   0.2414930943069136E+02   0.1204656573509875E+02   0.2837694272872203E+00   0.1004879644245659E-02   0.9999999750635734E-03   0.1004853660626408E-02   0.8913007835452511E-01   0.2267368372162396E+00   0.1075096345409095E+00   0.6071548085675237E-01   0.4422582210966128E-01   0.5124318803009006E-01   0.6975194858340630E-01   0.6012881194723080E-01   0.2137179528131542E-01   0.1340679641739732E-01   0.1000215664107092E-02   0.9999999747379398E-03   0.9999999747379261E-03   0.1000000152223818E-02   0.1003706421163837E-02   0.1220968260805032E-02   0.1079443488032612E-02   0.1014041732410481E-02   0.1016296969107868E-02   0.1333390738710231E-02   0.1948632050113696E-02   0.1798655345589939E-02   0.1582406926358671E-02   0.1419141006854211E-02   0.1188112715732623E-02   0.1045138346931166E-02   0.1001335593852428E-02   0.1000006373231731E-02   0.9999999813921929E-03   0.9999999783204393E-03   0.9999999814213395E-03   0.9999999871642780E-03   0.9999999979663360E-03   0.1000000019424789E-02   0.1000000067776037E-02   0.1000000200125709E-02   0.1000000635107647E-02   0.1000002208954679E-02   0.1000007981845797E-02   0.1000028470987774E-02   0.1000097347620477E-02   0.1000314619153497E-02   0.1000955094723819E-02   0.1002715716881415E-02   0.1007223395348848E-02   0.1017962161471091E-02   0.1041746227401613E-02   0.1090670741936388E-02   0.1184032534042921E-02   0.1349065319948854E-02   0.1388762483454702E-02   0.1565123867465684E-02   0.1977453763594829E-02   0.2577956030415819E-02   0.3319908828363405E-02   0.4115271282733466E-02   0.4816788901110693E-02   0.5294174090033099E-02   0.5476897484604180E-02   0.5321447998286558E-02   0.4861873113188313E-02   0.4189162658222510E-02   0.3414155612374598E-02   0.2695189669304325E-02   0.2112434533993623E-02   0.1736117242936666E-02   0.1518958826867574E-02   0.1457865631622749E-02   0.1528242740363035E-02   0.1595818052890117E-02   0.1723767417961952E-02   0.1665437091119550E-02   0.1264214654796150E-02   0.1632190680433338E-02   0.2148727937512611E-02   0.2809435921042071E-02   0.3645613390134664E-02   0.4694014376471819E-02   0.5996745045136150E-02   0.7601123779918780E-02
  0.9999999747378752E-03   0.9999999747378752E-03   0.9999999747378752E-03   0.9999999747378752E-03   0.9999999747378752E-03   0.9999999747378752E-03   0.9999999747378752E-03   0.9999999747378752E-03   0.9999999758638905E-03   0.1004007974850905E-02   0.9149145250844412E-01   0.1680983622086216E+02   0.6820707622741492E+02   0.5664395592671025E+02   0.3524062172381262E+02   0.2606036429842266E+02   0.2083666366544320E+02   0.3261766245577110E+01   0.5201070097024090E-02   0.1000004377326724E-02   0.9999999747393332E-03   0.1007408177981768E-02   0.9457478976192996E-01   0.1776136856840490E+00   0.9571352478954750E-01   0.5731945120168586E-01   0.4441165639889712E-01   0.5063637015995634E-01   0.6408988531997964E-01   0.5511965388087448E-01   0.2347460490147758E-01   0.1154542740403683E-01   0.1000278070695428E-02   0.9999999747381577E-03   0.1000000012386088E-02   0.1001427276005261E-02   0.1169621463029079E-02   0.1089462158763420E-02   0.1015793629996415E-02   0.1002172055790276E-02   0.1147394445801990E-02   0.1901858570260277E-02   0.2050661249327051E-02   0.1811033931516688E-02   0.1590048263018637E-02   0.1379929804140303E-02   0.1121448861463726E-02   0.1015886927601306E-02   0.1000278320184001E-02   0.1000000855325443E-02   0.9999999787778922E-03   0.9999999813643558E-03   0.9999999870631540E-03   0.9999999978314376E-03   0.1000000019512775E-02   0.1000000069797415E-02   0.1000000213145266E-02   0.1000000701787570E-02   0.1000002512557501E-02   0.1000009246860111E-02   0.1000033340014729E-02   0.1000114719421871E-02   0.1000372151508888E-02   0.1001132070268628E-02   0.1003221509816807E-02   0.1008566605626811E-02   0.1021276811984227E-02   0.1049346565925679E-02   0.1106861962368787E-02   0.1216072877714423E-02   0.1387945592484089E-02   0.1419209775641332E-02   0.1664120388665686E-02   0.2160815669196000E-02   0.2845261798949459E-02   0.3689123037651298E-02   0.4549240865852915E-02   0.5293733052879983E-02   0.5763026099840040E-02   0.5896292153570285E-02   0.5659333506357011E-02   0.5102245805130006E-02   0.4333643153996987E-02   0.3488391488883686E-02   0.2712131214704774E-02   0.2095361381658959E-02   0.1723701374789535E-02   0.1503243523372846E-02   0.1464702215139513E-02   0.1529042079124096E-02   0.1579504457318104E-02   0.1708264063361060E-02   0.1718496278554145E-02   0.1253714401111568E-02   0.1606118596545557E-02   0.2115039320017659E-02   0.2765895365572562E-02   0.3589663836831849E-02   0.4622680976234523E-02   0.5906568233229213E-02   0.7488115391698844E-02
  0.9999999747378752E-03   0.9999999747378752E-03   0.9999999747378752E-03   0.9999999747378752E-03   0.9999999747378752E-03   0.9999999747378752E-03   0.9999999747378752E-03   0.9999999747378752E-03   0.9999999747378791E-03   0.1000000604994711E-02   0.1360175250353311E-02   0.1470651611456970E+01   0.4222425399290816E+02   0.6240024487297070E+02   0.4063394774522354E+02   0.2823513648502408E+02   0.2174885940255962E+02   0.1266005332782098E+02   0.2540325832291933E+00   0.1010483601962365E-02   0.9999999748072793E-03   0.9999999747402047E-03   0.1011813738580681E-02   0.9793742329287798E-01   0.1434685065924892E+00   0.8655594133750860E-01   0.5519254498179493E-01   0.4459177170707460E-01   0.4938981344102414E-01   0.5873752406534814E-01   0.5103866495277383E-01   0.2577473832055541E-01   0.1004661076389765E-01   0.1000385584356392E-02   0.9999999814973915E-03   0.1000470076966808E-02   0.1113453230892725E-02   0.1110494339722756E-02   0.1014465832835346E-02   0.1000641301701164E-02   0.1044286270187343E-02   0.1517596676506729E-02   0.2255211559699262E-02   0.2085316959776327E-02   0.1817398091272773E-02   0.1576283741585170E-02   0.1295313255011868E-02   0.1050955582194238E-02   0.1004807883472066E-02   0.1000054242554323E-02   0.1000000101356823E-02   0.9999999813610936E-03   0.9999999869602508E-03   0.9999999977012447E-03   0.1000000019661614E-02   0.1000000072234112E-02   0.1000000228528494E-02   0.1000000780511244E-02   0.1000002872157113E-02   0.1000010750985568E-02   0.1000039149289726E-02   0.1000135500591637E-02   0.1000441092105271E-02   0.1001344287567673E-02   0.1003827827113078E-02   0.1010174578991231E-02   0.1025235235639048E-02   0.1058391441334344E-02   0.1126042527068044E-02   0.1253813310414019E-02   0.1416827916283506E-02   0.1465778916850179E-02   0.1786926156764230E-02   0.2366274321602710E-02   0.3161842087794383E-02   0.4101566435869525E-02   0.5025346405942273E-02   0.5795938839002728E-02   0.6255358035437713E-02   0.6334852337073556E-02   0.6002650744128676E-02   0.5327659185921396E-02   0.4467626851935851E-02   0.3551395004179417E-02   0.2710630200889379E-02   0.2084375405512208E-02   0.1702048939680846E-02   0.1492116889246925E-02   0.1458748137973987E-02   0.1518568865421682E-02   0.1562639169220692E-02   0.1692448252834385E-02   0.1761232645558817E-02   0.1242764728950817E-02   0.1579412852699492E-02   0.2080490081790077E-02   0.2721219030138508E-02   0.3532242124141894E-02   0.4549462679037350E-02   0.5814001801279346E-02   0.7372104821579531E-02
  0.9999999747378752E-03   0.9999999747378752E-03   0.9999999747378752E-03   0.9999999747378752E-03   0.9999999747378752E-03   0.9999999747378752E-03   0.9999999747378752E-03   0.9999999747378752E-03   0.9999999747378752E-03   0.9999999747444415E-03   0.1000220460054034E-02   0.2424658116811084E-01   0.1040518775374057E+02   0.5704683772303173E+02   0.4825272937581979E+02   0.3095567106833425E+02   0.2298877773825590E+02   0.1878909387748857E+02   0.3448703526390725E+01   0.4730836909225307E-02   0.1000001972451254E-02   0.9999999747378752E-03   0.9999999747430013E-03   0.1019874166373446E-02   0.9901029717662624E-01   0.1189778476705432E+00   0.7888171839867317E-01   0.5339937350779036E-01   0.4436677047245050E-01   0.4757846683861608E-01   0.5378403942697738E-01   0.4762802177969030E-01   0.2808812399100634E-01   0.8815265802136429E-02   0.1000561165901770E-02   0.1000131134725461E-02   0.1065087046301284E-02   0.1134141347315196E-02   0.1012418758452181E-02   0.1000948539601598E-02   0.1006517129337100E-02   0.1216082205256638E-02   0.2229933177983656E-02   0.2372864754653465E-02   0.2108511316222867E-02   0.1813388366117027E-02   0.1528336109114989E-02   0.1186200915338079E-02   0.1038543689958227E-02   0.1001306389522032E-02   0.1000010239628471E-02   0.9999999992518283E-03   0.9999999868627032E-03   0.9999999975772716E-03   0.1000000019882465E-02   0.1000000075158265E-02   0.1000000246695268E-02   0.1000000873495696E-02   0.1000003298413639E-02   0.1000012541013998E-02   0.1000046086637017E-02   0.1000160381417105E-02   0.1000523765482825E-02   0.1001598921907905E-02   0.1004554971123819E-02   0.1012099954515457E-02   0.1029962399578038E-02   0.1069152161701283E-02   0.1148750057278903E-02   0.1298223449684691E-02   0.1407297133196873E-02   0.1530802186610949E-02   0.1926598461270648E-02   0.2617332165596041E-02   0.3521068467876688E-02   0.4549693667491394E-02   0.5554352583667570E-02   0.6332011921010803E-02   0.6767677418778921E-02   0.6767612414940206E-02   0.6335954368632980E-02   0.5543208778372636E-02   0.4577472214259101E-02   0.3581043369068912E-02   0.2699908050140508E-02   0.2059616433689546E-02   0.1681751121960536E-02   0.1486261294732744E-02   0.1440576229407699E-02   0.1497222466382743E-02   0.1545466047486070E-02   0.1676456783392599E-02   0.1813723249166727E-02   0.1241417019628902E-02   0.1552119739167925E-02   0.2045132765770370E-02   0.2675472136945382E-02   0.3473430560070513E-02   0.4474462774033170E-02   0.5719174022698637E-02   0.7253249602426202E-02
  0.9999999747378752E-03   0.9999999747378752E-03   0.9999999747378752E-03   0.9999999747378752E-03   0.9999999747378752E-03   0.9999999747378752E-03   0.9999999747378752E-03   0.9999999747378752E-03   0.9999999747378752E-03   0.9999999747378752E-03   0.9999999824390775E-03   0.1033345923689610E-02   0.5768367005243676E+00   0.3169533018482385E+02   0.5367418937172827E+02   0.3523138344106052E+02   0.2502283070449019E+02   0.1995253750764898E+02   0.1345718265741532E+02   0.2553102236974188E+00   0.1007932675368167E-02   0.9999999747511723E-03   0.9999999747378752E-03   0.9999999747538155E-03   0.1015372458422129E-02   0.9787105042123806E-01   0.1009339308772114E+00   0.7213260390090794E-01   0.5148408445868626E-01   0.4360400245301251E-01   0.4536120402426297E-01   0.4924577329497803E-01   0.4464327235884141E-01   0.3015592574813303E-01   0.7781643076719448E-02   0.1000868601623351E-02   0.1031554975883716E-02   0.1146309244357923E-02   0.1013593793572141E-02   0.1002845447057296E-02   0.1000681298350563E-02   0.1086938831806065E-02   0.1770000083153181E-02   0.2633360129205903E-02   0.2384134618142410E-02   0.2087748257210734E-02   0.1802116919372557E-02   0.1462756823735212E-02   0.1107568885865049E-02   0.1014267996908366E-02   0.1000330232006696E-02   0.1000001913115145E-02   0.9999999895401947E-03   0.9999999974622702E-03   0.1000000020188307E-02   0.1000000078654316E-02   0.1000000268140655E-02   0.1000000983371921E-02   0.1000003804044837E-02   0.1000014672994817E-02   0.1000054377657581E-02   0.1000190192187843E-02   0.1000622967748591E-02   0.1001904592344162E-02   0.1005427259954283E-02   0.1014405505712355E-02   0.1035606425377898E-02   0.1081947758730482E-02   0.1175610416532570E-02   0.1350417971677703E-02   0.1421146798934493E-02   0.1606866877371641E-02   0.2106440718177191E-02   0.2907634441080421E-02   0.3936239472411677E-02   0.5065584260348841E-02   0.6126337965926587E-02   0.6919658397428425E-02   0.7305565785334291E-02   0.7208867177840174E-02   0.6643402752011757E-02   0.5733980572015905E-02   0.4659840344303465E-02   0.3595681842034720E-02   0.2679667261155558E-02   0.2011612587973180E-02   0.1633653762191468E-02   0.1456491759543373E-02   0.1450807483448230E-02   0.1475405423599394E-02   0.1528215698289380E-02   0.1660412085856027E-02   0.1836035210079667E-02   0.1249717572499162E-02   0.1524284032751308E-02   0.2009020668868058E-02   0.2628722131106592E-02   0.3413314821261027E-02   0.4397789051867949E-02   0.5622218967164317E-02   0.7131714619166587E-02
  0.9999999747378752E-03   0.9999999747378752E-03   0.9999999747378752E-03   0.9999999747378752E-03   0.9999999747378752E-03   0.9999999747378752E-03   0.9999999747378752E-03   0.9999999747378752E-03   0.9999999747378752E-03   0.9999999747378752E-03   0.9999999747378862E-03   0.1000005740229038E-02   0.5141628394921514E-02   0.5791709920391789E+01   0.4763925626060799E+02   0.4165710605340394E+02   0.2751263830658376E+02   0.2073689185317505E+02   0.1658623026335682E+02   0.3880642974886279E+01   0.4684832374924513E-02   0.1000000793389869E-02   0.9999999747378752E-03   0.9999999747378752E-03   0.9999999748075831E-03   0.1036270343793153E-02   0.9472049195894361E-01   0.8729371913595624E-01   0.6607045415692717E-01   0.4935047648141960E-01   0.4238289899607448E-01   0.4292520779760895E-01   0.4520330298988543E-01   0.4195820665192102E-01   0.3174986260054653E-01   0.6893924641013828E-02   0.1013995805410448E-02   0.1136080541349974E-02   0.1020355938918952E-02   0.1011658025322204E-02   0.1000259568682542E-02   0.1015163150710708E-02   0.1280140707799419E-02   0.2581683575610116E-02   0.2739013799985448E-02   0.2421995628870864E-02   0.2105343968325765E-02   0.1786599857126396E-02   0.1308120875679420E-02   0.1051924593149926E-02   0.1004760350479930E-02   0.1000079819623559E-02   0.1000000355360580E-02   0.9999999978169941E-03   0.1000000020594352E-02   0.1000000082820958E-02   0.1000000293447600E-02   0.1000001113258083E-02   0.1000004404202709E-02   0.1000017213969212E-02   0.1000064292895884E-02   0.1000225929816141E-02   0.1000742055482581E-02   0.1002271628458006E-02   0.1006473744963764E-02   0.1017165863465999E-02   0.1042342256800725E-02   0.1097151825489649E-02   0.1207348621634879E-02   0.1411670786333893E-02   0.1450392087408903E-02   0.1736817047864031E-02   0.2329978615872044E-02   0.3250905485959058E-02   0.4400471637157346E-02   0.5630800260459967E-02   0.6750550564730466E-02   0.7525580585709398E-02   0.7853650550680876E-02   0.7632231716975982E-02   0.6928886885426983E-02   0.5895207333766381E-02   0.4701833424279198E-02   0.3584213810793275E-02   0.2630125880387747E-02   0.1961271347866293E-02   0.1598825750989435E-02   0.1433720333861871E-02   0.1450082450188774E-02   0.1453505131537065E-02   0.1511095904875518E-02   0.1644418238522253E-02   0.1848224507056666E-02   0.1257707425122912E-02   0.1495948992904466E-02   0.1972207713357095E-02   0.2581038365108456E-02   0.3351983455774181E-02   0.4319553130975854E-02   0.5523275640093800E-02   0.7007671037844740E-02
  0.9999999747378752E-03   0.9999999747378752E-03   0.9999999747378752E-03   0.9999999747378752E-03   0.9999999747378752E-03   0.9999999747378752E-03   0.9999999747378752E-03   0.9999999747378752E-03   0.9999999747378752E-03   0.9999999747378752E-03   0.9999999747378752E-03   0.9999999747707215E-03   0.1002420308825605E-02   0.1778814667809267E+00   0.2278047960609334E+02   0.4651502217318045E+02   0.3106520951136307E+02   0.2227423819515298E+02   0.1812806771344511E+02   0.1403236204482758E+02   0.2837322304204760E+00   0.1005650676465112E-02   0.9999999747399709E-03   0.9999999747378752E-03   0.9999999747378752E-03   0.9999999751516176E-03   0.1089086851640685E-02   0.9000139283929065E-01   0.7684508354974393E-01   0.6060079344339522E-01   0.4702341051353556E-01   0.4084266293470172E-01   0.4045147834536288E-01   0.4164709643187200E-01   0.3949238372823773E-01   0.3266108088411670E-01   0.6116414361099868E-02   0.1106343431699110E-02   0.1031865828906602E-02   0.1039843613821956E-02   0.1002151521276170E-02   0.1001896145599460E-02   0.1118632017880769E-02   0.2007843642882509E-02   0.3065339170859673E-02   0.2819552235336075E-02   0.2468227605488012E-02   0.2118925443744265E-02   0.1639082418395868E-02   0.1184208635500339E-02   0.1035393651347259E-02   0.1001470013974430E-02   0.1000018823231525E-02   0.1000000069417076E-02   0.1000000021199298E-02   0.1000000087773344E-02   0.1000000323301303E-02   0.1000001266843237E-02   0.1000005116906743E-02   0.1000020243971963E-02   0.1000076156121688E-02   0.1000268788558616E-02   0.1000885047939541E-02   0.1002712374918108E-02   0.1007729021519658E-02   0.1020469434285965E-02   0.1050375658333281E-02   0.1115199744304084E-02   0.1244799822553633E-02   0.1463428019840362E-02   0.1487278602136173E-02   0.1853746303598588E-02   0.2590921080277127E-02   0.3650864643103758E-02   0.4926569446548993E-02   0.6246229718634227E-02   0.7395264135617005E-02   0.8165392340018446E-02   0.8395611884807459E-02   0.8050741550458596E-02   0.7196191986341974E-02   0.6022440768672021E-02   0.4721130257358501E-02   0.3526174522530484E-02   0.2562030880609566E-02   0.1909852408710802E-02   0.1558515954226338E-02   0.1438915753383431E-02   0.1439032450946672E-02   0.1431877377256204E-02   0.1494284181417506E-02   0.1628558570326858E-02   0.1830335715303333E-02   0.1265422638422783E-02   0.1467156565967808E-02   0.1934748420450704E-02   0.2532491860061027E-02   0.3289527472252827E-02   0.4239869893494657E-02   0.5422487261300983E-02   0.6881295408376292E-02
  0.9999999747378752E-03   0.9999999747378752E-03   0.9999999747378752E-03   0.9999999747378752E-03   0.9999999747378752E-03   0.9999999747378752E-03   0.9999999747378752E-03   0.9999999747378752E-03   0.9999999747378752E-03   0.9999999747378752E-03   0.9999999747378752E-03   0.9999999747378752E-03   0.1000000037895773E-02   0.1438869000436454E-02   0.2796246792363272E+01   0.3949791937748748E+02   0.3644306552321906E+02   0.2450478324799112E+02   0.1910578220320319E+02   0.1488904253525275E+02   0.4585715998454432E+01   0.4766679696716931E-02   0.1000000257195783E-02   0.9999999747378752E-03   0.9999999747378752E-03   0.9999999747378752E-03   0.9999999778733341E-03   0.1206800504724404E-02   0.8424349403877107E-01   0.6875968545655439E-01   0.5575332697219731E-01   0.4463444091191764E-01   0.3918319914891885E-01   0.3818303223924280E-01   0.3861063535250454E-01   0.3726368189606242E-01   0.3278606619548789E-01   0.5467045487248101E-02   0.1046763039637053E-02   0.1074445526910165E-02   0.1015790263838351E-02   0.1000230102388312E-02   0.1028001756643867E-02   0.1386518554954893E-02   0.2917511336900176E-02   0.3215935681046769E-02   0.2838845903839524E-02   0.2481337787681095E-02   0.2046013517802276E-02   0.1495172204148556E-02   0.1094842893599881E-02   0.1013818988179996E-02   0.1000429127452285E-02   0.1000004396804055E-02   0.1000000036346872E-02   0.1000000093660817E-02   0.1000000358505331E-02   0.1000001448481921E-02   0.1000005963536417E-02   0.1000023858314956E-02   0.1000090353785218E-02   0.1000320195025955E-02   0.1001056742964019E-02   0.1003241534121938E-02   0.1009234130081326E-02   0.1024420495082105E-02   0.1059947471440551E-02   0.1136596085895530E-02   0.1288919812997462E-02   0.1447318695902908E-02   0.1554285191672543E-02   0.2020978885971284E-02   0.2873103102529054E-02   0.4101119759315631E-02   0.5506874713270520E-02   0.6921920249103287E-02   0.8097642868627269E-02   0.8823562928460645E-02   0.8944231686935360E-02   0.8446995295938167E-02   0.7439188451886809E-02   0.6111732133947190E-02   0.4706110627933543E-02   0.3451782231801240E-02   0.2496647701467171E-02   0.1848922725868087E-02   0.1524100807190177E-02   0.1423060810377650E-02   0.1428252477281477E-02   0.1410832763375276E-02   0.1477922823495826E-02   0.1612894874086373E-02   0.1812402577622541E-02   0.1272894944263962E-02   0.1437947726421960E-02   0.1896697944265294E-02   0.2483155118096062E-02   0.3226039995345373E-02   0.4158857010105451E-02   0.5320000658615236E-02   0.6752768911833709E-02
  0.9999999747378752E-03   0.9999999747378752E-03   0.9999999747378752E-03   0.9999999747378752E-03   0.9999999747378752E-03   0.9999999747378752E-03   0.9999999747378752E-03   0.9999999747378752E-03   0.9999999747378752E-03   0.9999999747378752E-03   0.9999999747378752E-03   0.9999999747378752E-03   0.9999999747379185E-03   0.1000067452240054E-02   0.4091427021279140E-01   0.1536873076042128E+02   0.4056891382713989E+02   0.2761095570061602E+02   0.2025224336088288E+02   0.1610474734615322E+02   0.1391164642043342E+02   0.3421549970246534E+00   0.1003597498839146E-02   0.9999999747381395E-03   0.9999999747378752E-03   0.9999999747378752E-03   0.9999999747378754E-03   0.1000000002794136E-02   0.1450968144275075E-02   0.7805538130634021E-01   0.6237912299945101E-01   0.5150218016848672E-01   0.4232824988897467E-01   0.3758115869324800E-01   0.3625107836359870E-01   0.3619050679269795E-01   0.3534228963841978E-01   0.3205032546949443E-01   0.4778830288083391E-02   0.1154435606381389E-02   0.1058476360320133E-02   0.1000899979993703E-02   0.1004204915177267E-02   0.1144693963926585E-02   0.2221913725426533E-02   0.3537586660458802E-02   0.3317226637512948E-02   0.2897643033181228E-02   0.2491861536707041E-02   0.1933710426746330E-02   0.1298716711605429E-02   0.1055190961389613E-02   0.1004973543706746E-02   0.1000120332055832E-02   0.1000001049359525E-02   0.1000000103633817E-02   0.1000000400002434E-02   0.1000001663299392E-02   0.1000006969382707E-02   0.1000028170153345E-02   0.1000107345648845E-02   0.1000381847451737E-02   0.1001262846252228E-02   0.1003876544585703E-02   0.1011037536776457E-02   0.1029141424082853E-02   0.1071338003146916E-02   0.1161921849499580E-02   0.1340794329202541E-02   0.1445161689772820E-02   0.1634118486450498E-02   0.2222036112105271E-02   0.3240407560679646E-02   0.4615037007118991E-02   0.6153097375731258E-02   0.7646908737746921E-02   0.8833623678932813E-02   0.9493398865471424E-02   0.9491490577513034E-02   0.8813339771686848E-02   0.7632046126171482E-02   0.6159812054937533E-02   0.4655959748584100E-02   0.3371961383591763E-02   0.2405724667472065E-02   0.1810295497457138E-02   0.1507025557525948E-02   0.1407110129032930E-02   0.1398277494137696E-02   0.1390626778884678E-02   0.1462116602454794E-02   0.1597468111616647E-02   0.1794449253684821E-02   0.1310152631486790E-02   0.1408362883997364E-02   0.1858112128481914E-02   0.2433101963447780E-02   0.3161615968702596E-02   0.4076634533248893E-02   0.5215965751536859E-02   0.6622276721683332E-02
  0.9999999747378752E-03   0.9999999747378752E-03   0.9999999747378752E-03   0.9999999747378752E-03   0.9999999747378752E-03   0.9999999747378752E-03   0.9999999747378752E-03   0.9999999747378752E-03   0.9999999747378752E-03   0.9999999747378752E-03   0.9999999747378752E-03   0.9999999747378752E-03   0.9999999747378752E-03   0.9999999750016160E-03   0.1023363246310565E-02   0.1120334444182877E+01   0.3227732002596308E+02   0.3218267028095659E+02   0.2206376146908637E+02   0.1743078906390297E+02   0.1400337600061203E+02   0.5569564166887266E+01   0.4823717299844873E-02   0.1000000056680012E-02   0.9999999747378752E-03   0.9999999747378752E-03   0.9999999747378754E-03   0.9999999747378754E-03   0.1000000247010278E-02   0.1935526647089644E-02   0.7198333291182979E-01   0.5728501372506084E-01   0.4786680833341160E-01   0.4026363390492971E-01   0.3617992785384278E-01   0.3474311168001521E-01   0.3441953661889588E-01   0.3390321537253758E-01   0.3027079593381837E-01   0.4391807127438457E-02   0.1320467614547204E-02   0.1013068224024600E-02   0.1000510996755725E-02   0.1044859058991117E-02   0.1493994946223090E-02   0.3249296498197217E-02   0.3797078801108559E-02   0.3390099605227093E-02   0.2950742185405142E-02   0.2460036136005122E-02   0.1694727586646039E-02   0.1174986202012227E-02   0.1033065368111591E-02   0.1001676961960636E-02   0.1000032807546839E-02   0.1000000349476724E-02   0.1000000449534017E-02   0.1000001917306993E-02   0.1000008164253793E-02   0.1000033313314480E-02   0.1000127676510761E-02   0.1000455758852221E-02   0.1001510112393373E-02   0.1004637988872963E-02   0.1013196171310765E-02   0.1034774997874878E-02   0.1084871352734252E-02   0.1191841074091961E-02   0.1401646152532780E-02   0.1458967205775519E-02   0.1759696506886025E-02   0.2480585002839598E-02   0.3656663518528484E-02   0.5185586855014776E-02   0.6846131496635688E-02   0.8419055238964400E-02   0.9597826528833526E-02   0.1016707283594895E-01   0.1000871685770523E-01   0.9152094457878230E-02   0.7779463118935235E-02   0.6164258875300777E-02   0.4580744313584980E-02   0.3248333873679569E-02   0.2311432744083408E-02   0.1745956170089677E-02   0.1458742736682721E-02   0.1401951060873910E-02   0.1369563580454648E-02   0.1371453958103617E-02   0.1446933020792267E-02   0.1582300375127288E-02   0.1776492036639068E-02   0.1377221548256156E-02   0.1378442293028325E-02   0.1819047555322332E-02   0.2382407394365991E-02   0.3096351889432769E-02   0.3993324539731905E-02   0.5110535101191305E-02   0.6490007449455753E-02
  0.9999999747378752E-03   0.9999999747378752E-03   0.9999999747378752E-03   0.9999999747378752E-03   0.9999999747378752E-03   0.9999999747378752E-03   0.9999999747378752E-03   0.9999999747378752E-03   0.9999999747378752E-03   0.9999999747378752E-03   0.9999999747378752E-03   0.9999999747378752E-03   0.9999999747378752E-03   0.9999999747378752E-03   0.1000000844822762E-02   0.7120078263229628E-02   0.9486548050386816E+01   0.3552353410077455E+02   0.2474116980133842E+02   0.1862726145699882E+02   0.1445144359474670E+02   0.1290916601705686E+02   0.4390983673410818E+00   0.1002103904542495E-02   0.9999999747379040E-03   0.9999999747378752E-03   0.9999999747378754E-03   0.9999999747378754E-03   0.9999999747378756E-03   0.1000002614969564E-02   0.2763042302886765E-02   0.6636901343083201E-01   0.5314039523475417E-01   0.4481721040862016E-01   0.3851137743683210E-01   0.3510076340889048E-01   0.3372213869125728E-01   0.3331454988653638E-01   0.3299204638803437E-01   0.2727860852587094E-01   0.4967322121764607E-02   0.1136031285202531E-02   0.1000625374315549E-02   0.1007997921159873E-02   0.1154368051094565E-02   0.2422561154011766E-02   0.4056396474748235E-02   0.3912509606575982E-02   0.3489524036331419E-02   0.2979452496331093E-02   0.2267069479250876E-02   0.1487032540229214E-02   0.1090360060069977E-02   0.1013361447111336E-02   0.1000536396197012E-02   0.1000008862210093E-02   0.1000000563196160E-02   0.1000002217666203E-02   0.1000009583123507E-02   0.1000039445338445E-02   0.1000151988804815E-02   0.1000544303207084E-02   0.1001806494378211E-02   0.1005550019359776E-02   0.1015776484495349E-02   0.1041486645233375E-02   0.1100919394746057E-02   0.1227106181560736E-02   0.1472838755723714E-02   0.1500930639109856E-02   0.1894118402518817E-02   0.2790365979479869E-02   0.4135519113424182E-02   0.5815167479531373E-02   0.7605862298680336E-02   0.9234891010468050E-02   0.1039350397867469E-01   0.1084570774768913E-01   0.1049678862879687E-01   0.9445808895885347E-02   0.7876897898383734E-02   0.6133644128452256E-02   0.4481452691996192E-02   0.3133176393352869E-02   0.2206282995815663E-02   0.1667979691391147E-02   0.1450651753124566E-02   0.1398370161595908E-02   0.1342474927947461E-02   0.1353446210466413E-02   0.1432404836494035E-02   0.1567397785330945E-02   0.1758541322405055E-02   0.1434126102290043E-02   0.1348226413519648E-02   0.1779561565399639E-02   0.2331147433087633E-02   0.3030345560931264E-02   0.3909050806102416E-02   0.5003863505234400E-02   0.6356152648011150E-02
  0.9999999747378752E-03   0.9999999747378752E-03   0.9999999747378752E-03   0.9999999747378752E-03   0.9999999747378752E-03   0.9999999747378752E-03   0.9999999747378752E-03   0.9999999747378752E-03   0.9999999747378752E-03   0.9999999747378752E-03   0.9999999747378752E-03   0.9999999747378752E-03   0.9999999747378752E-03   0.9999999747378752E-03   0.9999999747382791E-03   0.1001258944261672E-02   0.3547697568078650E+00   0.2573881096869140E+02   0.2864844369677079E+02   0.2016844475875015E+02   0.1560317470352371E+02   0.1343217546540125E+02   0.6745687862815527E+01   0.4925391193643975E-02   0.9999999976604502E-03   0.9999999747378752E-03   0.9999999747378754E-03   0.9999999747378754E-03   0.9999999747378756E-03   0.9999999747378851E-03   0.1000023798772415E-02   0.4197607409530195E-02   0.6145353722866864E-01   0.4973785818818748E-01   0.4234182160067426E-01   0.3716281184649439E-01   0.3436462929998600E-01   0.3319590702461474E-01   0.3283374665720611E-01   0.3239170357134496E-01   0.2428628364920402E-01   0.5121296511618059E-02   0.1036539248046619E-02   0.1001202360549671E-02   0.1066278846040240E-02   0.1610309981659410E-02   0.3595967062269364E-02   0.4484166157504002E-02   0.4049977235919817E-02   0.3537576982240507E-02   0.2914405403675917E-02   0.2013562957232512E-02   0.1277586366331116E-02   0.1067424264592803E-02   0.1005022503348769E-02   0.1000164349351458E-02   0.1000002867071212E-02   0.1000002585568734E-02   0.1000011266833338E-02   0.1000046750634260E-02   0.1000181035673134E-02   0.1000650263080662E-02   0.1002161295832029E-02   0.1006640782650528E-02   0.1018855467061943E-02   0.1049466498048865E-02   0.1119905028731077E-02   0.1268561214824317E-02   0.1485874934230018E-02   0.1573416367533900E-02   0.2070617158780620E-02   0.3135096743050754E-02   0.4680288198414666E-02   0.6515408773216064E-02   0.8430972316549224E-02   0.1009949228001105E-01   0.1120254118119439E-01   0.1150952191489772E-01   0.1095638677541631E-01   0.9677543107509580E-02   0.7930791360981569E-02   0.6057643846443141E-02   0.4339993606961401E-02   0.3009344245610781E-02   0.2103025941972115E-02   0.1598444101611244E-02   0.1404043497255753E-02   0.1377027249906712E-02   0.1317277195662446E-02   0.1336675053181537E-02   0.1418534398395305E-02   0.1552753963336451E-02   0.1740603622755942E-02   0.1500890163688586E-02   0.1317756189447947E-02   0.1739712236104727E-02   0.2279398965867029E-02   0.2963695854012650E-02   0.3823938502881114E-02   0.4896107619407671E-02   0.6220906349180152E-02
  0.9999999747378752E-03   0.9999999747378752E-03   0.9999999747378752E-03   0.9999999747378752E-03   0.9999999747378752E-03   0.9999999747378752E-03   0.9999999747378752E-03   0.9999999747378752E-03   0.9999999747378752E-03   0.9999999747378752E-03   0.9999999747378752E-03   0.9999999747378752E-03   0.9999999747378752E-03   0.9999999747378752E-03   0.9999999747378752E-03   0.9999999798032959E-03   0.1578746450950299E-02   0.5194781401213268E+01   0.3116512010573289E+02   0.2243033809562526E+02   0.1689155526420685E+02   0.1355493529928090E+02   0.1142845952190529E+02   0.5881567751330837E+00   0.1001315263142166E-02   0.9999999747378791E-03   0.9999999747378754E-03   0.9999999747378754E-03   0.9999999747378756E-03   0.9999999747378765E-03   0.9999999747387456E-03   0.1000189138837035E-02   0.6362470526634358E-02   0.5724610349693314E-01   0.4692979782240936E-01   0.4040268188187063E-01   0.3618687247828973E-01   0.3391905836134036E-01   0.3305066811765176E-01   0.3282690098471355E-01   0.3145850801646560E-01   0.2308930366036883E-01   0.4375085385605423E-02   0.1021089627782174E-02   0.1013918145858933E-02   0.1191133799337728E-02   0.2618197496196792E-02   0.4605204756874133E-02   0.4699959466655921E-02   0.4172508596249077E-02   0.3593880719274163E-02   0.2730262736070932E-02   0.1692805682728130E-02   0.1165521787689703E-02   0.1029683323682735E-02   0.1001773196420626E-02   0.1000049073675800E-02   0.1000003582722741E-02   0.1000013265794369E-02   0.1000055443601438E-02   0.1000215693850448E-02   0.1000776876136096E-02   0.1002585316969390E-02   0.1007942813628095E-02   0.1022521545074600E-02   0.1058931017386512E-02   0.1142304178515710E-02   0.1317141912656302E-02   0.1452388547799761E-02   0.1648928712981130E-02   0.2312492096794952E-02   0.3558350026650617E-02   0.5283771322217893E-02   0.7286962292863426E-02   0.9298756975014005E-02   0.1098639249397339E-01   0.1200551663081709E-01   0.1213803834446289E-01   0.1136829246142209E-01   0.9851157802484641E-02   0.7928764387287221E-02   0.5937105556754749E-02   0.4179150188246228E-02   0.2850164563507452E-02   0.1994538626181971E-02   0.1549345963187361E-02   0.1390053417296194E-02   0.1348438390768789E-02   0.1294137180588710E-02   0.1321157174017984E-02   0.1405299228464102E-02   0.1538353712040221E-02   0.1722683444572557E-02   0.1557537812040866E-02   0.1297073226057776E-02   0.1699558314267125E-02   0.2227239569036843E-02   0.2896502468971393E-02   0.3738113896487643E-02   0.4787425590742448E-02   0.6084464616595314E-02
  0.9999999747378752E-03   0.9999999747378752E-03   0.9999999747378752E-03   0.9999999747378752E-03   0.9999999747378752E-03   0.9999999747378752E-03   0.9999999747378752E-03   0.9999999747378752E-03   0.9999999747378752E-03   0.9999999747378752E-03   0.9999999747378752E-03   0.9999999747378752E-03   0.9999999747378752E-03   0.9999999747378752E-03   0.9999999747378752E-03   0.9999999747378754E-03   0.1000025777556989E-02   0.8519853648621464E-01   0.1977256372800117E+02   0.2570955306164747E+02   0.1837586061301464E+02   0.1421334190363796E+02   0.1248525983631171E+02   0.7876936285822921E+01   0.5351815319883176E-02   0.9999999837899691E-03   0.9999999747378754E-03   0.9999999747378754E-03   0.9999999747378756E-03   0.9999999747378765E-03   0.9999999747378780E-03   0.9999999748018234E-03   0.1001271069331023E-02   0.9273217900909788E-02   0.5368126140748768E-01   0.4461327621627384E-01   0.3893853269817754E-01   0.3549676579753657E-01   0.3383540014743806E-01   0.3331905310449795E-01   0.3278509118148278E-01   0.3063179785908837E-01   0.2184038231699852E-01   0.3707394074487143E-02   0.1020309595281256E-02   0.1094222328119713E-02   0.1739423230872094E-02   0.3937681877362565E-02   0.5262827378970814E-02   0.4875229458065063E-02   0.4310962403260684E-02   0.3516698775203308E-02   0.2367199747573499E-02   0.1434451010366180E-02   0.1080545969696415E-02   0.1012084968508058E-02   0.1000592699009702E-02   0.1000017279688917E-02   0.1000015775497180E-02   0.1000065772188123E-02   0.1000256975359898E-02   0.1000927876726624E-02   0.1003090981055781E-02   0.1009493357679416E-02   0.1026875234781720E-02   0.1070123898718291E-02   0.1168645879195088E-02   0.1373871329185871E-02   0.1464127226853794E-02   0.1740067124218408E-02   0.2593018177152379E-02   0.4033403869435853E-02   0.5948053503615028E-02   0.8109284926554959E-02   0.1022496194460888E-01   0.1190754618805203E-01   0.1281183198496789E-01   0.1274035713678824E-01   0.1172371846327368E-01   0.9971598377640499E-02   0.7869776271107526E-02   0.5774063013615952E-02   0.3982489392585064E-02   0.2699304403133660E-02   0.1893706380572519E-02   0.1492523063262072E-02   0.1379625861447225E-02   0.1312968374890660E-02   0.1273128244147500E-02   0.1306862524725706E-02   0.1392658248039313E-02   0.1524176579168731E-02   0.1704784902230158E-02   0.1634093881434012E-02   0.1276219864207826E-02   0.1659159105113670E-02   0.2174747320012024E-02   0.2828865693452560E-02   0.3651704050301032E-02   0.4677976690692599E-02   0.5947025098613719E-02
  0.9999999747378752E-03   0.9999999747378752E-03   0.9999999747378752E-03   0.9999999747378752E-03   0.9999999747378752E-03   0.9999999747378752E-03   0.9999999747378752E-03   0.9999999747378752E-03   0.9999999747378752E-03   0.9999999747378752E-03   0.9999999747378752E-03   0.9999999747378752E-03   0.9999999747378752E-03   0.9999999747378752E-03   0.9999999747378752E-03   0.9999999747378752E-03   0.9999999747519338E-03   0.1020563148701870E-02   0.2442323868792412E+01   0.2731774917249540E+02   0.2037609224688825E+02   0.1528730070280908E+02   0.1294082111512876E+02   0.1018406628489047E+02   0.8058958453485924E+00   0.1001121944629911E-02   0.9999999747378767E-03   0.9999999747378754E-03   0.9999999747378756E-03   0.9999999747378765E-03   0.9999999747378780E-03   0.9999999747378812E-03   0.9999999780260956E-03   0.1007065980743990E-02   0.1292732837047004E-01   0.5067305865775533E-01   0.4272866510431153E-01   0.3780769990097542E-01   0.3512890360619332E-01   0.3414130865163061E-01   0.3351777848851522E-01   0.3243110988312412E-01   0.3073991721154972E-01   0.1975413846230535E-01   0.3235675358480115E-02   0.1041700913153229E-02   0.1252379662550160E-02   0.2844662103228071E-02   0.5181806070419155E-02   0.5636150476006012E-02   0.5060242652617920E-02   0.4360742094078321E-02   0.3253861697445628E-02   0.1996543110419125E-02   0.1231735063263257E-02   0.1056398399289045E-02   0.1004582951809099E-02   0.1000191816328844E-02   0.1000022218991119E-02   0.1000078053991024E-02   0.1000306036752509E-02   0.1001107527149359E-02   0.1003692422930129E-02   0.1011334564518592E-02   0.1032029401456630E-02   0.1083315876529106E-02   0.1199509635352266E-02   0.1439849478164860E-02   0.1492923661867904E-02   0.1879462615993656E-02   0.2935329644601138E-02   0.4573064433808571E-02   0.6674283519466417E-02   0.9000426575858271E-02   0.1119365619939336E-01   0.1284335701590371E-01   0.1359991609896374E-01   0.1329548529337943E-01   0.1200465945010489E-01   0.1002515488684668E-01   0.7754230576701390E-02   0.5571693873549085E-02   0.3784230173786346E-02   0.2530621390750909E-02   0.1793306858915189E-02   0.1459589240472198E-02   0.1363491453861791E-02   0.1280832455914217E-02   0.1254240502172041E-02   0.1293724017790512E-02   0.1380558071884291E-02   0.1510200039507511E-02   0.1686912981221279E-02   0.1710584304059950E-02   0.1265239157352244E-02   0.1618574323714152E-02   0.2122000594052995E-02   0.2760886152811432E-02   0.3564836518651584E-02   0.4567920939559524E-02   0.5808786570117052E-02
  0.9999999747378752E-03   0.9999999747378752E-03   0.9999999747378752E-03   0.9999999747378752E-03   0.9999999747378752E-03   0.9999999747378752E-03   0.9999999747378752E-03   0.9999999747378752E-03   0.9999999747378752E-03   0.9999999747378752E-03   0.9999999747378752E-03   0.9999999747378752E-03   0.9999999747378752E-03   0.9999999747378752E-03   0.9999999747378752E-03   0.9999999747378752E-03   0.9999999747378752E-03   0.1000000277029732E-02   0.1566076626315422E-01   0.1439968548711967E+02   0.2314686907089194E+02   0.1667813126530452E+02   0.1340638411471322E+02   0.1114421104466330E+02   0.8638814691215520E+01   0.6515994259897923E-02   0.9999999821927461E-03   0.9999999747378754E-03   0.9999999747378756E-03   0.9999999747378765E-03   0.9999999747378780E-03   0.9999999747378812E-03   0.9999999747378893E-03   0.1000000089243950E-02   0.1032225636158807E-02   0.1703590144211131E-01   0.4811506677547185E-01   0.4112235794532939E-01   0.3699091186462997E-01   0.3521120840328555E-01   0.3438145131357467E-01   0.3352206864742768E-01   0.3250585232591303E-01   0.3074106817793138E-01   0.1743586474693003E-01   0.2877981146706843E-02   0.1132753936190435E-02   0.1870596017219060E-02   0.4347964108770191E-02   0.6111355983166738E-02   0.5895879584271146E-02   0.5234895205347015E-02   0.4254943569895497E-02   0.2838193845271880E-02   0.1612924912881965E-02   0.1123197206524081E-02   0.1024272519681484E-02   0.1001630908186159E-02   0.1000078414313927E-02   0.1000093510566397E-02   0.1000364191901464E-02   0.1001320631255912E-02   0.1004405514936201E-02   0.1013513479527712E-02   0.1038108923943532E-02   0.1098802959246143E-02   0.1235519081548242E-02   0.1506235288386385E-02   0.1550652961077449E-02   0.2069692713985552E-02   0.3312276478038065E-02   0.5169463263921107E-02   0.7472441997078046E-02   0.9946834536218172E-02   0.1219715549556319E-01   0.1378278062054894E-01   0.1435750408074285E-01   0.1379271304841619E-01   0.1222424265672621E-01   0.1000967963703106E-01   0.7584017490511696E-02   0.5344219461620663E-02   0.3559077172345218E-02   0.2378006211565945E-02   0.1685903805352534E-02   0.1401885160301997E-02   0.1342158179791588E-02   0.1252106368549826E-02   0.1237394482600733E-02   0.1281647877256455E-02   0.1368938876263714E-02   0.1496402116432583E-02   0.1669074421489345E-02   0.1777036257225171E-02   0.1244174771199876E-02   0.1577863917216283E-02   0.2069077848627714E-02   0.2692664551038273E-02   0.3477639029616429E-02   0.4457418716358040E-02   0.5669948455511768E-02
  0.9999999747378752E-03   0.9999999747378752E-03   0.9999999747378752E-03   0.9999999747378752E-03   0.9999999747378752E-03   0.9999999747378752E-03   0.9999999747378752E-03   0.9999999747378752E-03   0.9999999747378752E-03   0.9999999747378752E-03   0.9999999747378752E-03   0.9999999747378752E-03   0.9999999747378752E-03   0.9999999747378752E-03   0.9999999747378752E-03   0.9999999747378752E-03   0.9999999747378752E-03   0.9999999747378968E-03   0.1001734942088991E-02   0.9600706181590200E+00   0.2381656902310056E+02   0.1852255259099983E+02   0.1419082628189698E+02   0.1199825515774755E+02   0.9533364018019013E+01   0.1103964881026525E+01   0.1001438178100219E-02   0.9999999747378767E-03   0.9999999747378756E-03   0.9999999747378765E-03   0.9999999747378780E-03   0.9999999747378812E-03   0.9999999747378886E-03   0.9999999747380994E-03   0.1000002667444375E-02   0.1071021759269495E-02   0.2124534156780236E-01   0.4584622235130886E-01   0.3972039490749979E-01   0.3659685011249920E-01   0.3559194404983344E-01   0.3454768903713477E-01   0.3350854031603988E-01   0.3308395972593271E-01   0.3015499712052956E-01   0.1518571423843116E-01   0.2614882605686484E-02   0.1351358551883794E-02   0.3135897954157913E-02   0.5873800879532015E-02   0.6736913816786874E-02   0.6191143399841332E-02   0.5317678115665110E-02   0.3925380067713586E-02   0.2313822408258579E-02   0.1345270952009975E-02   0.1064038947189770E-02   0.1009660302138818E-02   0.1000567394446480E-02   0.1000125885555593E-02   0.1000433125759560E-02   0.1001572522774512E-02   0.1005247798668431E-02   0.1016081739510678E-02   0.1045249522075022E-02   0.1116902538745785E-02   0.1277330845130002E-02   0.1534219035465184E-02   0.1619173649146434E-02   0.2303172698673888E-02   0.3766253466325390E-02   0.5833833171091916E-02   0.8331108339186617E-02   0.1094318920940843E-01   0.1322601074543704E-01   0.1471350985185526E-01   0.1507198687331068E-01   0.1422202067334088E-01   0.1236705779022463E-01   0.9924745110384318E-02   0.7362485527486112E-02   0.5076750151058731E-02   0.3342029651539614E-02   0.2225227086338933E-02   0.1603757227756675E-02   0.1380447446485499E-02   0.1315915686681819E-02   0.1226743043476953E-02   0.1222456807001765E-02   0.1270523770749822E-02   0.1357739468563885E-02   0.1482763350072797E-02   0.1651278232480309E-02   0.1833478148690282E-02   0.1243070820199571E-02   0.1537087866586089E-02   0.2016057397593703E-02   0.2624301401408782E-02   0.3390239154280266E-02   0.4346630350709338E-02   0.5530710328360848E-02
  0.9999999747378752E-03   0.9999999747378752E-03   0.9999999747378752E-03   0.9999999747378752E-03   0.9999999747378752E-03   0.9999999747378752E-03   0.9999999747378752E-03   0.9999999747378752E-03   0.9999999747378752E-03   0.9999999747378752E-03   0.9999999747378752E-03   0.9999999747378752E-03   0.9999999747378752E-03   0.9999999747378752E-03   0.9999999747378752E-03   0.9999999747378752E-03   0.9999999747378752E-03   0.9999999747378752E-03   0.9999999770643133E-03   0.2866742023896069E-02   0.9775696013864987E+01   0.2090455041782452E+02   0.1536660437447110E+02   0.1262287677106797E+02   0.9954175759894239E+01   0.8828010082850533E+01   0.9070606431123257E-02   0.9999999868127180E-03   0.9999999747378756E-03   0.9999999747378765E-03   0.9999999747378780E-03   0.9999999747378812E-03   0.9999999747378886E-03   0.9999999747379034E-03   0.9999999747697589E-03   0.1000043621237475E-02   0.1309498408434529E-02   0.2528119807432630E-01   0.4371418982070557E-01   0.3840146467804070E-01   0.3710843696362222E-01   0.3574885904030627E-01   0.3454680639089786E-01   0.3389152849248316E-01   0.3363474386365606E-01   0.2899249853568143E-01   0.1311138969576915E-01   0.2466135429007340E-02   0.2102304366142171E-02   0.4865574798722932E-02   0.7139998887852691E-02   0.7169156074830666E-02   0.6416816620670397E-02   0.5134544277443852E-02   0.3342985783804521E-02   0.1854361224901969E-02   0.1181991934070785E-02   0.1041885604222565E-02   0.1003591117400116E-02   0.1000299302300858E-02   0.1000518136362248E-02   0.1001869066391344E-02   0.1006238284181763E-02   0.1019094860888838E-02   0.1053595462763706E-02   0.1137946747088998E-02   0.1325617429440248E-02   0.1504983416226389E-02   0.1700250165585444E-02   0.2602021896839081E-02   0.4269003626780071E-02   0.6556269626218360E-02   0.9247239180470834E-02   0.1198228701609738E-01   0.1426907418315726E-01   0.1562224527766714E-01   0.1573082091156674E-01   0.1457449504657436E-01   0.1242944388708025E-01   0.9771727637571632E-02   0.7094340276708271E-02   0.4795084263686776E-02   0.3108177663942648E-02   0.2075786268873800E-02   0.1538755213869151E-02   0.1365997016897914E-02   0.1274851263487618E-02   0.1204594036103988E-02   0.1209256463401444E-02   0.1260234004793278E-02   0.1346901326398064E-02   0.1469268099907414E-02   0.1633535884564639E-02   0.1849939477670186E-02   0.1271971667978749E-02   0.1496305975791830E-02   0.1963017177414714E-02   0.2555896746880127E-02   0.3302763961641761E-02   0.4235715695425359E-02   0.5391271385734887E-02
  0.9999999747378752E-03   0.9999999747378752E-03   0.9999999747378752E-03   0.9999999747378752E-03   0.9999999747378752E-03   0.9999999747378752E-03   0.9999999747378752E-03   0.9999999747378752E-03   0.9999999747378752E-03   0.9999999747378752E-03   0.9999999747378752E-03   0.9999999747378752E-03   0.9999999747378752E-03   0.9999999747378752E-03   0.9999999747378752E-03   0.9999999747378752E-03   0.9999999747378752E-03   0.9999999747378752E-03   0.9999999747378752E-03   0.1000054912510815E-02   0.3140983637958263E+00   0.2057221916975571E+02   0.1699807597222631E+02   0.1330864216828625E+02   0.1081359372093621E+02   0.9247945313429767E+01   0.1471015728392545E+01   0.1002489680120042E-02   0.9999999747378793E-03   0.9999999747378765E-03   0.9999999747378780E-03   0.9999999747378812E-03   0.9999999747378886E-03   0.9999999747379034E-03   0.9999999747379344E-03   0.9999999776518561E-03   0.1000510094395336E-02   0.1927850511622095E-02   0.2874443372340274E-01   0.4114796349458900E-01   0.3870547249727703E-01   0.3732929135854698E-01   0.3574192937788272E-01   0.3471810491189376E-01   0.3447613443926405E-01   0.3397045512196601E-01   0.2732652113147236E-01   0.1128575103734328E-01   0.2545407486935383E-02   0.3549922324248640E-02   0.6712927119741985E-02   0.8067563373276177E-02   0.7558864877576690E-02   0.6460846016506658E-02   0.4654750399788656E-02   0.2712319157935563E-02   0.1476458026160522E-02   0.1090125429794025E-02   0.1017146726908404E-02   0.1001372703683263E-02   0.1000658205881955E-02   0.1002217411942967E-02   0.1007397083232628E-02   0.1022610992524460E-02   0.1063295829953058E-02   0.1162272394592804E-02   0.1381042939162200E-02   0.1519651623423952E-02   0.1815455378313537E-02   0.2937905201194926E-02   0.4831400028347413E-02   0.7335487453497907E-02   0.1021597340863210E-01   0.1305498652777385E-01   0.1531365315457850E-01   0.1649504818491341E-01   0.1632198128027422E-01   0.1484273173591613E-01   0.1240971158193800E-01   0.9553806599076453E-02   0.6785473326661267E-02   0.4495472344582551E-02   0.2882498613298633E-02   0.1932797580154749E-02   0.1472370706706750E-02   0.1338945827176890E-02   0.1238875129689975E-02   0.1185433516575145E-02   0.1197600391618013E-02   0.1250661270803689E-02   0.1336371513875915E-02   0.1455905234751947E-02   0.1615861241500061E-02   0.1826450607715998E-02   0.1300921704645581E-02   0.1455577654931779E-02   0.1910034507448009E-02   0.2487549870953546E-02   0.3215339659612649E-02   0.4124833680174789E-02   0.5251829897577674E-02
  0.9999999747378752E-03   0.9999999747378752E-03   0.9999999747378752E-03   0.9999999747378752E-03   0.9999999747378752E-03   0.9999999747378752E-03   0.9999999747378752E-03   0.9999999747378752E-03   0.9999999747378752E-03   0.9999999747378752E-03   0.9999999747378752E-03   0.9999999747378752E-03   0.9999999747378752E-03   0.9999999747378752E-03   0.9999999747378752E-03   0.9999999747378752E-03   0.9999999747378752E-03   0.9999999747378752E-03   0.9999999747378752E-03   0.9999999747527743E-03   0.1154402615077687E-02   0.6111992357597162E+01   0.1896454147161400E+02   0.1428081084147505E+02   0.1156845313201289E+02   0.9257271316659750E+01   0.8509528155654319E+01   0.1379817021507388E-01   0.1000000004943704E-02   0.9999999747378765E-03   0.9999999747378780E-03   0.9999999747378812E-03   0.9999999747378886E-03   0.9999999747379034E-03   0.9999999747379341E-03   0.9999999747381135E-03   0.1000000147523170E-02   0.1004688582865817E-02   0.3268654287138713E-02   0.3089954958270134E-01   0.3920337978922145E-01   0.3954271540838078E-01   0.3725406628845093E-01   0.3576637391640788E-01   0.3517844408657479E-01   0.3509785883767162E-01   0.3397771539202989E-01   0.2527690768309020E-01   0.9714497439837983E-02   0.3303426183597844E-02   0.5561136209120767E-02   0.8359353977380080E-02   0.8766536650901321E-02   0.7874407087333392E-02   0.6182350997968490E-02   0.3956940906249247E-02   0.2092007539932773E-02   0.1238597870990746E-02   0.1063368017070642E-02   0.1006603495291301E-02   0.1001106291267407E-02   0.1002634405721848E-02   0.1008745015414477E-02   0.1026688999040275E-02   0.1074499034389627E-02   0.1190206841646399E-02   0.1444230603877084E-02   0.1539221232757265E-02   0.1976052679491392E-02   0.3331851939559352E-02   0.5443212913087409E-02   0.8168585575291314E-02   0.1123048042944109E-01   0.1415023263137059E-01   0.1634575676278230E-01   0.1731776664794112E-01   0.1683443611853220E-01   0.1502119645559837E-01   0.1230828201412052E-01   0.9275874632764244E-02   0.6442730070622154E-02   0.4194361675802520E-02   0.2669667397788371E-02   0.1798892101549180E-02   0.1425644388014937E-02   0.1319419805453717E-02   0.1207752139854809E-02   0.1168982732225019E-02   0.1187287364095625E-02   0.1241694653302103E-02   0.1326104505053281E-02   0.1442668307990853E-02   0.1598270306410326E-02   0.1803042491888452E-02   0.1349965113899591E-02   0.1414961702173225E-02   0.1857185846145529E-02   0.2419359000316798E-02   0.3128091223598304E-02   0.4014141848024834E-02   0.5112582633177200E-02
  0.9999999747378752E-03   0.9999999747378752E-03   0.9999999747378752E-03   0.9999999747378752E-03   0.9999999747378752E-03   0.9999999747378752E-03   0.9999999747378752E-03   0.9999999747378752E-03   0.9999999747378752E-03   0.9999999747378752E-03   0.9999999747378752E-03   0.9999999747378752E-03   0.9999999747378752E-03   0.9999999747378752E-03   0.9999999747378752E-03   0.9999999747378752E-03   0.9999999747378752E-03   0.9999999747378752E-03   0.9999999747378752E-03   0.9999999747378752E-03   0.1000001528815642E-02   0.8877760533363291E-01   0.1750429614289567E+02   0.1566072703333560E+02   0.1228524040056950E+02   0.9838198927083951E+01   0.8931415208568609E+01   0.1854313521341626E+01   0.1005140712144707E-02   0.9999999747378934E-03   0.9999999747378780E-03   0.9999999747378815E-03   0.9999999747378888E-03   0.9999999747379034E-03   0.9999999747379341E-03   0.9999999747379975E-03   0.9999999747952191E-03   0.1000009107313663E-02   0.1040015510013410E-02   0.5958531869172576E-02   0.2992763014572318E-01   0.4044979764515855E-01   0.3933957294199320E-01   0.3714134824298185E-01   0.3603842695098854E-01   0.3568661757092638E-01   0.3569222835832989E-01   0.3355153741739345E-01   0.2302748669344717E-01   0.8733443014941729E-02   0.4841278397795764E-02   0.7782124483902788E-02   0.9663504512176124E-02   0.9313297442030964E-02   0.7867733508558239E-02   0.5536949612529794E-02   0.3107729972660525E-02   0.1618676374673238E-02   0.1128700856683526E-02   0.1026264688354058E-02   0.1003060706901654E-02   0.1003202757499210E-02   0.1010304990764062E-02   0.1031385785587255E-02   0.1087345265598690E-02   0.1222049260857426E-02   0.1515721371987706E-02   0.1564483453876846E-02   0.2182858763416970E-02   0.3764056707599155E-02   0.6102872108623219E-02   0.9050835245122022E-02   0.1228186897715060E-01   0.1525517075388081E-01   0.1735043459765180E-01   0.1807651827383998E-01   0.1725861544855482E-01   0.1510651998525100E-01   0.1212772836807753E-01   0.8944360905402226E-02   0.6083630165932728E-02   0.3888137641913346E-02   0.2473892062576624E-02   0.1696156625192795E-02   0.1389192629221114E-02   0.1297294624173077E-02   0.1181136808231814E-02   0.1154933117795204E-02   0.1178119470186770E-02   0.1233233825146868E-02   0.1316063037992954E-02   0.1429555339457737E-02   0.1580780851403482E-02   0.1779746381492183E-02   0.1409145647504190E-02   0.1374516087873383E-02   0.1804546544889445E-02   0.2351421001083495E-02   0.3041142014982949E-02   0.3903795877761359E-02   0.4973724268251141E-02
  0.9999999747378752E-03   0.9999999747378752E-03   0.9999999747378752E-03   0.9999999747378752E-03   0.9999999747378752E-03   0.9999999747378752E-03   0.9999999747378752E-03   0.9999999747378752E-03   0.9999999747378752E-03   0.9999999747378752E-03   0.9999999747378752E-03   0.9999999747378752E-03   0.9999999747378752E-03   0.9999999747378752E-03   0.9999999747378752E-03   0.9999999747378752E-03   0.9999999747378752E-03   0.9999999747378752E-03   0.9999999747378752E-03   0.9999999747378752E-03   0.9999999747379853E-03   0.1019914179108865E-02   0.3524335090952730E+01   0.1721861272415313E+02   0.1316284097067154E+02   0.1052466000411458E+02   0.8896713975231430E+01   0.7929969934499030E+01   0.2160933589675808E-01   0.1000000073403682E-02   0.9999999747378780E-03   0.9999999747378815E-03   0.9999999747378888E-03   0.9999999747379034E-03   0.9999999747379339E-03   0.9999999747379970E-03   0.9999999747382243E-03   0.1000000016083452E-02   0.1000609720448112E-02   0.1256962800163552E-02   0.8805957648586927E-02   0.2945808410731932E-01   0.4143912413662953E-01   0.3899177896549446E-01   0.3717569563801457E-01   0.3639335614164770E-01   0.3626561203010889E-01   0.3616699416690621E-01   0.3264027370631199E-01   0.2071404413272504E-01   0.8640700180275001E-02   0.7084859756686834E-02   0.9898039309619605E-02   0.1073124125207884E-01   0.9609284577674652E-02   0.7366346500645436E-02   0.4547481113418621E-02   0.2328778714412180E-02   0.1299668804056990E-02   0.1085165664991960E-02   0.1010744491261069E-02   0.1004325899570813E-02   0.1012116880157015E-02   0.1036753210681422E-02   0.1101956674625500E-02   0.1258046968408738E-02   0.1555923397507234E-02   0.1595928490385697E-02   0.2456090229922146E-02   0.4243669698805769E-02   0.6807237947868588E-02   0.9975509300419301E-02   0.1335917303769451E-01   0.1635535873412899E-01   0.1831219970812449E-01   0.1875820658621808E-01   0.1758684481307467E-01   0.1509770323613344E-01   0.1187271252278915E-01   0.8566976332389052E-02   0.5696058429487369E-02   0.3572878760898761E-02   0.2278784540118568E-02   0.1586106581291286E-02   0.1353237500892943E-02   0.1252240245312298E-02   0.1158608697998315E-02   0.1142966638576847E-02   0.1169910852324601E-02   0.1225191533464089E-02   0.1306218181963766E-02   0.1416568329662756E-02   0.1563411991451874E-02   0.1756593535539486E-02   0.1488506406279714E-02   0.1334297743084665E-02   0.1752190601161620E-02   0.2283831070874268E-02   0.2954613392496503E-02   0.3793949095745150E-02   0.4835446777251437E-02
  0.9999999747378752E-03   0.9999999747378752E-03   0.9999999747378752E-03   0.9999999747378752E-03   0.9999999747378752E-03   0.9999999747378752E-03   0.9999999747378752E-03   0.9999999747378752E-03   0.9999999747378752E-03   0.9999999747378752E-03   0.9999999747378752E-03   0.9999999747378752E-03   0.9999999747378752E-03   0.9999999747378752E-03   0.9999999747378752E-03   0.9999999747378752E-03   0.9999999747378752E-03   0.9999999747378752E-03   0.9999999747378752E-03   0.9999999747378752E-03   0.9999999747378752E-03   0.1000000025702152E-02   0.2394859688002956E-01   0.1458109219877920E+02   0.1438198641003469E+02   0.1124706205603070E+02   0.9210394069819870E+01   0.8447703983003017E+01   0.2168784982700064E+01   0.1011589516559460E-02   0.9999999747379890E-03   0.9999999747378815E-03   0.9999999747378888E-03   0.9999999747379034E-03   0.9999999747379337E-03   0.9999999747379966E-03   0.9999999747381256E-03   0.9999999754892954E-03   0.1000022001378783E-02   0.1026810373490456E-02   0.2260394666009196E-02   0.9172939544427335E-02   0.3230932162966317E-01   0.4124407582633623E-01   0.3875399625099063E-01   0.3733965778594902E-01   0.3685618897991193E-01   0.3687666920974595E-01   0.3641614342094047E-01   0.3126850642647080E-01   0.1886717070909493E-01   0.9660038090371170E-02   0.9689488676377972E-02   0.1171585117429945E-01   0.1146934188594167E-01   0.9454267870738952E-02   0.6421190120006638E-02   0.3489378784898979E-02   0.1738156162176921E-02   0.1160878224584621E-02   0.1035648301012476E-02   0.1007552181422646E-02   0.1014315483286642E-02   0.1042837634713637E-02   0.1118425314884081E-02   0.1298366876410160E-02   0.1545053063071584E-02   0.1673639306264114E-02   0.2755199688124746E-02   0.4758587338396395E-02   0.7551396927115023E-02   0.1093377109335087E-01   0.1444942911913183E-01   0.1743507794410235E-01   0.1921552038022650E-01   0.1935104243847889E-01   0.1781371364024348E-01   0.1499621412872881E-01   0.1154981694279436E-01   0.8152395982956797E-02   0.5307946400505585E-02   0.3284140826502972E-02   0.2077272837920881E-02   0.1509692246910758E-02   0.1337654319380480E-02   0.1213769947080217E-02   0.1139705627030740E-02   0.1132772439455347E-02   0.1162493655757219E-02   0.1217494609619778E-02   0.1296548825538673E-02   0.1403712621460540E-02   0.1546183749746928E-02   0.1733614949726766E-02   0.1538089637856124E-02   0.1304362353614099E-02   0.1700190412812454E-02   0.2216682429333126E-02   0.2868624319928991E-02   0.3684751981692438E-02   0.4697938816303413E-02
  0.9999999747378752E-03   0.9999999747378752E-03   0.9999999747378752E-03   0.9999999747378752E-03   0.9999999747378752E-03   0.9999999747378752E-03   0.9999999747378752E-03   0.9999999747378752E-03   0.9999999747378752E-03   0.9999999747378752E-03   0.9999999747378752E-03   0.9999999747378752E-03   0.9999999747378752E-03   0.9999999747378752E-03   0.9999999747378752E-03   0.9999999747378752E-03   0.9999999747378752E-03   0.9999999747378752E-03   0.9999999747378752E-03   0.9999999747378752E-03   0.9999999747378752E-03   0.9999999747378765E-03   0.1002189447630082E-02   0.1930428647884080E+01   0.1564862562631265E+02   0.1209096209410002E+02   0.9750036283675326E+01   0.8543354066586893E+01   0.7320890877413580E+01   0.3280769673167877E-01   0.1000000352462935E-02   0.9999999747378815E-03   0.9999999747378888E-03   0.9999999747379034E-03   0.9999999747379335E-03   0.9999999747379964E-03   0.9999999747381234E-03   0.9999999747652946E-03   0.1000001304713065E-02   0.1003096440851276E-02   0.1254578517859788E-02   0.2957342242631450E-02   0.1040732698457177E-01   0.3496560587059315E-01   0.4077413958894589E-01   0.3866848747751210E-01   0.3763986619646326E-01   0.3734635270701157E-01   0.3748205569511468E-01   0.3635199837656238E-01   0.2957707119370285E-01   0.1800120533120338E-01   0.1162507656671300E-01   0.1235008300856607E-01   0.1319503630931684E-01   0.1168460778287819E-01   0.8669689470849243E-02   0.5146244208217467E-02   0.2536292410036654E-02   0.1368160146828228E-02   0.1092781114707146E-02   0.1017535931720140E-02   0.1017413715107498E-02   0.1049696492264103E-02   0.1136799732658888E-02   0.1343062679765942E-02   0.1523069311482242E-02   0.1777178093585141E-02   0.3088709937815420E-02   0.5305257353827186E-02   0.8328500796445414E-02   0.1191464156514329E-01   0.1553785506301385E-01   0.1847773806126698E-01   0.2004535788161927E-01   0.1984503811785443E-01   0.1793635046989771E-01   0.1480596502056444E-01   0.1116728004787083E-01   0.7709899071366709E-02   0.4926965397268883E-02   0.3016782798023407E-02   0.1931557342769013E-02   0.1467334460522024E-02   0.1322031268059802E-02   0.1181289759228967E-02   0.1123952746625408E-02   0.1124059369530628E-02   0.1155721407328769E-02   0.1210083811850463E-02   0.1287040789787036E-02   0.1390996204100255E-02   0.1529116647320352E-02   0.1710841111983141E-02   0.1607936543303316E-02   0.1284764161649345E-02   0.1648616535316506E-02   0.2150066009941930E-02   0.2783290974005545E-02   0.3576351673210885E-02   0.4561385102769606E-02
  0.9999999747378752E-03   0.9999999747378752E-03   0.9999999747378752E-03   0.9999999747378752E-03   0.9999999747378752E-03   0.9999999747378752E-03   0.9999999747378752E-03   0.9999999747378752E-03   0.9999999747378752E-03   0.9999999747378752E-03   0.9999999747378752E-03   0.9999999747378752E-03   0.9999999747378752E-03   0.9999999747378752E-03   0.9999999747378752E-03   0.9999999747378752E-03   0.9999999747378752E-03   0.9999999747378752E-03   0.9999999747378752E-03   0.9999999747378752E-03   0.9999999747378752E-03   0.9999999747378752E-03   0.9999999774920206E-03   0.7470770607275906E-02   0.1185177775229396E+02   0.1322190147809716E+02   0.1040210385012288E+02   0.8757689668582996E+01   0.7883746419839489E+01   0.2337947334931274E+01   0.1026438472537043E-02   0.9999999747387998E-03   0.9999999747378888E-03   0.9999999747379031E-03   0.9999999747379333E-03   0.9999999747379959E-03   0.9999999747381224E-03   0.9999999747396747E-03   0.1000000074254846E-02   0.1000405224195377E-02   0.1058386195271574E-02   0.1879650900688130E-02   0.2388459505048305E-02   0.1374821040382577E-01   0.3652488993829837E-01   0.4038621234784262E-01   0.3875644895175663E-01   0.3798094623021207E-01   0.3790670036824810E-01   0.3799690819589521E-01   0.3586894929460807E-01   0.2820201849917815E-01   0.1836530942885095E-01   0.1435675713311541E-01   0.1474377537946498E-01   0.1406769713269031E-01   0.1125426950081322E-01   0.7327667232583454E-02   0.3817760656946403E-02   0.1816023990525504E-02   0.1167091669682393E-02   0.1045546049354314E-02   0.1023065476295823E-02   0.1057478227975248E-02   0.1157074340205246E-02   0.1392039245404718E-02   0.1509604460982689E-02   0.1925472031364085E-02   0.3444057922276575E-02   0.5878515501877369E-02   0.9129669268767312E-02   0.1290506112854330E-01   0.1660813492066207E-01   0.1946636202969964E-01   0.2078772095855711E-01   0.2023244057426844E-01   0.1795458214139492E-01   0.1453316801911500E-01   0.1073465099996119E-01   0.7248990297535697E-02   0.4530250508193502E-02   0.2764843136675888E-02   0.1783110171948561E-02   0.1408984021433660E-02   0.1295735315789417E-02   0.1154144812248421E-02   0.1110886249804539E-02   0.1116564397785174E-02   0.1149470214886612E-02   0.1202912833402686E-02   0.1277685746262651E-02   0.1378429030175728E-02   0.1512231336464485E-02   0.1688301787565746E-02   0.1668087107389210E-02   0.1275555774291809E-02   0.1597537444038569E-02   0.2084070156181138E-02   0.2698726356453171E-02   0.3468891474199908E-02   0.4425965797796096E-02
  0.9999999747378752E-03   0.9999999747378752E-03   0.9999999747378752E-03   0.9999999747378752E-03   0.9999999747378752E-03   0.9999999747378752E-03   0.9999999747378752E-03   0.9999999747378752E-03   0.9999999747378752E-03   0.9999999747378752E-03   0.9999999747378752E-03   0.9999999747378752E-03   0.9999999747378752E-03   0.9999999747378752E-03   0.9999999747378752E-03   0.9999999747378752E-03   0.9999999747378752E-03   0.9999999747378752E-03   0.9999999747378752E-03   0.9999999747378752E-03   0.9999999747378752E-03   0.9999999747378752E-03   0.9999999747378752E-03   0.1000385973964367E-02   0.1079806451229666E+01   0.1428133686309435E+02   0.1118671740914808E+02   0.9176755964290580E+01   0.8069200801838495E+01   0.6783572058351719E+01   0.4600426993172563E-01   0.1000001521536935E-02   0.9999999747378888E-03   0.9999999747379031E-03   0.9999999747379333E-03   0.9999999747379955E-03   0.9999999747381211E-03   0.9999999747384483E-03   0.9999999830161350E-03   0.1000055223285835E-02   0.1022059389073412E-02   0.1404767985062136E-02   0.1699425019092746E-02   0.2831102333022430E-02   0.1750112643717223E-01   0.3746578786598825E-01   0.4020579344854274E-01   0.3888595416728670E-01   0.3842053110218323E-01   0.3849109535743125E-01   0.3835851971895367E-01   0.3523487095165004E-01   0.2763717195016989E-01   0.2006450473407036E-01   0.1727340295073235E-01   0.1651167714143925E-01   0.1408885401126870E-01   0.9960513003583044E-02   0.5623770882211873E-02   0.2637849562460616E-02   0.1357244785443893E-02   0.1104228175223006E-02   0.1035642063425593E-02   0.1066670367173442E-02   0.1179195309601991E-02   0.1445017202108083E-02   0.1523896297223803E-02   0.2116707401424894E-02   0.3827463100290670E-02   0.6471473553343197E-02   0.9943976637052042E-02   0.1389005944785125E-01   0.1764280742000379E-01   0.2038412997241639E-01   0.2143020338023756E-01   0.2050807193680941E-01   0.1787096150229828E-01   0.1418607481527290E-01   0.1026238628724830E-01   0.6779027451396316E-02   0.4164171776809829E-02   0.2521470720491906E-02   0.1672713102696247E-02   0.1374197697452890E-02   0.1247978961094447E-02   0.1131659960600085E-02   0.1100071165475694E-02   0.1110057287359339E-02   0.1143638273161605E-02   0.1195946791852530E-02   0.1268480082843786E-02   0.1366022391668820E-02   0.1495548286706709E-02   0.1666025833258387E-02   0.1738579935472076E-02   0.1266787981146989E-02   0.1547019303652077E-02   0.2018780325189021E-02   0.2615039914397876E-02   0.3362510372363123E-02   0.4291855898393528E-02
  0.9999999747378752E-03   0.9999999747378752E-03   0.9999999747378752E-03   0.9999999747378752E-03   0.9999999747378752E-03   0.9999999747378752E-03   0.9999999747378752E-03   0.9999999747378752E-03   0.9999999747378752E-03   0.9999999747378752E-03   0.9999999747378752E-03   0.9999999747378752E-03   0.9999999747378752E-03   0.9999999747378752E-03   0.9999999747378752E-03   0.9999999747378752E-03   0.9999999747378752E-03   0.9999999747378752E-03   0.9999999747378752E-03   0.9999999747378752E-03   0.9999999747378752E-03   0.9999999747378752E-03   0.9999999747378752E-03   0.9999999754175390E-03   0.3705649161715711E-02   0.9398001543925002E+01   0.1220756583492017E+02   0.9727309590991341E+01   0.8308211080664375E+01   0.7338195119655798E+01   0.2330307510358492E+01   0.1046665646786097E-02   0.9999999747464347E-03   0.9999999747379031E-03   0.9999999747379333E-03   0.9999999747379949E-03   0.9999999747381195E-03   0.9999999747383756E-03   0.9999999754744479E-03   0.1000007598140020E-02   0.1005252246062128E-02   0.1163325296994054E-02   0.1627420013695518E-02   0.1314771710218327E-02   0.4278984920938341E-02   0.2101482604197260E-01   0.3819233570440295E-01   0.4009287699843384E-01   0.3913758644122175E-01   0.3885640315732453E-01   0.3908641011762209E-01   0.3847705133072279E-01   0.3499194248598712E-01   0.2843922639727431E-01   0.2264498521322397E-01   0.1982255165886217E-01   0.1732685099325282E-01   0.1308567293488331E-01   0.8037779033088478E-02   0.3948724682366486E-02   0.1814823565239718E-02   0.1172435884964453E-02   0.1064789150942875E-02   0.1078679945143987E-02   0.1203116942141005E-02   0.1501503933761251E-02   0.1544728021553677E-02   0.2318243437919569E-02   0.4223837305859177E-02   0.7075479323556019E-02   0.1075854092307898E-01   0.1485304086029501E-01   0.1862374774867359E-01   0.2121495401127456E-01   0.2196246898129334E-01   0.2066955031665009E-01   0.1769065755813144E-01   0.1377461671202703E-01   0.9761414921738130E-02   0.6318878988781158E-02   0.3804164240432636E-02   0.2308909772958736E-02   0.1580526994267755E-02   0.1352223341719518E-02   0.1207883114172230E-02   0.1113173001314645E-02   0.1091113312454846E-02   0.1104342132189488E-02   0.1138144182331916E-02   0.1189160469661911E-02   0.1259423819751368E-02   0.1353788380079898E-02   0.1479087524311788E-02   0.1644041038300854E-02   0.1789452109919379E-02   0.1288509579951579E-02   0.1497125746925012E-02   0.1954278802093911E-02   0.2532337173236112E-02   0.3257342571093634E-02   0.4159224645643144E-02
  0.9999999747378752E-03   0.9999999747378752E-03   0.9999999747378752E-03   0.9999999747378752E-03   0.9999999747378752E-03   0.9999999747378752E-03   0.9999999747378752E-03   0.9999999747378752E-03   0.9999999747378752E-03   0.9999999747378752E-03   0.9999999747378752E-03   0.9999999747378752E-03   0.9999999747378752E-03   0.9999999747378752E-03   0.9999999747378752E-03   0.9999999747378752E-03   0.9999999747378752E-03   0.9999999747378752E-03   0.9999999747378752E-03   0.9999999747378752E-03   0.9999999747378752E-03   0.9999999747378752E-03   0.9999999747378752E-03   0.9999999747378754E-03   0.1000394449633920E-02   0.6938801195715358E+00   0.1307454935903028E+02   0.1041329692173419E+02   0.8653096488255345E+01   0.7559583466974806E+01   0.6305741369686896E+01   0.5781197623153668E-01   0.1000006097729076E-02   0.9999999747379029E-03   0.9999999747379328E-03   0.9999999747379942E-03   0.9999999747381180E-03   0.9999999747383676E-03   0.9999999748077648E-03   0.1000001031220475E-02   0.1001191291375729E-02   0.1069678708019315E-02   0.1494253409925443E-02   0.1292173701620293E-02   0.1416688445442690E-02   0.6251422719517108E-02   0.2432991346643861E-01   0.3871506907478305E-01   0.4010848473071341E-01   0.3938931483596310E-01   0.3934942147954509E-01   0.3958693291504033E-01   0.3884185594661915E-01   0.3581910881078890E-01   0.3049381652901064E-01   0.2543824843353440E-01   0.2148033832590273E-01   0.1684515076889611E-01   0.1110721709913035E-01   0.5855476541796795E-02   0.2609349590577260E-02   0.1348622222851308E-02   0.1128737888057457E-02   0.1096910367607033E-02   0.1228970388041936E-02   0.1560783496661063E-02   0.1570384550878298E-02   0.2546559101156863E-02   0.4626754470150604E-02   0.7680168990519326E-02   0.1155873046253517E-01   0.1577618627424698E-01   0.1953272449935515E-01   0.2194405102314001E-01   0.2237665000251475E-01   0.2071737162860081E-01   0.1742121237266747E-01   0.1330996831039967E-01   0.9242700978825022E-02   0.5866631875088597E-02   0.3484622980943943E-02   0.2118533969620844E-02   0.1506183885879916E-02   0.1342086948275790E-02   0.1174532562398543E-02   0.1098059764561521E-02   0.1083665967200196E-02   0.1099256478061535E-02   0.1132924548083562E-02   0.1182536515469537E-02   0.1250519639538733E-02   0.1341739439173908E-02   0.1462868421401230E-02   0.1622373988895895E-02   0.1830739054816768E-02   0.1330767216164286E-02   0.1447917665104664E-02   0.1890644428141842E-02   0.2450719386040992E-02   0.3153517040896913E-02   0.4028234955521067E-02
  0.9999999747378752E-03   0.9999999747378752E-03   0.9999999747378752E-03   0.9999999747378752E-03   0.9999999747378752E-03   0.9999999747378752E-03   0.9999999747378752E-03   0.9999999747378752E-03   0.9999999747378752E-03   0.9999999747378752E-03   0.9999999747378752E-03   0.9999999747378752E-03   0.9999999747378752E-03   0.9999999747378752E-03   0.9999999747378752E-03   0.9999999747378752E-03   0.9999999747378752E-03   0.9999999747378752E-03   0.9999999747378752E-03   0.9999999747378752E-03   0.9999999747378752E-03   0.9999999747378752E-03   0.9999999747378752E-03   0.9999999747378752E-03   0.9999999864220837E-03   0.4757199642675590E-02   0.7342451726385097E+01   0.1129314116928995E+02   0.9119086025724958E+01   0.7808066800131138E+01   0.6857114567552891E+01   0.2162168393397770E+01   0.1067216990676216E-02   0.9999999748161396E-03   0.9999999747379326E-03   0.9999999747379936E-03   0.9999999747381165E-03   0.9999999747383633E-03   0.9999999747456404E-03   0.1000000121996061E-02   0.1000258864416823E-02   0.1037125790439772E-02   0.1331776284035784E-02   0.1375844361063164E-02   0.1205708082823354E-02   0.1748664766092691E-02   0.8844889515451947E-02   0.2728079403796293E-01   0.3916507553427002E-01   0.4015739090484072E-01   0.3974295102658218E-01   0.3992539159616725E-01   0.4025123803276721E-01   0.4013189996937364E-01   0.3794579709847255E-01   0.3332588613617774E-01   0.2768581749843015E-01   0.2169855803035704E-01   0.1493943771017327E-01   0.8471460361049111E-02   0.3892164519442233E-02   0.1731980638843674E-02   0.1197786507647817E-02   0.1128398584632578E-02   0.1257426321752901E-02   0.1611947699498773E-02   0.1618635835017869E-02   0.2777246827543259E-02   0.5028498225794993E-02   0.8273629173924836E-02   0.1232849693505705E-01   0.1664096432774586E-01   0.2035200650758539E-01   0.2255847811884435E-01   0.2266762929445327E-01   0.2065484321130343E-01   0.1707217938894892E-01   0.1280406397565038E-01   0.8716831383779270E-02   0.5419364797882338E-02   0.3178863672452823E-02   0.1960921463005316E-02   0.1458892332549107E-02   0.1312675491778369E-02   0.1147021737065194E-02   0.1085751188329564E-02   0.1077432114331550E-02   0.1094668764870220E-02   0.1127931256777973E-02   0.1176063751877816E-02   0.1241772062539574E-02   0.1329888007528365E-02   0.1446909528304591E-02   0.1601049953130651E-02   0.1802474418451242E-02   0.1393605231172005E-02   0.1399453012085380E-02   0.1827952345619090E-02   0.2370283203397769E-02   0.3051157095318979E-02   0.3899042878611478E-02
  0.9999999747378752E-03   0.9999999747378752E-03   0.9999999747378752E-03   0.9999999747378752E-03   0.9999999747378752E-03   0.9999999747378752E-03   0.9999999747378752E-03   0.9999999747378752E-03   0.9999999747378752E-03   0.9999999747378752E-03   0.9999999747378752E-03   0.9999999747378752E-03   0.9999999747378752E-03   0.9999999747378752E-03   0.9999999747378752E-03   0.9999999747378752E-03   0.9999999747378752E-03   0.9999999747378752E-03   0.9999999747378752E-03   0.9999999747378752E-03   0.9999999747378752E-03   0.9999999747378752E-03   0.9999999747378752E-03   0.9999999747378752E-03   0.9999999747379617E-03   0.1005769337821383E-02   0.5456881625834350E+00   0.1195958809195682E+02   0.9701871798044099E+01   0.8133865057450672E+01   0.7081890082818450E+01   0.5832482231389225E+01   0.6425364114269251E-01   0.1000021142494825E-02   0.9999999747379324E-03   0.9999999747379929E-03   0.9999999747381148E-03   0.9999999747383592E-03   0.9999999747395503E-03   0.9999999954978564E-03   0.1000054364597465E-02   0.1012729247798222E-02   0.1189415403021455E-02   0.1412408952851171E-02   0.1221538938395599E-02   0.1178728378632503E-02   0.2464590340397364E-02   0.1186065417637125E-01   0.2990190032881020E-01   0.3949981752728731E-01   0.4030760346170811E-01   0.4011330580510977E-01   0.4057239693873761E-01   0.4177989947849308E-01   0.4272407561482112E-01   0.4124055920736426E-01   0.3609752863061439E-01   0.2854707787986588E-01   0.2008671556678523E-01   0.1194895404533989E-01   0.5780117688714922E-02   0.2432445143854087E-02   0.1317438706331972E-02   0.1185936861355417E-02   0.1290327447574345E-02   0.1584000928580239E-02   0.1676760231741076E-02   0.3015066761622320E-02   0.5420202828638101E-02   0.8842680898139174E-02   0.1305083585880268E-01   0.1742873600007156E-01   0.2106498881708207E-01   0.2304759664191930E-01   0.2283318494860758E-01   0.2048787147774009E-01   0.1665466707070725E-01   0.1226909911304472E-01   0.8193653425501083E-02   0.4992995527171811E-02   0.2889143811817738E-02   0.1825960321543120E-02   0.1417546883110717E-02   0.1272810817445217E-02   0.1124489770502262E-02   0.1075743133487265E-02   0.1072163300576127E-02   0.1090474762901302E-02   0.1123128726058470E-02   0.1169735677280238E-02   0.1233186775022001E-02   0.1318246241373936E-02   0.1431228442045471E-02   0.1580092783571328E-02   0.1774689960595769E-02   0.1457065525672088E-02   0.1351786624435976E-02   0.1766273762384180E-02   0.2291120367324690E-02   0.2950379996061066E-02   0.3771797094645567E-02
  0.9999999747378752E-03   0.9999999747378752E-03   0.9999999747378752E-03   0.9999999747378752E-03   0.9999999747378752E-03   0.9999999747378752E-03   0.9999999747378752E-03   0.9999999747378752E-03   0.9999999747378752E-03   0.9999999747378752E-03   0.9999999747378752E-03   0.9999999747378752E-03   0.9999999747378752E-03   0.9999999747378752E-03   0.9999999747378752E-03   0.9999999747378752E-03   0.9999999747378752E-03   0.9999999747378752E-03   0.9999999747378752E-03   0.9999999747378752E-03   0.9999999747378752E-03   0.9999999747378752E-03   0.9999999747378752E-03   0.9999999747378752E-03   0.9999999747378752E-03   0.1000001857162962E-02   0.1707637666348094E-01   0.5842515392855323E+01   0.1045023620297228E+02   0.8534948061259831E+01   0.7322092151805776E+01   0.6440059643132748E+01   0.1877436262971742E+01   0.1072089254058539E-02   0.9999999753452944E-03   0.9999999747379920E-03   0.9999999747381128E-03   0.9999999747383548E-03   0.9999999747389136E-03   0.9999999777209425E-03   0.1000011137500406E-02   0.1004072421535068E-02   0.1106086639006300E-02   0.1396503089126189E-02   0.1256349238981085E-02   0.1160586550111795E-02   0.1198448998008306E-02   0.3650166832263435E-02   0.1519926061951219E-01   0.3207515038224993E-01   0.3982378100068659E-01   0.4047123551033315E-01   0.4062546930159375E-01   0.4200362661168916E-01   0.4466172407970805E-01   0.4684776299695715E-01   0.4497873567870168E-01   0.3769035153406945E-01   0.2728898349164877E-01   0.1674104784648377E-01   0.8500028213084579E-02   0.3587775446791934E-02   0.1611829902646075E-02   0.1240629354828465E-02   0.1331651133223894E-02   0.1576079029535495E-02   0.1761623182659291E-02   0.3234072737857295E-02   0.5792097647153976E-02   0.9373289508430154E-02   0.1370836582480296E-01   0.1812142847510244E-01   0.2165680387102977E-01   0.2340343494981826E-01   0.2287398654985750E-01   0.2022461754400713E-01   0.1618081886731240E-01   0.1171704815057565E-01   0.7681980916346487E-02   0.4602204505063365E-02   0.2656735537483986E-02   0.1712972899064038E-02   0.1390833776640349E-02   0.1231311495389410E-02   0.1106144932342565E-02   0.1067600115757792E-02   0.1067656123250756E-02   0.1086593562295076E-02   0.1118491336404100E-02   0.1163549201773572E-02   0.1224770101210225E-02   0.1306825805211145E-02   0.1415841704270003E-02   0.1559524835384089E-02   0.1747415462673005E-02   0.1541187435162857E-02   0.1314970058947746E-02   0.1705675738582545E-02   0.2213317432630064E-02   0.2851296591592333E-02   0.3646638447364988E-02
  0.9999999747378752E-03   0.9999999747378752E-03   0.9999999747378752E-03   0.9999999747378752E-03   0.9999999747378752E-03   0.9999999747378752E-03   0.9999999747378752E-03   0.9999999747378752E-03   0.9999999747378752E-03   0.9999999747378752E-03   0.9999999747378752E-03   0.9999999747378752E-03   0.9999999747378752E-03   0.9999999747378752E-03   0.9999999747378752E-03   0.9999999747378752E-03   0.9999999747378752E-03   0.9999999747378752E-03   0.9999999747378752E-03   0.9999999747378752E-03   0.9999999747378752E-03   0.9999999747378752E-03   0.9999999747378752E-03   0.9999999747378752E-03   0.9999999747378752E-03   0.9999999748945790E-03   0.1131744073483763E-02   0.4288825980388066E+00   0.1091646845117537E+02   0.9036281739291569E+01   0.7618916993638192E+01   0.6653469941140481E+01   0.5310963311202185E+01   0.6302544392237641E-01   0.1000059273998759E-02   0.9999999747379944E-03   0.9999999747381107E-03   0.9999999747383500E-03   0.9999999747388347E-03   0.9999999751794380E-03   0.1000002237369999E-02   0.1001232614896574E-02   0.1061577903732227E-02   0.1324481426351375E-02   0.1315659089311109E-02   0.1169745882421415E-02   0.1105337261186355E-02   0.1392443536209833E-02   0.5451067817069038E-02   0.1856960379881057E-01   0.3393156574427537E-01   0.4006794876891850E-01   0.4076395524453419E-01   0.4175375312189501E-01   0.4477412911904043E-01   0.4945390370892364E-01   0.5202967186590556E-01   0.4785456642505792E-01   0.3695650183649177E-01   0.2368554093594630E-01   0.1246187981478486E-01   0.5388089704948069E-02   0.2173683743797660E-02   0.1335654340379695E-02   0.1388947914546628E-02   0.1557837963167192E-02   0.1859828875709079E-02   0.3447817187936904E-02   0.6133857596577266E-02   0.9851094076682415E-02   0.1428400685911923E-01   0.1870224664399678E-01   0.2211488373763278E-01   0.2362092791440084E-01   0.2279344450420789E-01   0.1987504553800289E-01   0.1566326474034384E-01   0.1115922806326292E-01   0.7189380942935948E-02   0.4230430446273561E-02   0.2452037989991571E-02   0.1620847918018165E-02   0.1377326678992539E-02   0.1197041162973551E-02   0.1091279386118917E-02   0.1060954331795548E-02   0.1063747289530524E-02   0.1082963539202414E-02   0.1114001164488838E-02   0.1157503622418840E-02   0.1216528601324117E-02   0.1295637717262273E-02   0.1400764722910428E-02   0.1539366898431182E-02   0.1720678644166215E-02   0.1586007625501199E-02   0.1289051450418196E-02   0.1646220997829035E-02   0.2136955518695226E-02   0.2754010993131896E-02   0.3523699524681392E-02
  0.9999999747378752E-03   0.9999999747378752E-03   0.9999999747378752E-03   0.9999999747378752E-03   0.9999999747378752E-03   0.9999999747378752E-03   0.9999999747378752E-03   0.9999999747378752E-03   0.9999999747378752E-03   0.9999999747378752E-03   0.9999999747378752E-03   0.9999999747378752E-03   0.9999999747378752E-03   0.9999999747378752E-03   0.9999999747378752E-03   0.9999999747378752E-03   0.9999999747378752E-03   0.9999999747378752E-03   0.9999999747378752E-03   0.9999999747378752E-03   0.9999999747378752E-03   0.9999999747378752E-03   0.9999999747378752E-03   0.9999999747378752E-03   0.9999999747378752E-03   0.9999999747378795E-03   0.1000427905902325E-02   0.6179836898974336E-01   0.4917711908890644E+01   0.9677063766454717E+01   0.7983077730242160E+01   0.6881352494455036E+01   0.6066461339212170E+01   0.1527661213559798E+01   0.1130145101112340E-02   0.9999999783056105E-03   0.9999999747381085E-03   0.9999999747383448E-03   0.9999999747388160E-03   0.9999999748068662E-03   0.1000000432607903E-02   0.1000357802908357E-02   0.1032206950026070E-02   0.1229607774547641E-02   0.1360714502475153E-02   0.1207880341794007E-02   0.1106242009923984E-02   0.1098315156586194E-02   0.1921681304643353E-02   0.7750053602957676E-02   0.2190125162395722E-01   0.3540679649614982E-01   0.4033762805350167E-01   0.4148331831817659E-01   0.4410585446097477E-01   0.4973600173926007E-01   0.5606619516632627E-01   0.5689791549293046E-01   0.4826311967268518E-01   0.3323471943414006E-01   0.1835944883999405E-01   0.8215385446361155E-02   0.3162987428975115E-02   0.1536350454189064E-02   0.1446102494264889E-02   0.1540164929267770E-02   0.1957973374935031E-02   0.3639637119729516E-02   0.6435051733693615E-02   0.1026203748332740E-01   0.1476172715556125E-01   0.1915638495458152E-01   0.2242944186955677E-01   0.2369802124221040E-01   0.2259742649815050E-01   0.1945039692634670E-01   0.1511458047382726E-01   0.1060593076178477E-01   0.6722045641393065E-02   0.3899928493695815E-02   0.2254715735566204E-02   0.1548170329018092E-02   0.1365568281991798E-02   0.1168943305041152E-02   0.1079275766710638E-02   0.1055501369774284E-02   0.1060308022843592E-02   0.1079538587041365E-02   0.1109646071315234E-02   0.1151599820624736E-02   0.1208468774200956E-02   0.1284692237952835E-02   0.1386011713050582E-02   0.1519638142294053E-02   0.1694505094227062E-02   0.1661559996641505E-02   0.1274075389612186E-02   0.1587967764815358E-02   0.2062110094262084E-02   0.2658620291367814E-02   0.3403104288495338E-02
  0.9999999747378752E-03   0.9999999747378752E-03   0.9999999747378752E-03   0.9999999747378752E-03   0.9999999747378752E-03   0.9999999747378752E-03   0.9999999747378752E-03   0.9999999747378752E-03   0.9999999747378752E-03   0.9999999747378752E-03   0.9999999747378752E-03   0.9999999747378752E-03   0.9999999747378752E-03   0.9999999747378752E-03   0.9999999747378752E-03   0.9999999747378752E-03   0.9999999747378752E-03   0.9999999747378752E-03   0.9999999747378752E-03   0.9999999747378752E-03   0.9999999747378752E-03   0.9999999747378752E-03   0.9999999747378752E-03   0.9999999747378752E-03   0.9999999747378752E-03   0.9999999747378752E-03   0.1000000293364406E-02   0.4280025484522477E-02   0.2746306634516610E+00   0.9968364515180367E+01   0.8422580973787722E+01   0.7149050910899684E+01   0.6273414325850402E+01   0.4704045050589711E+01   0.5472451560864924E-01   0.1000129437193133E-02   0.9999999747381571E-03   0.9999999747383399E-03   0.9999999747388035E-03   0.9999999747504053E-03   0.1000000068206398E-02   0.1000100918415581E-02   0.1013519649250793E-02   0.1167248515197331E-02   0.1378544686492496E-02   0.1252795708235924E-02   0.1134696415553142E-02   0.1052701424115769E-02   0.1136584475694950E-02   0.2815405638112434E-02   0.1053058667720376E-01   0.2495915556371054E-01   0.3661580244853792E-01   0.4084386255339321E-01   0.4327396245656692E-01   0.4874741255747012E-01   0.5728777733137042E-01   0.6325274613618145E-01   0.5937280436141164E-01   0.4496780027821319E-01   0.2691208670096478E-01   0.1269480706359388E-01   0.4904251594302653E-02   0.1973181045011082E-02   0.1511675194152983E-02   0.1526951660468283E-02   0.2053101135509251E-02   0.3803023262932701E-02   0.6685671060970500E-02   0.1059306535386419E-01   0.1512731713931682E-01   0.1947169899398496E-01   0.2259384830375048E-01   0.2363564023448103E-01   0.2229386666095340E-01   0.1896262978991864E-01   0.1454678875057325E-01   0.1006614048523706E-01   0.6284746274557848E-02   0.3601877783164661E-02   0.2103849843419308E-02   0.1503341010561535E-02   0.1354135597284601E-02   0.1146063525458619E-02   0.1069607353068704E-02   0.1050993869310354E-02   0.1057238405298415E-02   0.1076284782194002E-02   0.1105418149084097E-02   0.1145839652288115E-02   0.1200596843155188E-02   0.1273998791500467E-02   0.1371595653580475E-02   0.1500356073548300E-02   0.1668918217064162E-02   0.1697875615837190E-02   0.1280082823340441E-02   0.1530969630941159E-02   0.1988850797355062E-02   0.2565214316727289E-02   0.3284967757865191E-02
  0.9999999747378752E-03   0.9999999747378752E-03   0.9999999747378752E-03   0.9999999747378752E-03   0.9999999747378752E-03   0.9999999747378752E-03   0.9999999747378752E-03   0.9999999747378752E-03   0.9999999747378752E-03   0.9999999747378752E-03   0.9999999747378752E-03   0.9999999747378752E-03   0.9999999747378752E-03   0.9999999747378752E-03   0.9999999747378752E-03   0.9999999747378752E-03   0.9999999747378752E-03   0.9999999747378752E-03   0.9999999747378752E-03   0.9999999747378752E-03   0.9999999747378752E-03   0.9999999747378752E-03   0.9999999747378752E-03   0.9999999747378752E-03   0.9999999747378752E-03   0.9999999747378752E-03   0.9999999748262960E-03   0.1058620720791320E-02   0.1023653496679857E+00   0.4410664734029324E+01   0.8974186500118059E+01   0.7468598819663812E+01   0.6484352715106859E+01   0.5709982772603633E+01   0.1161462817641956E+01   0.1155614395271186E-02   0.9999999896809903E-03   0.9999999747383346E-03   0.9999999747387915E-03   0.9999999747414780E-03   0.9999999941747398E-03   0.1000027992873186E-02   0.1005374822826797E-02   0.1108387599119430E-02   0.1361948623881250E-02   0.1298299309508517E-02   0.1162918493127354E-02   0.1060793825256300E-02   0.1038395419440492E-02   0.1334578022412316E-02   0.4218621720511006E-02   0.1358224116275295E-01   0.2771268898414388E-01   0.3774563044174579E-01   0.4215905518700113E-01   0.4728752125790133E-01   0.5658698655283438E-01   0.6655630155470205E-01   0.6853905424890525E-01   0.5746747203679221E-01   0.3796607397780995E-01   0.1946852587882399E-01   0.7907534146452204E-02   0.2892491876963301E-02   0.1645399194141115E-02   0.1511310031325716E-02   0.2133918893827206E-02   0.3932119477467526E-02   0.6876709182159973E-02   0.1083285013358496E-01   0.1536914168570814E-01   0.1963929567581076E-01   0.2260487968988111E-01   0.2343753407082252E-01   0.2189230204825639E-01   0.1842386394712166E-01   0.1397093093292398E-01   0.9547344431300451E-02   0.5880860869890816E-02   0.3336523328592309E-02   0.1978089516249118E-02   0.1474680742374875E-02   0.1311688556690684E-02   0.1127561103432146E-02   0.1061833641494090E-02   0.1047234184720212E-02   0.1054462060039380E-02   0.1073177558776236E-02   0.1101312499491059E-02   0.1140225496942454E-02   0.1192918605962381E-02   0.1263565912756255E-02   0.1357528257168798E-02   0.1481536504857853E-02   0.1643939191396212E-02   0.1764982654896992E-02   0.1307110978300322E-02   0.1475275449186884E-02   0.1917241291989144E-02   0.2473875445420408E-02   0.3169395748492437E-02
  0.9999999747378752E-03   0.9999999747378752E-03   0.9999999747378752E-03   0.9999999747378752E-03   0.9999999747378752E-03   0.9999999747378752E-03   0.9999999747378752E-03   0.9999999747378752E-03   0.9999999747378752E-03   0.9999999747378752E-03   0.9999999747378752E-03   0.9999999747378752E-03   0.9999999747378752E-03   0.9999999747378752E-03   0.9999999747378752E-03   0.9999999747378752E-03   0.9999999747378752E-03   0.9999999747378752E-03   0.9999999747378752E-03   0.9999999747378752E-03   0.9999999747378752E-03   0.9999999747378752E-03   0.9999999747378752E-03   0.9999999747378752E-03   0.9999999747378752E-03   0.9999999747378752E-03   0.9999999747378864E-03   0.1000326100485967E-02   0.3007318090756361E-01   0.2169571713028938E+00   0.9136439717621402E+01   0.7856565348493319E+01   0.6726524416214965E+01   0.5933924733286135E+01   0.3997026590236809E+01   0.4219778831633039E-01   0.1000217669027796E-02   0.9999999747387963E-03   0.9999999747387792E-03   0.9999999747399796E-03   0.9999999788935267E-03   0.1000007714949185E-02   0.1002052527846156E-02   0.1077933064553406E-02   0.1307354698734824E-02   0.1343758418915991E-02   0.1202867629071166E-02   0.1082291982735350E-02   0.1015794427397603E-02   0.1059552645808134E-02   0.1826979630931973E-02   0.6061991444265743E-02   0.1678146447902990E-01   0.3022148655378460E-01   0.3927277590347820E-01   0.4550365380490675E-01   0.5486465767453975E-01   0.6733467761156058E-01   0.7489296530134353E-01   0.6904788563723527E-01   0.5054581689512260E-01   0.2882131568570140E-01   0.1279985023423663E-01   0.4736295172903455E-02   0.2084671622583346E-02   0.1525706045604870E-02   0.2185291415327238E-02   0.4022725883979922E-02   0.7000795422980754E-02   0.1097248980578681E-01   0.1547881673870159E-01   0.1965400342296877E-01   0.2246283417827132E-01   0.2311001662736441E-01   0.2140337650904450E-01   0.1784587100933357E-01   0.1339673136490369E-01   0.9055437191680841E-02   0.5512462359554849E-02   0.3093336971049321E-02   0.1855794381322757E-02   0.1460515287702261E-02   0.1277002927710183E-02   0.1112712006409108E-02   0.1055592975260997E-02   0.1044066858772849E-02   0.1051921415048848E-02   0.1070199399054682E-02   0.1097326299538959E-02   0.1134759932930401E-02   0.1185439333042516E-02   0.1253401213356845E-02   0.1343819951804263E-02   0.1463193535586393E-02   0.1619586944142233E-02   0.1782906360177938E-02   0.1355193307743498E-02   0.1420929259052747E-02   0.1847339162819591E-02   0.2384678452862094E-02   0.3056484670730263E-02
  0.9999999747378752E-03   0.9999999747378752E-03   0.9999999747378752E-03   0.9999999747378752E-03   0.9999999747378752E-03   0.9999999747378752E-03   0.9999999747378752E-03   0.9999999747378752E-03   0.9999999747378752E-03   0.9999999747378752E-03   0.9999999747378752E-03   0.9999999747378752E-03   0.9999999747378752E-03   0.9999999747378752E-03   0.9999999747378752E-03   0.9999999747378752E-03   0.9999999747378752E-03   0.9999999747378752E-03   0.9999999747378752E-03   0.9999999747378752E-03   0.9999999747378752E-03   0.9999999747378752E-03   0.9999999747378752E-03   0.9999999747378752E-03   0.9999999747378752E-03   0.9999999747378752E-03   0.9999999747378754E-03   0.1000000730634830E-02   0.3316456476347745E-02   0.5058958448193916E-01   0.4190996677620112E+01   0.8336609133791171E+01   0.7008772761989083E+01   0.6127311942549019E+01   0.5331725561641297E+01   0.8197958878276409E+00   0.1136663993363173E-02   0.1000000018581862E-02   0.9999999747387659E-03   0.9999999747396955E-03   0.9999999756602068E-03   0.1000002125434007E-02   0.1000762827913206E-02   0.1041212254161586E-02   0.1256664350313001E-02   0.1397478942625224E-02   0.1251206098154375E-02   0.1099293194284970E-02   0.1020597414154975E-02   0.1019668166304853E-02   0.1173307362073915E-02   0.2609127118680629E-02   0.8383810117675502E-02   0.2004955965300348E-01   0.3278206845814164E-01   0.4239432911148555E-01   0.5254150046068410E-01   0.6640663432702761E-01   0.7846983761965672E-01   0.7852289048483485E-01   0.6320911540277278E-01   0.4010268768446067E-01   0.1990005611058530E-01   0.8006586599512512E-02   0.3150453313152077E-02   0.1695612119034382E-02   0.2232965907818827E-02   0.4075594958657533E-02   0.7053110462648456E-02   0.1100615076426036E-01   0.1545175817510675E-01   0.1951468935443833E-01   0.2217150997632156E-01   0.2266163192026754E-01   0.2083835312386228E-01   0.1723964312258720E-01   0.1283236771901729E-01   0.8594712968369155E-02   0.5180451831946067E-02   0.2891183471756761E-02   0.1775160294873575E-02   0.1459240599982456E-02   0.1248989530648660E-02   0.1100905603996324E-02   0.1050593625101140E-02   0.1041371470151434E-02   0.1049573660772071E-02   0.1067338002680788E-02   0.1093458105208371E-02   0.1129445509309703E-02   0.1178163701270061E-02   0.1243511362843764E-02   0.1330479872668826E-02   0.1445339543668658E-02   0.1595878138382769E-02   0.1791669026925341E-02   0.1444359461745992E-02   0.1367970241989960E-02   0.1779195848385353E-02   0.2297690415447575E-02   0.2946321387543859E-02
  0.9999999747378752E-03   0.9999999747378752E-03   0.9999999747378752E-03   0.9999999747378752E-03   0.9999999747378752E-03   0.9999999747378752E-03   0.9999999747378752E-03   0.9999999747378752E-03   0.9999999747378752E-03   0.9999999747378752E-03   0.9999999747378752E-03   0.9999999747378752E-03   0.9999999747378752E-03   0.9999999747378752E-03   0.9999999747378752E-03   0.9999999747378752E-03   0.9999999747378752E-03   0.9999999747378752E-03   0.9999999747378752E-03   0.9999999747378752E-03   0.9999999747378752E-03   0.9999999747378752E-03   0.9999999747378752E-03   0.9999999747378752E-03   0.9999999747378752E-03   0.9999999747378752E-03   0.9999999747378754E-03   0.9999999756040100E-03   0.1091813346022234E-02   0.6187676919360860E-01   0.2663718428503115E+00   0.8425233556740686E+01   0.7344764508209987E+01   0.6344696270348394E+01   0.5625356060397965E+01   0.3207355864539520E+01   0.2903221474611522E-01   0.1000282808052628E-02   0.9999999747414337E-03   0.9999999747396194E-03   0.9999999749533538E-03   0.1000000581489439E-02   0.1000279230948014E-02   0.1020760147566871E-02   0.1183322323026117E-02   0.1408437641986016E-02   0.1303289022574112E-02   0.1129968762086750E-02   0.1033485804331023E-02   0.1005181503229686E-02   0.1058995558234979E-02   0.1403449810487161E-02   0.3820753114741070E-02   0.1116940610876282E-01   0.2345478614329170E-01   0.3644282491462995E-01   0.4908864696934218E-01   0.6435244303416141E-01   0.7980577668614738E-01   0.8546700532644305E-01   0.7467827554238707E-01   0.5218643036028687E-01   0.2906317429580773E-01   0.1310186901068954E-01   0.5234793689036619E-02   0.2358638667092074E-02   0.2386173247146181E-02   0.4106950964749271E-02   0.7033805335579283E-02   0.1093179115996118E-01   0.1528757345286230E-01   0.1922440003075595E-01   0.2173805439278485E-01   0.2210277559705381E-01   0.2020867304045384E-01   0.1661506594831676E-01   0.1228435237633236E-01   0.8167934607432351E-02   0.4884721144432463E-02   0.2718480318954727E-02   0.1704324373498649E-02   0.1449368932454270E-02   0.1226702257339446E-02   0.1091637170431694E-02   0.1046604404759044E-02   0.1039056202899933E-02   0.1047387420720099E-02   0.1064584874738442E-02   0.1089707344732808E-02   0.1124284590157893E-02   0.1171095753892450E-02   0.1233902081646220E-02   0.1317515863442108E-02   0.1427985188468325E-02   0.1572827175472685E-02   0.1761290003651754E-02   0.1514635284328060E-02   0.1326432707103367E-02   0.1712856613097701E-02   0.2212970661027862E-02   0.2838983133069533E-02
  0.9999999747378752E-03   0.9999999747378752E-03   0.9999999747378752E-03   0.9999999747378752E-03   0.9999999747378752E-03   0.9999999747378752E-03   0.9999999747378752E-03   0.9999999747378752E-03   0.9999999747378752E-03   0.9999999747378752E-03   0.9999999747378752E-03   0.9999999747378752E-03   0.9999999747378752E-03   0.9999999747378752E-03   0.9999999747378752E-03   0.9999999747378752E-03   0.9999999747378752E-03   0.9999999747378752E-03   0.9999999747378752E-03   0.9999999747378752E-03   0.9999999747378752E-03   0.9999999747378752E-03   0.9999999747378752E-03   0.9999999747378752E-03   0.9999999747378752E-03   0.9999999747378752E-03   0.9999999747378754E-03   0.9999999747384476E-03   0.1001435903160261E-02   0.2648701790972177E-01   0.9144350828446104E-02   0.4187103889099785E+01   0.7754533395487806E+01   0.6594068705414919E+01   0.5805412957488292E+01   0.4872197482614658E+01   0.5323813861963568E+00   0.1093628768311439E-02   0.1000000065291219E-02   0.9999999747395815E-03   0.9999999747925656E-03   0.1000000149991208E-02   0.1000101755081396E-02   0.1010093799147787E-02   0.1143043841155089E-02   0.1387005604874892E-02   0.1347799295946841E-02   0.1154871713203724E-02   0.1051828199278689E-02   0.1004078207952771E-02   0.1013355127966385E-02   0.1096541401328083E-02   0.1885661583969675E-02   0.5538387083273173E-02   0.1437480959905255E-01   0.2778160204984849E-01   0.4335065048234476E-01   0.6104351698066276E-01   0.7944882844686085E-01   0.9003018786362568E-01   0.8421180429293659E-01   0.6387549316286124E-01   0.3941054123773199E-01   0.2000973212069124E-01   0.8790016468124887E-02   0.3778982116907487E-02   0.2828296072005074E-02   0.4172114092369750E-02   0.6955327915878334E-02   0.1075278589526530E-01   0.1499039176813155E-01   0.1879032536954585E-01   0.2117269751858826E-01   0.2144530320200110E-01   0.1952559110806782E-01   0.1598071128981659E-01   0.1175752187260630E-01   0.7776465463634748E-02   0.4624330484999766E-02   0.2563342972338865E-02   0.1641447623290359E-02   0.1459557903309556E-02   0.1209337566336216E-02   0.1084497962311910E-02   0.1043445596236138E-02   0.1037052313948322E-02   0.1045340094080348E-02   0.1061934264369454E-02   0.1086073958683990E-02   0.1119279252057986E-02   0.1164238879585180E-02   0.1224578143731242E-02   0.1304934486338173E-02   0.1411139424294625E-02   0.1550446211028469E-02   0.1731785706296431E-02   0.1586042827490680E-02   0.1296346107785084E-02   0.1648360557637891E-02   0.2130570767816425E-02   0.2734537491650994E-02
  0.9999999747378752E-03   0.9999999747378752E-03   0.9999999747378752E-03   0.9999999747378752E-03   0.9999999747378752E-03   0.9999999747378752E-03   0.9999999747378752E-03   0.9999999747378752E-03   0.9999999747378752E-03   0.9999999747378752E-03   0.9999999747378752E-03   0.9999999747378752E-03   0.9999999747378752E-03   0.9999999747378752E-03   0.9999999747378752E-03   0.9999999747378752E-03   0.9999999747378752E-03   0.9999999747378752E-03   0.9999999747378752E-03   0.9999999747378752E-03   0.9999999747378752E-03   0.9999999747378752E-03   0.9999999747378752E-03   0.9999999747378752E-03   0.9999999747378752E-03   0.9999999747378752E-03   0.9999999747378754E-03   0.9999999747378756E-03   0.1000011813276247E-02   0.5129090638512170E-02   0.2528249422861157E-01   0.3842364270572826E+00   0.7819089777741160E+01   0.6886833449350222E+01   0.5999972464389222E+01   0.5330513208246295E+01   0.2389549139513611E+01   0.1788790761102006E-01   0.1000286381716556E-02   0.9999999747492456E-03   0.9999999747542596E-03   0.1000000026941246E-02   0.1000037264572297E-02   0.1004793910735176E-02   0.1101994826974183E-02   0.1357663247544193E-02   0.1405063156430077E-02   0.1196595991608067E-02   0.1065285407596465E-02   0.1006573298346592E-02   0.1003154759542082E-02   0.1041818879095877E-02   0.1234276093767925E-02   0.2740304102072185E-02   0.7836954232253383E-02   0.1865115226000672E-01   0.3514920705760911E-01   0.5573987594929420E-01   0.7750144676991925E-01   0.9255865632948024E-01   0.9159974556685163E-01   0.7427909715451674E-01   0.4991257610739872E-01   0.2831168503426917E-01   0.1393766195160608E-01   0.6369766666922390E-02   0.3825782744482690E-02   0.4397457123988816E-02   0.6859023160657987E-02   0.1048276508073338E-01   0.1456969718477840E-01   0.1822367577091694E-01   0.2048839804646693E-01   0.2070215215513153E-01   0.1879990823081782E-01   0.1534375376315881E-01   0.1125512467420601E-01   0.7420448940626670E-02   0.4397689037903797E-02   0.2433710655112077E-02   0.1614775818577736E-02   0.1458625366640644E-02   0.1196228007762983E-02   0.1079164292315738E-02   0.1040980684330498E-02   0.1035309549082215E-02   0.1043415796452264E-02   0.1059382387407266E-02   0.1082558151293468E-02   0.1114431220197745E-02   0.1157595805665904E-02   0.1215543387357690E-02   0.1292741040282517E-02   0.1394809524173962E-02   0.1528745184358510E-02   0.1703169656301640E-02   0.1658600394690036E-02   0.1287735086796380E-02   0.1585740666962445E-02   0.2050534610868409E-02   0.2633042436490509E-02
  0.9999999747378752E-03   0.9999999747378752E-03   0.9999999747378752E-03   0.9999999747378752E-03   0.9999999747378752E-03   0.9999999747378752E-03   0.9999999747378752E-03   0.9999999747378752E-03   0.9999999747378752E-03   0.9999999747378752E-03   0.9999999747378752E-03   0.9999999747378752E-03   0.9999999747378752E-03   0.9999999747378752E-03   0.9999999747378752E-03   0.9999999747378752E-03   0.9999999747378752E-03   0.9999999747378752E-03   0.9999999747378752E-03   0.9999999747378752E-03   0.9999999747378752E-03   0.9999999747378752E-03   0.9999999747378752E-03   0.9999999747378752E-03   0.9999999747378752E-03   0.9999999747378752E-03   0.9999999747378754E-03   0.9999999747378754E-03   0.1000000033366494E-02   0.1252536137124122E-02   0.4127495464101882E-01   0.1014208920813714E-01   0.4337605728721380E+01   0.7237006609033442E+01   0.6220277209866290E+01   0.5514622556450168E+01   0.4265163161882811E+01   0.3146622155174913E+00   0.1059821528955935E-02   0.1000000108217555E-02   0.9999999747446293E-03   0.9999999908752574E-03   0.1000013824405584E-02   0.1002247962515363E-02   0.1069543116752493E-02   0.1284148833366121E-02   0.1430538998982513E-02   0.1258364155972069E-02   0.1083852364707559E-02   0.1011222336054636E-02   0.1001040149321394E-02   0.1011165142325231E-02   0.1074704538756215E-02   0.1594278044170175E-02   0.4102036324814192E-02   0.1135350898734582E-01   0.2605576061735152E-01   0.4819570430682621E-01   0.7356437431937413E-01   0.9318752719425230E-01   0.9691724300048736E-01   0.8292889607356746E-01   0.5966297918878266E-01   0.3713879225484945E-01   0.2045720978757239E-01   0.1031331425364702E-01   0.5685454936541527E-02   0.4995302875917143E-02   0.6839099001426542E-02   0.1015682228228697E-01   0.1404322844608843E-01   0.1753987358808234E-01   0.1970048403908514E-01   0.1988700334380688E-01   0.1804180866005835E-01   0.1471000517619428E-01   0.1077899231899858E-01   0.7099020910124647E-02   0.4202730136284126E-02   0.2327450989537634E-02   0.1582681004237922E-02   0.1455553287854804E-02   0.1186832042222679E-02   0.1075386651924939E-02   0.1039109178289753E-02   0.1033792475245366E-02   0.1041603812218750E-02   0.1056926873839339E-02   0.1079160224914571E-02   0.1109741832421464E-02   0.1151168601980494E-02   0.1206800732793421E-02   0.1280939586681158E-02   0.1379001113388357E-02   0.1507731860759379E-02   0.1675452531786958E-02   0.1692322604285497E-02   0.1290619551019024E-02   0.1525023894680185E-02   0.1972898454720096E-02   0.2534546426353568E-02
  0.9999999747378752E-03   0.9999999747378752E-03   0.9999999747378752E-03   0.9999999747378752E-03   0.9999999747378752E-03   0.9999999747378752E-03   0.9999999747378752E-03   0.9999999747378752E-03   0.9999999747378752E-03   0.9999999747378752E-03   0.9999999747378752E-03   0.9999999747378752E-03   0.9999999747378752E-03   0.9999999747378752E-03   0.9999999747378752E-03   0.9999999747378752E-03   0.9999999747378752E-03   0.9999999747378752E-03   0.9999999747378752E-03   0.9999999747378752E-03   0.9999999747378752E-03   0.9999999747378752E-03   0.9999999747378752E-03   0.9999999747378752E-03   0.9999999747378752E-03   0.9999999747378752E-03   0.9999999747378754E-03   0.9999999747378754E-03   0.9999999749340746E-03   0.1017903239847826E-02   0.2977880388486909E-01   0.4910235461264004E-02   0.5897363564716788E+00   0.7309076673897208E+01   0.6475496332415045E+01   0.5690143635063099E+01   0.5009021838389304E+01   0.1623976491942700E+01   0.9971946250975111E-02   0.1000227942677100E-02   0.9999999747646298E-03   0.9999999799432384E-03   0.1000005227361572E-02   0.1001050688068418E-02   0.1041909077080872E-02   0.1242153066267089E-02   0.1421058373593464E-02   0.1311602549190972E-02   0.1097961503206031E-02   0.1018101099468627E-02   0.1000875060496930E-02   0.1003130636153929E-02   0.1036792912635992E-02   0.1213927277403882E-02   0.2310357449294355E-02   0.6607413055774400E-02   0.1811847116987962E-01   0.3948936856368979E-01   0.6745117292012556E-01   0.9170071990240768E-01   0.1001943075403357E+00   0.8965577571904884E-01   0.6804978382953444E-01   0.4564310938563958E-01   0.2775771156985912E-01   0.1552821330347339E-01   0.8642403880490273E-02   0.6230996392439142E-02   0.7058378698793146E-02   0.9848684719808235E-02   0.1344418415839576E-01   0.1676011134234207E-01   0.1882656543842901E-01   0.1901403448156916E-01   0.1726080244935413E-01   0.1408405114895760E-01   0.1032977540072952E-01   0.6810541605360848E-02   0.4037075599047616E-02   0.2232444449277119E-02   0.1563687151466736E-02   0.1449483880426874E-02   0.1180722048819677E-02   0.1072979610682602E-02   0.1037760636079298E-02   0.1032477650843593E-02   0.1039897473242340E-02   0.1054566390963522E-02   0.1075880476412311E-02   0.1105212023686075E-02   0.1144958693050920E-02   0.1198352206127486E-02   0.1269532982239778E-02   0.1363718212208262E-02   0.1487411885968646E-02   0.1648642235728215E-02   0.1747220469828966E-02   0.1315014771485084E-02   0.1466231282168147E-02   0.1897691090267586E-02   0.2439088558119516E-02
  0.9999999747378752E-03   0.9999999747378752E-03   0.9999999747378752E-03   0.9999999747378752E-03   0.9999999747378752E-03   0.9999999747378752E-03   0.9999999747378752E-03   0.9999999747378752E-03   0.9999999747378752E-03   0.9999999747378752E-03   0.9999999747378752E-03   0.9999999747378752E-03   0.9999999747378752E-03   0.9999999747378752E-03   0.9999999747378752E-03   0.9999999747378752E-03   0.9999999747378752E-03   0.9999999747378752E-03   0.9999999747378752E-03   0.9999999747378752E-03   0.9999999747378752E-03   0.9999999747378752E-03   0.9999999747378752E-03   0.9999999747378752E-03   0.9999999747378752E-03   0.9999999747378752E-03   0.9999999747378754E-03   0.9999999747378754E-03   0.9999999747383691E-03   0.1000519289710510E-02   0.1115057549597842E-01   0.1080241487151369E-01   0.2353228801277795E-01   0.4584129847849558E+01   0.6775727072933529E+01   0.5885521892061729E+01   0.5248019792177732E+01   0.3480813965251982E+01   0.1672014110572887E+00   0.1065742086941699E-02   0.1000000117211516E-02   0.9999999764989189E-03   0.1000002021660755E-02   0.1000493574404222E-02   0.1024765120172133E-02   0.1204025580698267E-02   0.1439795528399294E-02   0.1363953699161666E-02   0.1138723755469736E-02   0.1027519575613148E-02   0.1001378509953656E-02   0.1001016451437791E-02   0.1013141973489648E-02   0.1120836071270928E-02   0.1574912130525168E-02   0.3985650064691547E-02   0.1242363876808321E-01   0.3137962957291870E-01   0.5992822000642162E-01   0.8796271914553329E-01   0.1012459513698985E+00   0.9434536256928187E-01   0.7473261394264866E-01   0.5316761840170409E-01   0.3512699337680805E-01   0.2163115469737233E-01   0.1273651867687920E-01   0.8340209068070857E-02   0.7733596862746701E-02   0.9684669274620096E-02   0.1283301894145556E-01   0.1591582827670495E-01   0.1788740387945692E-01   0.1809793157514501E-01   0.1646578521129135E-01   0.1346946999320663E-01   0.9907224139868916E-02   0.6552835482713299E-02   0.3898186856667988E-02   0.2146651571800595E-02   0.1556484142620081E-02   0.1439711063099227E-02   0.1177572042254046E-02   0.1071812961187319E-02   0.1036889901472662E-02   0.1031351537488038E-02   0.1038293388193792E-02   0.1052300403803048E-02   0.1072719140189615E-02   0.1100842325771713E-02   0.1138966876837594E-02   0.1190198968481088E-02   0.1258522918277278E-02   0.1348963287169618E-02   0.1467788851948624E-02   0.1622743979080978E-02   0.1763301509013904E-02   0.1390931509833436E-02   0.1409378110441146E-02   0.1824934013509268E-02   0.2346698772389279E-02
  0.9999999747378752E-03   0.9999999747378752E-03   0.9999999747378752E-03   0.9999999747378752E-03   0.9999999747378752E-03   0.9999999747378752E-03   0.9999999747378752E-03   0.9999999747378752E-03   0.9999999747378752E-03   0.9999999747378752E-03   0.9999999747378752E-03   0.9999999747378752E-03   0.9999999747378752E-03   0.9999999747378752E-03   0.9999999747378752E-03   0.9999999747378752E-03   0.9999999747378752E-03   0.9999999747378752E-03   0.9999999747378752E-03   0.9999999747378752E-03   0.9999999747378752E-03   0.9999999747378752E-03   0.9999999747378752E-03   0.9999999747378752E-03   0.9999999747378752E-03   0.9999999747378752E-03   0.9999999747378754E-03   0.9999999747378754E-03   0.9999999747378767E-03   0.1000010273176997E-02   0.2811178997556701E-02   0.2293474066231951E-01   0.6286003289993079E-02   0.9156219334607361E+00   0.6875533445902568E+01   0.6108732522919606E+01   0.5413653321048580E+01   0.4582444298362157E+01   0.9888147355029392E+00   0.5124397357381118E-02   0.1000143280573791E-02   0.9999999754009136E-03   0.1000000798649869E-02   0.1000234717394375E-02   0.1014481975819894E-02   0.1166882184133263E-02   0.1407615709940095E-02   0.1399068753335339E-02   0.1167760345782823E-02   0.1039826751639827E-02   0.1002355783846435E-02   0.1000459912102827E-02   0.1005968665306155E-02   0.1060605326272971E-02   0.1331873115620177E-02   0.2677658797255748E-02   0.8924673942619483E-02   0.2512332038523709E-01   0.5247608648361416E-01   0.8251396663563584E-01   0.9991533349518675E-01   0.9677090966618421E-01   0.7948240723314032E-01   0.5927552307608230E-01   0.4191554532337810E-01   0.2808973620203724E-01   0.1777482001074112E-01   0.1143519967960913E-01   0.9082587118421307E-02   0.9839192080894444E-02   0.1230865903050115E-01   0.1505662335347427E-01   0.1690977215904489E-01   0.1715457487725477E-01   0.1566529594261073E-01   0.1286912354505441E-01   0.9510494595945771E-02   0.6323429626569893E-02   0.3783502629983738E-02   0.2088167033420670E-02   0.1539934394177342E-02   0.1435669985782604E-02   0.1177146285464619E-02   0.1071804395963703E-02   0.1036473508193008E-02   0.1030409058495627E-02   0.1036790960979177E-02   0.1050129044585539E-02   0.1069676367462959E-02   0.1096632878918415E-02   0.1133193349008817E-02   0.1182341350029842E-02   0.1247909965957018E-02   0.1334737310177787E-02   0.1448864373077322E-02   0.1597760377666519E-02   0.1780569859580305E-02   0.1448376171351168E-02   0.1354474082485706E-02   0.1754641643381291E-02   0.2257398108851523E-02
  0.9999999747378752E-03   0.9999999747378752E-03   0.9999999747378752E-03   0.9999999747378752E-03   0.9999999747378752E-03   0.9999999747378752E-03   0.9999999747378752E-03   0.9999999747378752E-03   0.9999999747378752E-03   0.9999999747378752E-03   0.9999999747378752E-03   0.9999999747378752E-03   0.9999999747378752E-03   0.9999999747378752E-03   0.9999999747378752E-03   0.9999999747378752E-03   0.9999999747378752E-03   0.9999999747378752E-03   0.9999999747378752E-03   0.9999999747378752E-03   0.9999999747378752E-03   0.9999999747378752E-03   0.9999999747378752E-03   0.9999999747378752E-03   0.9999999747378752E-03   0.9999999747378752E-03   0.9999999747378754E-03   0.9999999747378754E-03   0.9999999747378756E-03   0.1000000127230235E-02   0.1183690143909206E-02   0.2807629441938074E-01   0.5422232938099337E-02   0.5300092568106368E-01   0.4875278200597340E+01   0.6367248267122272E+01   0.5588530700458676E+01   0.4981193128570768E+01   0.2571329373456479E+01   0.7883275362822388E-01   0.1030179198824077E-02   0.1000000086241044E-02   0.1000000318755372E-02   0.1000113687023387E-02   0.1008448081552572E-02   0.1133209596879291E-02   0.1381180106279199E-02   0.1408329575527003E-02   0.1216532741156358E-02   0.1055458202854986E-02   0.1003858597373825E-02   0.1000335996782170E-02   0.1003752455418732E-02   0.1039923045259228E-02   0.1267782507932001E-02   0.2093455336369318E-02   0.7034049894765163E-02   0.2102985092517329E-01   0.4641045014878204E-01   0.7656320029929811E-01   0.9652669332806861E-01   0.9671548351990647E-01   0.8203550188108094E-01   0.6366657376382680E-01   0.4764662704173390E-01   0.3434896890709099E-01   0.2338344575454422E-01   0.1545078468870983E-01   0.1125293106277531E-01   0.1050307686217792E-01   0.1200917877840740E-01   0.1425881936434466E-01   0.1593181068136287E-01   0.1620304915546199E-01   0.1486820788776199E-01   0.1228555463100257E-01   0.9138471144266172E-02   0.6119784088744809E-02   0.3690564259631810E-02   0.2035265048680990E-02   0.1553076188689244E-02   0.1436926981053819E-02   0.1179289712815417E-02   0.1072913889590390E-02   0.1036507188325681E-02   0.1029652724771811E-02   0.1035392152878030E-02   0.1048053072409556E-02   0.1066752235419353E-02   0.1092583453458669E-02   0.1127637732004575E-02   0.1174778888323987E-02   0.1237693626839017E-02   0.1321039824666752E-02   0.1430638171744300E-02   0.1573691561531541E-02   0.1759026421758819E-02   0.1517350971431444E-02   0.1321523533012029E-02   0.1686821575584641E-02   0.2171199007677608E-02
  0.9999999747378752E-03   0.9999999747378752E-03   0.9999999747378752E-03   0.9999999747378752E-03   0.9999999747378752E-03   0.9999999747378752E-03   0.9999999747378752E-03   0.9999999747378752E-03   0.9999999747378752E-03   0.9999999747378752E-03   0.9999999747378752E-03   0.9999999747378752E-03   0.9999999747378752E-03   0.9999999747378752E-03   0.9999999747378752E-03   0.9999999747378752E-03   0.9999999747378752E-03   0.9999999747378752E-03   0.9999999747378752E-03   0.9999999747378752E-03   0.9999999747378752E-03   0.9999999747378752E-03   0.9999999747378752E-03   0.9999999747378752E-03   0.9999999747378752E-03   0.9999999747378752E-03   0.9999999747378754E-03   0.9999999747378754E-03   0.9999999747378756E-03   0.9999999765627084E-03   0.1027033519322358E-02   0.2056825298045157E-01   0.5805038202694286E-02   0.5811073586757625E-02   0.1406635625943046E+01   0.6497586903306414E+01   0.5785173220947215E+01   0.5166792183785749E+01   0.3954531037208119E+01   0.5294515445446046E+00   0.2597214625078404E-02   0.1000071050567274E-02   0.1000000124294979E-02   0.1000056373775191E-02   0.1004950564719886E-02   0.1102473029703379E-02   0.1339696092030200E-02   0.1453470788366103E-02   0.1265458317714118E-02   0.1075020232651696E-02   0.1005996683788615E-02   0.1000357666610703E-02   0.1003061363061483E-02   0.1032981656061368E-02   0.1258397577868592E-02   0.1834233796977262E-02   0.6141627377774012E-02   0.1876253148508937E-01   0.4232877338068174E-01   0.7138436417864484E-01   0.9199744719876225E-01   0.9430405075240579E-01   0.8213887489959963E-01   0.6606416564955749E-01   0.5197496300212062E-01   0.3993350264946291E-01   0.2910937318460073E-01   0.2015448782490352E-01   0.1426671767473831E-01   0.1183283371544344E-01   0.1209420533337389E-01   0.1362842118593858E-01   0.1500944479531914E-01   0.1526937924726003E-01   0.1408524423411193E-01   0.1172162259978200E-01   0.8790125443994261E-02   0.5939514142304210E-02   0.3617130823815880E-02   0.1986440251750713E-02   0.1535127233026439E-02   0.1443171864396326E-02   0.1183920866211677E-02   0.1075139902482846E-02   0.1037004432740098E-02   0.1029092272042955E-02   0.1034101459613399E-02   0.1046073912560316E-02   0.1063946783232529E-02   0.1088693480634877E-02   0.1122299108493044E-02   0.1167510370452904E-02   0.1227872388143237E-02   0.1307869018002377E-02   0.1413108172290650E-02   0.1550535295412502E-02   0.1728669007066432E-02   0.1607854129415043E-02   0.1290525665411348E-02   0.1621474869038808E-02   0.2088105652867009E-02
  0.9999999747378752E-03   0.9999999747378752E-03   0.9999999747378752E-03   0.9999999747378752E-03   0.9999999747378752E-03   0.9999999747378752E-03   0.9999999747378752E-03   0.9999999747378752E-03   0.9999999747378752E-03   0.9999999747378752E-03   0.9999999747378752E-03   0.9999999747378752E-03   0.9999999747378752E-03   0.9999999747378752E-03   0.9999999747378752E-03   0.9999999747378752E-03   0.9999999747378752E-03   0.9999999747378752E-03   0.9999999747378752E-03   0.9999999747378752E-03   0.9999999747378752E-03   0.9999999747378752E-03   0.9999999747378752E-03   0.9999999747378752E-03   0.9999999747378752E-03   0.9999999747378752E-03   0.9999999747378754E-03   0.9999999747378754E-03   0.9999999747378756E-03   0.9999999747568049E-03   0.1001853760056078E-02   0.9957562777041781E-02   0.9660209554850719E-02   0.6125451569588555E-02   0.1397646992096309E+00   0.5147378154936453E+01   0.6009555514795748E+01   0.5328824927990199E+01   0.4644352948224620E+01   0.1670148138801721E+01   0.3259463488622108E-01   0.1011468329237873E-02   0.1000000106366354E-02   0.1000028738719658E-02   0.1002931607617588E-02   0.1072671214264922E-02   0.1292059244714939E-02   0.1458772808755170E-02   0.1313277218778747E-02   0.1099304874831763E-02   0.1008899531978292E-02   0.1000457338711202E-02   0.1002875846323082E-02   0.1031031589801577E-02   0.1243676398498970E-02   0.1733393199427626E-02   0.5816075323274468E-02   0.1779197330777497E-01   0.4016696311478071E-01   0.6776587757053704E-01   0.8746127094494544E-01   0.9016975697642700E-01   0.7978150818743966E-01   0.6621480551125659E-01   0.5461323643508467E-01   0.4446947991771511E-01   0.3451372303235896E-01   0.2520664052992003E-01   0.1800635163650911E-01   0.1390249821839525E-01   0.1271112163219363E-01   0.1329245307112315E-01   0.1422006675523460E-01   0.1439128589034468E-01   0.1333160687988883E-01   0.1118161230545964E-01   0.8464991071807287E-02   0.5780621540039823E-02   0.3561288889211231E-02   0.1980447727329986E-02   0.1545491168159764E-02   0.1454214047176421E-02   0.1191027872570882E-02   0.1078517500756221E-02   0.1037996077439380E-02   0.1028744780297880E-02   0.1032926090709344E-02   0.1044193772419954E-02   0.1061260074813501E-02   0.1084962092755914E-02   0.1117176059094520E-02   0.1160533878661042E-02   0.1218443782111598E-02   0.1295221799294286E-02   0.1396270602194155E-02   0.1528287108881387E-02   0.1699492506031779E-02   0.1659880077658898E-02   0.1291474807226734E-02   0.1558596361402182E-02   0.2008114353201176E-02
  0.9999999747378752E-03   0.9999999747378752E-03   0.9999999747378752E-03   0.9999999747378752E-03   0.9999999747378752E-03   0.9999999747378752E-03   0.9999999747378752E-03   0.9999999747378752E-03   0.9999999747378752E-03   0.9999999747378752E-03   0.9999999747378752E-03   0.9999999747378752E-03   0.9999999747378752E-03   0.9999999747378752E-03   0.9999999747378752E-03   0.9999999747378752E-03   0.9999999747378752E-03   0.9999999747378752E-03   0.9999999747378752E-03   0.9999999747378752E-03   0.9999999747378752E-03   0.9999999747378752E-03   0.9999999747378752E-03   0.9999999747378752E-03   0.9999999747378752E-03   0.9999999747378752E-03   0.9999999747378754E-03   0.9999999747378754E-03   0.9999999747378756E-03   0.9999999747380573E-03   0.1000101011705659E-02   0.3694457664152862E-02   0.1636595133711031E-01   0.6484845894817690E-02   0.6230223573281968E-02   0.2064183502412487E+01   0.6163282542301086E+01   0.5504332989461483E+01   0.4930401165034822E+01   0.3089713700222915E+01   0.2443829465320913E+00   0.1477992321650709E-02   0.1000027593019121E-02   0.1000015112126115E-02   0.1001763172553145E-02   0.1051410940283719E-02   0.1275196218965594E-02   0.1492039378070402E-02   0.1336999787960983E-02   0.1119178671023539E-02   0.1012719161065539E-02   0.1000626775770873E-02   0.1002890779954516E-02   0.1031163902253039E-02   0.1244528098268912E-02   0.1675775878020658E-02   0.5806537052674064E-02   0.1766329805091058E-01   0.3953323905519497E-01   0.6589065825740088E-01   0.8378593663799171E-01   0.8525302316615735E-01   0.7537131602877237E-01   0.6403617198808861E-01   0.5531140712495917E-01   0.4765001410026611E-01   0.3921657727526198E-01   0.3023316315971916E-01   0.2224198887563286E-01   0.1667863615053758E-01   0.1395730071168198E-01   0.1337792791550520E-01   0.1365917383034131E-01   0.1362173785178362E-01   0.1263039980535195E-01   0.1067301764708695E-01   0.8163898087906804E-02   0.5641784951386687E-02   0.3521570030782857E-02   0.1986346339794570E-02   0.1533769062759658E-02   0.1469983448754477E-02   0.1200667827891640E-02   0.1083118475765672E-02   0.1039530919484816E-02   0.1028635272558593E-02   0.1031876353345050E-02   0.1042415837652446E-02   0.1058692290795979E-02   0.1081388173752843E-02   0.1112266704525626E-02   0.1153846839095278E-02   0.1209404448867363E-02   0.1283093881772315E-02   0.1380120099382132E-02   0.1506940434721157E-02   0.1671489064397272E-02   0.1723419679423403E-02   0.1314360689502721E-02   0.1498175009971435E-02   0.1931213956283235E-02
  0.9999999747378752E-03   0.9999999747378752E-03   0.9999999747378752E-03   0.9999999747378752E-03   0.9999999747378752E-03   0.9999999747378752E-03   0.9999999747378752E-03   0.9999999747378752E-03   0.9999999747378752E-03   0.9999999747378752E-03   0.9999999747378752E-03   0.9999999747378752E-03   0.9999999747378752E-03   0.9999999747378752E-03   0.9999999747378752E-03   0.9999999747378752E-03   0.9999999747378752E-03   0.9999999747378752E-03   0.9999999747378752E-03   0.9999999747378752E-03   0.9999999747378752E-03   0.9999999747378752E-03   0.9999999747378752E-03   0.9999999747378752E-03   0.9999999747378752E-03   0.9999999747378752E-03   0.9999999747378754E-03   0.9999999747378754E-03   0.9999999747378756E-03   0.9999999747378782E-03   0.1000004614107320E-02   0.1490614194318451E-02   0.2066628746646132E-01   0.6305660083164237E-02   0.1452158797730593E-02   0.3484197455002208E+00   0.5351816403080508E+01   0.5701475170658838E+01   0.5103413455256243E+01   0.4113770307457306E+01   0.9274178158794543E+00   0.1181518418016648E-01   0.1003545768195640E-02   0.1000008244050808E-02   0.1001081510511523E-02   0.1036484703918907E-02   0.1253579350322744E-02   0.1514347373636345E-02   0.1362441112614763E-02   0.1145359587744105E-02   0.1017643851196661E-02   0.1000874808770643E-02   0.1003015288106511E-02   0.1032432275260207E-02   0.1253991330552982E-02   0.1705347742434264E-02   0.5984103223072658E-02   0.1806983820734025E-01   0.3998934644566306E-01   0.6553006733895707E-01   0.8134853052841681E-01   0.8042302427923652E-01   0.6965999786283755E-01   0.5977421344766899E-01   0.5394187293094845E-01   0.4921425555637290E-01   0.4289417990235795E-01   0.3487621996701241E-01   0.2668053025704153E-01   0.2002575697125883E-01   0.1585330190347538E-01   0.1398462459603693E-01   0.1342825028126557E-01   0.1302840813600062E-01   0.1201559625751470E-01   0.1020887863431452E-01   0.7890104727692302E-02   0.5522797243406983E-02   0.3497106289290166E-02   0.2003553103427954E-02   0.1529777794229778E-02   0.1490536790882746E-02   0.1212969782143086E-02   0.1089053524186662E-02   0.1041677387265173E-02   0.1028797811290054E-02   0.1030966255390484E-02   0.1040744558233336E-02   0.1056243854685201E-02   0.1077970422095474E-02   0.1107568752620926E-02   0.1147446073457424E-02   0.1200750202197299E-02   0.1271479868890578E-02   0.1364649824555110E-02   0.1486486754075223E-02   0.1644648268450245E-02   0.1748460468854013E-02   0.1349168739174368E-02   0.1440194254210407E-02   0.1857386291043014E-02
  0.9999999747378752E-03   0.9999999747378752E-03   0.9999999747378752E-03   0.9999999747378752E-03   0.9999999747378752E-03   0.9999999747378752E-03   0.9999999747378752E-03   0.9999999747378752E-03   0.9999999747378752E-03   0.9999999747378752E-03   0.9999999747378752E-03   0.9999999747378752E-03   0.9999999747378752E-03   0.9999999747378752E-03   0.9999999747378752E-03   0.9999999747378752E-03   0.9999999747378752E-03   0.9999999747378752E-03   0.9999999747378752E-03   0.9999999747378752E-03   0.9999999747378752E-03   0.9999999747378752E-03   0.9999999747378752E-03   0.9999999747378752E-03   0.9999999747378752E-03   0.9999999747378752E-03   0.9999999747378754E-03   0.9999999747378754E-03   0.9999999747378756E-03   0.9999999747378765E-03   0.1000000163746938E-02   0.1153989239728035E-02   0.1895012830745304E-01   0.6342631391306212E-02   0.1987486513473686E-02   0.2708149785205241E-01   0.2840359705558888E+01   0.5867622822065565E+01   0.5266266901632490E+01   0.4634841287448591E+01   0.2092053160645968E+01   0.9518090640874964E-01   0.1092963542079467E-02   0.1000012867833543E-02   0.1000678854755588E-02   0.1026095646992523E-02   0.1229494323109821E-02   0.1489046887518240E-02   0.1405077017428376E-02   0.1178161920697736E-02   0.1023905746385467E-02   0.1001216417840024E-02   0.1003225055260836E-02   0.1034554778026878E-02   0.1269726308470823E-02   0.1708036983019120E-02   0.6288382455578310E-02   0.1883150253953212E-01   0.4118184960793975E-01   0.6629344706755660E-01   0.8009754355889276E-01   0.7621325842160193E-01   0.6347656418002534E-01   0.5400494676029808E-01   0.5062176888161791E-01   0.4899261563765234E-01   0.4526891663096144E-01   0.3881180971333052E-01   0.3101058266592403E-01   0.2373396471899895E-01   0.1833584526785307E-01   0.1516143271008679E-01   0.1361652168767977E-01   0.1268728161520328E-01   0.1153271679902473E-01   0.9810000591842697E-02   0.7650796163472808E-02   0.5425238157470480E-02   0.3487873879338886E-02   0.2031924763266095E-02   0.1493578886901029E-02   0.1516069801488547E-02   0.1228141366029345E-02   0.1096476500169852E-02   0.1044526291197218E-02   0.1029277121924051E-02   0.1030214350726491E-02   0.1039186038490605E-02   0.1053915600245363E-02   0.1074707428926890E-02   0.1103079551026971E-02   0.1141327853454090E-02   0.1192476097725454E-02   0.1260373343344499E-02   0.1349851577422810E-02   0.1466915746933990E-02   0.1618957337880733E-02   0.1754986891235409E-02   0.1385880385793555E-02   0.1384632396158648E-02   0.1786606634065926E-02
  0.9999999747378752E-03   0.9999999747378752E-03   0.9999999747378752E-03   0.9999999747378752E-03   0.9999999747378752E-03   0.9999999747378752E-03   0.9999999747378752E-03   0.9999999747378752E-03   0.9999999747378752E-03   0.9999999747378752E-03   0.9999999747378752E-03   0.9999999747378752E-03   0.9999999747378752E-03   0.9999999747378752E-03   0.9999999747378752E-03   0.9999999747378752E-03   0.9999999747378752E-03   0.9999999747378752E-03   0.9999999747378752E-03   0.9999999747378752E-03   0.9999999747378752E-03   0.9999999747378752E-03   0.9999999747378752E-03   0.9999999747378752E-03   0.9999999747378752E-03   0.9999999747378752E-03   0.9999999747378754E-03   0.9999999747378754E-03   0.9999999747378756E-03   0.9999999747378765E-03   0.9999999818869512E-03   0.1025198249567550E-02   0.1325473771743773E-01   0.7658458241560339E-02   0.2838527598587591E-02   0.1925554798427756E-02   0.7608438670340665E+00   0.5462015946026493E+01   0.5442950495974447E+01   0.4891536660528481E+01   0.3288935758324526E+01   0.4279421681841595E+00   0.4008677906386038E-02   0.1000872434070019E-02   0.1000437204167756E-02   0.1018884602216219E-02   0.1213622016840758E-02   0.1470571967240385E-02   0.1440877709411508E-02   0.1207309072836880E-02   0.1031769591019471E-02   0.1001670945237553E-02   0.1003518110252398E-02   0.1037484316799902E-02   0.1291160788281196E-02   0.1749176044906195E-02   0.6693498777486109E-02   0.1985070193623572E-01   0.4286484902973082E-01   0.6779246237526144E-01   0.7973911767151193E-01   0.7277878169928247E-01   0.5747256738490439E-01   0.4746789685923707E-01   0.4575238372718205E-01   0.4699382841417506E-01   0.4613443756406779E-01   0.4175308055024549E-01   0.3492901004338060E-01   0.2755263095759498E-01   0.2126935597610050E-01   0.1689406289305850E-01   0.1428239317252890E-01   0.1267119025836157E-01   0.1123579560262765E-01   0.9505952430443432E-02   0.7458605733431952E-02   0.5353385532459095E-02   0.3495077712653893E-02   0.2071893196152935E-02   0.1415525492966692E-02   0.1546936647876441E-02   0.1246479088973255E-02   0.1105590685001367E-02   0.1048194655434501E-02   0.1030130769035084E-02   0.1029644851969550E-02   0.1037748547728348E-02   0.1051708988770070E-02   0.1071597775080675E-02   0.1098796146718328E-02   0.1135487958077745E-02   0.1184576503007686E-02   0.1249766958222839E-02   0.1335715915788513E-02   0.1448215446560784E-02   0.1594401324103828E-02   0.1772980556609842E-02   0.1474473377125215E-02   0.1331462995025782E-02   0.1718844195154477E-02
  0.9999999747378752E-03   0.9999999747378752E-03   0.9999999747378752E-03   0.9999999747378752E-03   0.9999999747378752E-03   0.9999999747378752E-03   0.9999999747378752E-03   0.9999999747378752E-03   0.9999999747378752E-03   0.9999999747378752E-03   0.9999999747378752E-03   0.9999999747378752E-03   0.9999999747378752E-03   0.9999999747378752E-03   0.9999999747378752E-03   0.9999999747378752E-03   0.9999999747378752E-03   0.9999999747378752E-03   0.9999999747378752E-03   0.9999999747378752E-03   0.9999999747378752E-03   0.9999999747378752E-03   0.9999999747378752E-03   0.9999999747378752E-03   0.9999999747378752E-03   0.9999999747378752E-03   0.9999999747378754E-03   0.9999999747378754E-03   0.9999999747378756E-03   0.9999999747378765E-03   0.9999999749989597E-03   0.1003566080899030E-02   0.7602087123912160E-02   0.1078836536658456E-01   0.3797066451753918E-02   0.1029550475712374E-02   0.1050874789683378E+00   0.3636246390323512E+01   0.5611911297074577E+01   0.5067498024707324E+01   0.4132051680339476E+01   0.1176643927742347E+01   0.3071268133677155E-01   0.1036882160701920E-02   0.1000291294451529E-02   0.1013869926131920E-02   0.1185639152516783E-02   0.1453448604258311E-02   0.1446872685765716E-02   0.1251881325055725E-02   0.1041498002613517E-02   0.1002263056374707E-02   0.1003901323498958E-02   0.1041265912646109E-02   0.1318426907864191E-02   0.1838040755109985E-02   0.7189607077186308E-02   0.2107563159585230E-01   0.4487627231415459E-01   0.6970741260080224E-01   0.7990552559272118E-01   0.7000298769738068E-01   0.5201013640000570E-01   0.4085193810225644E-01   0.3993037845811267E-01   0.4345617659330217E-01   0.4541498376111216E-01   0.4346836799485984E-01   0.3815438300400167E-01   0.3121716902067236E-01   0.2446739694903208E-01   0.1910619805837885E-01   0.1544043639832784E-01   0.1303642330501488E-01   0.1118058293619948E-01   0.9333824560961303E-02   0.7332523183328476E-02   0.5315193902558303E-02   0.3521686586611011E-02   0.2124683187800920E-02   0.1336340535126116E-02   0.1583679934232390E-02   0.1268382699689949E-02   0.1116656994389330E-02   0.1052830583402996E-02   0.1031431888111309E-02   0.1029289028618799E-02   0.1036443166880482E-02   0.1049626385331609E-02   0.1068640151180837E-02   0.1094715353803692E-02   0.1129921733904951E-02   0.1177045169150197E-02   0.1239652529566533E-02   0.1322232276466862E-02   0.1430372396516849E-02   0.1570963312306377E-02   0.1752420499471133E-02   0.1554922108093554E-02   0.1300655271879139E-02   0.1654062617645457E-02
  0.9999999747378752E-03   0.9999999747378752E-03   0.9999999747378752E-03   0.9999999747378752E-03   0.9999999747378752E-03   0.9999999747378752E-03   0.9999999747378752E-03   0.9999999747378752E-03   0.9999999747378752E-03   0.9999999747378752E-03   0.9999999747378752E-03   0.9999999747378752E-03   0.9999999747378752E-03   0.9999999747378752E-03   0.9999999747378752E-03   0.9999999747378752E-03   0.9999999747378752E-03   0.9999999747378752E-03   0.9999999747378752E-03   0.9999999747378752E-03   0.9999999747378752E-03   0.9999999747378752E-03   0.9999999747378752E-03   0.9999999747378752E-03   0.9999999747378752E-03   0.9999999747378752E-03   0.9999999747378754E-03   0.9999999747378754E-03   0.9999999747378756E-03   0.9999999747378765E-03   0.9999999747473964E-03   0.1000453220267687E-02   0.3787396955908004E-02   0.1444042620836121E-01   0.4718748525195340E-02   0.1018297773548834E-02   0.8971358621413369E-02   0.1438759035209902E+01   0.5479655155540960E+01   0.5234713682987207E+01   0.4607732638756443E+01   0.2236223495871744E+01   0.1591883903159345E+00   0.1624530211774675E-02   0.1000360690973228E-02   0.1010363255289867E-02   0.1154698504335466E-02   0.1421655949135795E-02   0.1501365305833870E-02   0.1280406395306305E-02   0.1053299368332620E-02   0.1003023729235476E-02   0.1004386190979047E-02   0.1045987869088359E-02   0.1351959406563108E-02   0.1975511770177402E-02   0.7773556645798709E-02   0.2247633136301334E-01   0.4710585691395462E-01   0.7179355935284520E-01   0.8025443206706692E-01   0.6764035656524610E-01   0.4718913383853608E-01   0.3465237585304592E-01   0.3378851180110763E-01   0.3881204633379553E-01   0.4321450009668069E-01   0.4382210534940549E-01   0.4044419325434601E-01   0.3446736181568870E-01   0.2771454486806856E-01   0.2167051283065540E-01   0.1705698188964828E-01   0.1381135181571694E-01   0.1141550841591037E-01   0.9334414703718914E-02   0.7297516897814988E-02   0.5322986890797208E-02   0.3573035385721341E-02   0.2192620308371742E-02   0.1297240306456876E-02   0.1627077170876341E-02   0.1294374903468352E-02   0.1130004165087655E-02   0.1058619066122228E-02   0.1033272436130830E-02   0.1029186890225327E-02   0.1035284580392789E-02   0.1047671401667761E-02   0.1065833504985016E-02   0.1090833831272909E-02   0.1124624158732726E-02   0.1169875303636359E-02   0.1230021129666221E-02   0.1309389097081387E-02   0.1413371809017675E-02   0.1548624625566618E-02   0.1723283435332691E-02   0.1617197946214049E-02   0.1282174523260494E-02   0.1592220489175053E-02
  0.9999999747378752E-03   0.9999999747378752E-03   0.9999999747378752E-03   0.9999999747378752E-03   0.9999999747378752E-03   0.9999999747378752E-03   0.9999999747378752E-03   0.9999999747378752E-03   0.9999999747378752E-03   0.9999999747378752E-03   0.9999999747378752E-03   0.9999999747378752E-03   0.9999999747378752E-03   0.9999999747378752E-03   0.9999999747378752E-03   0.9999999747378752E-03   0.9999999747378752E-03   0.9999999747378752E-03   0.9999999747378752E-03   0.9999999747378752E-03   0.9999999747378752E-03   0.9999999747378752E-03   0.9999999747378752E-03   0.9999999747378752E-03   0.9999999747378752E-03   0.9999999747378752E-03   0.9999999747378754E-03   0.9999999747378754E-03   0.9999999747378756E-03   0.9999999747378765E-03   0.9999999747382340E-03   0.1000053480804467E-02   0.1935606188013896E-02   0.1668623454307803E-01   0.5513039666611199E-02   0.1043222819029305E-02   0.1312091139546308E-02   0.3303021834590190E+00   0.4333818165562591E+01   0.5401754374098139E+01   0.4877144920771830E+01   0.3277768514748665E+01   0.5272929735535350E+00   0.8285406338680619E-02   0.1006571592828930E-02   0.1007890870370195E-02   0.1129756169697170E-02   0.1408328057359378E-02   0.1523849693576431E-02   0.1301049713147062E-02   0.1067272411753940E-02   0.1003989524802559E-02   0.1004987444849026E-02   0.1051763098746425E-02   0.1392328873651281E-02   0.2173017809633097E-02   0.8444210496250815E-02   0.2403067837010766E-01   0.4946953889711032E-01   0.7386410949464425E-01   0.8050776628071556E-01   0.6542663629585220E-01   0.4294179244438277E-01   0.2913573686884237E-01   0.2785517936213654E-01   0.3358294597590203E-01   0.3981276754704541E-01   0.4281649927860057E-01   0.4162502977442016E-01   0.3706521080481433E-01   0.3078478012221731E-01   0.2442374768510533E-01   0.1905368233782289E-01   0.1498991374076905E-01   0.1197281321469374E-01   0.9546470197485040E-02   0.7382513063388280E-02   0.5393445106445958E-02   0.3657302973066829E-02   0.2279488079999828E-02   0.1330107840936193E-02   0.1678210278328177E-02   0.1325128859440912E-02   0.1146041303374161E-02   0.1065788648784272E-02   0.1035766878186553E-02   0.1029389124488868E-02   0.1034292009780435E-02   0.1045849309143044E-02   0.1063177219108167E-02   0.1087148172230098E-02   0.1119589908943169E-02   0.1163059644120078E-02   0.1220863180496373E-02   0.1297173937858318E-02   0.1397197723437377E-02   0.1527365029499758E-02   0.1695544025053303E-02   0.1701269563327345E-02   0.1285982536183643E-02   0.1533271858797847E-02
  0.9999999747378752E-03   0.9999999747378752E-03   0.9999999747378752E-03   0.9999999747378752E-03   0.9999999747378752E-03   0.9999999747378752E-03   0.9999999747378752E-03   0.9999999747378752E-03   0.9999999747378752E-03   0.9999999747378752E-03   0.9999999747378752E-03   0.9999999747378752E-03   0.9999999747378752E-03   0.9999999747378752E-03   0.9999999747378752E-03   0.9999999747378752E-03   0.9999999747378752E-03   0.9999999747378752E-03   0.9999999747378752E-03   0.9999999747378752E-03   0.9999999747378752E-03   0.9999999747378752E-03   0.9999999747378752E-03   0.9999999747378752E-03   0.9999999747378752E-03   0.9999999747378752E-03   0.9999999747378754E-03   0.9999999747378754E-03   0.9999999747378756E-03   0.9999999747378765E-03   0.9999999747378916E-03   0.1000006017928427E-02   0.1239298774695393E-02   0.1632095509415107E-01   0.6278224473613665E-02   0.1101790119552470E-02   0.1015023634360144E-02   0.4749576618312242E-01   0.2356259483188893E+01   0.5431633064763923E+01   0.5070043488610931E+01   0.4061778309863341E+01   0.1218100511622948E+01   0.4619609295269284E-01   0.1067302470586349E-02   0.1006151182778589E-02   0.1109766371074059E-02   0.1385704177441057E-02   0.1564745795527096E-02   0.1311839413308373E-02   0.1083362995492274E-02   0.1005199188471890E-02   0.1005722421260205E-02   0.1058719170029167E-02   0.1430151600078814E-02   0.2381967533764842E-02   0.9199927517865525E-02   0.2571651538339303E-01   0.5189274429756927E-01   0.7577052072618108E-01   0.8045624564512266E-01   0.6314003136146175E-01   0.3912959917516830E-01   0.2438142678082822E-01   0.2248377094437612E-01   0.2826203491977608E-01   0.3560447160130958E-01   0.4060346554057422E-01   0.4162646281492311E-01   0.3881915334218800E-01   0.3345893025037543E-01   0.2718199251892311E-01   0.2131610706776586E-01   0.1653068617335830E-01   0.1286203363764755E-01   0.1000033312483219E-01   0.7616917913310483E-02   0.5546601346243428E-02   0.3785618275856446E-02   0.2390833333755832E-02   0.1387695903279546E-02   0.1728559900349881E-02   0.1361506093422830E-02   0.1165273592893277E-02   0.1074618957461140E-02   0.1039056194415047E-02   0.1029959223339036E-02   0.1033490265699081E-02   0.1044167517429783E-02   0.1060671319795100E-02   0.1083655005565422E-02   0.1114813430919419E-02   0.1156590532989058E-02   0.1212168546748916E-02   0.1285573602609695E-02   0.1381833163871281E-02   0.1507162935998802E-02   0.1669175135717789E-02   0.1727103271501369E-02   0.1312038006017711E-02   0.1477166756614816E-02
  0.9999999747378752E-03   0.9999999747378752E-03   0.9999999747378752E-03   0.9999999747378752E-03   0.9999999747378752E-03   0.9999999747378752E-03   0.9999999747378752E-03   0.9999999747378752E-03   0.9999999747378752E-03   0.9999999747378752E-03   0.9999999747378752E-03   0.9999999747378752E-03   0.9999999747378752E-03   0.9999999747378752E-03   0.9999999747378752E-03   0.9999999747378752E-03   0.9999999747378752E-03   0.9999999747378752E-03   0.9999999747378752E-03   0.9999999747378752E-03   0.9999999747378752E-03   0.9999999747378752E-03   0.9999999747378752E-03   0.9999999747378752E-03   0.9999999747378752E-03   0.9999999747378752E-03   0.9999999747378754E-03   0.9999999747378754E-03   0.9999999747378756E-03   0.9999999747378765E-03   0.9999999747378782E-03   0.1000000644788070E-02   0.1142674656047145E-02   0.1375140401485258E-01   0.7413232430970234E-02   0.1178836437271727E-02   0.1000451139635984E-02   0.5307335511256625E-02   0.8322249508708840E+00   0.4848123224326796E+01   0.5243512205543292E+01   0.4567176000427631E+01   0.2140150054623265E+01   0.1800731064877024E+00   0.2269080283571275E-02   0.1005678400869940E-02   0.1093780742600858E-02   0.1345223229311519E-02   0.1585069349728443E-02   0.1350867893037166E-02   0.1101343998680215E-02   0.1006687678542111E-02   0.1006610411320874E-02   0.1066989459781171E-02   0.1466016684540399E-02   0.2643342881447737E-02   0.1003698924953304E-01   0.2750722557710936E-01   0.5430091330121554E-01   0.7738800512790528E-01   0.7995058305947675E-01   0.6062409786122486E-01   0.3561117368688824E-01   0.2035147070891407E-01   0.1785105259216776E-01   0.2323229068763502E-01   0.3101183179368912E-01   0.3745484689885446E-01   0.4049932208908694E-01   0.3961161570622230E-01   0.3554505669831873E-01   0.2975605320056150E-01   0.2370459432274993E-01   0.1836048262639222E-01   0.1406696027075197E-01   0.1071246403730644E-01   0.8026368249273665E-02   0.5803842558709189E-02   0.3971592679926690E-02   0.2534079459745739E-02   0.1493807176271680E-02   0.1730114237389955E-02   0.1404605111647493E-02   0.1188321938598583E-02   0.1085449189094356E-02   0.1043312082901829E-02   0.1030975693669291E-02   0.1032910870367670E-02   0.1042636102896764E-02   0.1058316713100403E-02   0.1080351109722598E-02   0.1110289016544231E-02   0.1150459992486893E-02   0.1203926627983089E-02   0.1274574258176364E-02   0.1367260294765165E-02   0.1487995604763458E-02   0.1644148099149313E-02   0.1754663345747216E-02   0.1330296952169364E-02   0.1423851712338216E-02
  0.9999999747378752E-03   0.9999999747378752E-03   0.9999999747378752E-03   0.9999999747378752E-03   0.9999999747378752E-03   0.9999999747378752E-03   0.9999999747378752E-03   0.9999999747378752E-03   0.9999999747378752E-03   0.9999999747378752E-03   0.9999999747378752E-03   0.9999999747378752E-03   0.9999999747378752E-03   0.9999999747378752E-03   0.9999999747378752E-03   0.9999999747378752E-03   0.9999999747378752E-03   0.9999999747378752E-03   0.9999999747378752E-03   0.9999999747378752E-03   0.9999999747378752E-03   0.9999999747378752E-03   0.9999999747378752E-03   0.9999999747378752E-03   0.9999999747378752E-03   0.9999999747378752E-03   0.9999999747378754E-03   0.9999999747378754E-03   0.9999999747378756E-03   0.9999999747378765E-03   0.9999999747378775E-03   0.1000000049305686E-02   0.1042149872808849E-02   0.1032558931026669E-01   0.9138753704609984E-02   0.1416333978729775E-02   0.1000070131279971E-02   0.1225344843483046E-02   0.1971467651021152E+00   0.3372580817297628E+01   0.5360057031595129E+01   0.4888934806700591E+01   0.3083423006704470E+01   0.5008766517426422E+00   0.1041326421113626E-01   0.1020067168294327E-02   0.1080988853207771E-02   0.1367679369311844E-02   0.1586121001393524E-02   0.1376434840053286E-02   0.1120821316230878E-02   0.1008478725736375E-02   0.1007671621669568E-02   0.1076702399356242E-02   0.1490407772711265E-02   0.2937326023410066E-02   0.1094843731833822E-01   0.2936924307309629E-01   0.5661505730693776E-01   0.7860748615155407E-01   0.7889077469697015E-01   0.5778863317391121E-01   0.3227730747255733E-01   0.1696373948443596E-01   0.1399628805269662E-01   0.1873615067542000E-01   0.2640779868583581E-01   0.3370376252842332E-01   0.3840584000400603E-01   0.3941872877426160E-01   0.3690110638133755E-01   0.3196849657944945E-01   0.2606634358232574E-01   0.2038088552634194E-01   0.1554602571321700E-01   0.1168188427551541E-01   0.8628614827933881E-02   0.6185231229022312E-02   0.4230220211544562E-02   0.2718318794316196E-02   0.1623375056391097E-02   0.1675465530951316E-02   0.1455815158942605E-02   0.1215946135365539E-02   0.1098687566126276E-02   0.1048741222529889E-02   0.1032534217989237E-02   0.1032593174828342E-02   0.1041268355714045E-02   0.1056115438528750E-02   0.1077233536046071E-02   0.1106010882204767E-02   0.1144659800072567E-02   0.1196126449437945E-02   0.1264161551675184E-02   0.1353460573719340E-02   0.1469839341436662E-02   0.1620432966762566E-02   0.1783912354030994E-02   0.1400713125705378E-02   0.1373270269507403E-02
  0.9999999747378752E-03   0.9999999747378752E-03   0.9999999747378752E-03   0.9999999747378752E-03   0.9999999747378752E-03   0.9999999747378752E-03   0.9999999747378752E-03   0.9999999747378752E-03   0.9999999747378752E-03   0.9999999747378752E-03   0.9999999747378752E-03   0.9999999747378752E-03   0.9999999747378752E-03   0.9999999747378752E-03   0.9999999747378752E-03   0.9999999747378752E-03   0.9999999747378752E-03   0.9999999747378752E-03   0.9999999747378752E-03   0.9999999747378752E-03   0.9999999747378752E-03   0.9999999747378752E-03   0.9999999747378752E-03   0.9999999747378752E-03   0.9999999747378752E-03   0.9999999747378752E-03   0.9999999747378754E-03   0.9999999747378754E-03   0.9999999747378756E-03   0.9999999747378765E-03   0.9999999747378775E-03   0.9999999832260265E-03   0.1011836701103547E-02   0.7158123290599074E-02   0.1135604238672141E-01   0.1746848199684615E-02   0.1000214550017710E-02   0.1019017245140914E-02   0.3388220789784091E-01   0.1696873252572851E+01   0.5165582504104298E+01   0.5121490067436859E+01   0.3877896179711311E+01   0.1061341592861890E+01   0.4475989915841203E-01   0.1111119371234683E-02   0.1070783399761903E-02   0.1353385439723002E-02   0.1599239382514369E-02   0.1407121879256027E-02   0.1141261889724409E-02   0.1010577607073194E-02   0.1008925538219567E-02   0.1087967493123413E-02   0.1493611482706879E-02   0.3262919368136837E-02   0.1192313090780439E-01   0.3126078538795502E-01   0.5875069909280570E-01   0.7933281500585594E-01   0.7721773391767024E-01   0.5460089467475062E-01   0.2906168861048441E-01   0.1410472050586198E-01   0.1087169556249188E-01   0.1488624226384927E-01   0.2207117136344529E-01   0.2968150678113381E-01   0.3558449099549392E-01   0.3831211842047024E-01   0.3745372866719068E-01   0.3367222442500003E-01   0.2824900660278715E-01   0.2247671395782560E-01   0.1723543759419721E-01   0.1288891003605189E-01   0.9430323368707364E-02   0.6706655628531006E-02   0.4576268846191936E-02   0.2953722922085984E-02   0.1782368557412748E-02   0.1627853671133371E-02   0.1516861368025660E-02   0.1249068368915385E-02   0.1114821145487650E-02   0.1055589357211784E-02   0.1034749593487799E-02   0.1032585367931910E-02   0.1040081297699914E-02   0.1054070922135431E-02   0.1074299736086964E-02   0.1101973249736964E-02   0.1139181563455081E-02   0.1188756751045401E-02   0.1254320724958524E-02   0.1340414900672980E-02   0.1452669691294436E-02   0.1597998759120622E-02   0.1774811475599258E-02   0.1493238417697353E-02   0.1325363492359925E-02
  0.9999999747378752E-03   0.9999999747378752E-03   0.9999999747378752E-03   0.9999999747378752E-03   0.9999999747378752E-03   0.9999999747378752E-03   0.9999999747378752E-03   0.9999999747378752E-03   0.9999999747378752E-03   0.9999999747378752E-03   0.9999999747378752E-03   0.9999999747378752E-03   0.9999999747378752E-03   0.9999999747378752E-03   0.9999999747378752E-03   0.9999999747378752E-03   0.9999999747378752E-03   0.9999999747378752E-03   0.9999999747378752E-03   0.9999999747378752E-03   0.9999999747378752E-03   0.9999999747378752E-03   0.9999999747378752E-03   0.9999999747378752E-03   0.9999999747378752E-03   0.9999999747378752E-03   0.9999999747378754E-03   0.9999999747378754E-03   0.9999999747378756E-03   0.9999999747378765E-03   0.9999999747378775E-03   0.9999999757421582E-03   0.1003221584760980E-02   0.4660348139555051E-02   0.1349901155155303E-01   0.2176405766317465E-02   0.1000659985144559E-02   0.1000970036515205E-02   0.5099012205446249E-02   0.6168353629163550E+00   0.4293513347263643E+01   0.5301822337867330E+01   0.4471704875132496E+01   0.1821366400041234E+01   0.1459803546543048E+00   0.2248440829771664E-02   0.1063783380887179E-02   0.1342316922770419E-02   0.1605631478190231E-02   0.1431807689807415E-02   0.1162035532587044E-02   0.1012965790323231E-02   0.1010388616201044E-02   0.1100857682618081E-02   0.1545612091373250E-02   0.3617561307094307E-02   0.1294500485643485E-01   0.3313154410665722E-01   0.6061915465577704E-01   0.7948156278554315E-01   0.7490779913540799E-01   0.5107403506363606E-01   0.2594766115543813E-01   0.1169188721224027E-01   0.8396064088859788E-02   0.1169729641729809E-01   0.1817542256226385E-01   0.2566988148143474E-01   0.3230347647155669E-01   0.3644102559778797E-01   0.3720613220715283E-01   0.3476727897134711E-01   0.3011554232442051E-01   0.2452612547640164E-01   0.1905439709120578E-01   0.1429604449454115E-01   0.1042524890575501E-01   0.7377331309154976E-02   0.5022428576889085E-02   0.3250608839299661E-02   0.1977475111444266E-02   0.1561114027946153E-02   0.1559820387984876E-02   0.1288789966165154E-02   0.1134424077834420E-02   0.1064144650821905E-02   0.1037757203785325E-02   0.1032945243123268E-02   0.1039096105169627E-02   0.1052188201936537E-02   0.1071547683352380E-02   0.1098170426363934E-02   0.1134016794348465E-02   0.1181806074122646E-02   0.1245036725741931E-02   0.1328103762764935E-02   0.1436461627556439E-02   0.1576813708965053E-02   0.1757320809289811E-02   0.1567823252043550E-02   0.1290070462394113E-02
  0.9999999747378752E-03   0.9999999747378752E-03   0.9999999747378752E-03   0.9999999747378752E-03   0.9999999747378752E-03   0.9999999747378752E-03   0.9999999747378752E-03   0.9999999747378752E-03   0.9999999747378752E-03   0.9999999747378752E-03   0.9999999747378752E-03   0.9999999747378752E-03   0.9999999747378752E-03   0.9999999747378752E-03   0.9999999747378752E-03   0.9999999747378752E-03   0.9999999747378752E-03   0.9999999747378752E-03   0.9999999747378752E-03   0.9999999747378752E-03   0.9999999747378752E-03   0.9999999747378752E-03   0.9999999747378752E-03   0.9999999747378752E-03   0.9999999747378752E-03   0.9999999747378752E-03   0.9999999747378754E-03   0.9999999747378754E-03   0.9999999747378756E-03   0.9999999747378765E-03   0.9999999747378775E-03   0.9999999748630619E-03   0.1000864579351818E-02   0.3048588553186459E-02   0.1492888176425650E-01   0.2718558361255898E-02   0.1001758654685356E-02   0.1000045887653397E-02   0.1352815318702699E-02   0.1688230771519522E+00   0.2852887943721325E+01   0.5341600548629169E+01   0.4899534400857030E+01   0.2667508959091689E+01   0.3683676639924560E+00   0.8016302149157450E-02   0.1072014092155903E-02   0.1344229610991866E-02   0.1596274573244852E-02   0.1449641941646442E-02   0.1172461582961055E-02   0.1015598574634572E-02   0.1012071360238371E-02   0.1115388464517397E-02   0.1545977830449576E-02   0.3996767044918275E-02   0.1399259641112830E-01   0.3492329004181422E-01   0.6213051240060559E-01   0.7898788556498854E-01   0.7196920703439931E-01   0.4725572921333437E-01   0.2291884500422780E-01   0.9651468791795089E-02   0.6474956191544840E-02   0.9122209044216394E-02   0.1480118980909317E-01   0.2187692253418771E-01   0.2881814126676037E-01   0.3400146453247020E-01   0.3623181262813498E-01   0.3521119300824760E-01   0.3155845762039208E-01   0.2641197816434834E-01   0.2091200725694245E-01   0.1585071774596192E-01   0.1159390996855098E-01   0.8198041356473423E-02   0.5577533475870714E-02   0.3618289914674320E-02   0.2215566447377143E-02   0.1549499691890563E-02   0.1577083580506095E-02   0.1336390835280690E-02   0.1158160655900987E-02   0.1074739182462273E-02   0.1041713625333554E-02   0.1033740545195614E-02   0.1038338352281711E-02   0.1050474089011587E-02   0.1068975975649328E-02   0.1094596879002129E-02   0.1129156979456452E-02   0.1175262845108151E-02   0.1236294314883331E-02   0.1316507374248626E-02   0.1421189733498712E-02   0.1556845496634897E-02   0.1731399677976465E-02   0.1634416967967161E-02   0.1267328763194173E-02
  0.9999999747378752E-03   0.9999999747378752E-03   0.9999999747378752E-03   0.9999999747378752E-03   0.9999999747378752E-03   0.9999999747378752E-03   0.9999999747378752E-03   0.9999999747378752E-03   0.9999999747378752E-03   0.9999999747378752E-03   0.9999999747378752E-03   0.9999999747378752E-03   0.9999999747378752E-03   0.9999999747378752E-03   0.9999999747378752E-03   0.9999999747378752E-03   0.9999999747378752E-03   0.9999999747378752E-03   0.9999999747378752E-03   0.9999999747378752E-03   0.9999999747378752E-03   0.9999999747378752E-03   0.9999999747378752E-03   0.9999999747378752E-03   0.9999999747378752E-03   0.9999999747378752E-03   0.9999999747378754E-03   0.9999999747378754E-03   0.9999999747378756E-03   0.9999999747378765E-03   0.9999999747378775E-03   0.9999999747545060E-03   0.1000232289361729E-02   0.2062852592547453E-02   0.1537129388778373E-01   0.3328809224917899E-02   0.1004127559644496E-02   0.1000002103774973E-02   0.1043460960167355E-02   0.3705554521563966E-01   0.1477160883686709E+01   0.4988866144017630E+01   0.5216371202937976E+01   0.3482063619905317E+01   0.7531002628299308E+00   0.2825387460178673E-01   0.1120116769370370E-02   0.1328797545411020E-02   0.1601875924302534E-02   0.1479998286007311E-02   0.1181853186420487E-02   0.1018406093738723E-02   0.1013975013978127E-02   0.1131495199930371E-02   0.1603749848600317E-02   0.4403843601299163E-02   0.1503895135955714E-01   0.3657142806029699E-01   0.6319785396315741E-01   0.7780626279870576E-01   0.6843935996817328E-01   0.4322788253924926E-01   0.2002831793446564E-01   0.7917947086380807E-02   0.5008102651079346E-02   0.7082488152266689E-02   0.1195980285175000E-01   0.1843365040971445E-01   0.2534188296095437E-01   0.3120262861918185E-01   0.3465654461894165E-01   0.3501978218928047E-01   0.3251044192579179E-01   0.2803328013777328E-01   0.2271547132785971E-01   0.1748958474844063E-01   0.1290469395147391E-01   0.9160319208265860E-02   0.6245136106092557E-02   0.4063890901363044E-02   0.2503006227549778E-02   0.1607374003201603E-02   0.1581250532051844E-02   0.1393299920790667E-02   0.1186777947500194E-02   0.1087746711324489E-02   0.1046795727264572E-02   0.1035048651140275E-02   0.1037837968635800E-02   0.1048937218419477E-02   0.1066583899886584E-02   0.1091247296516496E-02   0.1124593646566547E-02   0.1169115455543404E-02   0.1228078169303372E-02   0.1305605810908269E-02   0.1406828377654244E-02   0.1538061476924862E-02   0.1707006919044694E-02   0.1692968193050991E-02   0.1257074949815094E-02
  0.9999999747378752E-03   0.9999999747378752E-03   0.9999999747378752E-03   0.9999999747378752E-03   0.9999999747378752E-03   0.9999999747378752E-03   0.9999999747378752E-03   0.9999999747378752E-03   0.9999999747378752E-03   0.9999999747378752E-03   0.9999999747378752E-03   0.9999999747378752E-03   0.9999999747378752E-03   0.9999999747378752E-03   0.9999999747378752E-03   0.9999999747378752E-03   0.9999999747378752E-03   0.9999999747378752E-03   0.9999999747378752E-03   0.9999999747378752E-03   0.9999999747378752E-03   0.9999999747378752E-03   0.9999999747378752E-03   0.9999999747378752E-03   0.9999999747378752E-03   0.9999999747378752E-03   0.9999999747378754E-03   0.9999999747378754E-03   0.9999999747378756E-03   0.9999999747378765E-03   0.9999999747378773E-03   0.9999999747402548E-03   0.1000063309154620E-02   0.1495403469998789E-02   0.1478442256665929E-01   0.4230374971491626E-02   0.1008679202347604E-02   0.1000000103260080E-02   0.1003770128063275E-02   0.7312299308130762E-02   0.6053284970842956E+00   0.4065481406297335E+01   0.5432728988907314E+01   0.4194606782081220E+01   0.1302810782250487E+01   0.8184812270641319E-01   0.1627844713621242E-02   0.1316194102476115E-02   0.1592875370388473E-02   0.1502423859140860E-02   0.1189554908239501E-02   0.1021297346369816E-02   0.1016088243693590E-02   0.1149011301442407E-02   0.1617350755924631E-02   0.4819742431987648E-02   0.1605203219523866E-01   0.3800752834933238E-01   0.6374230986236422E-01   0.7591517182167415E-01   0.6438193080421754E-01   0.3905747713247289E-01   0.1728872936229199E-01   0.6470021735729474E-02   0.3937427412948291E-02   0.5489745415956975E-02   0.9618123548190102E-02   0.1540449142664202E-01   0.2203282738778308E-01   0.2823904760895886E-01   0.3263463811186360E-01   0.3425856124909104E-01   0.3294887960349221E-01   0.2931481801338523E-01   0.2437879406132116E-01   0.1914405459909511E-01   0.1431624710416179E-01   0.1024663001961161E-01   0.7022623948742501E-02   0.4591306657191422E-02   0.2844895213342484E-02   0.1728798824011150E-02   0.1544948178115342E-02   0.1461027567309423E-02   0.1221082365510558E-02   0.1103574238095260E-02   0.1053197344212664E-02   0.1036955248628412E-02   0.1037628778748343E-02   0.1047587935246679E-02   0.1064371437464451E-02   0.1088116631873039E-02   0.1120318423006242E-02   0.1163352337318290E-02   0.1220372980026148E-02   0.1295379138481227E-02   0.1393351881479694E-02   0.1520428896554696E-02   0.1684101164842087E-02   0.1743425200531115E-02   0.1259245001780274E-02
  0.9999999747378752E-03   0.9999999747378752E-03   0.9999999747378752E-03   0.9999999747378752E-03   0.9999999747378752E-03   0.9999999747378752E-03   0.9999999747378752E-03   0.9999999747378752E-03   0.9999999747378752E-03   0.9999999747378752E-03   0.9999999747378752E-03   0.9999999747378752E-03   0.9999999747378752E-03   0.9999999747378752E-03   0.9999999747378752E-03   0.9999999747378752E-03   0.9999999747378752E-03   0.9999999747378752E-03   0.9999999747378752E-03   0.9999999747378752E-03   0.9999999747378752E-03   0.9999999747378752E-03   0.9999999747378752E-03   0.9999999747378752E-03   0.9999999747378752E-03   0.9999999747378752E-03   0.9999999747378754E-03   0.9999999747378754E-03   0.9999999747378756E-03   0.9999999747378765E-03   0.9999999747378773E-03   0.9999999747382473E-03   0.1000017698446808E-02   0.1255243663275383E-02   0.1352460902022535E-01   0.5403895104016165E-02   0.1016636948608427E-02   0.1000000075394738E-02   0.1000315881867372E-02   0.1860996039833925E-02   0.2035822088937075E+00   0.2783394559268621E+01   0.5451432045971150E+01   0.4787890811132803E+01   0.1979667496514542E+01   0.1949206625320317E+00   0.3907953874457546E-02   0.1310406146642772E-02   0.1569479777848197E-02   0.1516598059598773E-02   0.1184972213781299E-02   0.1024166457339954E-02   0.1018384363021788E-02   0.1167651299983510E-02   0.1654534537934508E-02   0.5233119845764013E-02   0.1700573508853360E-01   0.3916279685664369E-01   0.6369852015471376E-01   0.7331997157551201E-01   0.5989320096721268E-01   0.3486843142592833E-01   0.1473432237108845E-01   0.5285908394972005E-02   0.3139347421649289E-02   0.4268723063418860E-02   0.7719347332759322E-02   0.1280370887277018E-01   0.1899342992850444E-01   0.2527275178799913E-01   0.3032584402823920E-01   0.3302783111285770E-01   0.3289349555669452E-01   0.3021309527852575E-01   0.2583075466923283E-01   0.2074651662700168E-01   0.1578093351260226E-01   0.1143151261694441E-01   0.7900974961939890E-02   0.5200448254201443E-02   0.3244361502815109E-02   0.1937067841738547E-02   0.1560586542519998E-02   0.1511056825971518E-02   0.1261895827323053E-02   0.1122644814322542E-02   0.1061122416615510E-02   0.1039551590488612E-02   0.1037747464512378E-02   0.1046437953604056E-02   0.1062339185755347E-02   0.1085200114984315E-02   0.1116323083223917E-02   0.1157962032035381E-02   0.1213163544803704E-02   0.1285807534638783E-02   0.1380734678947325E-02   0.1503915101529067E-02   0.1662641109856786E-02   0.1775736251812755E-02   0.1283774757432913E-02
  0.9999999747378752E-03   0.9999999747378752E-03   0.9999999747378752E-03   0.9999999747378752E-03   0.9999999747378752E-03   0.9999999747378752E-03   0.9999999747378752E-03   0.9999999747378752E-03   0.9999999747378752E-03   0.9999999747378752E-03   0.9999999747378752E-03   0.9999999747378752E-03   0.9999999747378752E-03   0.9999999747378752E-03   0.9999999747378752E-03   0.9999999747378752E-03   0.9999999747378752E-03   0.9999999747378752E-03   0.9999999747378752E-03   0.9999999747378752E-03   0.9999999747378752E-03   0.9999999747378752E-03   0.9999999747378752E-03   0.9999999747378752E-03   0.9999999747378752E-03   0.9999999747378752E-03   0.9999999747378754E-03   0.9999999747378754E-03   0.9999999747378756E-03   0.9999999747378762E-03   0.9999999747378771E-03   0.9999999747379415E-03   0.1000005117667387E-02   0.1212014000829119E-02   0.1182408397912746E-01   0.6758769622408426E-02   0.1029610200634544E-02   0.1000000252307676E-02   0.1000026514673059E-02   0.1106892168686475E-02   0.5882089163384990E-01   0.1592636457179261E+01   0.5093961654178832E+01   0.5269071381961783E+01   0.2725529813738170E+01   0.3931719982253686E+00   0.1093482499390869E-01   0.1342846963597168E-02   0.1561730967305541E-02   0.1532308481760865E-02   0.1177593451513937E-02   0.1026900200687936E-02   0.1020819780494834E-02   0.1187003843114996E-02   0.1622402183020578E-02   0.5630670695136122E-02   0.1784157868677426E-01   0.3998235009323703E-01   0.6303002739708922E-01   0.7006445498582198E-01   0.5505737940477082E-01   0.3072442685948627E-01   0.1240512005585781E-01   0.4299377993043274E-02   0.2554128069409716E-02   0.3373894835928337E-02   0.6197976229301081E-02   0.1061226573275184E-01   0.1627814894626624E-01   0.2242564978811498E-01   0.2787734820685075E-01   0.3144565071275211E-01   0.3239836395069930E-01   0.3071759254264780E-01   0.2702082775185752E-01   0.2223646485980845E-01   0.1724901492483895E-01   0.1268356726585595E-01   0.8865173668170781E-02   0.5886869684877960E-02   0.3701992533830928E-02   0.2194246036184760E-02   0.1610076164502763E-02   0.1534698869875851E-02   0.1309990221019263E-02   0.1145369790583582E-02   0.1070773565280327E-02   0.1042929879117472E-02   0.1038231778376046E-02   0.1045499723094036E-02   0.1060488170504197E-02   0.1082493226736577E-02   0.1112599582062023E-02   0.1152933253265169E-02   0.1206434854784174E-02   0.1276871404119475E-02   0.1368951467591160E-02   0.1488487733760440E-02   0.1642585764779122E-02   0.1789849921780986E-02   0.1310600329581478E-02
  0.9999999747378752E-03   0.9999999747378752E-03   0.9999999747378752E-03   0.9999999747378752E-03   0.9999999747378752E-03   0.9999999747378752E-03   0.9999999747378752E-03   0.9999999747378752E-03   0.9999999747378752E-03   0.9999999747378752E-03   0.9999999747378752E-03   0.9999999747378752E-03   0.9999999747378752E-03   0.9999999747378752E-03   0.9999999747378752E-03   0.9999999747378752E-03   0.9999999747378752E-03   0.9999999747378752E-03   0.9999999747378752E-03   0.9999999747378752E-03   0.9999999747378752E-03   0.9999999747378752E-03   0.9999999747378752E-03   0.9999999747378752E-03   0.9999999747378752E-03   0.9999999747378752E-03   0.9999999747378754E-03   0.9999999747378754E-03   0.9999999747378756E-03   0.9999999747378762E-03   0.9999999747378771E-03   0.9999999747378908E-03   0.1000001535812018E-02   0.1110722685333747E-02   0.1005678176501617E-01   0.8335387937020957E-02   0.1039862562363990E-02   0.1000000682863241E-02   0.1000002280440157E-02   0.1022264529677977E-02   0.1550862229572286E-01   0.7751177802147932E+00   0.4284410136211196E+01   0.5622362196613136E+01   0.3486659911334784E+01   0.6928504478530857E+00   0.2812550350453298E-01   0.1380420294877494E-02   0.1549656725334551E-02   0.1549447529533946E-02   0.1187006068790977E-02   0.1029385877419624E-02   0.1023334406145068E-02   0.1206539969448475E-02   0.1657505326546310E-02   0.6007781048709920E-02   0.1855105770644369E-01   0.4040004796104082E-01   0.6169410282373058E-01   0.6620071670450688E-01   0.5002095243427637E-01   0.2673278091880191E-01   0.1031319379433684E-01   0.3477018591781201E-02   0.2134050988733698E-02   0.2731850449610020E-02   0.4989283598819306E-02   0.8792075650614685E-02   0.1390460988547939E-01   0.1977986235729432E-01   0.2541263420022378E-01   0.2963238298601832E-01   0.3154074135304888E-01   0.3084759554866073E-01   0.2792213138787993E-01   0.2356561327520739E-01   0.1867304051454087E-01   0.1396807910827652E-01   0.9895243013395531E-02   0.6641817849288784E-02   0.4215481176650223E-02   0.2520775578012401E-02   0.1704540951747313E-02   0.1522925524197859E-02   0.1366003060166202E-02   0.1172110268350485E-02   0.1082335513557015E-02   0.1047176435101081E-02   0.1039117856850242E-02   0.1044785444098035E-02   0.1058819526754305E-02   0.1079991625686353E-02   0.1109140070562768E-02   0.1148254940525035E-02   0.1200172174713745E-02   0.1268551486652074E-02   0.1357977350597546E-02   0.1474114916407905E-02   0.1623894696440164E-02   0.1805715406878720E-02   0.1369658496723916E-02
  0.9999999747378752E-03   0.9999999747378752E-03   0.9999999747378752E-03   0.9999999747378752E-03   0.9999999747378752E-03   0.9999999747378752E-03   0.9999999747378752E-03   0.9999999747378752E-03   0.9999999747378752E-03   0.9999999747378752E-03   0.9999999747378752E-03   0.9999999747378752E-03   0.9999999747378752E-03   0.9999999747378752E-03   0.9999999747378752E-03   0.9999999747378752E-03   0.9999999747378752E-03   0.9999999747378752E-03   0.9999999747378752E-03   0.9999999747378752E-03   0.9999999747378752E-03   0.9999999747378752E-03   0.9999999747378752E-03   0.9999999747378752E-03   0.9999999747378752E-03   0.9999999747378752E-03   0.9999999747378754E-03   0.9999999747378754E-03   0.9999999747378756E-03   0.9999999747378762E-03   0.9999999747378769E-03   0.9999999747378815E-03   0.1000000474215348E-02   0.1058256677202759E-02   0.8376760805587765E-02   0.9932194045867803E-02   0.1060813993946130E-02   0.1000001595908180E-02   0.1000000187213833E-02   0.1003134717450386E-02   0.4221513688226671E-02   0.3301690306575135E+00   0.3188413197924645E+01   0.5770052892998317E+01   0.4226190375602386E+01   0.1096057796872280E+01   0.6312549628019021E-01   0.1737136553493895E-02   0.1533683012123235E-02   0.1548029512420345E-02   0.1172908935023955E-02   0.1031518828412573E-02   0.1025854651891319E-02   0.1225640990179992E-02   0.1746052116387273E-02   0.6329509040901225E-02   0.1906856372557479E-01   0.4037353197534823E-01   0.5972551924564608E-01   0.6181718177098780E-01   0.4487635016061420E-01   0.2295952816894736E-01   0.8490776725818288E-02   0.2846695619748587E-02   0.1821339965579918E-02   0.2321247600280125E-02   0.4034480502377149E-02   0.7296586188316564E-02   0.1186500120067665E-01   0.1738296075627526E-01   0.2302684241797005E-01   0.2769905776757296E-01   0.3040937220917924E-01   0.3064583557693880E-01   0.2853119648066647E-01   0.2470125858703119E-01   0.2001184254386026E-01   0.1524996083575321E-01   0.1096777714786979E-01   0.7452700045684548E-02   0.4779528488390949E-02   0.2885198078116848E-02   0.1834062290478765E-02   0.1496197437796819E-02   0.1430341404614379E-02   0.1203129637926798E-02   0.1095953591529384E-02   0.1052362570264859E-02   0.1040436563560252E-02   0.1044305698054635E-02   0.1057334034334324E-02   0.1077691021809925E-02   0.1105936892066993E-02   0.1143916304082066E-02   0.1194361116248808E-02   0.1260828957356685E-02   0.1347787969585736E-02   0.1460765427454249E-02   0.1606528252961046E-02   0.1793282816791327E-02   0.1440887076142648E-02
  0.9999999747378752E-03   0.9999999747378752E-03   0.9999999747378752E-03   0.9999999747378752E-03   0.9999999747378752E-03   0.9999999747378752E-03   0.9999999747378752E-03   0.9999999747378752E-03   0.9999999747378752E-03   0.9999999747378752E-03   0.9999999747378752E-03   0.9999999747378752E-03   0.9999999747378752E-03   0.9999999747378752E-03   0.9999999747378752E-03   0.9999999747378752E-03   0.9999999747378752E-03   0.9999999747378752E-03   0.9999999747378752E-03   0.9999999747378752E-03   0.9999999747378752E-03   0.9999999747378752E-03   0.9999999747378752E-03   0.9999999747378752E-03   0.9999999747378752E-03   0.9999999747378752E-03   0.9999999747378754E-03   0.9999999747378754E-03   0.9999999747378756E-03   0.9999999747378762E-03   0.9999999747378769E-03   0.9999999747378795E-03   0.1000000144324203E-02   0.1031140693051569E-02   0.6882031939920786E-02   0.1135598301191539E-01   0.1087560773203462E-02   0.1000003378787503E-02   0.9999999959435699E-03   0.1000450368621836E-02   0.1590477456554223E-02   0.1271706262479562E+00   0.2103728052153752E+01   0.5599423754961686E+01   0.4919169898302460E+01   0.1592707958235107E+01   0.1243434476397089E+00   0.2808042754219994E-02   0.1515643064334819E-02   0.1538224877764799E-02   0.1165122047338592E-02   0.1033209072070865E-02   0.1028299324872728E-02   0.1243647577111722E-02   0.1844214336500107E-02   0.6601851703955149E-02   0.1937467533116734E-01   0.3987903334206513E-01   0.5711884615116338E-01   0.5702484769420688E-01   0.3977537686849422E-01   0.1947588149992065E-01   0.6929910103098847E-02   0.2356957280166439E-02   0.1616265230976761E-02   0.2021561419417121E-02   0.3282932605242875E-02   0.6077832670677885E-02   0.1013589346969504E-01   0.1525537612254638E-01   0.2078706858258574E-01   0.2574025569093974E-01   0.2909431176719327E-01   0.3017062429645675E-01   0.2886505590788294E-01   0.2562753518807871E-01   0.2123358705712752E-01   0.1649662593997072E-01   0.1205778836390274E-01   0.8303913783745552E-02   0.5386014115601338E-02   0.3284027160196907E-02   0.1997486447022339E-02   0.1504308633843869E-02   0.1503084322495282E-02   0.1238541250254030E-02   0.1111708615141640E-02   0.1058533506462417E-02   0.1042208938740235E-02   0.1044067708054591E-02   0.1056031510275170E-02   0.1075586997111464E-02   0.1102982558103460E-02   0.1139906860204252E-02   0.1188987704114117E-02   0.1253685519379029E-02   0.1338359627777127E-02   0.1448408861104724E-02   0.1590447773523208E-02   0.1772503442588874E-02   0.1524225268860529E-02
  0.9999999747378752E-03   0.9999999747378752E-03   0.9999999747378752E-03   0.9999999747378752E-03   0.9999999747378752E-03   0.9999999747378752E-03   0.9999999747378752E-03   0.9999999747378752E-03   0.9999999747378752E-03   0.9999999747378752E-03   0.9999999747378752E-03   0.9999999747378752E-03   0.9999999747378752E-03   0.9999999747378752E-03   0.9999999747378752E-03   0.9999999747378752E-03   0.9999999747378752E-03   0.9999999747378752E-03   0.9999999747378752E-03   0.9999999747378752E-03   0.9999999747378752E-03   0.9999999747378752E-03   0.9999999747378752E-03   0.9999999747378752E-03   0.9999999747378752E-03   0.9999999747378752E-03   0.9999999747378754E-03   0.9999999747378754E-03   0.9999999747378754E-03   0.9999999747378762E-03   0.9999999747378769E-03   0.9999999747378791E-03   0.1000000036198814E-02   0.1017039783573821E-02   0.5636058181625301E-02   0.1258169298221890E-01   0.1146952985884092E-02   0.1000006739486525E-02   0.9999999770696879E-03   0.1000067597091773E-02   0.1128983176322593E-02   0.4585024257090697E-01   0.1249534135217922E+01   0.5060612032954039E+01   0.5532406937259394E+01   0.2166494340323780E+01   0.2190242044830802E+00   0.5253843332451280E-02   0.1490562685644766E-02   0.1520405644819987E-02   0.1163593869841986E-02   0.1034386714579139E-02   0.1030588111172391E-02   0.1259927216128987E-02   0.1928514047168874E-02   0.6803195821476768E-02   0.1945952490110174E-01   0.3891547068316602E-01   0.5397895339873918E-01   0.5196199395243063E-01   0.3479293596010948E-01   0.1631618901462274E-01   0.5603269755624110E-02   0.1957066182416304E-02   0.1495555422605355E-02   0.1801386606668873E-02   0.2702565761444168E-02   0.5090638138781926E-02   0.8685798684160247E-02   0.1339803947373353E-01   0.1873573291711034E-01   0.2383109087796769E-01   0.2767938624482385E-01   0.2948804959502012E-01   0.2895659748845985E-01   0.2634465871308797E-01   0.2231752567920912E-01   0.1768040932876234E-01   0.1314062792040246E-01   0.9177935227156686E-02   0.6024412694110113E-02   0.3711786529684349E-02   0.2212319389439223E-02   0.1546267075965616E-02   0.1553895727826957E-02   0.1278256972497514E-02   0.1129590496296132E-02   0.1065696188139442E-02   0.1044441035764623E-02   0.1044073318765184E-02   0.1054910085686629E-02   0.1073674781200816E-02   0.1100269706210051E-02   0.1136216457288582E-02   0.1184038435083266E-02   0.1247103488598827E-02   0.1329669403305277E-02   0.1437015776646763E-02   0.1575615782238333E-02   0.1753330008915493E-02   0.1589613982724217E-02
  0.9999999747378752E-03   0.9999999747378752E-03   0.9999999747378752E-03   0.9999999747378752E-03   0.9999999747378752E-03   0.9999999747378752E-03   0.9999999747378752E-03   0.9999999747378752E-03   0.9999999747378752E-03   0.9999999747378752E-03   0.9999999747378752E-03   0.9999999747378752E-03   0.9999999747378752E-03   0.9999999747378752E-03   0.9999999747378752E-03   0.9999999747378752E-03   0.9999999747378752E-03   0.9999999747378752E-03   0.9999999747378752E-03   0.9999999747378752E-03   0.9999999747378752E-03   0.9999999747378752E-03   0.9999999747378752E-03   0.9999999747378752E-03   0.9999999747378752E-03   0.9999999747378752E-03   0.9999999747378754E-03   0.9999999747378754E-03   0.9999999747378754E-03   0.9999999747378762E-03   0.9999999747378769E-03   0.9999999747378791E-03   0.9999999986379216E-03   0.1009609521744276E-02   0.4631027216991711E-02   0.1357456831488799E-01   0.1216807136093690E-02   0.1000013193054731E-02   0.9999999750253540E-03   0.1000010798473502E-02   0.1040511430369172E-02   0.1611144159039919E-01   0.6829640726773623E+00   0.4235313719406988E+01   0.6006823468763966E+01   0.2799923397328394E+01   0.3515494418872944E+00   0.9909872645208779E-02   0.1468509517328231E-02   0.1485193288456863E-02   0.1158405399927903E-02   0.1035005867688735E-02   0.1032651550500413E-02   0.1273951731829098E-02   0.1986245115610715E-02   0.6935793558610731E-02   0.1928587656531559E-01   0.3751736037546037E-01   0.5035956066878557E-01   0.4674778970764391E-01   0.3007158312667261E-01   0.1351739747959794E-01   0.4515803724685446E-02   0.1677360459036521E-02   0.1421111598326219E-02   0.1656708402702172E-02   0.2289288542827026E-02   0.4294755219820085E-02   0.7480484051875443E-02   0.1179913822053534E-01   0.1689538627335290E-01   0.2202729243045577E-01   0.2623755283648507E-01   0.2866534257439876E-01   0.2884923402118726E-01   0.2686661096623463E-01   0.2325436359542547E-01   0.1878024452858777E-01   0.1419372858725392E-01   0.1005652460577195E-01   0.6682402931730695E-02   0.4161208524344775E-02   0.2454722669398121E-02   0.1630227106791427E-02   0.1581959182082316E-02   0.1321943253252151E-02   0.1149473758453603E-02   0.1073807318038775E-02   0.1047118648631819E-02   0.1044316873694555E-02   0.1053965426695733E-02   0.1071949000752733E-02   0.1097791045279888E-02   0.1132835294345937E-02   0.1179500330070298E-02   0.1241065870357215E-02   0.1321695252474410E-02   0.1426557834462865E-02   0.1561996165661074E-02   0.1735716904002948E-02   0.1646996126596339E-02
  0.9999999747378752E-03   0.9999999747378752E-03   0.9999999747378752E-03   0.9999999747378752E-03   0.9999999747378752E-03   0.9999999747378752E-03   0.9999999747378752E-03   0.9999999747378752E-03   0.9999999747378752E-03   0.9999999747378752E-03   0.9999999747378752E-03   0.9999999747378752E-03   0.9999999747378752E-03   0.9999999747378752E-03   0.9999999747378752E-03   0.9999999747378752E-03   0.9999999747378752E-03   0.9999999747378752E-03   0.9999999747378752E-03   0.9999999747378752E-03   0.9999999747378752E-03   0.9999999747378752E-03   0.9999999747378752E-03   0.9999999747378752E-03   0.9999999747378752E-03   0.9999999747378752E-03   0.9999999747378754E-03   0.9999999747378754E-03   0.9999999747378754E-03   0.9999999747378762E-03   0.9999999747378769E-03   0.9999999747378788E-03   0.9999999847564302E-03   0.1005619349400831E-02   0.3836598122100137E-02   0.1424169028545225E-01   0.1254229634213855E-02   0.1000026186955043E-02   0.9999999747802245E-03   0.1000001853213145E-02   0.1009492946223748E-02   0.5871305498889049E-02   0.3520161101600484E+00   0.3298614561413081E+01   0.6267439859022130E+01   0.3475184318588614E+01   0.5228467753618075E+00   0.1754876471734691E-01   0.1434550986712868E-02   0.1443495237272076E-02   0.1149769249884470E-02   0.1035046856995869E-02   0.1034440621968466E-02   0.1285371591350401E-02   0.2065866010544434E-02   0.6967062397256858E-02   0.1891151487815664E-01   0.3570611688088934E-01   0.4641984478784355E-01   0.4153536159492045E-01   0.2566736875758954E-01   0.1107990754942993E-01   0.3636821519269799E-02   0.1489711271445690E-02   0.1348971683587139E-02   0.1559342665946092E-02   0.1985974069011282E-02   0.3655656388696649E-02   0.6486394761317178E-02   0.1043952114027339E-01   0.1527377948206991E-01   0.2036725868117642E-01   0.2482883339935822E-01   0.2776597540051860E-01   0.2859178400520958E-01   0.2721789459552639E-01   0.2404540832107966E-01   0.1978245687740036E-01   0.1519795566498542E-01   0.1092189157354161E-01   0.7346590446755156E-02   0.4623568395949855E-02   0.2729612184184550E-02   0.1713483982490464E-02   0.1545944408811193E-02   0.1368991226222139E-02   0.1171098515535276E-02   0.1082763282718917E-02   0.1050202624850886E-02   0.1044783253725668E-02   0.1053189992520108E-02   0.1070403433532286E-02   0.1095539297865708E-02   0.1129753934504181E-02   0.1175360979973954E-02   0.1235556428263385E-02   0.1314416102831676E-02   0.1417007918941289E-02   0.1549554333551028E-02   0.1719620388187598E-02   0.1706316880616053E-02
  0.9999999747378752E-03   0.9999999747378752E-03   0.9999999747378752E-03   0.9999999747378752E-03   0.9999999747378752E-03   0.9999999747378752E-03   0.9999999747378752E-03   0.9999999747378752E-03   0.9999999747378752E-03   0.9999999747378752E-03   0.9999999747378752E-03   0.9999999747378752E-03   0.9999999747378752E-03   0.9999999747378752E-03   0.9999999747378752E-03   0.9999999747378752E-03   0.9999999747378752E-03   0.9999999747378752E-03   0.9999999747378752E-03   0.9999999747378752E-03   0.9999999747378752E-03   0.9999999747378752E-03   0.9999999747378752E-03   0.9999999747378752E-03   0.9999999747378752E-03   0.9999999747378752E-03   0.9999999747378754E-03   0.9999999747378754E-03   0.9999999747378754E-03   0.9999999747378762E-03   0.9999999747378769E-03   0.9999999747378788E-03   0.9999999792839182E-03   0.1003425966219293E-02   0.3222857546385953E-02   0.1461977476476461E-01   0.1413544951394852E-02   0.1000053093284755E-02   0.9999999747510155E-03   0.1000000333403005E-02   0.1002348694763110E-02   0.2493766802860056E-02   0.1753664565487333E+00   0.2421647921855996E+01   0.6262543295043872E+01   0.4169309125551005E+01   0.7308459329794946E+00   0.2863699841380777E-01   0.1464804804941883E-02   0.1416509416448499E-02   0.1138021972704441E-02   0.1034516581334038E-02   0.1035933624983148E-02   0.1284071120744703E-02   0.2097291907627008E-02   0.6930496579026136E-02   0.1829055777062602E-01   0.3359942387273748E-01   0.4225929665706517E-01   0.3646494965661742E-01   0.2165729385785866E-01   0.9019586575073579E-02   0.2952212383695275E-02   0.1377920404313702E-02   0.1318470400475060E-02   0.1505619903991468E-02   0.1831324375341916E-02   0.3144516256153165E-02   0.5672643878698092E-02   0.9296700286803126E-02   0.1386849164969476E-01   0.1887510595653656E-01   0.2350020604276071E-01   0.2684658048157181E-01   0.2823415850363450E-01   0.2742998175135005E-01   0.2470082834507512E-01   0.2068069175954796E-01   0.1613843238349394E-01   0.1175767721926829E-01   0.8003252181971404E-02   0.5089113151275318E-02   0.3020849824246209E-02   0.1822533981955562E-02   0.1444012174425034E-02   0.1418506353639291E-02   0.1194060327347259E-02   0.1092393735441480E-02   0.1053625562416297E-02   0.1045446400345909E-02   0.1052572450192017E-02   0.1069030807738443E-02   0.1093507152317576E-02   0.1126963317280611E-02   0.1171608586248859E-02   0.1230559745252164E-02   0.1307811935975787E-02   0.1408340248082261E-02   0.1538257362555271E-02   0.1704998780936474E-02   0.1757523938503443E-02
  0.9999999747378752E-03   0.9999999747378752E-03   0.9999999747378752E-03   0.9999999747378752E-03   0.9999999747378752E-03   0.9999999747378752E-03   0.9999999747378752E-03   0.9999999747378752E-03   0.9999999747378752E-03   0.9999999747378752E-03   0.9999999747378752E-03   0.9999999747378752E-03   0.9999999747378752E-03   0.9999999747378752E-03   0.9999999747378752E-03   0.9999999747378752E-03   0.9999999747378752E-03   0.9999999747378752E-03   0.9999999747378752E-03   0.9999999747378752E-03   0.9999999747378752E-03   0.9999999747378752E-03   0.9999999747378752E-03   0.9999999747378752E-03   0.9999999747378752E-03   0.9999999747378752E-03   0.9999999747378754E-03   0.9999999747378754E-03   0.9999999747378754E-03   0.9999999747378762E-03   0.9999999747378767E-03   0.9999999747378788E-03   0.9999999769793361E-03   0.1002188276879475E-02   0.2788255055702034E-02   0.1475837037721024E-01   0.1634598594411550E-02   0.1000107830300825E-02   0.9999999747603286E-03   0.1000000051053303E-02   0.1000624427604977E-02   0.1430282486526625E-02   0.8647865441277927E-01   0.1705348988299165E+01   0.5999242433165815E+01   0.4848822435891943E+01   0.9708282857869981E+00   0.4313885376822098E-01   0.1508850789318300E-02   0.1365677641358391E-02   0.1123608881638153E-02   0.1033447060784709E-02   0.1037138278172402E-02   0.1270190378127088E-02   0.2132021724699504E-02   0.6826002227636734E-02   0.1755337556625343E-01   0.3125850297595063E-01   0.3807118225279658E-01   0.3166776724622104E-01   0.1808852332572760E-01   0.7270615556657186E-02   0.2416531910565217E-02   0.1297974504876552E-02   0.1291551764647970E-02   0.1475321580275459E-02   0.1758790630755009E-02   0.2737765870366292E-02   0.5012002520821030E-02   0.8347619204367546E-02   0.1267078719082138E-01   0.1756399384400284E-01   0.2228678299334066E-01   0.2595547081542767E-01   0.2782413436355810E-01   0.2753795297018373E-01   0.2523740911083244E-01   0.2147512323329883E-01   0.1700480114305027E-01   0.1254964907926573E-01   0.8639013345683040E-02   0.5547534030789883E-02   0.3321507833721265E-02   0.1943196608134567E-02   0.1443860317625260E-02   0.1469321317372836E-02   0.1217811677469590E-02   0.1102460422934233E-02   0.1057290668004585E-02   0.1046268658437485E-02   0.1052097375646039E-02   0.1067822692470114E-02   0.1091687239619867E-02   0.1124454774066246E-02   0.1168231997407420E-02   0.1226061277151427E-02   0.1301863860077704E-02   0.1400530469651574E-02   0.1528074122551246E-02   0.1691812625720556E-02   0.1790567720781450E-02
  0.9999999747378752E-03   0.9999999747378752E-03   0.9999999747378752E-03   0.9999999747378752E-03   0.9999999747378752E-03   0.9999999747378752E-03   0.9999999747378752E-03   0.9999999747378752E-03   0.9999999747378752E-03   0.9999999747378752E-03   0.9999999747378752E-03   0.9999999747378752E-03   0.9999999747378752E-03   0.9999999747378752E-03   0.9999999747378752E-03   0.9999999747378752E-03   0.9999999747378752E-03   0.9999999747378752E-03   0.9999999747378752E-03   0.9999999747378752E-03   0.9999999747378752E-03   0.9999999747378752E-03   0.9999999747378752E-03   0.9999999747378752E-03   0.9999999747378752E-03   0.9999999747378752E-03   0.9999999747378754E-03   0.9999999747378754E-03   0.9999999747378754E-03   0.9999999747378762E-03   0.9999999747378767E-03   0.9999999747378786E-03   0.9999999759429045E-03   0.1001470659702168E-02   0.2423853894032071E-02   0.1475492212923867E-01   0.1882066107981260E-02   0.1000213084203143E-02   0.9999999748072203E-03   0.9999999930524570E-03   0.1000181314757729E-02   0.1178012227319981E-02   0.4319018355461751E-01   0.1174926537620232E+01   0.5544654700242076E+01   0.5471277034256963E+01   0.1235700216936596E+01   0.6046690994610918E-01   0.1592241318682954E-02   0.1312590634407153E-02   0.1117062679471313E-02   0.1031892507008097E-02   0.1038088022270688E-02   0.1274105838726696E-02   0.2143060397621700E-02   0.6679531073829902E-02   0.1667491875891752E-01   0.2883328595103857E-01   0.3397508717412188E-01   0.2727108579696152E-01   0.1498930327820902E-01   0.5848803596699984E-02   0.2014775200594494E-02   0.1238131588330662E-02   0.1242204866508470E-02   0.1470845696237935E-02   0.1675628445508142E-02   0.2416464751869382E-02   0.4481244319631243E-02   0.7570442023462296E-02   0.1166862349673652E-01   0.1643927430210195E-01   0.2121368745130920E-01   0.2513239052799343E-01   0.2740523849152543E-01   0.2757764147835819E-01   0.2567616251969022E-01   0.2217115885986314E-01   0.1779096884703998E-01   0.1328605992455560E-01   0.9241386742937603E-02   0.5988430941881177E-02   0.3614178995592267E-02   0.2070789100539652E-02   0.1452809534407371E-02   0.1520033542008556E-02   0.1241676710801736E-02   0.1112662385308605E-02   0.1061073390703145E-02   0.1047201223478748E-02   0.1051745357685526E-02   0.1066769522185711E-02   0.1090072149291267E-02   0.1122220051234250E-02   0.1165220742691287E-02   0.1222047399057274E-02   0.1296554172132325E-02   0.1393555743787997E-02   0.1518975385461960E-02   0.1680024832422671E-02   0.1825401559181091E-02
  0.9999999747378752E-03   0.9999999747378752E-03   0.9999999747378752E-03   0.9999999747378752E-03   0.9999999747378752E-03   0.9999999747378752E-03   0.9999999747378752E-03   0.9999999747378752E-03   0.9999999747378752E-03   0.9999999747378752E-03   0.9999999747378752E-03   0.9999999747378752E-03   0.9999999747378752E-03   0.9999999747378752E-03   0.9999999747378752E-03   0.9999999747378752E-03   0.9999999747378752E-03   0.9999999747378752E-03   0.9999999747378752E-03   0.9999999747378752E-03   0.9999999747378752E-03   0.9999999747378752E-03   0.9999999747378752E-03   0.9999999747378752E-03   0.9999999747378752E-03   0.9999999747378752E-03   0.9999999747378754E-03   0.9999999747378754E-03   0.9999999747378754E-03   0.9999999747378762E-03   0.9999999747378767E-03   0.9999999747378786E-03   0.9999999754464644E-03   0.1001043878749689E-02   0.2165176821728566E-02   0.1463442210589786E-01   0.2155967781231603E-02   0.1000400405836621E-02   0.9999999749479771E-03   0.9999999797568142E-03   0.1000058432173233E-02   0.1095032269534037E-02   0.2233704321486840E-01   0.8084304614193605E+00   0.4996089042259281E+01   0.5995844964022270E+01   0.1515063771011480E+01   0.7961398723372637E-01   0.1754475765494185E-02   0.1268882619992523E-02   0.1118979688758794E-02   0.1029925591704624E-02   0.1038833196964661E-02   0.1266371962081632E-02   0.2154633746330852E-02   0.6481979875342192E-02   0.1574142238341860E-01   0.2645569578457149E-01   0.3017909366907431E-01   0.2336489586591429E-01   0.1238134506152572E-01   0.4705011451332498E-02   0.1743739010236885E-02   0.1208856467919886E-02   0.1206003678755048E-02   0.1466567009619278E-02   0.1652113247201621E-02   0.2165638146351687E-02   0.4061108301523012E-02   0.6945623432115183E-02   0.1084887591436808E-01   0.1550122875445512E-01   0.2029818535115465E-01   0.2440909511522016E-01   0.2701560129633179E-01   0.2758342152523194E-01   0.2604006032945897E-01   0.2277787060421552E-01   0.1849444542972989E-01   0.1395767649452404E-01   0.9799134023108306E-02   0.6401725478173781E-02   0.3891303724011694E-02   0.2220338858048159E-02   0.1457923511551340E-02   0.1569066161574639E-02   0.1264879452247253E-02   0.1122647975513906E-02   0.1064826152984786E-02   0.1048185865567759E-02   0.1051493582199534E-02   0.1065860785562123E-02   0.1088654495058191E-02   0.1120251344304374E-02   0.1162565063923044E-02   0.1218505444787489E-02   0.1291866409989579E-02   0.1387394812025331E-02   0.1510933916432366E-02   0.1669600797071867E-02   0.1851981854404631E-02
  0.9999999747378752E-03   0.9999999747378752E-03   0.9999999747378752E-03   0.9999999747378752E-03   0.9999999747378752E-03   0.9999999747378752E-03   0.9999999747378752E-03   0.9999999747378752E-03   0.9999999747378752E-03   0.9999999747378752E-03   0.9999999747378752E-03   0.9999999747378752E-03   0.9999999747378752E-03   0.9999999747378752E-03   0.9999999747378752E-03   0.9999999747378752E-03   0.9999999747378752E-03   0.9999999747378752E-03   0.9999999747378752E-03   0.9999999747378752E-03   0.9999999747378752E-03   0.9999999747378752E-03   0.9999999747378752E-03   0.9999999747378752E-03   0.9999999747378752E-03   0.9999999747378752E-03   0.9999999747378754E-03   0.9999999747378754E-03   0.9999999747378754E-03   0.9999999747378762E-03   0.9999999747378767E-03   0.9999999747378786E-03   0.9999999751949009E-03   0.1000785098883108E-02   0.1962650031149963E-02   0.1445369298279676E-01   0.2443137706052345E-02   0.1000706472223366E-02   0.9999999753103274E-03   0.9999999763314392E-03   0.1000021267096036E-02   0.1041603475044516E-02   0.1223123020472745E-01   0.5671293548832317E+00   0.4445971571735233E+01   0.6396547518931484E+01   0.1794118217633277E+01   0.9923100605895610E-01   0.1915499693938032E-02   0.1246168358090891E-02   0.1119999095231157E-02   0.1027633807500640E-02   0.1039429480038141E-02   0.1257635939789725E-02   0.2141733065667298E-02   0.6287428299401048E-02   0.1486564953775451E-01   0.2423144599409333E-01   0.2678214235502898E-01   0.2002027362969521E-01   0.1024329451215926E-01   0.3818379609969672E-02   0.1542952825212911E-02   0.1182644702176466E-02   0.1179737268260861E-02   0.1418355832179151E-02   0.1630912363419128E-02   0.1973660770420269E-02   0.3736064483394259E-02   0.6456486194550626E-02   0.1019891320519644E-01   0.1474730989880278E-01   0.1955177558035680E-01   0.2381040436040709E-01   0.2668755521139494E-01   0.2758664057273819E-01   0.2635205762747051E-01   0.2330635360400115E-01   0.1911541387225987E-01   0.1455752944628333E-01   0.1030244151771034E-01   0.6777994270662704E-02   0.4145487994254353E-02   0.2356817040478946E-02   0.1476154833920280E-02   0.1614748729388910E-02   0.1286584176689362E-02   0.1132033321167543E-02   0.1068386114154099E-02   0.1049157940217967E-02   0.1051316912290646E-02   0.1065085387821983E-02   0.1087427034260858E-02   0.1118541344640169E-02   0.1160255946041321E-02   0.1215423739583428E-02   0.1287785394226059E-02   0.1382028052742506E-02   0.1503924547335068E-02   0.1660508498805521E-02   0.1850268202748779E-02
  0.9999999747378752E-03   0.9999999747378752E-03   0.9999999747378752E-03   0.9999999747378752E-03   0.9999999747378752E-03   0.9999999747378752E-03   0.9999999747378752E-03   0.9999999747378752E-03   0.9999999747378752E-03   0.9999999747378752E-03   0.9999999747378752E-03   0.9999999747378752E-03   0.9999999747378752E-03   0.9999999747378752E-03   0.9999999747378752E-03   0.9999999747378752E-03   0.9999999747378752E-03   0.9999999747378752E-03   0.9999999747378752E-03   0.9999999747378752E-03   0.9999999747378752E-03   0.9999999747378752E-03   0.9999999747378752E-03   0.9999999747378752E-03   0.9999999747378752E-03   0.9999999747378752E-03   0.9999999747378754E-03   0.9999999747378754E-03   0.9999999747378754E-03   0.9999999747378762E-03   0.9999999747378767E-03   0.9999999747378784E-03   0.9999999750619889E-03   0.1000627351905644E-02   0.1821339524422049E-02   0.1422913592185558E-01   0.2729138186755545E-02   0.1001164889524616E-02   0.9999999761210355E-03   0.9999999753357383E-03   0.1000008929455045E-02   0.1020435448747949E-02   0.7255088137574000E-02   0.4139141710090932E+00   0.3961224594955763E+01   0.6669270247730433E+01   0.2053759156668800E+01   0.1178183136982208E+00   0.1978455069890243E-02   0.1226045586486090E-02   0.1110789960476271E-02   0.1025116711630150E-02   0.1039926955706384E-02   0.1258544529296333E-02   0.2149557324729346E-02   0.6100887979239060E-02   0.1406103922395290E-01   0.2232095457012370E-01   0.2392706785655576E-01   0.1730934066075689E-01   0.8554819265113965E-02   0.3179141097199398E-02   0.1395219972972540E-02   0.1143782445332048E-02   0.1161119257900672E-02   0.1383222803927187E-02   0.1636597824903576E-02   0.1831726772280941E-02   0.3494003971033250E-02   0.6089486575005929E-02   0.9707673576204830E-02   0.1417389856123048E-01   0.1898206583321521E-01   0.2335544615684971E-01   0.2644773528893059E-01   0.2761460518758066E-01   0.2663347682976171E-01   0.2376816408697304E-01   0.1965567139261370E-01   0.1508046464679513E-01   0.1074293310915787E-01   0.7108712554856762E-02   0.4369792694229642E-02   0.2495376729590818E-02   0.1504505931518717E-02   0.1655411821127264E-02   0.1305945106211815E-02   0.1140425996211987E-02   0.1071585475522539E-02   0.1050050507181109E-02   0.1051189404766593E-02   0.1064432168429588E-02   0.1086382836010143E-02   0.1117083297471078E-02   0.1158285146096643E-02   0.1212791626071085E-02   0.1284297259917296E-02   0.1377437523106047E-02   0.1497924232655103E-02   0.1652718574074459E-02   0.1850223492550424E-02
  0.9999999747378752E-03   0.9999999747378752E-03   0.9999999747378752E-03   0.9999999747378752E-03   0.9999999747378752E-03   0.9999999747378752E-03   0.9999999747378752E-03   0.9999999747378752E-03   0.9999999747378752E-03   0.9999999747378752E-03   0.9999999747378752E-03   0.9999999747378752E-03   0.9999999747378752E-03   0.9999999747378752E-03   0.9999999747378752E-03   0.9999999747378752E-03   0.9999999747378752E-03   0.9999999747378752E-03   0.9999999747378752E-03   0.9999999747378752E-03   0.9999999747378752E-03   0.9999999747378752E-03   0.9999999747378752E-03   0.9999999747378752E-03   0.9999999747378752E-03   0.9999999747378752E-03   0.9999999747378754E-03   0.9999999747378754E-03   0.9999999747378754E-03   0.9999999747378762E-03   0.9999999747378767E-03   0.9999999747378784E-03   0.9999999749911203E-03   0.1000533759828311E-02   0.1770414833354224E-02   0.1400658124192119E-01   0.2990097611686843E-02   0.1001794804692429E-02   0.9999999777038425E-03   0.9999999750106463E-03   0.1000004449183586E-02   0.1011570878026392E-02   0.4773513658869655E-02   0.3203456467095129E+00   0.3579978893191957E+01   0.6829049066985059E+01   0.2272648689563110E+01   0.1339856983573116E+00   0.1911441084228561E-02   0.1200132190577737E-02   0.1112047137636571E-02   0.1022484314082821E-02   0.1040362842033806E-02   0.1239661913760463E-02   0.2132933900201214E-02   0.5955811826745437E-02   0.1342530637171242E-01   0.2083011424422774E-01   0.2174468167746415E-01   0.1526648450187134E-01   0.7340825472636200E-02   0.2700895182270937E-02   0.1326849498204940E-02   0.1118086782159386E-02   0.1148566301602542E-02   0.1359062441897420E-02   0.1655280332143001E-02   0.1733421479995352E-02   0.3325930333398966E-02   0.5834302613294499E-02   0.9366381067599161E-02   0.1377763400173608E-01   0.1859435109430360E-01   0.2305888854254135E-01   0.2631745869168981E-01   0.2768998547271725E-01   0.2690275007657921E-01   0.2417393265020919E-01   0.2011756423499953E-01   0.1552258803305066E-01   0.1111356430847209E-01   0.7386414999080347E-02   0.4557983524190312E-02   0.2611581156043720E-02   0.1520193469390879E-02   0.1689488139834612E-02   0.1322161366282425E-02   0.1147451902987176E-02   0.1074263436320811E-02   0.1050799194745382E-02   0.1051086127863403E-02   0.1063890527960651E-02   0.1085515483621016E-02   0.1115871067111023E-02   0.1156645219675694E-02   0.1210599483306431E-02   0.1281389478362045E-02   0.1373606987617876E-02   0.1492912087884537E-02   0.1646204368220579E-02   0.1841813975363504E-02
  0.9999999747378752E-03   0.9999999747378752E-03   0.9999999747378752E-03   0.9999999747378752E-03   0.9999999747378752E-03   0.9999999747378752E-03   0.9999999747378752E-03   0.9999999747378752E-03   0.9999999747378752E-03   0.9999999747378752E-03   0.9999999747378752E-03   0.9999999747378752E-03   0.9999999747378752E-03   0.9999999747378752E-03   0.9999999747378752E-03   0.9999999747378752E-03   0.9999999747378752E-03   0.9999999747378752E-03   0.9999999747378752E-03   0.9999999747378752E-03   0.9999999747378752E-03   0.9999999747378752E-03   0.9999999747378752E-03   0.9999999747378752E-03   0.9999999747378752E-03   0.9999999747378752E-03   0.9999999747378754E-03   0.9999999747378754E-03   0.9999999747378754E-03   0.9999999747378760E-03   0.9999999747378767E-03   0.9999999747378784E-03   0.9999999749562161E-03   0.1000484296773175E-02   0.1742587713556026E-02   0.1379216146368526E-01   0.3214105204008533E-02   0.1002589445763523E-02   0.9999999804086576E-03   0.9999999748954468E-03   0.1000002730300415E-02   0.1007786176713782E-02   0.3566013248572720E-02   0.2673523852390653E+00   0.3318523026913839E+01   0.6900647390515865E+01   0.2430747207909199E+01   0.1464500279332310E+00   0.1900247045788266E-02   0.1170078691893584E-02   0.1104491525890040E-02   0.1019856031472115E-02   0.1040759257802790E-02   0.1251410924053059E-02   0.2155792105861283E-02   0.5851653450428668E-02   0.1302417259915023E-01   0.1983173828004622E-01   0.2028913209011668E-01   0.1395034710051493E-01   0.6545351594425627E-02   0.2412305951853112E-02   0.1307676960530436E-02   0.1102662483653834E-02   0.1141035915488171E-02   0.1344474067098389E-02   0.1704345920283380E-02   0.1674397920411821E-02   0.3225698771430696E-02   0.5683841786059918E-02   0.9169019504270629E-02   0.1355639292773843E-01   0.1839286876422456E-01   0.2293202479346250E-01   0.2631319789038551E-01   0.2783049211604402E-01   0.2717447289679577E-01   0.2453220196007174E-01   0.2050301271661036E-01   0.1588069480346617E-01   0.1140845353160256E-01   0.7604793849827645E-02   0.4704738810534220E-02   0.2701610691512132E-02   0.1520804839107698E-02   0.1695611943005942E-02   0.1334532304245115E-02   0.1152782803489355E-02   0.1076278601442716E-02   0.1051347301134646E-02   0.1050985083666086E-02   0.1063451094639698E-02   0.1084819288811663E-02   0.1114899202724284E-02   0.1155329543010810E-02   0.1208838738565892E-02   0.1279050868804524E-02   0.1370521933429541E-02   0.1488869410637296E-02   0.1640941964669604E-02   0.1835009304553187E-02
