  0.5486626328357924E+06   0.5505023612313423E+06   0.5444341207208347E+06   0.5308135723952350E+06   0.5103242077853918E+06   0.4839249904222104E+06   0.4527795627840722E+06   0.4181741593087204E+06   0.3814321720541454E+06   0.3438331501857843E+06   0.3065429604779680E+06   0.2705600903988421E+06   0.2366809239599212E+06   0.2054845736343382E+06   0.1773358051316953E+06   0.1524029782227984E+06   0.1306868920488203E+06   0.1120560130217068E+06   0.9628373448129640E+05   0.8308395239384967E+05   0.7214218348788761E+05   0.6314052452615514E+05   0.5577579757023096E+05   0.4977111717787504E+05   0.4488177037656488E+05   0.4089668696587382E+05   0.3763690439439992E+05   0.3495234254461146E+05   0.3271796540893893E+05   0.3083008696497893E+05   0.2920324600748235E+05   0.2776778399509052E+05   0.2646804282526615E+05   0.2526097380324407E+05   0.2411491094863186E+05   0.2300829594220777E+05   0.2192822358634524E+05   0.2086877877867378E+05   0.1982923291452990E+05   0.1881223867539459E+05   0.1782219421231073E+05   0.1686393704785830E+05   0.1594187767583495E+05   0.1505960663659263E+05   0.1421992103940217E+05   0.1342513897383879E+05   0.1267751918480071E+05   0.1197959084297538E+05   0.1133423075253646E+05   0.1074439521547202E+05   0.1021250998827695E+05   0.9739622109913882E+04   0.9324499173696662E+04   0.8962905363875301E+04   0.8647274405992237E+04   0.8366936534999119E+04   0.8108950150295518E+04   0.7859459980465916E+04   0.7605382245119195E+04   0.7336131582401775E+04   0.7045076487558509E+04   0.6730448091273144E+04   0.6395523659587901E+04   0.6048040344752832E+04   0.5698934320506446E+04   0.5360618524255086E+04   0.5045082358748507E+04   0.4762111883272568E+04   0.4517891396800360E+04   0.4314170866074821E+04   0.4148087999852648E+04   0.4012634880693487E+04   0.3897672826339044E+04   0.3791332458044658E+04   0.3681594406393815E+04   0.3557832543569449E+04   0.3412115505825003E+04   0.3240103682746787E+04   0.3041440540985423E+04   0.2819612834030888E+04   0.2581329902356831E+04   0.2335536536706671E+04   0.2092217009192595E+04   0.1861162688327541E+04   0.1650863843792100E+04   0.1467651472338828E+04   0.1315165729094583E+04   0.1194176186473474E+04   0.1102732879432416E+04   0.1036594494421584E+04   0.9898618903133344E+03   0.9557373715973685E+03   0.9273299838877272E+03   0.8984242169969367E+03   0.8641291900114551E+03   0.8213272634203599E+03   0.7688586687037781E+03   0.7074138010561522E+03   0.6391584415153267E+03   0.5671741243427927E+03   0.4948383712495568E+03
  0.3445522123058402E+02   0.5223294061609558E+02   0.7782628448450828E+02   0.1139827760684934E+03   0.1641070166332191E+03   0.2322948082913637E+03   0.3233194321589915E+03   0.4425546821643862E+03   0.5958210434136802E+03   0.7891485265186404E+03   0.1028457745199589E+04   0.1319171912468765E+04   0.1665785219669631E+04   0.2071423536158323E+04   0.2537441542804337E+04   0.3063103630350840E+04   0.3645391080443404E+04   0.4278968668770420E+04   0.4956326296100425E+04   0.5668091384755047E+04   0.6403488015801449E+04   0.7150901518299521E+04   0.7898497034597983E+04   0.8634836634772288E+04   0.9349445810412397E+04   0.1003328751400270E+05   0.1067911538366886E+05   0.1128168734251357E+05   0.1183782898428952E+05   0.1234634032438309E+05   0.1280774377779015E+05   0.1322387748353925E+05   0.1359735083641384E+05   0.1393089941145661E+05   0.1422670294478274E+05   0.1448575687347377E+05   0.1470740644115707E+05   0.1488915363069655E+05   0.1502682266501582E+05   0.1511511903223787E+05   0.1514854313105563E+05   0.1512253637495499E+05   0.1503466544362951E+05   0.1488560474791989E+05   0.1467968117504332E+05   0.1442480185496809E+05   0.1413169364235459E+05   0.1381252303848686E+05   0.1347910932512415E+05   0.1314105746597762E+05   0.1280419070901060E+05   0.1246963654583689E+05   0.1213381199465822E+05   0.1178938289493326E+05   0.1142707201243433E+05   0.1103800419714812E+05   0.1061614722883780E+05   0.1016036189444270E+05   0.9675628576118714E+04   0.9173159216410297E+04   0.8669307108684889E+04   0.8183413150527495E+04   0.7734933521382784E+04   0.7340341478873273E+04   0.7010356700730383E+04   0.6748014154570225E+04   0.6547945413266567E+04   0.6397029842685848E+04   0.6276320437963422E+04   0.6163909251855855E+04   0.6038221640559484E+04   0.5881156856163881E+04   0.5680541632747892E+04   0.5431520554566647E+04   0.5136731932436887E+04   0.4805354139005797E+04   0.4451298954673364E+04   0.4090936793455293E+04   0.3740752530380127E+04   0.3415266443433012E+04   0.3125446972415489E+04   0.2877728390830121E+04   0.2673654145157132E+04   0.2510106841902994E+04   0.2380048667245276E+04   0.2273672313242143E+04   0.2179832963044555E+04   0.2087598708805144E+04   0.1987724671810705E+04   0.1873843450314659E+04   0.1743185864848152E+04   0.1596710259257828E+04   0.1438621072070164E+04   0.1275375785173721E+04   0.1114387407690949E+04   0.9626925084203423E+03   0.8258541433009501E+03   0.7072990943394584E+03   0.6081694678781236E+03   0.5276349716308872E+03   0.4635046780537570E+03
  0.1010807058496070E-02   0.1015544166843054E-02   0.1049092063786848E-02   0.1103799537937065E-02   0.1266556248733959E-02   0.1613472792764758E-02   0.2317013277538737E-02   0.3783735203564547E-02   0.6693486797170223E-02   0.1244092181980694E-01   0.2347063032514556E-01   0.4414179363433728E-01   0.8211111738590318E-01   0.1503976273842042E+00   0.2706521013615238E+00   0.4783168913860331E+00   0.8297530895490077E+00   0.1412888272256487E+01   0.2361905881401133E+01   0.3876979825599676E+01   0.6250492620510023E+01   0.9900003312645300E+01   0.1540871919253224E+02   0.2357293285265738E+02   0.3545444277260606E+02   0.5243508710599281E+02   0.7626724811338329E+02   0.1091126533251137E+03   0.1535588223307400E+03   0.2126010219772565E+03   0.2895765276443028E+03   0.3880400167789861E+03   0.5115721459126156E+03   0.6635215257838079E+03   0.8466892103392438E+03   0.1062977163471498E+04   0.1313034028463512E+04   0.1595939567857545E+04   0.1908974633908960E+04   0.2247518863412365E+04   0.2605108253767416E+04   0.2973666673785217E+04   0.3343902879492042E+04   0.3705842684670534E+04   0.4049447904498305E+04   0.4365263028695577E+04   0.4645027912261066E+04   0.4882201499457124E+04   0.5072352314011858E+04   0.5213384586272392E+04   0.5305583529503610E+04   0.5351475189136491E+04   0.5355511267955791E+04   0.5323604922308838E+04   0.5262562393712730E+04   0.5179474093760593E+04   0.5081143008103243E+04   0.4973629975811649E+04   0.4861980883827007E+04   0.4750167395256830E+04   0.4641227236849452E+04   0.4537541686870652E+04   0.4441154064035953E+04   0.4354022948598888E+04   0.4278125980035420E+04   0.4215379374788574E+04   0.4167400693345491E+04   0.4135197542548839E+04   0.4118894528666161E+04   0.4117601427172380E+04   0.4129479267560647E+04   0.4151992195148141E+04   0.4182264539492583E+04   0.4217421089229009E+04   0.4254790519964272E+04   0.4291901084555882E+04   0.4326278211895383E+04   0.4355139292521038E+04   0.4375138872227277E+04   0.4382324019332677E+04   0.4372406255861090E+04   0.4341355168488992E+04   0.4286200956857017E+04   0.4205835889996752E+04   0.4101564987979343E+04   0.3977193563747252E+04   0.3838550850791608E+04   0.3692506804754023E+04   0.3545696818924545E+04   0.3403274773233932E+04   0.3268028735649095E+04   0.3140103600920118E+04   0.3017404255443239E+04   0.2896555249699496E+04   0.2774134785661988E+04   0.2647835959735677E+04   0.2517256049136937E+04   0.2384151505377783E+04   0.2252165250360582E+04   0.2126168432443492E+04   0.2011416043767917E+04
  0.9999999747378752E-03   0.9999999747378756E-03   0.9999999747378778E-03   0.9999999747378886E-03   0.9999999747379398E-03   0.9999999747381740E-03   0.9999999747392213E-03   0.9999999747437685E-03   0.9999999747629669E-03   0.9999999748417656E-03   0.9999999751561912E-03   0.9999999763758952E-03   0.9999999809755704E-03   0.9999999978385098E-03   0.1000000057937892E-02   0.1000000266163664E-02   0.1000000967495858E-02   0.1000003263829012E-02   0.1000010572943847E-02   0.1000033188659517E-02   0.1000101213638167E-02   0.1000300114148857E-02   0.1000865454162678E-02   0.1002427475510305E-02   0.1006622793823390E-02   0.1017575999598336E-02   0.1025374038599435E-02   0.1073951689334913E-02   0.1228406514508250E-02   0.1581767295041755E-02   0.2450465994472331E-02   0.4364003650094451E-02   0.8461517283125058E-02   0.1695119806417980E-01   0.3418327001831099E-01   0.6812786270063856E-01   0.1330860023767005E+00   0.2539475486201100E+00   0.4726441641744994E+00   0.8575223223462103E+00   0.1516539150425825E+01   0.2614631694659706E+01   0.4395832917498874E+01   0.7209498094072950E+01   0.1153984649109591E+02   0.1803653173316566E+02   0.2754351961228325E+02   0.4112259634006535E+02   0.6006724335843140E+02   0.8590281221864205E+02   0.1203686381470309E+03   0.1653771256132540E+03   0.2229453053951423E+03   0.2950931794945019E+03   0.3837042330109454E+03   0.4903452778457696E+03   0.6160492129302565E+03   0.7610734604303508E+03   0.9246597541275039E+03   0.1104834396406278E+04   0.1298297124570262E+04   0.1500445916679569E+04   0.1705572148011682E+04   0.1907231983859126E+04   0.2098763301064997E+04   0.2273881042430645E+04   0.2427257822366293E+04   0.2554992658248899E+04   0.2654891796882192E+04   0.2726525697270461E+04   0.2771074968420130E+04   0.2791018391762583E+04   0.2789736195520303E+04   0.2771096744629484E+04   0.2739071104975157E+04   0.2697391701406572E+04   0.2649252744406648E+04   0.2597049593113376E+04   0.2542170889871866E+04   0.2484878045794621E+04   0.2424317195363259E+04   0.2358699199848717E+04   0.2285650605793037E+04   0.2202695805238235E+04   0.2107791196503416E+04   0.1999812987699213E+04   0.1878905727221764E+04   0.1746628991509212E+04   0.1605881391381645E+04   0.1460625228242498E+04   0.1315468092236195E+04   0.1175176485478732E+04   0.1044199293444803E+04   0.9262672956785889E+03   0.8241134310688767E+03   0.7393321525225662E+03   0.6723698339716723E+03   0.6226190640014439E+03   0.5885811273721281E+03   0.5680649628124860E+03   0.5584026929174101E+03
  0.9999999747378752E-03   0.9999999747378752E-03   0.9999999747378752E-03   0.9999999747378752E-03   0.9999999747378752E-03   0.9999999747378752E-03   0.9999999747378752E-03   0.9999999747378752E-03   0.9999999747378752E-03   0.9999999747378752E-03   0.9999999747378752E-03   0.9999999747378752E-03   0.9999999747378752E-03   0.9999999747378752E-03   0.9999999747378752E-03   0.9999999747378752E-03   0.9999999747378752E-03   0.9999999747378752E-03   0.9999999747378752E-03   0.9999999747378752E-03   0.9999999747378752E-03   0.9999999747378752E-03   0.9999999747378752E-03   0.9999999747378752E-03   0.9999999747378752E-03   0.9999999747378752E-03   0.9999999747378754E-03   0.9999999747378765E-03   0.9999999747378823E-03   0.9999999747379153E-03   0.9999999747380937E-03   0.9999999747390257E-03   0.9999999747437244E-03   0.9999999747666091E-03   0.9999999748742695E-03   0.9999999753634869E-03   0.9999999775107886E-03   0.9999999866147878E-03   0.1000000023898883E-02   0.1000000171391991E-02   0.1000000735005553E-02   0.1000002815458482E-02   0.1000010233795671E-02   0.1000035786282597E-02   0.1000120810690499E-02   0.1000394113388299E-02   0.1001242785889222E-02   0.1003788667514734E-02   0.1011166756221990E-02   0.1021823528559479E-02   0.1057696107131477E-02   0.1203697362237876E-02   0.1532283528347042E-02   0.2411258728733967E-02   0.4519536025685880E-02   0.9331709084280063E-02   0.1991703997987074E-01   0.4245017932273039E-01   0.8869190289399048E-01   0.1803955513724219E+00   0.3560486556021447E+00   0.6811207325691340E+00   0.1262197184447834E+01   0.2265580832555330E+01   0.3939225906083855E+01   0.6636169994482850E+01   0.1083495153516590E+02   0.1715197343217726E+02   0.2633921850266618E+02   0.3926218815621787E+02   0.5685678812282187E+02   0.8006860158358626E+02   0.1097861302990875E+03   0.1467828922874199E+03   0.1916853692525484E+03   0.2449760583010120E+03   0.3070281796656194E+03   0.3781498724341444E+03   0.4586020140908536E+03   0.5485494326712907E+03   0.6479194007265035E+03   0.7561727629211944E+03   0.8720355885183806E+03   0.9932755492538307E+03   0.1116621107316370E+04   0.1237899573355132E+04   0.1352411755550346E+04   0.1455482377081227E+04   0.1543053508716311E+04   0.1612156944728223E+04   0.1661126116654792E+04   0.1689491742579365E+04   0.1697616543191468E+04   0.1686223229170335E+04   0.1656010858723759E+04   0.1607519351535094E+04   0.1541298950687779E+04   0.1458315084684285E+04   0.1360417897844464E+04   0.1250675028082651E+04   0.1133411546930451E+04
  0.9999999747378752E-03   0.9999999747378752E-03   0.9999999747378752E-03   0.9999999747378752E-03   0.9999999747378752E-03   0.9999999747378752E-03   0.9999999747378752E-03   0.9999999747378752E-03   0.9999999747378752E-03   0.9999999747378752E-03   0.9999999747378752E-03   0.9999999747378752E-03   0.9999999747378752E-03   0.9999999747378752E-03   0.9999999747378752E-03   0.9999999747378752E-03   0.9999999747378752E-03   0.9999999747378752E-03   0.9999999747378752E-03   0.9999999747378752E-03   0.9999999747378752E-03   0.9999999747378752E-03   0.9999999747378752E-03   0.9999999747378752E-03   0.9999999747378752E-03   0.9999999747378752E-03   0.9999999747378752E-03   0.9999999747378752E-03   0.9999999747378752E-03   0.9999999747378752E-03   0.9999999747378752E-03   0.9999999747378752E-03   0.9999999747378752E-03   0.9999999747378752E-03   0.9999999747378752E-03   0.9999999747378752E-03   0.9999999747378752E-03   0.9999999747378752E-03   0.9999999747378752E-03   0.9999999747378752E-03   0.9999999747378752E-03   0.9999999747378752E-03   0.9999999747378752E-03   0.9999999747378752E-03   0.9999999747378752E-03   0.9999999747378752E-03   0.9999999747378752E-03   0.9999999747378752E-03   0.9999999747378752E-03   0.9999999747378752E-03   0.9999999747378752E-03   0.9999999747378752E-03   0.9999999747378754E-03   0.9999999747378765E-03   0.9999999747378838E-03   0.9999999747379365E-03   0.9999999747382837E-03   0.9999999747404766E-03   0.9999999747537314E-03   0.9999999748303888E-03   0.9999999752545543E-03   0.9999999775000430E-03   0.9999999888729036E-03   0.1000000043979104E-02   0.1000000299420444E-02   0.1000001432158133E-02   0.1000006237252357E-02   0.1000025735486047E-02   0.1000101417968366E-02   0.1000382405921855E-02   0.1001380237928022E-02   0.1004769377740960E-02   0.1015778906183317E-02   0.1019983158538795E-02   0.1111610117919763E-02   0.1390372898951794E-02   0.2165001182187092E-02   0.4193759055489519E-02   0.9219427833850992E-02   0.2124510409827070E-01   0.4856917899792748E-01   0.1079631672946287E+00   0.2313583064318470E+00   0.4764960154534094E+00   0.9421988526150662E+00   0.1788308193836359E+01   0.3258556303080563E+01   0.5702478590947749E+01   0.9588856841497606E+01   0.1550267991661286E+02   0.2411608747356154E+02   0.3612858493632228E+02   0.5217975717028722E+02   0.7274769744215305E+02   0.9805987825607647E+02   0.1280481695991977E+03   0.1623795256532247E+03   0.2005783793445847E+03   0.2422281323415337E+03   0.2872051917486091E+03   0.3358647136078188E+03
  0.9999999747378752E-03   0.9999999747378752E-03   0.9999999747378752E-03   0.9999999747378752E-03   0.9999999747378752E-03   0.9999999747378752E-03   0.9999999747378752E-03   0.9999999747378752E-03   0.9999999747378752E-03   0.9999999747378752E-03   0.9999999747378752E-03   0.9999999747378752E-03   0.9999999747378752E-03   0.9999999747378752E-03   0.9999999747378752E-03   0.9999999747378752E-03   0.9999999747378752E-03   0.9999999747378752E-03   0.9999999747378752E-03   0.9999999747378752E-03   0.9999999747378752E-03   0.9999999747378752E-03   0.9999999747378752E-03   0.9999999747378752E-03   0.9999999747378752E-03   0.9999999747378752E-03   0.9999999747378752E-03   0.9999999747378752E-03   0.9999999747378752E-03   0.9999999747378752E-03   0.9999999747378752E-03   0.9999999747378752E-03   0.9999999747378752E-03   0.9999999747378752E-03   0.9999999747378752E-03   0.9999999747378752E-03   0.9999999747378752E-03   0.9999999747378752E-03   0.9999999747378752E-03   0.9999999747378752E-03   0.9999999747378752E-03   0.9999999747378752E-03   0.9999999747378752E-03   0.9999999747378752E-03   0.9999999747378752E-03   0.9999999747378752E-03   0.9999999747378752E-03   0.9999999747378752E-03   0.9999999747378752E-03   0.9999999747378752E-03   0.9999999747378752E-03   0.9999999747378752E-03   0.9999999747378752E-03   0.9999999747378752E-03   0.9999999747378752E-03   0.9999999747378752E-03   0.9999999747378752E-03   0.9999999747378752E-03   0.9999999747378752E-03   0.9999999747378752E-03   0.9999999747378752E-03   0.9999999747378752E-03   0.9999999747378752E-03   0.9999999747378752E-03   0.9999999747378752E-03   0.9999999747378752E-03   0.9999999747378752E-03   0.9999999747378752E-03   0.9999999747378752E-03   0.9999999747378752E-03   0.9999999747378752E-03   0.9999999747378752E-03   0.9999999747378752E-03   0.9999999747378752E-03   0.9999999747378752E-03   0.9999999747378752E-03   0.9999999747378752E-03   0.9999999747378752E-03   0.9999999747378756E-03   0.9999999747378797E-03   0.9999999747379142E-03   0.9999999747381954E-03   0.9999999747403621E-03   0.9999999747561607E-03   0.9999999748651887E-03   0.9999999755773731E-03   0.9999999799808995E-03   0.1000000005755157E-02   0.1000000148569996E-02   0.1000000897750754E-02   0.1000004618672319E-02   0.1000022116700288E-02   0.1000100032500583E-02   0.1000428567362618E-02   0.1001740393869455E-02   0.1006700911794442E-02   0.1014465140476277E-02   0.1064713181625880E-02   0.1228230562385856E-02   0.1816904076751024E-02   0.3482789376972003E-02
  0.9999999747378752E-03   0.9999999747378752E-03   0.9999999747378752E-03   0.9999999747378752E-03   0.9999999747378752E-03   0.9999999747378752E-03   0.9999999747378752E-03   0.9999999747378752E-03   0.9999999747378752E-03   0.9999999747378752E-03   0.9999999747378752E-03   0.9999999747378752E-03   0.9999999747378752E-03   0.9999999747378752E-03   0.9999999747378752E-03   0.9999999747378752E-03   0.9999999747378752E-03   0.9999999747378752E-03   0.9999999747378752E-03   0.9999999747378752E-03   0.9999999747378752E-03   0.9999999747378752E-03   0.9999999747378752E-03   0.9999999747378752E-03   0.9999999747378752E-03   0.9999999747378752E-03   0.9999999747378752E-03   0.9999999747378752E-03   0.9999999747378752E-03   0.9999999747378752E-03   0.9999999747378752E-03   0.9999999747378752E-03   0.9999999747378752E-03   0.9999999747378752E-03   0.9999999747378752E-03   0.9999999747378752E-03   0.9999999747378752E-03   0.9999999747378752E-03   0.9999999747378752E-03   0.9999999747378752E-03   0.9999999747378752E-03   0.9999999747378752E-03   0.9999999747378752E-03   0.9999999747378752E-03   0.9999999747378752E-03   0.9999999747378752E-03   0.9999999747378752E-03   0.9999999747378752E-03   0.9999999747378752E-03   0.9999999747378752E-03   0.9999999747378752E-03   0.9999999747378752E-03   0.9999999747378752E-03   0.9999999747378752E-03   0.9999999747378752E-03   0.9999999747378752E-03   0.9999999747378752E-03   0.9999999747378752E-03   0.9999999747378752E-03   0.9999999747378752E-03   0.9999999747378752E-03   0.9999999747378752E-03   0.9999999747378752E-03   0.9999999747378752E-03   0.9999999747378752E-03   0.9999999747378752E-03   0.9999999747378752E-03   0.9999999747378752E-03   0.9999999747378752E-03   0.9999999747378752E-03   0.9999999747378752E-03   0.9999999747378752E-03   0.9999999747378752E-03   0.9999999747378752E-03   0.9999999747378752E-03   0.9999999747378752E-03   0.9999999747378752E-03   0.9999999747378752E-03   0.9999999747378752E-03   0.9999999747378752E-03   0.9999999747378752E-03   0.9999999747378752E-03   0.9999999747378752E-03   0.9999999747378752E-03   0.9999999747378752E-03   0.9999999747378752E-03   0.9999999747378752E-03   0.9999999747378752E-03   0.9999999747378752E-03   0.9999999747378752E-03   0.9999999747378752E-03   0.9999999747378752E-03   0.9999999747378752E-03   0.9999999747378752E-03   0.9999999747378752E-03   0.9999999747378752E-03   0.9999999747378752E-03   0.9999999747378752E-03   0.9999999747378752E-03   0.9999999747378752E-03   0.9999999747378752E-03
  0.9999999747378752E-03   0.9999999747378752E-03   0.9999999747378752E-03   0.9999999747378752E-03   0.9999999747378752E-03   0.9999999747378752E-03   0.9999999747378752E-03   0.9999999747378752E-03   0.9999999747378752E-03   0.9999999747378752E-03   0.9999999747378752E-03   0.9999999747378752E-03   0.9999999747378752E-03   0.9999999747378752E-03   0.9999999747378752E-03   0.9999999747378752E-03   0.9999999747378752E-03   0.9999999747378752E-03   0.9999999747378752E-03   0.9999999747378752E-03   0.9999999747378752E-03   0.9999999747378752E-03   0.9999999747378752E-03   0.9999999747378752E-03   0.9999999747378752E-03   0.9999999747378752E-03   0.9999999747378752E-03   0.9999999747378752E-03   0.9999999747378752E-03   0.9999999747378752E-03   0.9999999747378752E-03   0.9999999747378752E-03   0.9999999747378752E-03   0.9999999747378752E-03   0.9999999747378752E-03   0.9999999747378752E-03   0.9999999747378752E-03   0.9999999747378752E-03   0.9999999747378752E-03   0.9999999747378752E-03   0.9999999747378752E-03   0.9999999747378752E-03   0.9999999747378752E-03   0.9999999747378752E-03   0.9999999747378752E-03   0.9999999747378752E-03   0.9999999747378752E-03   0.9999999747378752E-03   0.9999999747378752E-03   0.9999999747378752E-03   0.9999999747378752E-03   0.9999999747378752E-03   0.9999999747378752E-03   0.9999999747378752E-03   0.9999999747378752E-03   0.9999999747378752E-03   0.9999999747378752E-03   0.9999999747378752E-03   0.9999999747378752E-03   0.9999999747378752E-03   0.9999999747378752E-03   0.9999999747378752E-03   0.9999999747378752E-03   0.9999999747378752E-03   0.9999999747378752E-03   0.9999999747378752E-03   0.9999999747378752E-03   0.9999999747378752E-03   0.9999999747378752E-03   0.9999999747378752E-03   0.9999999747378752E-03   0.9999999747378752E-03   0.9999999747378752E-03   0.9999999747378752E-03   0.9999999747378752E-03   0.9999999747378752E-03   0.9999999747378752E-03   0.9999999747378752E-03   0.9999999747378752E-03   0.9999999747378752E-03   0.9999999747378752E-03   0.9999999747378752E-03   0.9999999747378752E-03   0.9999999747378752E-03   0.9999999747378752E-03   0.9999999747378752E-03   0.9999999747378752E-03   0.9999999747378752E-03   0.9999999747378752E-03   0.9999999747378752E-03   0.9999999747378752E-03   0.9999999747378752E-03   0.9999999747378752E-03   0.9999999747378752E-03   0.9999999747378752E-03   0.9999999747378752E-03   0.9999999747378752E-03   0.9999999747378752E-03   0.9999999747378752E-03   0.9999999747378752E-03   0.9999999747378752E-03
  0.9999999747378752E-03   0.9999999747378752E-03   0.9999999747378752E-03   0.9999999747378752E-03   0.9999999747378752E-03   0.9999999747378752E-03   0.9999999747378752E-03   0.9999999747378752E-03   0.9999999747378752E-03   0.9999999747378752E-03   0.9999999747378752E-03   0.9999999747378752E-03   0.9999999747378752E-03   0.9999999747378752E-03   0.9999999747378752E-03   0.9999999747378752E-03   0.9999999747378752E-03   0.9999999747378752E-03   0.9999999747378752E-03   0.9999999747378752E-03   0.9999999747378752E-03   0.9999999747378752E-03   0.9999999747378752E-03   0.9999999747378752E-03   0.9999999747378752E-03   0.9999999747378752E-03   0.9999999747378752E-03   0.9999999747378752E-03   0.9999999747378752E-03   0.9999999747378752E-03   0.9999999747378752E-03   0.9999999747378752E-03   0.9999999747378752E-03   0.9999999747378752E-03   0.9999999747378752E-03   0.9999999747378752E-03   0.9999999747378752E-03   0.9999999747378752E-03   0.9999999747378752E-03   0.9999999747378752E-03   0.9999999747378752E-03   0.9999999747378752E-03   0.9999999747378752E-03   0.9999999747378752E-03   0.9999999747378752E-03   0.9999999747378752E-03   0.9999999747378752E-03   0.9999999747378752E-03   0.9999999747378752E-03   0.9999999747378752E-03   0.9999999747378752E-03   0.9999999747378752E-03   0.9999999747378752E-03   0.9999999747378752E-03   0.9999999747378752E-03   0.9999999747378752E-03   0.9999999747378752E-03   0.9999999747378752E-03   0.9999999747378752E-03   0.9999999747378752E-03   0.9999999747378752E-03   0.9999999747378752E-03   0.9999999747378752E-03   0.9999999747378752E-03   0.9999999747378752E-03   0.9999999747378752E-03   0.9999999747378752E-03   0.9999999747378752E-03   0.9999999747378752E-03   0.9999999747378752E-03   0.9999999747378752E-03   0.9999999747378752E-03   0.9999999747378752E-03   0.9999999747378752E-03   0.9999999747378752E-03   0.9999999747378752E-03   0.9999999747378752E-03   0.9999999747378752E-03   0.9999999747378752E-03   0.9999999747378752E-03   0.9999999747378752E-03   0.9999999747378752E-03   0.9999999747378752E-03   0.9999999747378752E-03   0.9999999747378752E-03   0.9999999747378752E-03   0.9999999747378752E-03   0.9999999747378752E-03   0.9999999747378752E-03   0.9999999747378752E-03   0.9999999747378752E-03   0.9999999747378752E-03   0.9999999747378752E-03   0.9999999747378752E-03   0.9999999747378752E-03   0.9999999747378752E-03   0.9999999747378752E-03   0.9999999747378752E-03   0.9999999747378752E-03   0.9999999747378752E-03   0.9999999747378752E-03
  0.9999999747378752E-03   0.9999999747378752E-03   0.9999999747378752E-03   0.9999999747378752E-03   0.9999999747378752E-03   0.9999999747378752E-03   0.9999999747378752E-03   0.9999999747378752E-03   0.9999999747378752E-03   0.9999999747378752E-03   0.9999999747378752E-03   0.9999999747378752E-03   0.9999999747378752E-03   0.9999999747378752E-03   0.9999999747378752E-03   0.9999999747378752E-03   0.9999999747378752E-03   0.9999999747378752E-03   0.9999999747378752E-03   0.9999999747378752E-03   0.9999999747378752E-03   0.9999999747378752E-03   0.9999999747378752E-03   0.9999999747378752E-03   0.9999999747378752E-03   0.9999999747378752E-03   0.9999999747378752E-03   0.9999999747378752E-03   0.9999999747378752E-03   0.9999999747378752E-03   0.9999999747378752E-03   0.9999999747378752E-03   0.9999999747378752E-03   0.9999999747378752E-03   0.9999999747378752E-03   0.9999999747378752E-03   0.9999999747378752E-03   0.9999999747378752E-03   0.9999999747378752E-03   0.9999999747378752E-03   0.9999999747378752E-03   0.9999999747378752E-03   0.9999999747378752E-03   0.9999999747378752E-03   0.9999999747378752E-03   0.9999999747378752E-03   0.9999999747378752E-03   0.9999999747378752E-03   0.9999999747378752E-03   0.9999999747378752E-03   0.9999999747378752E-03   0.9999999747378752E-03   0.9999999747378752E-03   0.9999999747378752E-03   0.9999999747378752E-03   0.9999999747378752E-03   0.9999999747378752E-03   0.9999999747378752E-03   0.9999999747378752E-03   0.9999999747378752E-03   0.9999999747378752E-03   0.9999999747378752E-03   0.9999999747378752E-03   0.9999999747378752E-03   0.9999999747378752E-03   0.9999999747378752E-03   0.9999999747378752E-03   0.9999999747378752E-03   0.9999999747378752E-03   0.9999999747378752E-03   0.9999999747378752E-03   0.9999999747378752E-03   0.9999999747378752E-03   0.9999999747378752E-03   0.9999999747378752E-03   0.9999999747378752E-03   0.9999999747378752E-03   0.9999999747378752E-03   0.9999999747378752E-03   0.9999999747378752E-03   0.9999999747378752E-03   0.9999999747378752E-03   0.9999999747378752E-03   0.9999999747378752E-03   0.9999999747378752E-03   0.9999999747378752E-03   0.9999999747378752E-03   0.9999999747378752E-03   0.9999999747378752E-03   0.9999999747378752E-03   0.9999999747378752E-03   0.9999999747378752E-03   0.9999999747378752E-03   0.9999999747378752E-03   0.9999999747378752E-03   0.9999999747378752E-03   0.9999999747378752E-03   0.9999999747378752E-03   0.9999999747378752E-03   0.9999999747378752E-03   0.9999999747378752E-03
  0.9999999747378752E-03   0.9999999747378752E-03   0.9999999747378752E-03   0.9999999747378752E-03   0.9999999747378752E-03   0.9999999747378752E-03   0.9999999747378752E-03   0.9999999747378752E-03   0.9999999747378752E-03   0.9999999747378752E-03   0.9999999747378752E-03   0.9999999747378752E-03   0.9999999747378752E-03   0.9999999747378752E-03   0.9999999747378752E-03   0.9999999747378752E-03   0.9999999747378752E-03   0.9999999747378752E-03   0.9999999747378752E-03   0.9999999747378752E-03   0.9999999747378752E-03   0.9999999747378752E-03   0.9999999747378752E-03   0.9999999747378752E-03   0.9999999747378752E-03   0.9999999747378752E-03   0.9999999747378752E-03   0.9999999747378752E-03   0.9999999747378752E-03   0.9999999747378752E-03   0.9999999747378752E-03   0.9999999747378752E-03   0.9999999747378752E-03   0.9999999747378752E-03   0.9999999747378752E-03   0.9999999747378752E-03   0.9999999747378752E-03   0.9999999747378752E-03   0.9999999747378752E-03   0.9999999747378752E-03   0.9999999747378752E-03   0.9999999747378752E-03   0.9999999747378752E-03   0.9999999747378752E-03   0.9999999747378752E-03   0.9999999747378752E-03   0.9999999747378752E-03   0.9999999747378752E-03   0.9999999747378752E-03   0.9999999747378752E-03   0.9999999747378752E-03   0.9999999747378752E-03   0.9999999747378752E-03   0.9999999747378752E-03   0.9999999747378752E-03   0.9999999747378752E-03   0.9999999747378752E-03   0.9999999747378752E-03   0.9999999747378752E-03   0.9999999747378752E-03   0.9999999747378752E-03   0.9999999747378752E-03   0.9999999747378752E-03   0.9999999747378752E-03   0.9999999747378752E-03   0.9999999747378752E-03   0.9999999747378752E-03   0.9999999747378752E-03   0.9999999747378752E-03   0.9999999747378752E-03   0.9999999747378752E-03   0.9999999747378752E-03   0.9999999747378752E-03   0.9999999747378752E-03   0.9999999747378752E-03   0.9999999747378752E-03   0.9999999747378752E-03   0.9999999747378752E-03   0.9999999747378752E-03   0.9999999747378752E-03   0.9999999747378752E-03   0.9999999747378752E-03   0.9999999747378752E-03   0.9999999747378752E-03   0.9999999747378752E-03   0.9999999747378752E-03   0.9999999747378752E-03   0.9999999747378752E-03   0.9999999747378752E-03   0.9999999747378752E-03   0.9999999747378752E-03   0.9999999747378752E-03   0.9999999747378752E-03   0.9999999747378752E-03   0.9999999747378752E-03   0.9999999747378752E-03   0.9999999747378752E-03   0.9999999747378752E-03   0.9999999747378752E-03   0.9999999747378752E-03   0.9999999747378752E-03
  0.9999999747378752E-03   0.9999999747378752E-03   0.9999999747378752E-03   0.9999999747378752E-03   0.9999999747378752E-03   0.9999999747378752E-03   0.9999999747378752E-03   0.9999999747378752E-03   0.9999999747378752E-03   0.9999999747378752E-03   0.9999999747378752E-03   0.9999999747378752E-03   0.9999999747378752E-03   0.9999999747378752E-03   0.9999999747378752E-03   0.9999999747378752E-03   0.9999999747378752E-03   0.9999999747378752E-03   0.9999999747378752E-03   0.9999999747378752E-03   0.9999999747378752E-03   0.9999999747378752E-03   0.9999999747378752E-03   0.9999999747378752E-03   0.9999999747378752E-03   0.9999999747378752E-03   0.9999999747378752E-03   0.9999999747378752E-03   0.9999999747378752E-03   0.9999999747378752E-03   0.9999999747378752E-03   0.9999999747378752E-03   0.9999999747378752E-03   0.9999999747378752E-03   0.9999999747378752E-03   0.9999999747378752E-03   0.9999999747378752E-03   0.9999999747378752E-03   0.9999999747378752E-03   0.9999999747378752E-03   0.9999999747378752E-03   0.9999999747378752E-03   0.9999999747378752E-03   0.9999999747378752E-03   0.9999999747378752E-03   0.9999999747378752E-03   0.9999999747378752E-03   0.9999999747378752E-03   0.9999999747378752E-03   0.9999999747378752E-03   0.9999999747378752E-03   0.9999999747378752E-03   0.9999999747378752E-03   0.9999999747378752E-03   0.9999999747378752E-03   0.9999999747378752E-03   0.9999999747378752E-03   0.9999999747378752E-03   0.9999999747378752E-03   0.9999999747378752E-03   0.9999999747378752E-03   0.9999999747378752E-03   0.9999999747378752E-03   0.9999999747378752E-03   0.9999999747378752E-03   0.9999999747378752E-03   0.9999999747378752E-03   0.9999999747378752E-03   0.9999999747378752E-03   0.9999999747378752E-03   0.9999999747378752E-03   0.9999999747378752E-03   0.9999999747378752E-03   0.9999999747378752E-03   0.9999999747378752E-03   0.9999999747378752E-03   0.9999999747378752E-03   0.9999999747378752E-03   0.9999999747378752E-03   0.9999999747378752E-03   0.9999999747378752E-03   0.9999999747378752E-03   0.9999999747378752E-03   0.9999999747378752E-03   0.9999999747378752E-03   0.9999999747378752E-03   0.9999999747378752E-03   0.9999999747378752E-03   0.9999999747378752E-03   0.9999999747378752E-03   0.9999999747378752E-03   0.9999999747378752E-03   0.9999999747378752E-03   0.9999999747378752E-03   0.9999999747378752E-03   0.9999999747378752E-03   0.9999999747378752E-03   0.9999999747378752E-03   0.9999999747378752E-03   0.9999999747378752E-03   0.9999999747378752E-03
  0.9999999747378752E-03   0.9999999747378752E-03   0.9999999747378752E-03   0.9999999747378752E-03   0.9999999747378752E-03   0.9999999747378752E-03   0.9999999747378752E-03   0.9999999747378752E-03   0.9999999747378752E-03   0.9999999747378752E-03   0.9999999747378752E-03   0.9999999747378752E-03   0.9999999747378752E-03   0.9999999747378752E-03   0.9999999747378752E-03   0.9999999747378752E-03   0.9999999747378752E-03   0.9999999747378752E-03   0.9999999747378752E-03   0.9999999747378752E-03   0.9999999747378752E-03   0.9999999747378752E-03   0.9999999747378752E-03   0.9999999747378752E-03   0.9999999747378752E-03   0.9999999747378752E-03   0.9999999747378752E-03   0.9999999747378752E-03   0.9999999747378752E-03   0.9999999747378752E-03   0.9999999747378752E-03   0.9999999747378752E-03   0.9999999747378752E-03   0.9999999747378752E-03   0.9999999747378752E-03   0.9999999747378752E-03   0.9999999747378752E-03   0.9999999747378752E-03   0.9999999747378752E-03   0.9999999747378752E-03   0.9999999747378752E-03   0.9999999747378752E-03   0.9999999747378752E-03   0.9999999747378752E-03   0.9999999747378752E-03   0.9999999747378752E-03   0.9999999747378752E-03   0.9999999747378752E-03   0.9999999747378752E-03   0.9999999747378752E-03   0.9999999747378752E-03   0.9999999747378752E-03   0.9999999747378752E-03   0.9999999747378752E-03   0.9999999747378752E-03   0.9999999747378752E-03   0.9999999747378752E-03   0.9999999747378752E-03   0.9999999747378752E-03   0.9999999747378752E-03   0.9999999747378752E-03   0.9999999747378752E-03   0.9999999747378752E-03   0.9999999747378752E-03   0.9999999747378752E-03   0.9999999747378752E-03   0.9999999747378752E-03   0.9999999747378752E-03   0.9999999747378752E-03   0.9999999747378752E-03   0.9999999747378752E-03   0.9999999747378752E-03   0.9999999747378752E-03   0.9999999747378752E-03   0.9999999747378752E-03   0.9999999747378752E-03   0.9999999747378752E-03   0.9999999747378752E-03   0.9999999747378752E-03   0.9999999747378752E-03   0.9999999747378752E-03   0.9999999747378752E-03   0.9999999747378752E-03   0.9999999747378752E-03   0.9999999747378752E-03   0.9999999747378752E-03   0.9999999747378752E-03   0.9999999747378752E-03   0.9999999747378752E-03   0.9999999747378752E-03   0.9999999747378752E-03   0.9999999747378752E-03   0.9999999747378752E-03   0.9999999747378752E-03   0.9999999747378752E-03   0.9999999747378752E-03   0.9999999747378752E-03   0.9999999747378752E-03   0.9999999747378752E-03   0.9999999747378752E-03   0.9999999747378752E-03
  0.9999999747378752E-03   0.9999999747378752E-03   0.9999999747378752E-03   0.9999999747378752E-03   0.9999999747378752E-03   0.9999999747378752E-03   0.9999999747378752E-03   0.9999999747378752E-03   0.9999999747378752E-03   0.9999999747378752E-03   0.9999999747378752E-03   0.9999999747378752E-03   0.9999999747378752E-03   0.9999999747378752E-03   0.9999999747378752E-03   0.9999999747378752E-03   0.9999999747378752E-03   0.9999999747378752E-03   0.9999999747378752E-03   0.9999999747378752E-03   0.9999999747378752E-03   0.9999999747378752E-03   0.9999999747378752E-03   0.9999999747378752E-03   0.9999999747378752E-03   0.9999999747378752E-03   0.9999999747378752E-03   0.9999999747378752E-03   0.9999999747378752E-03   0.9999999747378752E-03   0.9999999747378752E-03   0.9999999747378752E-03   0.9999999747378752E-03   0.9999999747378752E-03   0.9999999747378752E-03   0.9999999747378752E-03   0.9999999747378752E-03   0.9999999747378752E-03   0.9999999747378752E-03   0.9999999747378752E-03   0.9999999747378752E-03   0.9999999747378752E-03   0.9999999747378752E-03   0.9999999747378752E-03   0.9999999747378752E-03   0.9999999747378752E-03   0.9999999747378752E-03   0.9999999747378752E-03   0.9999999747378752E-03   0.9999999747378752E-03   0.9999999747378752E-03   0.9999999747378752E-03   0.9999999747378752E-03   0.9999999747378752E-03   0.9999999747378752E-03   0.9999999747378752E-03   0.9999999747378752E-03   0.9999999747378752E-03   0.9999999747378752E-03   0.9999999747378752E-03   0.9999999747378752E-03   0.9999999747378752E-03   0.9999999747378752E-03   0.9999999747378752E-03   0.9999999747378752E-03   0.9999999747378752E-03   0.9999999747378752E-03   0.9999999747378752E-03   0.9999999747378752E-03   0.9999999747378752E-03   0.9999999747378752E-03   0.9999999747378752E-03   0.9999999747378752E-03   0.9999999747378752E-03   0.9999999747378752E-03   0.9999999747378752E-03   0.9999999747378752E-03   0.9999999747378752E-03   0.9999999747378752E-03   0.9999999747378752E-03   0.9999999747378752E-03   0.9999999747378752E-03   0.9999999747378752E-03   0.9999999747378752E-03   0.9999999747378752E-03   0.9999999747378752E-03   0.9999999747378752E-03   0.9999999747378752E-03   0.9999999747378752E-03   0.9999999747378752E-03   0.9999999747378752E-03   0.9999999747378752E-03   0.9999999747378752E-03   0.9999999747378752E-03   0.9999999747378752E-03   0.9999999747378752E-03   0.9999999747378752E-03   0.9999999747378752E-03   0.9999999747378752E-03   0.9999999747378752E-03   0.9999999747378752E-03
  0.9999999747378752E-03   0.9999999747378752E-03   0.9999999747378752E-03   0.9999999747378752E-03   0.9999999747378752E-03   0.9999999747378752E-03   0.9999999747378752E-03   0.9999999747378752E-03   0.9999999747378752E-03   0.9999999747378752E-03   0.9999999747378752E-03   0.9999999747378752E-03   0.9999999747378752E-03   0.9999999747378752E-03   0.9999999747378752E-03   0.9999999747378752E-03   0.9999999747378752E-03   0.9999999747378752E-03   0.9999999747378752E-03   0.9999999747378752E-03   0.9999999747378752E-03   0.9999999747378752E-03   0.9999999747378752E-03   0.9999999747378752E-03   0.9999999747378752E-03   0.9999999747378752E-03   0.9999999747378752E-03   0.9999999747378752E-03   0.9999999747378752E-03   0.9999999747378752E-03   0.9999999747378752E-03   0.9999999747378752E-03   0.9999999747378752E-03   0.9999999747378752E-03   0.9999999747378752E-03   0.9999999747378752E-03   0.9999999747378752E-03   0.9999999747378752E-03   0.9999999747378752E-03   0.9999999747378752E-03   0.9999999747378752E-03   0.9999999747378752E-03   0.9999999747378752E-03   0.9999999747378752E-03   0.9999999747378752E-03   0.9999999747378752E-03   0.9999999747378752E-03   0.9999999747378752E-03   0.9999999747378752E-03   0.9999999747378752E-03   0.9999999747378752E-03   0.9999999747378752E-03   0.9999999747378752E-03   0.9999999747378752E-03   0.9999999747378752E-03   0.9999999747378752E-03   0.9999999747378752E-03   0.9999999747378752E-03   0.9999999747378752E-03   0.9999999747378752E-03   0.9999999747378752E-03   0.9999999747378752E-03   0.9999999747378752E-03   0.9999999747378752E-03   0.9999999747378752E-03   0.9999999747378752E-03   0.9999999747378752E-03   0.9999999747378752E-03   0.9999999747378752E-03   0.9999999747378752E-03   0.9999999747378752E-03   0.9999999747378752E-03   0.9999999747378752E-03   0.9999999747378752E-03   0.9999999747378752E-03   0.9999999747378752E-03   0.9999999747378752E-03   0.9999999747378752E-03   0.9999999747378752E-03   0.9999999747378752E-03   0.9999999747378752E-03   0.9999999747378752E-03   0.9999999747378752E-03   0.9999999747378752E-03   0.9999999747378752E-03   0.9999999747378752E-03   0.9999999747378752E-03   0.9999999747378752E-03   0.9999999747378752E-03   0.9999999747378752E-03   0.9999999747378752E-03   0.9999999747378752E-03   0.9999999747378752E-03   0.9999999747378752E-03   0.9999999747378752E-03   0.9999999747378752E-03   0.9999999747378752E-03   0.9999999747378752E-03   0.9999999747378752E-03   0.9999999747378752E-03   0.9999999747378752E-03
  0.9999999747378752E-03   0.9999999747378752E-03   0.9999999747378752E-03   0.9999999747378752E-03   0.9999999747378752E-03   0.9999999747378752E-03   0.9999999747378752E-03   0.9999999747378752E-03   0.9999999747378752E-03   0.9999999747378752E-03   0.9999999747378752E-03   0.9999999747378752E-03   0.9999999747378752E-03   0.9999999747378752E-03   0.9999999747378752E-03   0.9999999747378752E-03   0.9999999747378752E-03   0.9999999747378752E-03   0.9999999747378752E-03   0.9999999747378752E-03   0.9999999747378752E-03   0.9999999747378752E-03   0.9999999747378752E-03   0.9999999747378752E-03   0.9999999747378752E-03   0.9999999747378752E-03   0.9999999747378752E-03   0.9999999747378752E-03   0.9999999747378752E-03   0.9999999747378752E-03   0.9999999747378752E-03   0.9999999747378752E-03   0.9999999747378752E-03   0.9999999747378752E-03   0.9999999747378752E-03   0.9999999747378752E-03   0.9999999747378752E-03   0.9999999747378752E-03   0.9999999747378752E-03   0.9999999747378752E-03   0.9999999747378752E-03   0.9999999747378752E-03   0.9999999747378752E-03   0.9999999747378752E-03   0.9999999747378752E-03   0.9999999747378752E-03   0.9999999747378752E-03   0.9999999747378752E-03   0.9999999747378752E-03   0.9999999747378752E-03   0.9999999747378752E-03   0.9999999747378752E-03   0.9999999747378752E-03   0.9999999747378752E-03   0.9999999747378752E-03   0.9999999747378752E-03   0.9999999747378752E-03   0.9999999747378752E-03   0.9999999747378752E-03   0.9999999747378752E-03   0.9999999747378752E-03   0.9999999747378752E-03   0.9999999747378752E-03   0.9999999747378752E-03   0.9999999747378752E-03   0.9999999747378752E-03   0.9999999747378752E-03   0.9999999747378752E-03   0.9999999747378752E-03   0.9999999747378752E-03   0.9999999747378752E-03   0.9999999747378752E-03   0.9999999747378752E-03   0.9999999747378752E-03   0.9999999747378752E-03   0.9999999747378752E-03   0.9999999747378752E-03   0.9999999747378752E-03   0.9999999747378752E-03   0.9999999747378752E-03   0.9999999747378752E-03   0.9999999747378752E-03   0.9999999747378752E-03   0.9999999747378752E-03   0.9999999747378752E-03   0.9999999747378752E-03   0.9999999747378752E-03   0.9999999747378752E-03   0.9999999747378752E-03   0.9999999747378752E-03   0.9999999747378752E-03   0.9999999747378752E-03   0.9999999747378752E-03   0.9999999747378752E-03   0.9999999747378752E-03   0.9999999747378752E-03   0.9999999747378752E-03   0.9999999747378752E-03   0.9999999747378752E-03   0.9999999747378752E-03   0.9999999747378752E-03
  0.9999999747378752E-03   0.9999999747378752E-03   0.9999999747378752E-03   0.9999999747378752E-03   0.9999999747378752E-03   0.9999999747378752E-03   0.9999999747378752E-03   0.9999999747378752E-03   0.9999999747378752E-03   0.9999999747378752E-03   0.9999999747378752E-03   0.9999999747378752E-03   0.9999999747378752E-03   0.9999999747378752E-03   0.9999999747378752E-03   0.9999999747378752E-03   0.9999999747378752E-03   0.9999999747378752E-03   0.9999999747378752E-03   0.9999999747378752E-03   0.9999999747378752E-03   0.9999999747378752E-03   0.9999999747378752E-03   0.9999999747378752E-03   0.9999999747378752E-03   0.9999999747378752E-03   0.9999999747378752E-03   0.9999999747378752E-03   0.9999999747378752E-03   0.9999999747378752E-03   0.9999999747378752E-03   0.9999999747378752E-03   0.9999999747378752E-03   0.9999999747378752E-03   0.9999999747378752E-03   0.9999999747378752E-03   0.9999999747378752E-03   0.9999999747378752E-03   0.9999999747378752E-03   0.9999999747378752E-03   0.9999999747378752E-03   0.9999999747378752E-03   0.9999999747378752E-03   0.9999999747378752E-03   0.9999999747378752E-03   0.9999999747378752E-03   0.9999999747378752E-03   0.9999999747378752E-03   0.9999999747378752E-03   0.9999999747378752E-03   0.9999999747378752E-03   0.9999999747378752E-03   0.9999999747378752E-03   0.9999999747378752E-03   0.9999999747378752E-03   0.9999999747378752E-03   0.9999999747378752E-03   0.9999999747378752E-03   0.9999999747378752E-03   0.9999999747378752E-03   0.9999999747378752E-03   0.9999999747378752E-03   0.9999999747378752E-03   0.9999999747378752E-03   0.9999999747378752E-03   0.9999999747378752E-03   0.9999999747378752E-03   0.9999999747378752E-03   0.9999999747378752E-03   0.9999999747378752E-03   0.9999999747378752E-03   0.9999999747378752E-03   0.9999999747378752E-03   0.9999999747378752E-03   0.9999999747378752E-03   0.9999999747378752E-03   0.9999999747378752E-03   0.9999999747378752E-03   0.9999999747378752E-03   0.9999999747378752E-03   0.9999999747378752E-03   0.9999999747378752E-03   0.9999999747378752E-03   0.9999999747378752E-03   0.9999999747378752E-03   0.9999999747378752E-03   0.9999999747378752E-03   0.9999999747378752E-03   0.9999999747378752E-03   0.9999999747378752E-03   0.9999999747378752E-03   0.9999999747378752E-03   0.9999999747378752E-03   0.9999999747378752E-03   0.9999999747378752E-03   0.9999999747378752E-03   0.9999999747378752E-03   0.9999999747378752E-03   0.9999999747378752E-03   0.9999999747378752E-03   0.9999999747378752E-03
  0.9999999747378752E-03   0.9999999747378752E-03   0.9999999747378752E-03   0.9999999747378752E-03   0.9999999747378752E-03   0.9999999747378752E-03   0.9999999747378752E-03   0.9999999747378752E-03   0.9999999747378752E-03   0.9999999747378752E-03   0.9999999747378752E-03   0.9999999747378752E-03   0.9999999747378752E-03   0.9999999747378752E-03   0.9999999747378752E-03   0.9999999747378752E-03   0.9999999747378752E-03   0.9999999747378752E-03   0.9999999747378752E-03   0.9999999747378752E-03   0.9999999747378752E-03   0.9999999747378752E-03   0.9999999747378752E-03   0.9999999747378752E-03   0.9999999747378752E-03   0.9999999747378752E-03   0.9999999747378752E-03   0.9999999747378752E-03   0.9999999747378752E-03   0.9999999747378752E-03   0.9999999747378752E-03   0.9999999747378752E-03   0.9999999747378752E-03   0.9999999747378752E-03   0.9999999747378752E-03   0.9999999747378752E-03   0.9999999747378752E-03   0.9999999747378752E-03   0.9999999747378752E-03   0.9999999747378752E-03   0.9999999747378752E-03   0.9999999747378752E-03   0.9999999747378752E-03   0.9999999747378752E-03   0.9999999747378752E-03   0.9999999747378752E-03   0.9999999747378752E-03   0.9999999747378752E-03   0.9999999747378752E-03   0.9999999747378752E-03   0.9999999747378752E-03   0.9999999747378752E-03   0.9999999747378752E-03   0.9999999747378752E-03   0.9999999747378752E-03   0.9999999747378752E-03   0.9999999747378752E-03   0.9999999747378752E-03   0.9999999747378752E-03   0.9999999747378752E-03   0.9999999747378752E-03   0.9999999747378752E-03   0.9999999747378752E-03   0.9999999747378752E-03   0.9999999747378752E-03   0.9999999747378752E-03   0.9999999747378752E-03   0.9999999747378752E-03   0.9999999747378752E-03   0.9999999747378752E-03   0.9999999747378752E-03   0.9999999747378752E-03   0.9999999747378752E-03   0.9999999747378752E-03   0.9999999747378752E-03   0.9999999747378752E-03   0.9999999747378752E-03   0.9999999747378752E-03   0.9999999747378752E-03   0.9999999747378752E-03   0.9999999747378752E-03   0.9999999747378752E-03   0.9999999747378752E-03   0.9999999747378752E-03   0.9999999747378752E-03   0.9999999747378752E-03   0.9999999747378752E-03   0.9999999747378752E-03   0.9999999747378752E-03   0.9999999747378752E-03   0.9999999747378752E-03   0.9999999747378752E-03   0.9999999747378752E-03   0.9999999747378752E-03   0.9999999747378752E-03   0.9999999747378752E-03   0.9999999747378752E-03   0.9999999747378752E-03   0.9999999747378752E-03   0.9999999747378752E-03   0.9999999747378752E-03
  0.9999999747378752E-03   0.9999999747378752E-03   0.9999999747378752E-03   0.9999999747378752E-03   0.9999999747378752E-03   0.9999999747378752E-03   0.9999999747378752E-03   0.9999999747378752E-03   0.9999999747378752E-03   0.9999999747378752E-03   0.9999999747378752E-03   0.9999999747378752E-03   0.9999999747378752E-03   0.9999999747378752E-03   0.9999999747378752E-03   0.9999999747378752E-03   0.9999999747378752E-03   0.9999999747378752E-03   0.9999999747378752E-03   0.9999999747378752E-03   0.9999999747378752E-03   0.9999999747378752E-03   0.9999999747378752E-03   0.9999999747378752E-03   0.9999999747378752E-03   0.9999999747378752E-03   0.9999999747378752E-03   0.9999999747378752E-03   0.9999999747378752E-03   0.9999999747378752E-03   0.9999999747378752E-03   0.9999999747378752E-03   0.9999999747378752E-03   0.9999999747378752E-03   0.9999999747378752E-03   0.9999999747378752E-03   0.9999999747378752E-03   0.9999999747378752E-03   0.9999999747378752E-03   0.9999999747378752E-03   0.9999999747378752E-03   0.9999999747378752E-03   0.9999999747378752E-03   0.9999999747378752E-03   0.9999999747378752E-03   0.9999999747378752E-03   0.9999999747378752E-03   0.9999999747378752E-03   0.9999999747378752E-03   0.9999999747378752E-03   0.9999999747378752E-03   0.9999999747378752E-03   0.9999999747378752E-03   0.9999999747378752E-03   0.9999999747378752E-03   0.9999999747378752E-03   0.9999999747378752E-03   0.9999999747378752E-03   0.9999999747378752E-03   0.9999999747378752E-03   0.9999999747378752E-03   0.9999999747378752E-03   0.9999999747378752E-03   0.9999999747378752E-03   0.9999999747378752E-03   0.9999999747378752E-03   0.9999999747378752E-03   0.9999999747378752E-03   0.9999999747378752E-03   0.9999999747378752E-03   0.9999999747378752E-03   0.9999999747378752E-03   0.9999999747378752E-03   0.9999999747378752E-03   0.9999999747378752E-03   0.9999999747378752E-03   0.9999999747378752E-03   0.9999999747378752E-03   0.9999999747378752E-03   0.9999999747378752E-03   0.9999999747378752E-03   0.9999999747378752E-03   0.9999999747378752E-03   0.9999999747378752E-03   0.9999999747378752E-03   0.9999999747378752E-03   0.9999999747378752E-03   0.9999999747378752E-03   0.9999999747378752E-03   0.9999999747378752E-03   0.9999999747378752E-03   0.9999999747378752E-03   0.9999999747378752E-03   0.9999999747378752E-03   0.9999999747378752E-03   0.9999999747378752E-03   0.9999999747378752E-03   0.9999999747378752E-03   0.9999999747378752E-03   0.9999999747378752E-03   0.9999999747378752E-03
  0.9999999747378752E-03   0.9999999747378752E-03   0.9999999747378752E-03   0.9999999747378752E-03   0.9999999747378752E-03   0.9999999747378752E-03   0.9999999747378752E-03   0.9999999747378752E-03   0.9999999747378752E-03   0.9999999747378752E-03   0.9999999747378752E-03   0.9999999747378752E-03   0.9999999747378752E-03   0.9999999747378752E-03   0.9999999747378752E-03   0.9999999747378752E-03   0.9999999747378752E-03   0.9999999747378752E-03   0.9999999747378752E-03   0.9999999747378752E-03   0.9999999747378752E-03   0.9999999747378752E-03   0.9999999747378752E-03   0.9999999747378752E-03   0.9999999747378752E-03   0.9999999747378752E-03   0.9999999747378752E-03   0.9999999747378752E-03   0.9999999747378752E-03   0.9999999747378752E-03   0.9999999747378752E-03   0.9999999747378752E-03   0.9999999747378752E-03   0.9999999747378752E-03   0.9999999747378752E-03   0.9999999747378752E-03   0.9999999747378752E-03   0.9999999747378752E-03   0.9999999747378752E-03   0.9999999747378752E-03   0.9999999747378752E-03   0.9999999747378752E-03   0.9999999747378752E-03   0.9999999747378752E-03   0.9999999747378752E-03   0.9999999747378752E-03   0.9999999747378752E-03   0.9999999747378752E-03   0.9999999747378752E-03   0.9999999747378752E-03   0.9999999747378752E-03   0.9999999747378752E-03   0.9999999747378752E-03   0.9999999747378752E-03   0.9999999747378752E-03   0.9999999747378752E-03   0.9999999747378752E-03   0.9999999747378752E-03   0.9999999747378752E-03   0.9999999747378752E-03   0.9999999747378752E-03   0.9999999747378752E-03   0.9999999747378752E-03   0.9999999747378752E-03   0.9999999747378752E-03   0.9999999747378752E-03   0.9999999747378752E-03   0.9999999747378752E-03   0.9999999747378752E-03   0.9999999747378752E-03   0.9999999747378752E-03   0.9999999747378752E-03   0.9999999747378752E-03   0.9999999747378752E-03   0.9999999747378752E-03   0.9999999747378752E-03   0.9999999747378752E-03   0.9999999747378752E-03   0.9999999747378752E-03   0.9999999747378752E-03   0.9999999747378752E-03   0.9999999747378752E-03   0.9999999747378752E-03   0.9999999747378752E-03   0.9999999747378752E-03   0.9999999747378752E-03   0.9999999747378752E-03   0.9999999747378752E-03   0.9999999747378752E-03   0.9999999747378752E-03   0.9999999747378752E-03   0.9999999747378752E-03   0.9999999747378752E-03   0.9999999747378752E-03   0.9999999747378752E-03   0.9999999747378752E-03   0.9999999747378752E-03   0.9999999747378752E-03   0.9999999747378752E-03   0.9999999747378752E-03   0.9999999747378752E-03
  0.9999999747378752E-03   0.9999999747378752E-03   0.9999999747378752E-03   0.9999999747378752E-03   0.9999999747378752E-03   0.9999999747378752E-03   0.9999999747378752E-03   0.9999999747378752E-03   0.9999999747378752E-03   0.9999999747378752E-03   0.9999999747378752E-03   0.9999999747378752E-03   0.9999999747378752E-03   0.9999999747378752E-03   0.9999999747378752E-03   0.9999999747378752E-03   0.9999999747378752E-03   0.9999999747378752E-03   0.9999999747378752E-03   0.9999999747378752E-03   0.9999999747378752E-03   0.9999999747378752E-03   0.9999999747378752E-03   0.9999999747378752E-03   0.9999999747378752E-03   0.9999999747378752E-03   0.9999999747378752E-03   0.9999999747378752E-03   0.9999999747378752E-03   0.9999999747378752E-03   0.9999999747378752E-03   0.9999999747378752E-03   0.9999999747378752E-03   0.9999999747378752E-03   0.9999999747378752E-03   0.9999999747378752E-03   0.9999999747378752E-03   0.9999999747378752E-03   0.9999999747378752E-03   0.9999999747378752E-03   0.9999999747378752E-03   0.9999999747378752E-03   0.9999999747378752E-03   0.9999999747378752E-03   0.9999999747378752E-03   0.9999999747378752E-03   0.9999999747378752E-03   0.9999999747378752E-03   0.9999999747378752E-03   0.9999999747378752E-03   0.9999999747378752E-03   0.9999999747378752E-03   0.9999999747378752E-03   0.9999999747378752E-03   0.9999999747378752E-03   0.9999999747378752E-03   0.9999999747378752E-03   0.9999999747378752E-03   0.9999999747378752E-03   0.9999999747378752E-03   0.9999999747378752E-03   0.9999999747378752E-03   0.9999999747378752E-03   0.9999999747378752E-03   0.9999999747378752E-03   0.9999999747378752E-03   0.9999999747378752E-03   0.9999999747378752E-03   0.9999999747378752E-03   0.9999999747378752E-03   0.9999999747378752E-03   0.9999999747378752E-03   0.9999999747378752E-03   0.9999999747378752E-03   0.9999999747378752E-03   0.9999999747378752E-03   0.9999999747378752E-03   0.9999999747378752E-03   0.9999999747378752E-03   0.9999999747378752E-03   0.9999999747378752E-03   0.9999999747378752E-03   0.9999999747378752E-03   0.9999999747378752E-03   0.9999999747378752E-03   0.9999999747378752E-03   0.9999999747378752E-03   0.9999999747378752E-03   0.9999999747378752E-03   0.9999999747378752E-03   0.9999999747378752E-03   0.9999999747378752E-03   0.9999999747378752E-03   0.9999999747378752E-03   0.9999999747378752E-03   0.9999999747378752E-03   0.9999999747378752E-03   0.9999999747378752E-03   0.9999999747378752E-03   0.9999999747378752E-03   0.9999999747378752E-03
  0.9999999747378752E-03   0.9999999747378752E-03   0.9999999747378752E-03   0.9999999747378752E-03   0.9999999747378752E-03   0.9999999747378752E-03   0.9999999747378752E-03   0.9999999747378752E-03   0.9999999747378752E-03   0.9999999747378752E-03   0.9999999747378752E-03   0.9999999747378752E-03   0.9999999747378752E-03   0.9999999747378752E-03   0.9999999747378752E-03   0.9999999747378752E-03   0.9999999747378752E-03   0.9999999747378752E-03   0.9999999747378752E-03   0.9999999747378752E-03   0.9999999747378752E-03   0.9999999747378752E-03   0.9999999747378752E-03   0.9999999747378752E-03   0.9999999747378752E-03   0.9999999747378752E-03   0.9999999747378752E-03   0.9999999747378752E-03   0.9999999747378752E-03   0.9999999747378752E-03   0.9999999747378752E-03   0.9999999747378752E-03   0.9999999747378752E-03   0.9999999747378752E-03   0.9999999747378752E-03   0.9999999747378752E-03   0.9999999747378752E-03   0.9999999747378752E-03   0.9999999747378752E-03   0.9999999747378752E-03   0.9999999747378752E-03   0.9999999747378752E-03   0.9999999747378752E-03   0.9999999747378752E-03   0.9999999747378752E-03   0.9999999747378752E-03   0.9999999747378752E-03   0.9999999747378752E-03   0.9999999747378752E-03   0.9999999747378752E-03   0.9999999747378752E-03   0.9999999747378752E-03   0.9999999747378752E-03   0.9999999747378752E-03   0.9999999747378752E-03   0.9999999747378752E-03   0.9999999747378752E-03   0.9999999747378752E-03   0.9999999747378752E-03   0.9999999747378752E-03   0.9999999747378752E-03   0.9999999747378752E-03   0.9999999747378752E-03   0.9999999747378752E-03   0.9999999747378752E-03   0.9999999747378752E-03   0.9999999747378752E-03   0.9999999747378752E-03   0.9999999747378752E-03   0.9999999747378752E-03   0.9999999747378752E-03   0.9999999747378752E-03   0.9999999747378752E-03   0.9999999747378752E-03   0.9999999747378752E-03   0.9999999747378752E-03   0.9999999747378752E-03   0.9999999747378752E-03   0.9999999747378752E-03   0.9999999747378752E-03   0.9999999747378752E-03   0.9999999747378752E-03   0.9999999747378752E-03   0.9999999747378752E-03   0.9999999747378752E-03   0.9999999747378752E-03   0.9999999747378752E-03   0.9999999747378752E-03   0.9999999747378752E-03   0.9999999747378752E-03   0.9999999747378752E-03   0.9999999747378752E-03   0.9999999747378752E-03   0.9999999747378752E-03   0.9999999747378752E-03   0.9999999747378752E-03   0.9999999747378752E-03   0.9999999747378752E-03   0.9999999747378752E-03   0.9999999747378752E-03   0.9999999747378752E-03
  0.9999999747378752E-03   0.9999999747378752E-03   0.9999999747378752E-03   0.9999999747378752E-03   0.9999999747378752E-03   0.9999999747378752E-03   0.9999999747378752E-03   0.9999999747378752E-03   0.9999999747378752E-03   0.9999999747378752E-03   0.9999999747378752E-03   0.9999999747378752E-03   0.9999999747378752E-03   0.9999999747378752E-03   0.9999999747378752E-03   0.9999999747378752E-03   0.9999999747378752E-03   0.9999999747378752E-03   0.9999999747378752E-03   0.9999999747378752E-03   0.9999999747378752E-03   0.9999999747378752E-03   0.9999999747378752E-03   0.9999999747378752E-03   0.9999999747378752E-03   0.9999999747378752E-03   0.9999999747378752E-03   0.9999999747378752E-03   0.9999999747378752E-03   0.9999999747378752E-03   0.9999999747378752E-03   0.9999999747378752E-03   0.9999999747378752E-03   0.9999999747378752E-03   0.9999999747378752E-03   0.9999999747378752E-03   0.9999999747378752E-03   0.9999999747378752E-03   0.9999999747378752E-03   0.9999999747378752E-03   0.9999999747378752E-03   0.9999999747378752E-03   0.9999999747378752E-03   0.9999999747378752E-03   0.9999999747378752E-03   0.9999999747378752E-03   0.9999999747378752E-03   0.9999999747378752E-03   0.9999999747378752E-03   0.9999999747378752E-03   0.9999999747378752E-03   0.9999999747378752E-03   0.9999999747378752E-03   0.9999999747378752E-03   0.9999999747378752E-03   0.9999999747378752E-03   0.9999999747378752E-03   0.9999999747378752E-03   0.9999999747378752E-03   0.9999999747378752E-03   0.9999999747378752E-03   0.9999999747378752E-03   0.9999999747378752E-03   0.9999999747378752E-03   0.9999999747378752E-03   0.9999999747378752E-03   0.9999999747378752E-03   0.9999999747378752E-03   0.9999999747378752E-03   0.9999999747378752E-03   0.9999999747378752E-03   0.9999999747378752E-03   0.9999999747378752E-03   0.9999999747378752E-03   0.9999999747378752E-03   0.9999999747378752E-03   0.9999999747378752E-03   0.9999999747378752E-03   0.9999999747378752E-03   0.9999999747378752E-03   0.9999999747378752E-03   0.9999999747378752E-03   0.9999999747378752E-03   0.9999999747378752E-03   0.9999999747378752E-03   0.9999999747378752E-03   0.9999999747378752E-03   0.9999999747378752E-03   0.9999999747378752E-03   0.9999999747378752E-03   0.9999999747378752E-03   0.9999999747378752E-03   0.9999999747378752E-03   0.9999999747378752E-03   0.9999999747378752E-03   0.9999999747378752E-03   0.9999999747378752E-03   0.9999999747378752E-03   0.9999999747378752E-03   0.9999999747378752E-03   0.9999999747378752E-03
  0.9999999747378752E-03   0.9999999747378752E-03   0.9999999747378752E-03   0.9999999747378752E-03   0.9999999747378752E-03   0.9999999747378752E-03   0.9999999747378752E-03   0.9999999747378752E-03   0.9999999747378752E-03   0.9999999747378752E-03   0.9999999747378752E-03   0.9999999747378752E-03   0.9999999747378752E-03   0.9999999747378752E-03   0.9999999747378752E-03   0.9999999747378752E-03   0.9999999747378752E-03   0.9999999747378752E-03   0.9999999747378752E-03   0.9999999747378752E-03   0.9999999747378752E-03   0.9999999747378752E-03   0.9999999747378752E-03   0.9999999747378752E-03   0.9999999747378752E-03   0.9999999747378752E-03   0.9999999747378752E-03   0.9999999747378752E-03   0.9999999747378752E-03   0.9999999747378752E-03   0.9999999747378752E-03   0.9999999747378752E-03   0.9999999747378752E-03   0.9999999747378752E-03   0.9999999747378752E-03   0.9999999747378752E-03   0.9999999747378752E-03   0.9999999747378752E-03   0.9999999747378752E-03   0.9999999747378752E-03   0.9999999747378752E-03   0.9999999747378752E-03   0.9999999747378752E-03   0.9999999747378752E-03   0.9999999747378752E-03   0.9999999747378752E-03   0.9999999747378752E-03   0.9999999747378752E-03   0.9999999747378752E-03   0.9999999747378752E-03   0.9999999747378752E-03   0.9999999747378752E-03   0.9999999747378752E-03   0.9999999747378752E-03   0.9999999747378752E-03   0.9999999747378752E-03   0.9999999747378752E-03   0.9999999747378752E-03   0.9999999747378752E-03   0.9999999747378752E-03   0.9999999747378752E-03   0.9999999747378752E-03   0.9999999747378752E-03   0.9999999747378752E-03   0.9999999747378752E-03   0.9999999747378752E-03   0.9999999747378752E-03   0.9999999747378752E-03   0.9999999747378752E-03   0.9999999747378752E-03   0.9999999747378752E-03   0.9999999747378752E-03   0.9999999747378752E-03   0.9999999747378752E-03   0.9999999747378752E-03   0.9999999747378752E-03   0.9999999747378752E-03   0.9999999747378752E-03   0.9999999747378752E-03   0.9999999747378752E-03   0.9999999747378752E-03   0.9999999747378752E-03   0.9999999747378752E-03   0.9999999747378752E-03   0.9999999747378752E-03   0.9999999747378752E-03   0.9999999747378752E-03   0.9999999747378752E-03   0.9999999747378752E-03   0.9999999747378752E-03   0.9999999747378752E-03   0.9999999747378752E-03   0.9999999747378752E-03   0.9999999747378752E-03   0.9999999747378752E-03   0.9999999747378752E-03   0.9999999747378752E-03   0.9999999747378752E-03   0.9999999747378752E-03   0.9999999747378752E-03   0.9999999747378752E-03
  0.9999999747378752E-03   0.9999999747378752E-03   0.9999999747378752E-03   0.9999999747378752E-03   0.9999999747378752E-03   0.9999999747378752E-03   0.9999999747378752E-03   0.9999999747378752E-03   0.9999999747378752E-03   0.9999999747378752E-03   0.9999999747378752E-03   0.9999999747378752E-03   0.9999999747378752E-03   0.9999999747378752E-03   0.9999999747378752E-03   0.9999999747378752E-03   0.9999999747378752E-03   0.9999999747378752E-03   0.9999999747378752E-03   0.9999999747378752E-03   0.9999999747378752E-03   0.9999999747378752E-03   0.9999999747378752E-03   0.9999999747378752E-03   0.9999999747378752E-03   0.9999999747378752E-03   0.9999999747378752E-03   0.9999999747378752E-03   0.9999999747378752E-03   0.9999999747378752E-03   0.9999999747378752E-03   0.9999999747378752E-03   0.9999999747378752E-03   0.9999999747378752E-03   0.9999999747378752E-03   0.9999999747378752E-03   0.9999999747378752E-03   0.9999999747378752E-03   0.9999999747378752E-03   0.9999999747378752E-03   0.9999999747378752E-03   0.9999999747378752E-03   0.9999999747378752E-03   0.9999999747378752E-03   0.9999999747378752E-03   0.9999999747378752E-03   0.9999999747378752E-03   0.9999999747378752E-03   0.9999999747378752E-03   0.9999999747378752E-03   0.9999999747378752E-03   0.9999999747378752E-03   0.9999999747378752E-03   0.9999999747378752E-03   0.9999999747378752E-03   0.9999999747378752E-03   0.9999999747378752E-03   0.9999999747378752E-03   0.9999999747378752E-03   0.9999999747378752E-03   0.9999999747378752E-03   0.9999999747378752E-03   0.9999999747378752E-03   0.9999999747378752E-03   0.9999999747378752E-03   0.9999999747378752E-03   0.9999999747378752E-03   0.9999999747378752E-03   0.9999999747378752E-03   0.9999999747378752E-03   0.9999999747378752E-03   0.9999999747378752E-03   0.9999999747378752E-03   0.9999999747378752E-03   0.9999999747378752E-03   0.9999999747378752E-03   0.9999999747378752E-03   0.9999999747378752E-03   0.9999999747378752E-03   0.9999999747378752E-03   0.9999999747378752E-03   0.9999999747378752E-03   0.9999999747378752E-03   0.9999999747378752E-03   0.9999999747378752E-03   0.9999999747378752E-03   0.9999999747378752E-03   0.9999999747378752E-03   0.9999999747378752E-03   0.9999999747378752E-03   0.9999999747378752E-03   0.9999999747378752E-03   0.9999999747378752E-03   0.9999999747378752E-03   0.9999999747378752E-03   0.9999999747378752E-03   0.9999999747378752E-03   0.9999999747378752E-03   0.9999999747378752E-03   0.9999999747378752E-03   0.9999999747378752E-03
  0.9999999747378752E-03   0.9999999747378752E-03   0.9999999747378752E-03   0.9999999747378752E-03   0.9999999747378752E-03   0.9999999747378752E-03   0.9999999747378752E-03   0.9999999747378752E-03   0.9999999747378752E-03   0.9999999747378752E-03   0.9999999747378752E-03   0.9999999747378752E-03   0.9999999747378752E-03   0.9999999747378752E-03   0.9999999747378752E-03   0.9999999747378752E-03   0.9999999747378752E-03   0.9999999747378752E-03   0.9999999747378752E-03   0.9999999747378752E-03   0.9999999747378752E-03   0.9999999747378752E-03   0.9999999747378752E-03   0.9999999747378752E-03   0.9999999747378752E-03   0.9999999747378752E-03   0.9999999747378752E-03   0.9999999747378752E-03   0.9999999747378752E-03   0.9999999747378752E-03   0.9999999747378752E-03   0.9999999747378752E-03   0.9999999747378752E-03   0.9999999747378752E-03   0.9999999747378752E-03   0.9999999747378752E-03   0.9999999747378752E-03   0.9999999747378752E-03   0.9999999747378752E-03   0.9999999747378752E-03   0.9999999747378752E-03   0.9999999747378752E-03   0.9999999747378752E-03   0.9999999747378752E-03   0.9999999747378752E-03   0.9999999747378752E-03   0.9999999747378752E-03   0.9999999747378752E-03   0.9999999747378752E-03   0.9999999747378752E-03   0.9999999747378752E-03   0.9999999747378752E-03   0.9999999747378752E-03   0.9999999747378752E-03   0.9999999747378752E-03   0.9999999747378752E-03   0.9999999747378752E-03   0.9999999747378752E-03   0.9999999747378752E-03   0.9999999747378752E-03   0.9999999747378752E-03   0.9999999747378752E-03   0.9999999747378752E-03   0.9999999747378752E-03   0.9999999747378752E-03   0.9999999747378752E-03   0.9999999747378752E-03   0.9999999747378752E-03   0.9999999747378752E-03   0.9999999747378752E-03   0.9999999747378752E-03   0.9999999747378752E-03   0.9999999747378752E-03   0.9999999747378752E-03   0.9999999747378752E-03   0.9999999747378752E-03   0.9999999747378752E-03   0.9999999747378752E-03   0.9999999747378752E-03   0.9999999747378752E-03   0.9999999747378752E-03   0.9999999747378752E-03   0.9999999747378752E-03   0.9999999747378752E-03   0.9999999747378752E-03   0.9999999747378752E-03   0.9999999747378752E-03   0.9999999747378752E-03   0.9999999747378752E-03   0.9999999747378752E-03   0.9999999747378752E-03   0.9999999747378752E-03   0.9999999747378752E-03   0.9999999747378752E-03   0.9999999747378752E-03   0.9999999747378752E-03   0.9999999747378752E-03   0.9999999747378752E-03   0.9999999747378752E-03   0.9999999747378752E-03   0.9999999747378752E-03
  0.9999999747378752E-03   0.9999999747378752E-03   0.9999999747378752E-03   0.9999999747378752E-03   0.9999999747378752E-03   0.9999999747378752E-03   0.9999999747378752E-03   0.9999999747378752E-03   0.9999999747378752E-03   0.9999999747378752E-03   0.9999999747378752E-03   0.9999999747378752E-03   0.9999999747378752E-03   0.9999999747378752E-03   0.9999999747378752E-03   0.9999999747378752E-03   0.9999999747378752E-03   0.9999999747378752E-03   0.9999999747378752E-03   0.9999999747378752E-03   0.9999999747378752E-03   0.9999999747378752E-03   0.9999999747378752E-03   0.9999999747378752E-03   0.9999999747378752E-03   0.9999999747378752E-03   0.9999999747378752E-03   0.9999999747378752E-03   0.9999999747378752E-03   0.9999999747378752E-03   0.9999999747378752E-03   0.9999999747378752E-03   0.9999999747378752E-03   0.9999999747378752E-03   0.9999999747378752E-03   0.9999999747378752E-03   0.9999999747378752E-03   0.9999999747378752E-03   0.9999999747378752E-03   0.9999999747378752E-03   0.9999999747378752E-03   0.9999999747378752E-03   0.9999999747378752E-03   0.9999999747378752E-03   0.9999999747378752E-03   0.9999999747378752E-03   0.9999999747378752E-03   0.9999999747378752E-03   0.9999999747378752E-03   0.9999999747378752E-03   0.9999999747378752E-03   0.9999999747378752E-03   0.9999999747378752E-03   0.9999999747378752E-03   0.9999999747378752E-03   0.9999999747378752E-03   0.9999999747378752E-03   0.9999999747378752E-03   0.9999999747378752E-03   0.9999999747378752E-03   0.9999999747378752E-03   0.9999999747378752E-03   0.9999999747378752E-03   0.9999999747378752E-03   0.9999999747378752E-03   0.9999999747378752E-03   0.9999999747378752E-03   0.9999999747378752E-03   0.9999999747378752E-03   0.9999999747378752E-03   0.9999999747378752E-03   0.9999999747378752E-03   0.9999999747378752E-03   0.9999999747378752E-03   0.9999999747378752E-03   0.9999999747378752E-03   0.9999999747378752E-03   0.9999999747378752E-03   0.9999999747378752E-03   0.9999999747378752E-03   0.9999999747378752E-03   0.9999999747378752E-03   0.9999999747378752E-03   0.9999999747378752E-03   0.9999999747378752E-03   0.9999999747378752E-03   0.9999999747378752E-03   0.9999999747378752E-03   0.9999999747378752E-03   0.9999999747378752E-03   0.9999999747378752E-03   0.9999999747378752E-03   0.9999999747378752E-03   0.9999999747378752E-03   0.9999999747378752E-03   0.9999999747378752E-03   0.9999999747378752E-03   0.9999999747378752E-03   0.9999999747378752E-03   0.9999999747378752E-03   0.9999999747378752E-03
  0.9999999747378752E-03   0.9999999747378752E-03   0.9999999747378752E-03   0.9999999747378752E-03   0.9999999747378752E-03   0.9999999747378752E-03   0.9999999747378752E-03   0.9999999747378752E-03   0.9999999747378752E-03   0.9999999747378752E-03   0.9999999747378752E-03   0.9999999747378752E-03   0.9999999747378752E-03   0.9999999747378752E-03   0.9999999747378752E-03   0.9999999747378752E-03   0.9999999747378752E-03   0.9999999747378752E-03   0.9999999747378752E-03   0.9999999747378752E-03   0.9999999747378752E-03   0.9999999747378752E-03   0.9999999747378752E-03   0.9999999747378752E-03   0.9999999747378752E-03   0.9999999747378752E-03   0.9999999747378752E-03   0.9999999747378752E-03   0.9999999747378752E-03   0.9999999747378752E-03   0.9999999747378752E-03   0.9999999747378752E-03   0.9999999747378752E-03   0.9999999747378752E-03   0.9999999747378752E-03   0.9999999747378752E-03   0.9999999747378752E-03   0.9999999747378752E-03   0.9999999747378752E-03   0.9999999747378752E-03   0.9999999747378752E-03   0.9999999747378752E-03   0.9999999747378752E-03   0.9999999747378752E-03   0.9999999747378752E-03   0.9999999747378752E-03   0.9999999747378752E-03   0.9999999747378752E-03   0.9999999747378752E-03   0.9999999747378752E-03   0.9999999747378752E-03   0.9999999747378752E-03   0.9999999747378752E-03   0.9999999747378752E-03   0.9999999747378752E-03   0.9999999747378752E-03   0.9999999747378752E-03   0.9999999747378752E-03   0.9999999747378752E-03   0.9999999747378752E-03   0.9999999747378752E-03   0.9999999747378752E-03   0.9999999747378752E-03   0.9999999747378752E-03   0.9999999747378752E-03   0.9999999747378752E-03   0.9999999747378752E-03   0.9999999747378752E-03   0.9999999747378752E-03   0.9999999747378752E-03   0.9999999747378752E-03   0.9999999747378752E-03   0.9999999747378752E-03   0.9999999747378752E-03   0.9999999747378752E-03   0.9999999747378752E-03   0.9999999747378752E-03   0.9999999747378752E-03   0.9999999747378752E-03   0.9999999747378752E-03   0.9999999747378752E-03   0.9999999747378752E-03   0.9999999747378752E-03   0.9999999747378752E-03   0.9999999747378752E-03   0.9999999747378752E-03   0.9999999747378752E-03   0.9999999747378752E-03   0.9999999747378752E-03   0.9999999747378752E-03   0.9999999747378752E-03   0.9999999747378752E-03   0.9999999747378752E-03   0.9999999747378752E-03   0.9999999747378752E-03   0.9999999747378752E-03   0.9999999747378752E-03   0.9999999747378752E-03   0.9999999747378752E-03   0.9999999747378752E-03   0.9999999747378752E-03
  0.9999999747378752E-03   0.9999999747378752E-03   0.9999999747378752E-03   0.9999999747378752E-03   0.9999999747378752E-03   0.9999999747378752E-03   0.9999999747378752E-03   0.9999999747378752E-03   0.9999999747378752E-03   0.9999999747378752E-03   0.9999999747378752E-03   0.9999999747378752E-03   0.9999999747378752E-03   0.9999999747378752E-03   0.9999999747378752E-03   0.9999999747378752E-03   0.9999999747378752E-03   0.9999999747378752E-03   0.9999999747378752E-03   0.9999999747378752E-03   0.9999999747378752E-03   0.9999999747378752E-03   0.9999999747378752E-03   0.9999999747378752E-03   0.9999999747378752E-03   0.9999999747378752E-03   0.9999999747378752E-03   0.9999999747378752E-03   0.9999999747378752E-03   0.9999999747378752E-03   0.9999999747378752E-03   0.9999999747378752E-03   0.9999999747378752E-03   0.9999999747378752E-03   0.9999999747378752E-03   0.9999999747378752E-03   0.9999999747378752E-03   0.9999999747378752E-03   0.9999999747378752E-03   0.9999999747378752E-03   0.9999999747378752E-03   0.9999999747378752E-03   0.9999999747378752E-03   0.9999999747378752E-03   0.9999999747378752E-03   0.9999999747378752E-03   0.9999999747378752E-03   0.9999999747378752E-03   0.9999999747378752E-03   0.9999999747378752E-03   0.9999999747378752E-03   0.9999999747378752E-03   0.9999999747378752E-03   0.9999999747378752E-03   0.9999999747378752E-03   0.9999999747378752E-03   0.9999999747378752E-03   0.9999999747378752E-03   0.9999999747378752E-03   0.9999999747378752E-03   0.9999999747378752E-03   0.9999999747378752E-03   0.9999999747378752E-03   0.9999999747378752E-03   0.9999999747378752E-03   0.9999999747378752E-03   0.9999999747378752E-03   0.9999999747378752E-03   0.9999999747378752E-03   0.9999999747378752E-03   0.9999999747378752E-03   0.9999999747378752E-03   0.9999999747378752E-03   0.9999999747378752E-03   0.9999999747378752E-03   0.9999999747378752E-03   0.9999999747378752E-03   0.9999999747378752E-03   0.9999999747378752E-03   0.9999999747378752E-03   0.9999999747378752E-03   0.9999999747378752E-03   0.9999999747378752E-03   0.9999999747378752E-03   0.9999999747378752E-03   0.9999999747378752E-03   0.9999999747378752E-03   0.9999999747378752E-03   0.9999999747378752E-03   0.9999999747378752E-03   0.9999999747378752E-03   0.9999999747378752E-03   0.9999999747378752E-03   0.9999999747378752E-03   0.9999999747378752E-03   0.9999999747378752E-03   0.9999999747378752E-03   0.9999999747378752E-03   0.9999999747378752E-03   0.9999999747378752E-03   0.9999999747378752E-03
  0.9999999747378752E-03   0.9999999747378752E-03   0.9999999747378752E-03   0.9999999747378752E-03   0.9999999747378752E-03   0.9999999747378752E-03   0.9999999747378752E-03   0.9999999747378752E-03   0.9999999747378752E-03   0.9999999747378752E-03   0.9999999747378752E-03   0.9999999747378752E-03   0.9999999747378752E-03   0.9999999747378752E-03   0.9999999747378752E-03   0.9999999747378752E-03   0.9999999747378752E-03   0.9999999747378752E-03   0.9999999747378752E-03   0.9999999747378752E-03   0.9999999747378752E-03   0.9999999747378752E-03   0.9999999747378752E-03   0.9999999747378752E-03   0.9999999747378752E-03   0.9999999747378752E-03   0.9999999747378752E-03   0.9999999747378752E-03   0.9999999747378752E-03   0.9999999747378752E-03   0.9999999747378752E-03   0.9999999747378752E-03   0.9999999747378752E-03   0.9999999747378752E-03   0.9999999747378752E-03   0.9999999747378752E-03   0.9999999747378752E-03   0.9999999747378752E-03   0.9999999747378752E-03   0.9999999747378752E-03   0.9999999747378752E-03   0.9999999747378752E-03   0.9999999747378752E-03   0.9999999747378752E-03   0.9999999747378752E-03   0.9999999747378752E-03   0.9999999747378752E-03   0.9999999747378752E-03   0.9999999747378752E-03   0.9999999747378752E-03   0.9999999747378752E-03   0.9999999747378752E-03   0.9999999747378752E-03   0.9999999747378752E-03   0.9999999747378752E-03   0.9999999747378752E-03   0.9999999747378752E-03   0.9999999747378752E-03   0.9999999747378752E-03   0.9999999747378752E-03   0.9999999747378752E-03   0.9999999747378752E-03   0.9999999747378752E-03   0.9999999747378752E-03   0.9999999747378752E-03   0.9999999747378752E-03   0.9999999747378752E-03   0.9999999747378752E-03   0.9999999747378752E-03   0.9999999747378752E-03   0.9999999747378752E-03   0.9999999747378752E-03   0.9999999747378752E-03   0.9999999747378752E-03   0.9999999747378752E-03   0.9999999747378752E-03   0.9999999747378752E-03   0.9999999747378752E-03   0.9999999747378752E-03   0.9999999747378752E-03   0.9999999747378752E-03   0.9999999747378752E-03   0.9999999747378752E-03   0.9999999747378752E-03   0.9999999747378752E-03   0.9999999747378752E-03   0.9999999747378752E-03   0.9999999747378752E-03   0.9999999747378752E-03   0.9999999747378752E-03   0.9999999747378752E-03   0.9999999747378752E-03   0.9999999747378752E-03   0.9999999747378752E-03   0.9999999747378752E-03   0.9999999747378752E-03   0.9999999747378752E-03   0.9999999747378752E-03   0.9999999747378752E-03   0.9999999747378752E-03   0.9999999747378752E-03
  0.9999999747378752E-03   0.9999999747378752E-03   0.9999999747378752E-03   0.9999999747378752E-03   0.9999999747378752E-03   0.9999999747378752E-03   0.9999999747378752E-03   0.9999999747378752E-03   0.9999999747378752E-03   0.9999999747378752E-03   0.9999999747378752E-03   0.9999999747378752E-03   0.9999999747378752E-03   0.9999999747378752E-03   0.9999999747378752E-03   0.9999999747378752E-03   0.9999999747378752E-03   0.9999999747378752E-03   0.9999999747378752E-03   0.9999999747378752E-03   0.9999999747378752E-03   0.9999999747378752E-03   0.9999999747378752E-03   0.9999999747378752E-03   0.9999999747378752E-03   0.9999999747378752E-03   0.9999999747378752E-03   0.9999999747378752E-03   0.9999999747378752E-03   0.9999999747378752E-03   0.9999999747378752E-03   0.9999999747378752E-03   0.9999999747378752E-03   0.9999999747378752E-03   0.9999999747378752E-03   0.9999999747378752E-03   0.9999999747378752E-03   0.9999999747378752E-03   0.9999999747378752E-03   0.9999999747378752E-03   0.9999999747378752E-03   0.9999999747378752E-03   0.9999999747378752E-03   0.9999999747378752E-03   0.9999999747378752E-03   0.9999999747378752E-03   0.9999999747378752E-03   0.9999999747378752E-03   0.9999999747378752E-03   0.9999999747378752E-03   0.9999999747378752E-03   0.9999999747378752E-03   0.9999999747378752E-03   0.9999999747378752E-03   0.9999999747378752E-03   0.9999999747378752E-03   0.9999999747378752E-03   0.9999999747378752E-03   0.9999999747378752E-03   0.9999999747378752E-03   0.9999999747378752E-03   0.9999999747378752E-03   0.9999999747378752E-03   0.9999999747378752E-03   0.9999999747378752E-03   0.9999999747378752E-03   0.9999999747378752E-03   0.9999999747378752E-03   0.9999999747378752E-03   0.9999999747378752E-03   0.9999999747378752E-03   0.9999999747378752E-03   0.9999999747378752E-03   0.9999999747378752E-03   0.9999999747378752E-03   0.9999999747378752E-03   0.9999999747378752E-03   0.9999999747378752E-03   0.9999999747378752E-03   0.9999999747378752E-03   0.9999999747378752E-03   0.9999999747378752E-03   0.9999999747378752E-03   0.9999999747378752E-03   0.9999999747378752E-03   0.9999999747378752E-03   0.9999999747378752E-03   0.9999999747378752E-03   0.9999999747378752E-03   0.9999999747378752E-03   0.9999999747378752E-03   0.9999999747378752E-03   0.9999999747378752E-03   0.9999999747378752E-03   0.9999999747378752E-03   0.9999999747378752E-03   0.9999999747378752E-03   0.9999999747378752E-03   0.9999999747378752E-03   0.9999999747378752E-03   0.9999999747378752E-03
  0.9999999747378752E-03   0.9999999747378752E-03   0.9999999747378752E-03   0.9999999747378752E-03   0.9999999747378752E-03   0.9999999747378752E-03   0.9999999747378752E-03   0.9999999747378752E-03   0.9999999747378752E-03   0.9999999747378752E-03   0.9999999747378752E-03   0.9999999747378752E-03   0.9999999747378752E-03   0.9999999747378752E-03   0.9999999747378752E-03   0.9999999747378752E-03   0.9999999747378752E-03   0.9999999747378752E-03   0.9999999747378752E-03   0.9999999747378752E-03   0.9999999747378752E-03   0.9999999747378752E-03   0.9999999747378752E-03   0.9999999747378752E-03   0.9999999747378752E-03   0.9999999747378752E-03   0.9999999747378752E-03   0.9999999747378752E-03   0.9999999747378752E-03   0.9999999747378752E-03   0.9999999747378752E-03   0.9999999747378752E-03   0.9999999747378752E-03   0.9999999747378752E-03   0.9999999747378752E-03   0.9999999747378752E-03   0.9999999747378752E-03   0.9999999747378752E-03   0.9999999747378752E-03   0.9999999747378752E-03   0.9999999747378752E-03   0.9999999747378752E-03   0.9999999747378752E-03   0.9999999747378752E-03   0.9999999747378752E-03   0.9999999747378752E-03   0.9999999747378752E-03   0.9999999747378752E-03   0.9999999747378752E-03   0.9999999747378752E-03   0.9999999747378752E-03   0.9999999747378752E-03   0.9999999747378752E-03   0.9999999747378752E-03   0.9999999747378752E-03   0.9999999747378752E-03   0.9999999747378752E-03   0.9999999747378752E-03   0.9999999747378752E-03   0.9999999747378752E-03   0.9999999747378752E-03   0.9999999747378752E-03   0.9999999747378752E-03   0.9999999747378752E-03   0.9999999747378752E-03   0.9999999747378752E-03   0.9999999747378752E-03   0.9999999747378752E-03   0.9999999747378752E-03   0.9999999747378752E-03   0.9999999747378752E-03   0.9999999747378752E-03   0.9999999747378752E-03   0.9999999747378752E-03   0.9999999747378752E-03   0.9999999747378752E-03   0.9999999747378752E-03   0.9999999747378752E-03   0.9999999747378752E-03   0.9999999747378752E-03   0.9999999747378752E-03   0.9999999747378752E-03   0.9999999747378752E-03   0.9999999747378752E-03   0.9999999747378752E-03   0.9999999747378752E-03   0.9999999747378752E-03   0.9999999747378752E-03   0.9999999747378752E-03   0.9999999747378752E-03   0.9999999747378752E-03   0.9999999747378752E-03   0.9999999747378752E-03   0.9999999747378752E-03   0.9999999747378752E-03   0.9999999747378752E-03   0.9999999747378752E-03   0.9999999747378752E-03   0.9999999747378752E-03   0.9999999747378752E-03   0.9999999747378752E-03
  0.9999999747378752E-03   0.9999999747378752E-03   0.9999999747378752E-03   0.9999999747378752E-03   0.9999999747378752E-03   0.9999999747378752E-03   0.9999999747378752E-03   0.9999999747378752E-03   0.9999999747378752E-03   0.9999999747378752E-03   0.9999999747378752E-03   0.9999999747378752E-03   0.9999999747378752E-03   0.9999999747378752E-03   0.9999999747378752E-03   0.9999999747378752E-03   0.9999999747378752E-03   0.9999999747378752E-03   0.9999999747378752E-03   0.9999999747378752E-03   0.9999999747378752E-03   0.9999999747378752E-03   0.9999999747378752E-03   0.9999999747378752E-03   0.9999999747378752E-03   0.9999999747378752E-03   0.9999999747378752E-03   0.9999999747378752E-03   0.9999999747378752E-03   0.9999999747378752E-03   0.9999999747378752E-03   0.9999999747378752E-03   0.9999999747378752E-03   0.9999999747378752E-03   0.9999999747378752E-03   0.9999999747378752E-03   0.9999999747378752E-03   0.9999999747378752E-03   0.9999999747378752E-03   0.9999999747378752E-03   0.9999999747378752E-03   0.9999999747378752E-03   0.9999999747378752E-03   0.9999999747378752E-03   0.9999999747378752E-03   0.9999999747378752E-03   0.9999999747378752E-03   0.9999999747378752E-03   0.9999999747378752E-03   0.9999999747378752E-03   0.9999999747378752E-03   0.9999999747378752E-03   0.9999999747378752E-03   0.9999999747378752E-03   0.9999999747378752E-03   0.9999999747378752E-03   0.9999999747378752E-03   0.9999999747378752E-03   0.9999999747378752E-03   0.9999999747378752E-03   0.9999999747378752E-03   0.9999999747378752E-03   0.9999999747378752E-03   0.9999999747378752E-03   0.9999999747378752E-03   0.9999999747378752E-03   0.9999999747378752E-03   0.9999999747378752E-03   0.9999999747378752E-03   0.9999999747378752E-03   0.9999999747378752E-03   0.9999999747378752E-03   0.9999999747378752E-03   0.9999999747378752E-03   0.9999999747378752E-03   0.9999999747378752E-03   0.9999999747378752E-03   0.9999999747378752E-03   0.9999999747378752E-03   0.9999999747378752E-03   0.9999999747378752E-03   0.9999999747378752E-03   0.9999999747378752E-03   0.9999999747378752E-03   0.9999999747378752E-03   0.9999999747378752E-03   0.9999999747378752E-03   0.9999999747378752E-03   0.9999999747378752E-03   0.9999999747378752E-03   0.9999999747378752E-03   0.9999999747378752E-03   0.9999999747378752E-03   0.9999999747378752E-03   0.9999999747378752E-03   0.9999999747378752E-03   0.9999999747378752E-03   0.9999999747378752E-03   0.9999999747378752E-03   0.9999999747378752E-03   0.9999999747378752E-03
  0.9999999747378752E-03   0.9999999747378752E-03   0.9999999747378752E-03   0.9999999747378752E-03   0.9999999747378752E-03   0.9999999747378752E-03   0.9999999747378752E-03   0.9999999747378752E-03   0.9999999747378752E-03   0.9999999747378752E-03   0.9999999747378752E-03   0.9999999747378752E-03   0.9999999747378752E-03   0.9999999747378752E-03   0.9999999747378752E-03   0.9999999747378752E-03   0.9999999747378752E-03   0.9999999747378752E-03   0.9999999747378752E-03   0.9999999747378752E-03   0.9999999747378752E-03   0.9999999747378752E-03   0.9999999747378752E-03   0.9999999747378752E-03   0.9999999747378752E-03   0.9999999747378752E-03   0.9999999747378752E-03   0.9999999747378752E-03   0.9999999747378752E-03   0.9999999747378752E-03   0.9999999747378752E-03   0.9999999747378752E-03   0.9999999747378752E-03   0.9999999747378752E-03   0.9999999747378752E-03   0.9999999747378752E-03   0.9999999747378752E-03   0.9999999747378752E-03   0.9999999747378752E-03   0.9999999747378752E-03   0.9999999747378752E-03   0.9999999747378752E-03   0.9999999747378752E-03   0.9999999747378752E-03   0.9999999747378752E-03   0.9999999747378752E-03   0.9999999747378752E-03   0.9999999747378752E-03   0.9999999747378752E-03   0.9999999747378752E-03   0.9999999747378752E-03   0.9999999747378752E-03   0.9999999747378752E-03   0.9999999747378752E-03   0.9999999747378752E-03   0.9999999747378752E-03   0.9999999747378752E-03   0.9999999747378752E-03   0.9999999747378752E-03   0.9999999747378752E-03   0.9999999747378752E-03   0.9999999747378752E-03   0.9999999747378752E-03   0.9999999747378752E-03   0.9999999747378752E-03   0.9999999747378752E-03   0.9999999747378752E-03   0.9999999747378752E-03   0.9999999747378752E-03   0.9999999747378752E-03   0.9999999747378752E-03   0.9999999747378752E-03   0.9999999747378752E-03   0.9999999747378752E-03   0.9999999747378752E-03   0.9999999747378752E-03   0.9999999747378752E-03   0.9999999747378752E-03   0.9999999747378752E-03   0.9999999747378752E-03   0.9999999747378752E-03   0.9999999747378752E-03   0.9999999747378752E-03   0.9999999747378752E-03   0.9999999747378752E-03   0.9999999747378752E-03   0.9999999747378752E-03   0.9999999747378752E-03   0.9999999747378752E-03   0.9999999747378752E-03   0.9999999747378752E-03   0.9999999747378752E-03   0.9999999747378752E-03   0.9999999747378752E-03   0.9999999747378752E-03   0.9999999747378752E-03   0.9999999747378752E-03   0.9999999747378752E-03   0.9999999747378752E-03   0.9999999747378752E-03   0.9999999747378752E-03
  0.9999999747378752E-03   0.9999999747378752E-03   0.9999999747378752E-03   0.9999999747378752E-03   0.9999999747378752E-03   0.9999999747378752E-03   0.9999999747378752E-03   0.9999999747378752E-03   0.9999999747378752E-03   0.9999999747378752E-03   0.9999999747378752E-03   0.9999999747378752E-03   0.9999999747378752E-03   0.9999999747378752E-03   0.9999999747378752E-03   0.9999999747378752E-03   0.9999999747378752E-03   0.9999999747378752E-03   0.9999999747378752E-03   0.9999999747378752E-03   0.9999999747378752E-03   0.9999999747378752E-03   0.9999999747378752E-03   0.9999999747378752E-03   0.9999999747378752E-03   0.9999999747378752E-03   0.9999999747378752E-03   0.9999999747378752E-03   0.9999999747378752E-03   0.9999999747378752E-03   0.9999999747378752E-03   0.9999999747378752E-03   0.9999999747378752E-03   0.9999999747378752E-03   0.9999999747378752E-03   0.9999999747378752E-03   0.9999999747378752E-03   0.9999999747378752E-03   0.9999999747378752E-03   0.9999999747378752E-03   0.9999999747378752E-03   0.9999999747378752E-03   0.9999999747378752E-03   0.9999999747378752E-03   0.9999999747378752E-03   0.9999999747378752E-03   0.9999999747378752E-03   0.9999999747378752E-03   0.9999999747378752E-03   0.9999999747378752E-03   0.9999999747378752E-03   0.9999999747378752E-03   0.9999999747378752E-03   0.9999999747378752E-03   0.9999999747378752E-03   0.9999999747378752E-03   0.9999999747378752E-03   0.9999999747378752E-03   0.9999999747378752E-03   0.9999999747378752E-03   0.9999999747378752E-03   0.9999999747378752E-03   0.9999999747378752E-03   0.9999999747378752E-03   0.9999999747378752E-03   0.9999999747378752E-03   0.9999999747378752E-03   0.9999999747378752E-03   0.9999999747378752E-03   0.9999999747378752E-03   0.9999999747378752E-03   0.9999999747378752E-03   0.9999999747378752E-03   0.9999999747378752E-03   0.9999999747378752E-03   0.9999999747378752E-03   0.9999999747378752E-03   0.9999999747378752E-03   0.9999999747378752E-03   0.9999999747378752E-03   0.9999999747378752E-03   0.9999999747378752E-03   0.9999999747378752E-03   0.9999999747378752E-03   0.9999999747378752E-03   0.9999999747378752E-03   0.9999999747378752E-03   0.9999999747378752E-03   0.9999999747378752E-03   0.9999999747378752E-03   0.9999999747378752E-03   0.9999999747378752E-03   0.9999999747378752E-03   0.9999999747378752E-03   0.9999999747378752E-03   0.9999999747378752E-03   0.9999999747378752E-03   0.9999999747378752E-03   0.9999999747378752E-03   0.9999999747378752E-03   0.9999999747378752E-03
  0.9999999747378752E-03   0.9999999747378752E-03   0.9999999747378752E-03   0.9999999747378752E-03   0.9999999747378752E-03   0.9999999747378752E-03   0.9999999747378752E-03   0.9999999747378752E-03   0.9999999747378752E-03   0.9999999747378752E-03   0.9999999747378752E-03   0.9999999747378752E-03   0.9999999747378752E-03   0.9999999747378752E-03   0.9999999747378752E-03   0.9999999747378752E-03   0.9999999747378752E-03   0.9999999747378752E-03   0.9999999747378752E-03   0.9999999747378752E-03   0.9999999747378752E-03   0.9999999747378752E-03   0.9999999747378752E-03   0.9999999747378752E-03   0.9999999747378752E-03   0.9999999747378752E-03   0.9999999747378752E-03   0.9999999747378752E-03   0.9999999747378752E-03   0.9999999747378752E-03   0.9999999747378752E-03   0.9999999747378752E-03   0.9999999747378752E-03   0.9999999747378752E-03   0.9999999747378752E-03   0.9999999747378752E-03   0.9999999747378752E-03   0.9999999747378752E-03   0.9999999747378752E-03   0.9999999747378752E-03   0.9999999747378752E-03   0.9999999747378752E-03   0.9999999747378752E-03   0.9999999747378752E-03   0.9999999747378752E-03   0.9999999747378752E-03   0.9999999747378752E-03   0.9999999747378752E-03   0.9999999747378752E-03   0.9999999747378752E-03   0.9999999747378752E-03   0.9999999747378752E-03   0.9999999747378752E-03   0.9999999747378752E-03   0.9999999747378752E-03   0.9999999747378752E-03   0.9999999747378752E-03   0.9999999747378752E-03   0.9999999747378752E-03   0.9999999747378752E-03   0.9999999747378752E-03   0.9999999747378752E-03   0.9999999747378752E-03   0.9999999747378752E-03   0.9999999747378752E-03   0.9999999747378752E-03   0.9999999747378752E-03   0.9999999747378752E-03   0.9999999747378752E-03   0.9999999747378752E-03   0.9999999747378752E-03   0.9999999747378752E-03   0.9999999747378752E-03   0.9999999747378752E-03   0.9999999747378752E-03   0.9999999747378752E-03   0.9999999747378752E-03   0.9999999747378752E-03   0.9999999747378752E-03   0.9999999747378752E-03   0.9999999747378752E-03   0.9999999747378752E-03   0.9999999747378752E-03   0.9999999747378752E-03   0.9999999747378752E-03   0.9999999747378752E-03   0.9999999747378752E-03   0.9999999747378752E-03   0.9999999747378752E-03   0.9999999747378752E-03   0.9999999747378752E-03   0.9999999747378752E-03   0.9999999747378752E-03   0.9999999747378752E-03   0.9999999747378752E-03   0.9999999747378752E-03   0.9999999747378752E-03   0.9999999747378752E-03   0.9999999747378752E-03   0.9999999747378752E-03   0.9999999747378752E-03
  0.9999999747378752E-03   0.9999999747378752E-03   0.9999999747378752E-03   0.9999999747378752E-03   0.9999999747378752E-03   0.9999999747378752E-03   0.9999999747378752E-03   0.9999999747378752E-03   0.9999999747378752E-03   0.9999999747378752E-03   0.9999999747378752E-03   0.9999999747378752E-03   0.9999999747378752E-03   0.9999999747378752E-03   0.9999999747378752E-03   0.9999999747378752E-03   0.9999999747378752E-03   0.9999999747378752E-03   0.9999999747378752E-03   0.9999999747378752E-03   0.9999999747378752E-03   0.9999999747378752E-03   0.9999999747378752E-03   0.9999999747378752E-03   0.9999999747378752E-03   0.9999999747378752E-03   0.9999999747378752E-03   0.9999999747378752E-03   0.9999999747378752E-03   0.9999999747378752E-03   0.9999999747378752E-03   0.9999999747378752E-03   0.9999999747378752E-03   0.9999999747378752E-03   0.9999999747378752E-03   0.9999999747378752E-03   0.9999999747378752E-03   0.9999999747378752E-03   0.9999999747378752E-03   0.9999999747378752E-03   0.9999999747378752E-03   0.9999999747378752E-03   0.9999999747378752E-03   0.9999999747378752E-03   0.9999999747378752E-03   0.9999999747378752E-03   0.9999999747378752E-03   0.9999999747378752E-03   0.9999999747378752E-03   0.9999999747378752E-03   0.9999999747378752E-03   0.9999999747378752E-03   0.9999999747378752E-03   0.9999999747378752E-03   0.9999999747378752E-03   0.9999999747378752E-03   0.9999999747378752E-03   0.9999999747378752E-03   0.9999999747378752E-03   0.9999999747378752E-03   0.9999999747378752E-03   0.9999999747378752E-03   0.9999999747378752E-03   0.9999999747378752E-03   0.9999999747378752E-03   0.9999999747378752E-03   0.9999999747378752E-03   0.9999999747378752E-03   0.9999999747378752E-03   0.9999999747378752E-03   0.9999999747378752E-03   0.9999999747378752E-03   0.9999999747378752E-03   0.9999999747378752E-03   0.9999999747378752E-03   0.9999999747378752E-03   0.9999999747378752E-03   0.9999999747378752E-03   0.9999999747378752E-03   0.9999999747378752E-03   0.9999999747378752E-03   0.9999999747378752E-03   0.9999999747378752E-03   0.9999999747378752E-03   0.9999999747378752E-03   0.9999999747378752E-03   0.9999999747378752E-03   0.9999999747378752E-03   0.9999999747378752E-03   0.9999999747378752E-03   0.9999999747378752E-03   0.9999999747378752E-03   0.9999999747378752E-03   0.9999999747378752E-03   0.9999999747378752E-03   0.9999999747378752E-03   0.9999999747378752E-03   0.9999999747378752E-03   0.9999999747378752E-03   0.9999999747378752E-03   0.9999999747378752E-03
  0.9999999747378752E-03   0.9999999747378752E-03   0.9999999747378752E-03   0.9999999747378752E-03   0.9999999747378752E-03   0.9999999747378752E-03   0.9999999747378752E-03   0.9999999747378752E-03   0.9999999747378752E-03   0.9999999747378752E-03   0.9999999747378752E-03   0.9999999747378752E-03   0.9999999747378752E-03   0.9999999747378752E-03   0.9999999747378752E-03   0.9999999747378752E-03   0.9999999747378752E-03   0.9999999747378752E-03   0.9999999747378752E-03   0.9999999747378752E-03   0.9999999747378752E-03   0.9999999747378752E-03   0.9999999747378752E-03   0.9999999747378752E-03   0.9999999747378752E-03   0.9999999747378752E-03   0.9999999747378752E-03   0.9999999747378752E-03   0.9999999747378752E-03   0.9999999747378752E-03   0.9999999747378752E-03   0.9999999747378752E-03   0.9999999747378752E-03   0.9999999747378752E-03   0.9999999747378752E-03   0.9999999747378752E-03   0.9999999747378752E-03   0.9999999747378752E-03   0.9999999747378752E-03   0.9999999747378752E-03   0.9999999747378752E-03   0.9999999747378752E-03   0.9999999747378752E-03   0.9999999747378752E-03   0.9999999747378752E-03   0.9999999747378752E-03   0.9999999747378752E-03   0.9999999747378752E-03   0.9999999747378752E-03   0.9999999747378752E-03   0.9999999747378752E-03   0.9999999747378752E-03   0.9999999747378752E-03   0.9999999747378752E-03   0.9999999747378752E-03   0.9999999747378752E-03   0.9999999747378752E-03   0.9999999747378752E-03   0.9999999747378752E-03   0.9999999747378752E-03   0.9999999747378752E-03   0.9999999747378752E-03   0.9999999747378752E-03   0.9999999747378752E-03   0.9999999747378752E-03   0.9999999747378752E-03   0.9999999747378752E-03   0.9999999747378752E-03   0.9999999747378752E-03   0.9999999747378752E-03   0.9999999747378752E-03   0.9999999747378752E-03   0.9999999747378752E-03   0.9999999747378752E-03   0.9999999747378752E-03   0.9999999747378752E-03   0.9999999747378752E-03   0.9999999747378752E-03   0.9999999747378752E-03   0.9999999747378752E-03   0.9999999747378752E-03   0.9999999747378752E-03   0.9999999747378752E-03   0.9999999747378752E-03   0.9999999747378752E-03   0.9999999747378752E-03   0.9999999747378752E-03   0.9999999747378752E-03   0.9999999747378752E-03   0.9999999747378752E-03   0.9999999747378752E-03   0.9999999747378752E-03   0.9999999747378752E-03   0.9999999747378752E-03   0.9999999747378752E-03   0.9999999747378752E-03   0.9999999747378752E-03   0.9999999747378752E-03   0.9999999747378752E-03   0.9999999747378752E-03   0.9999999747378752E-03
  0.9999999747378752E-03   0.9999999747378752E-03   0.9999999747378752E-03   0.9999999747378752E-03   0.9999999747378752E-03   0.9999999747378752E-03   0.9999999747378752E-03   0.9999999747378752E-03   0.9999999747378752E-03   0.9999999747378752E-03   0.9999999747378752E-03   0.9999999747378752E-03   0.9999999747378752E-03   0.9999999747378752E-03   0.9999999747378752E-03   0.9999999747378752E-03   0.9999999747378752E-03   0.9999999747378752E-03   0.9999999747378752E-03   0.9999999747378752E-03   0.9999999747378752E-03   0.9999999747378752E-03   0.9999999747378752E-03   0.9999999747378752E-03   0.9999999747378752E-03   0.9999999747378752E-03   0.9999999747378752E-03   0.9999999747378752E-03   0.9999999747378752E-03   0.9999999747378752E-03   0.9999999747378752E-03   0.9999999747378752E-03   0.9999999747378752E-03   0.9999999747378752E-03   0.9999999747378752E-03   0.9999999747378752E-03   0.9999999747378752E-03   0.9999999747378752E-03   0.9999999747378752E-03   0.9999999747378752E-03   0.9999999747378752E-03   0.9999999747378752E-03   0.9999999747378752E-03   0.9999999747378752E-03   0.9999999747378752E-03   0.9999999747378752E-03   0.9999999747378752E-03   0.9999999747378752E-03   0.9999999747378752E-03   0.9999999747378752E-03   0.9999999747378752E-03   0.9999999747378752E-03   0.9999999747378752E-03   0.9999999747378752E-03   0.9999999747378752E-03   0.9999999747378752E-03   0.9999999747378752E-03   0.9999999747378752E-03   0.9999999747378752E-03   0.9999999747378752E-03   0.9999999747378752E-03   0.9999999747378752E-03   0.9999999747378752E-03   0.9999999747378752E-03   0.9999999747378752E-03   0.9999999747378752E-03   0.9999999747378752E-03   0.9999999747378752E-03   0.9999999747378752E-03   0.9999999747378752E-03   0.9999999747378752E-03   0.9999999747378752E-03   0.9999999747378752E-03   0.9999999747378752E-03   0.9999999747378752E-03   0.9999999747378752E-03   0.9999999747378752E-03   0.9999999747378752E-03   0.9999999747378752E-03   0.9999999747378752E-03   0.9999999747378752E-03   0.9999999747378752E-03   0.9999999747378752E-03   0.9999999747378752E-03   0.9999999747378752E-03   0.9999999747378752E-03   0.9999999747378752E-03   0.9999999747378752E-03   0.9999999747378752E-03   0.9999999747378752E-03   0.9999999747378752E-03   0.9999999747378752E-03   0.9999999747378752E-03   0.9999999747378752E-03   0.9999999747378752E-03   0.9999999747378752E-03   0.9999999747378752E-03   0.9999999747378752E-03   0.9999999747378752E-03   0.9999999747378752E-03   0.9999999747378752E-03
  0.9999999747378752E-03   0.9999999747378752E-03   0.9999999747378752E-03   0.9999999747378752E-03   0.9999999747378752E-03   0.9999999747378752E-03   0.9999999747378752E-03   0.9999999747378752E-03   0.9999999747378752E-03   0.9999999747378752E-03   0.9999999747378752E-03   0.9999999747378752E-03   0.9999999747378752E-03   0.9999999747378752E-03   0.9999999747378752E-03   0.9999999747378752E-03   0.9999999747378752E-03   0.9999999747378752E-03   0.9999999747378752E-03   0.9999999747378752E-03   0.9999999747378752E-03   0.9999999747378752E-03   0.9999999747378752E-03   0.9999999747378752E-03   0.9999999747378752E-03   0.9999999747378752E-03   0.9999999747378752E-03   0.9999999747378752E-03   0.9999999747378752E-03   0.9999999747378752E-03   0.9999999747378752E-03   0.9999999747378752E-03   0.9999999747378752E-03   0.9999999747378752E-03   0.9999999747378752E-03   0.9999999747378752E-03   0.9999999747378752E-03   0.9999999747378752E-03   0.9999999747378752E-03   0.9999999747378752E-03   0.9999999747378752E-03   0.9999999747378752E-03   0.9999999747378752E-03   0.9999999747378752E-03   0.9999999747378752E-03   0.9999999747378752E-03   0.9999999747378752E-03   0.9999999747378752E-03   0.9999999747378752E-03   0.9999999747378752E-03   0.9999999747378752E-03   0.9999999747378752E-03   0.9999999747378752E-03   0.9999999747378752E-03   0.9999999747378752E-03   0.9999999747378752E-03   0.9999999747378752E-03   0.9999999747378752E-03   0.9999999747378752E-03   0.9999999747378752E-03   0.9999999747378752E-03   0.9999999747378752E-03   0.9999999747378752E-03   0.9999999747378752E-03   0.9999999747378752E-03   0.9999999747378752E-03   0.9999999747378752E-03   0.9999999747378752E-03   0.9999999747378752E-03   0.9999999747378752E-03   0.9999999747378752E-03   0.9999999747378752E-03   0.9999999747378752E-03   0.9999999747378752E-03   0.9999999747378752E-03   0.9999999747378752E-03   0.9999999747378752E-03   0.9999999747378752E-03   0.9999999747378752E-03   0.9999999747378752E-03   0.9999999747378752E-03   0.9999999747378752E-03   0.9999999747378752E-03   0.9999999747378752E-03   0.9999999747378752E-03   0.9999999747378752E-03   0.9999999747378752E-03   0.9999999747378752E-03   0.9999999747378752E-03   0.9999999747378752E-03   0.9999999747378752E-03   0.9999999747378752E-03   0.9999999747378752E-03   0.9999999747378752E-03   0.9999999747378752E-03   0.9999999747378752E-03   0.9999999747378752E-03   0.9999999747378752E-03   0.9999999747378752E-03   0.9999999747378752E-03   0.9999999747378752E-03
  0.9999999747378752E-03   0.9999999747378752E-03   0.9999999747378752E-03   0.9999999747378752E-03   0.9999999747378752E-03   0.9999999747378752E-03   0.9999999747378752E-03   0.9999999747378752E-03   0.9999999747378752E-03   0.9999999747378752E-03   0.9999999747378752E-03   0.9999999747378752E-03   0.9999999747378752E-03   0.9999999747378752E-03   0.9999999747378752E-03   0.9999999747378752E-03   0.9999999747378752E-03   0.9999999747378752E-03   0.9999999747378752E-03   0.9999999747378752E-03   0.9999999747378752E-03   0.9999999747378752E-03   0.9999999747378752E-03   0.9999999747378752E-03   0.9999999747378752E-03   0.9999999747378752E-03   0.9999999747378752E-03   0.9999999747378752E-03   0.9999999747378752E-03   0.9999999747378752E-03   0.9999999747378752E-03   0.9999999747378752E-03   0.9999999747378752E-03   0.9999999747378752E-03   0.9999999747378752E-03   0.9999999747378752E-03   0.9999999747378752E-03   0.9999999747378752E-03   0.9999999747378752E-03   0.9999999747378752E-03   0.9999999747378752E-03   0.9999999747378752E-03   0.9999999747378752E-03   0.9999999747378752E-03   0.9999999747378752E-03   0.9999999747378752E-03   0.9999999747378752E-03   0.9999999747378752E-03   0.9999999747378752E-03   0.9999999747378752E-03   0.9999999747378752E-03   0.9999999747378752E-03   0.9999999747378752E-03   0.9999999747378752E-03   0.9999999747378752E-03   0.9999999747378752E-03   0.9999999747378752E-03   0.9999999747378752E-03   0.9999999747378752E-03   0.9999999747378752E-03   0.9999999747378752E-03   0.9999999747378752E-03   0.9999999747378752E-03   0.9999999747378752E-03   0.9999999747378752E-03   0.9999999747378752E-03   0.9999999747378752E-03   0.9999999747378752E-03   0.9999999747378752E-03   0.9999999747378752E-03   0.9999999747378752E-03   0.9999999747378752E-03   0.9999999747378752E-03   0.9999999747378752E-03   0.9999999747378752E-03   0.9999999747378752E-03   0.9999999747378752E-03   0.9999999747378752E-03   0.9999999747378752E-03   0.9999999747378752E-03   0.9999999747378752E-03   0.9999999747378752E-03   0.9999999747378752E-03   0.9999999747378752E-03   0.9999999747378752E-03   0.9999999747378752E-03   0.9999999747378752E-03   0.9999999747378752E-03   0.9999999747378752E-03   0.9999999747378752E-03   0.9999999747378752E-03   0.9999999747378752E-03   0.9999999747378752E-03   0.9999999747378752E-03   0.9999999747378752E-03   0.9999999747378752E-03   0.9999999747378752E-03   0.9999999747378752E-03   0.9999999747378752E-03   0.9999999747378752E-03   0.9999999747378752E-03
  0.9999999747378752E-03   0.9999999747378752E-03   0.9999999747378752E-03   0.9999999747378752E-03   0.9999999747378752E-03   0.9999999747378752E-03   0.9999999747378752E-03   0.9999999747378752E-03   0.9999999747378752E-03   0.9999999747378752E-03   0.9999999747378752E-03   0.9999999747378752E-03   0.9999999747378752E-03   0.9999999747378752E-03   0.9999999747378752E-03   0.9999999747378752E-03   0.9999999747378752E-03   0.9999999747378752E-03   0.9999999747378752E-03   0.9999999747378752E-03   0.9999999747378752E-03   0.9999999747378752E-03   0.9999999747378752E-03   0.9999999747378752E-03   0.9999999747378752E-03   0.9999999747378752E-03   0.9999999747378752E-03   0.9999999747378752E-03   0.9999999747378752E-03   0.9999999747378752E-03   0.9999999747378752E-03   0.9999999747378752E-03   0.9999999747378752E-03   0.9999999747378752E-03   0.9999999747378752E-03   0.9999999747378752E-03   0.9999999747378752E-03   0.9999999747378752E-03   0.9999999747378752E-03   0.9999999747378752E-03   0.9999999747378752E-03   0.9999999747378752E-03   0.9999999747378752E-03   0.9999999747378752E-03   0.9999999747378752E-03   0.9999999747378752E-03   0.9999999747378752E-03   0.9999999747378752E-03   0.9999999747378752E-03   0.9999999747378752E-03   0.9999999747378752E-03   0.9999999747378752E-03   0.9999999747378752E-03   0.9999999747378752E-03   0.9999999747378752E-03   0.9999999747378752E-03   0.9999999747378752E-03   0.9999999747378752E-03   0.9999999747378752E-03   0.9999999747378752E-03   0.9999999747378752E-03   0.9999999747378752E-03   0.9999999747378752E-03   0.9999999747378752E-03   0.9999999747378752E-03   0.9999999747378752E-03   0.9999999747378752E-03   0.9999999747378752E-03   0.9999999747378752E-03   0.9999999747378752E-03   0.9999999747378752E-03   0.9999999747378752E-03   0.9999999747378752E-03   0.9999999747378752E-03   0.9999999747378752E-03   0.9999999747378752E-03   0.9999999747378752E-03   0.9999999747378752E-03   0.9999999747378752E-03   0.9999999747378752E-03   0.9999999747378752E-03   0.9999999747378752E-03   0.9999999747378752E-03   0.9999999747378752E-03   0.9999999747378752E-03   0.9999999747378752E-03   0.9999999747378752E-03   0.9999999747378752E-03   0.9999999747378752E-03   0.9999999747378752E-03   0.9999999747378752E-03   0.9999999747378752E-03   0.9999999747378752E-03   0.9999999747378752E-03   0.9999999747378752E-03   0.9999999747378752E-03   0.9999999747378752E-03   0.9999999747378752E-03   0.9999999747378752E-03   0.9999999747378752E-03   0.9999999747378752E-03
  0.9999999747378752E-03   0.9999999747378752E-03   0.9999999747378752E-03   0.9999999747378752E-03   0.9999999747378752E-03   0.9999999747378752E-03   0.9999999747378752E-03   0.9999999747378752E-03   0.9999999747378752E-03   0.9999999747378752E-03   0.9999999747378752E-03   0.9999999747378752E-03   0.9999999747378752E-03   0.9999999747378752E-03   0.9999999747378752E-03   0.9999999747378752E-03   0.9999999747378752E-03   0.9999999747378752E-03   0.9999999747378752E-03   0.9999999747378752E-03   0.9999999747378752E-03   0.9999999747378752E-03   0.9999999747378752E-03   0.9999999747378752E-03   0.9999999747378752E-03   0.9999999747378752E-03   0.9999999747378752E-03   0.9999999747378752E-03   0.9999999747378752E-03   0.9999999747378752E-03   0.9999999747378752E-03   0.9999999747378752E-03   0.9999999747378752E-03   0.9999999747378752E-03   0.9999999747378752E-03   0.9999999747378752E-03   0.9999999747378752E-03   0.9999999747378752E-03   0.9999999747378752E-03   0.9999999747378752E-03   0.9999999747378752E-03   0.9999999747378752E-03   0.9999999747378752E-03   0.9999999747378752E-03   0.9999999747378752E-03   0.9999999747378752E-03   0.9999999747378752E-03   0.9999999747378752E-03   0.9999999747378752E-03   0.9999999747378752E-03   0.9999999747378752E-03   0.9999999747378752E-03   0.9999999747378752E-03   0.9999999747378752E-03   0.9999999747378752E-03   0.9999999747378752E-03   0.9999999747378752E-03   0.9999999747378752E-03   0.9999999747378752E-03   0.9999999747378752E-03   0.9999999747378752E-03   0.9999999747378752E-03   0.9999999747378752E-03   0.9999999747378752E-03   0.9999999747378752E-03   0.9999999747378752E-03   0.9999999747378752E-03   0.9999999747378752E-03   0.9999999747378752E-03   0.9999999747378752E-03   0.9999999747378752E-03   0.9999999747378752E-03   0.9999999747378752E-03   0.9999999747378752E-03   0.9999999747378752E-03   0.9999999747378752E-03   0.9999999747378752E-03   0.9999999747378752E-03   0.9999999747378752E-03   0.9999999747378752E-03   0.9999999747378752E-03   0.9999999747378752E-03   0.9999999747378752E-03   0.9999999747378752E-03   0.9999999747378752E-03   0.9999999747378752E-03   0.9999999747378752E-03   0.9999999747378752E-03   0.9999999747378752E-03   0.9999999747378752E-03   0.9999999747378752E-03   0.9999999747378752E-03   0.9999999747378752E-03   0.9999999747378752E-03   0.9999999747378752E-03   0.9999999747378752E-03   0.9999999747378752E-03   0.9999999747378752E-03   0.9999999747378752E-03   0.9999999747378752E-03   0.9999999747378752E-03
  0.9999999747378752E-03   0.9999999747378752E-03   0.9999999747378752E-03   0.9999999747378752E-03   0.9999999747378752E-03   0.9999999747378752E-03   0.9999999747378752E-03   0.9999999747378752E-03   0.9999999747378752E-03   0.9999999747378752E-03   0.9999999747378752E-03   0.9999999747378752E-03   0.9999999747378752E-03   0.9999999747378752E-03   0.9999999747378752E-03   0.9999999747378752E-03   0.9999999747378752E-03   0.9999999747378752E-03   0.9999999747378752E-03   0.9999999747378752E-03   0.9999999747378752E-03   0.9999999747378752E-03   0.9999999747378752E-03   0.9999999747378752E-03   0.9999999747378752E-03   0.9999999747378752E-03   0.9999999747378752E-03   0.9999999747378752E-03   0.9999999747378752E-03   0.9999999747378752E-03   0.9999999747378752E-03   0.9999999747378752E-03   0.9999999747378752E-03   0.9999999747378752E-03   0.9999999747378752E-03   0.9999999747378752E-03   0.9999999747378752E-03   0.9999999747378752E-03   0.9999999747378752E-03   0.9999999747378752E-03   0.9999999747378752E-03   0.9999999747378752E-03   0.9999999747378752E-03   0.9999999747378752E-03   0.9999999747378752E-03   0.9999999747378752E-03   0.9999999747378752E-03   0.9999999747378752E-03   0.9999999747378752E-03   0.9999999747378752E-03   0.9999999747378752E-03   0.9999999747378752E-03   0.9999999747378752E-03   0.9999999747378752E-03   0.9999999747378752E-03   0.9999999747378752E-03   0.9999999747378752E-03   0.9999999747378752E-03   0.9999999747378752E-03   0.9999999747378752E-03   0.9999999747378752E-03   0.9999999747378752E-03   0.9999999747378752E-03   0.9999999747378752E-03   0.9999999747378752E-03   0.9999999747378752E-03   0.9999999747378752E-03   0.9999999747378752E-03   0.9999999747378752E-03   0.9999999747378752E-03   0.9999999747378752E-03   0.9999999747378752E-03   0.9999999747378752E-03   0.9999999747378752E-03   0.9999999747378752E-03   0.9999999747378752E-03   0.9999999747378752E-03   0.9999999747378752E-03   0.9999999747378752E-03   0.9999999747378752E-03   0.9999999747378754E-03   0.9999999747378775E-03   0.9999999747378958E-03   0.9999999747380413E-03   0.9999999747391363E-03   0.9999999747469367E-03   0.9999999747994693E-03   0.9999999751339865E-03   0.9999999771481255E-03   0.9999999886151085E-03   0.1000000050346440E-02   0.1000000364590502E-02   0.1000001877253398E-02   0.1000008762823913E-02   0.1000038402248137E-02   0.1000159056100996E-02   0.1000623532696473E-02   0.1002314546781104E-02   0.1008136928903870E-02   0.1017096709448750E-02   0.1065488749684321E-02
  0.9999999747378752E-03   0.9999999747378752E-03   0.9999999747378752E-03   0.9999999747378752E-03   0.9999999747378752E-03   0.9999999747378752E-03   0.9999999747378752E-03   0.9999999747378752E-03   0.9999999747378752E-03   0.9999999747378752E-03   0.9999999747378752E-03   0.9999999747378752E-03   0.9999999747378752E-03   0.9999999747378752E-03   0.9999999747378752E-03   0.9999999747378752E-03   0.9999999747378752E-03   0.9999999747378752E-03   0.9999999747378752E-03   0.9999999747378752E-03   0.9999999747378752E-03   0.9999999747378752E-03   0.9999999747378752E-03   0.9999999747378752E-03   0.9999999747378752E-03   0.9999999747378752E-03   0.9999999747378752E-03   0.9999999747378752E-03   0.9999999747378752E-03   0.9999999747378752E-03   0.9999999747378752E-03   0.9999999747378752E-03   0.9999999747378752E-03   0.9999999747378752E-03   0.9999999747378752E-03   0.9999999747378752E-03   0.9999999747378752E-03   0.9999999747378752E-03   0.9999999747378752E-03   0.9999999747378752E-03   0.9999999747378752E-03   0.9999999747378752E-03   0.9999999747378752E-03   0.9999999747378752E-03   0.9999999747378752E-03   0.9999999747378752E-03   0.9999999747378752E-03   0.9999999747378752E-03   0.9999999747378752E-03   0.9999999747378752E-03   0.9999999747378752E-03   0.9999999747378752E-03   0.9999999747378752E-03   0.9999999747378752E-03   0.9999999747378756E-03   0.9999999747378782E-03   0.9999999747378951E-03   0.9999999747380044E-03   0.9999999747386762E-03   0.9999999747426244E-03   0.9999999747648265E-03   0.9999999748842637E-03   0.9999999754989493E-03   0.9999999785253282E-03   0.9999999927795852E-03   0.1000000057005514E-02   0.1000000333836161E-02   0.1000001475266544E-02   0.1000005977311819E-02   0.1000022963245876E-02   0.1000084266368314E-02   0.1000295899881210E-02   0.1000994761125478E-02   0.1003202253937788E-02   0.1009871981653952E-02   0.1019148024324669E-02   0.1052436264550731E-02   0.1193350255920672E-02   0.1539797163165989E-02   0.2382311060584931E-02   0.4368881799413897E-02   0.8760409019571190E-02   0.1811860150266389E-01   0.3711046851122109E-01   0.7393270300576769E-01   0.1423292623687372E+00   0.2638485595919128E+00   0.4705176560223278E+00   0.8070474172336516E+00   0.1331734239869305E+01   0.2115045941427512E+01   0.3234978534836047E+01   0.4768757830850532E+01   0.6781181315185683E+01   0.9311572296601275E+01   0.1236201196360878E+02   0.1589060603158903E+02   0.1981262748772463E+02   0.2401085385846912E+02   0.2835396898022902E+02   0.3271795144241208E+02
  0.9999999747378752E-03   0.9999999747378752E-03   0.9999999747378752E-03   0.9999999747378752E-03   0.9999999747378752E-03   0.9999999747378752E-03   0.9999999747378752E-03   0.9999999747378752E-03   0.9999999747378752E-03   0.9999999747378752E-03   0.9999999747378752E-03   0.9999999747378752E-03   0.9999999747378752E-03   0.9999999747378752E-03   0.9999999747378752E-03   0.9999999747378752E-03   0.9999999747378752E-03   0.9999999747378752E-03   0.9999999747378752E-03   0.9999999747378752E-03   0.9999999747378752E-03   0.9999999747378752E-03   0.9999999747378752E-03   0.9999999747378752E-03   0.9999999747378752E-03   0.9999999747378752E-03   0.9999999747378752E-03   0.9999999747378754E-03   0.9999999747378762E-03   0.9999999747378810E-03   0.9999999747379070E-03   0.9999999747380419E-03   0.9999999747387191E-03   0.9999999747420001E-03   0.9999999747573526E-03   0.9999999748267297E-03   0.9999999751295037E-03   0.9999999764056329E-03   0.9999999816002008E-03   0.1000000002021801E-02   0.1000000079561410E-02   0.1000000363915784E-02   0.1000001371099852E-02   0.1000004816833717E-02   0.1000016203355568E-02   0.1000052548852306E-02   0.1000164615184517E-02   0.1000498410823351E-02   0.1001458881231235E-02   0.1004128829293006E-02   0.1011299426783975E-02   0.1019905728236304E-02   0.1056553967847807E-02   0.1169559245870587E-02   0.1404084471355484E-02   0.1982434390342641E-02   0.3280337616423554E-02   0.6033061478009577E-02   0.1166263333787174E-01   0.2277768772468544E-01   0.4398573318903644E-01   0.8304460270261588E-01   0.1525711807997641E+00   0.2721635742403231E+00   0.4709420503971289E+00   0.7901099162734208E+00   0.1285186963172645E+01   0.2026967854780923E+01   0.3100634099489829E+01   0.4601749591819176E+01   0.6629458314336825E+01   0.9276380479224876E+01   0.1261702806607558E+02   0.1669657281485500E+02   0.2152266000289496E+02   0.2706224506292259E+02   0.3324531766277476E+02   0.3997381832385602E+02   0.4713355921725287E+02   0.5460427962576184E+02   0.6226334522236473E+02   0.6998086187474085E+02   0.7760699285469252E+02   0.8495643845575216E+02   0.9179833503160093E+02   0.9785933367901785E+02   0.1028449830377354E+03   0.1064783047997047E+03   0.1085478885101865E+03   0.1089525182402470E+03   0.1077285490064824E+03   0.1050501108360785E+03   0.1011996398831443E+03   0.9651575354855203E+02   0.9133286265912990E+02   0.8592967194214917E+02   0.8050092984887593E+02   0.7515855976309790E+02   0.6995930263028372E+02   0.6494663941538896E+02   0.6019070242010589E+02
  0.9999999747378752E-03   0.9999999747378752E-03   0.9999999747378756E-03   0.9999999747378775E-03   0.9999999747378864E-03   0.9999999747379274E-03   0.9999999747381098E-03   0.9999999747389021E-03   0.9999999747422449E-03   0.9999999747559566E-03   0.9999999748106332E-03   0.9999999750225858E-03   0.9999999758213149E-03   0.9999999787473433E-03   0.9999999891674323E-03   0.1000000025239697E-02   0.1000000146628723E-02   0.1000000543714331E-02   0.1000001806361302E-02   0.1000005709076423E-02   0.1000017434608941E-02   0.1000051677660038E-02   0.1000148880612263E-02   0.1000417072830803E-02   0.1001136297914893E-02   0.1003010978466862E-02   0.1007760228646058E-02   0.1019453859914073E-02   0.1017436672798541E-02   0.1072515822805658E-02   0.1209608793615891E-02   0.1512705645413345E-02   0.2202398961659087E-02   0.3633118013745320E-02   0.6517292945484394E-02   0.1212735737183785E-01   0.2286328717240858E-01   0.4275116922803786E-01   0.7851258299920416E-01   0.1409979017676754E+00   0.2470788218291036E+00   0.4221852665444947E+00   0.7030403589271479E+00   0.1141002811973487E+01   0.1804990116819630E+01   0.2783976310091336E+01   0.4188008911531484E+01   0.6147363224230681E+01   0.8808964170118822E+01   0.1232992548820087E+02   0.1686823956915372E+02   0.2257082624162243E+02   0.2956046898211786E+02   0.3792217543034568E+02   0.4769061279426877E+02   0.5883941438931902E+02   0.7127350291856091E+02   0.8482453785398879E+02   0.9925062833712408E+02   0.1142407066059345E+03   0.1294245473341390E+03   0.1443894825242308E+03   0.1587036250873159E+03   0.1719449838364921E+03   0.1837333088302002E+03   0.1937599342426359E+03   0.2018100177444247E+03   0.2077722122724344E+03   0.2116326144112300E+03   0.2134538555354583E+03   0.2133446573254014E+03   0.2114277503819077E+03   0.2078152596602530E+03   0.2025990671620288E+03   0.1958586716653808E+03   0.1876843712808750E+03   0.1782082715932393E+03   0.1676329570021626E+03   0.1562483444350916E+03   0.1444297836082121E+03   0.1326153305057048E+03   0.1212655156962455E+03   0.1108124310725590E+03   0.1016078058719539E+03   0.9387996395678579E+02   0.8770780335749171E+02   0.8301661374414277E+02   0.7959703728948580E+02   0.7714330458653146E+02   0.7530389939730949E+02   0.7373545526593142E+02   0.7215099701043411E+02   0.7035549329269016E+02   0.6826477658874603E+02   0.6590700671717430E+02   0.6340794615713271E+02   0.6096250056813648E+02   0.5879557430083767E+02   0.5711702969437372E+02   0.5607700469763164E+02   0.5572973031497382E+02
  0.1001990629235375E-02   0.1004701814024535E-02   0.1010867548856075E-02   0.1014581882058575E-02   0.1044418250572599E-02   0.1087910228515256E-02   0.1220075327631385E-02   0.1489208225034657E-02   0.2005374940699658E-02   0.3040459163592915E-02   0.4983705971748395E-02   0.8703972843122463E-02   0.1548976908135276E-01   0.2762085344413810E-01   0.4888041171721330E-01   0.8533362379047514E-01   0.1465046119507757E+00   0.2470657711548572E+00   0.4090061365301649E+00   0.6645119976972627E+00   0.1059545524837080E+01   0.1658177560951978E+01   0.2547371974156361E+01   0.3842307316797548E+01   0.5691289181336622E+01   0.8279914785931513E+01   0.1183357340579633E+02   0.1661690046937546E+02   0.2292925292550112E+02   0.3109485442554651E+02   0.4144673980268845E+02   0.5430414566636255E+02   0.6994375946454680E+02   0.8856633523971388E+02   0.1102615720983190E+03   0.1349750853671764E+03   0.1624825349493632E+03   0.1923754231534214E+03   0.2240632419410516E+03   0.2567947167707858E+03   0.2896977694356473E+03   0.3218359839391127E+03   0.3522748967509056E+03   0.3801510984250419E+03   0.4047344179914795E+03   0.4254757860824418E+03   0.4420350348603387E+03   0.4542865109221873E+03   0.4623043330100145E+03   0.4663320936064023E+03   0.4667433678743391E+03   0.4639996546658708E+03   0.4586108340772174E+03   0.4511006055366294E+03   0.4419777110179242E+03   0.4317119101161778E+03   0.4207135727690978E+03   0.4093164267368915E+03   0.3977646230122078E+03   0.3862062451469097E+03   0.3746956472022197E+03   0.3632067586279741E+03   0.3516577336599798E+03   0.3399449269646064E+03   0.3279830340533583E+03   0.3157459754866234E+03   0.3033027824674722E+03   0.2908430393322258E+03   0.2786868214915701E+03   0.2672755726869922E+03   0.2571425800514975E+03   0.2488637203901318E+03   0.2429924433405771E+03   0.2399859976144587E+03   0.2401325192924417E+03   0.2434905156571540E+03   0.2498519840630491E+03   0.2587385511978976E+03   0.2694352970020845E+03   0.2810608935168326E+03   0.2926656708587038E+03   0.3033430656203686E+03   0.3123353492850494E+03   0.3191138811593542E+03   0.3234179047585094E+03   0.3252436458781963E+03   0.3247870088341016E+03   0.3223550369092938E+03   0.3182699256690471E+03   0.3127925377763864E+03   0.3060865404101627E+03   0.2982314488358423E+03   0.2892767328110618E+03   0.2793145900087361E+03   0.2685428222773697E+03   0.2572930248902535E+03   0.2460131613448130E+03   0.2352099817718271E+03   0.2253711806870393E+03   0.2168916263159882E+03   0.2100228021561025E+03
  0.5072264562520632E+01   0.7620440317563325E+01   0.1125128920713994E+02   0.1632708276512732E+02   0.2328864468764010E+02   0.3265562813577291E+02   0.4502010765854747E+02   0.6103129494812031E+02   0.8137051272502426E+02   0.1067158611377978E+03   0.1376979834767859E+03   0.1748489390023601E+03   0.2185484970707138E+03   0.2689727576008050E+03   0.3260511222332544E+03   0.3894373554151380E+03   0.4584994381491951E+03   0.5323314196441040E+03   0.6097876044834553E+03   0.6895366585933522E+03   0.7701314189740085E+03   0.8500870422779421E+03   0.9279603133818448E+03   0.1002422751012658E+04   0.1072321722536754E+04   0.1136725518374245E+04   0.1194950811368191E+04   0.1246572869213934E+04   0.1291419460980140E+04   0.1329550718064868E+04   0.1361225921307115E+04   0.1386858817071191E+04   0.1406962996117104E+04   0.1422089970958884E+04   0.1432764765407516E+04   0.1439426153823181E+04   0.1442380895925862E+04   0.1441781439796807E+04   0.1437634915863536E+04   0.1429846594850087E+04   0.1418293830056208E+04   0.1402918993897999E+04   0.1383823177239236E+04   0.1361338608267792E+04   0.1336059014650025E+04   0.1308813745662170E+04   0.1280582180463113E+04   0.1252358462331477E+04   0.1224989372055492E+04   0.1199016917371183E+04   0.1174559302803886E+04   0.1151259354178320E+04   0.1128316772815945E+04   0.1104604335993167E+04   0.1078851152367240E+04   0.1049861671692325E+04   0.1016731548300941E+04   0.9790215577132670E+03   0.9368583230583497E+03   0.8909445503098997E+03   0.8424772834268496E+03   0.7929890327881576E+03   0.7441386834131606E+03   0.6974871680643857E+03   0.6542932592676842E+03   0.6153613832072136E+03   0.5809633325841622E+03   0.5508432069010174E+03   0.5243017036329553E+03   0.5003425979347413E+03   0.4778550338447567E+03   0.4558009488707845E+03   0.4333777451861547E+03   0.4101329054005610E+03   0.3860168352425247E+03   0.3613716603131655E+03   0.3368632697766802E+03   0.3133710980155535E+03   0.2918535702750767E+03   0.2732070884663610E+03   0.2581353575733925E+03   0.2470425859654845E+03   0.2399623056136276E+03   0.2365301600461388E+03   0.2360069372593597E+03   0.2373520058117898E+03   0.2393416829422801E+03   0.2407190317035863E+03   0.2403541284878617E+03   0.2373897700928238E+03   0.2313479566032507E+03   0.2221783303909782E+03   0.2102413813570856E+03   0.1962323145295461E+03   0.1810639949547931E+03   0.1657341189560068E+03   0.1512023528519692E+03   0.1382954228757227E+03   0.1276471108324119E+03   0.1196688256112565E+03   0.1145383096415060E+03
  0.1216526036325022E+06   0.1217729491979635E+06   0.1200948890734528E+06   0.1167033017003667E+06   0.1117577504414142E+06   0.1054804944553903E+06   0.9814031134527452E+05   0.9003375573670477E+05   0.8146565748719392E+05   0.7273062310030193E+05   0.6409706295181779E+05   0.5579487139751710E+05   0.4800740048647118E+05   0.4086786518606992E+05   0.3445985776365781E+05   0.2882129079510684E+05   0.2395085751513302E+05   0.1981600552551933E+05   0.1636145611158122E+05   0.1351743638125294E+05   0.1120699382561059E+05   0.9351991970198658E+04   0.7877609811779227E+04   0.6715359975738478E+04   0.5804783774381543E+04   0.5094071085062987E+04   0.4539889584399296E+04   0.4106702402828439E+04   0.3765815940159592E+04   0.3494344339307839E+04   0.3274218988935482E+04   0.3091314090711614E+04   0.2934715839190995E+04   0.2796130027132283E+04   0.2669406122307538E+04   0.2550148838183833E+04   0.2435390216541024E+04   0.2323303032133642E+04   0.2212944410034607E+04   0.2104027130034235E+04   0.1996720997828992E+04   0.1891489482632879E+04   0.1788964888390655E+04   0.1689861913369492E+04   0.1594924335458766E+04   0.1504894247002426E+04   0.1420491019996259E+04   0.1342385533658447E+04   0.1271159943169207E+04   0.1207247537468848E+04   0.1150856979084425E+04   0.1101891906454012E+04   0.1059883805013570E+04   0.1023958258454096E+04   0.9928518020860816E+03   0.9649895820030752E+03   0.9386223895210328E+03   0.9120092208674117E+03   0.8836202803871670E+03   0.8523284714256771E+03   0.8175565443356068E+03   0.7793535165908702E+03   0.7383845945277006E+03   0.6958345130124776E+03   0.6532380471301856E+03   0.6122634035548729E+03   0.5744806692614562E+03   0.5411482282424660E+03   0.5130459284869344E+03   0.4903752777692362E+03   0.4727377218621212E+03   0.4591910655534194E+03   0.4483749516053690E+03   0.4386879182364561E+03   0.4284927206285211E+03   0.4163224074698065E+03   0.4010601268599040E+03   0.3820688428667371E+03   0.3592544722639192E+03   0.3330562748771613E+03   0.3043691631698890E+03   0.2744124476144355E+03   0.2445671722874843E+03   0.2162058867182068E+03   0.1905377833013143E+03   0.1684865063820415E+03   0.1506107505693123E+03   0.1370714787151819E+03   0.1276426707163392E+03   0.1217603387460294E+03   0.1186018966928027E+03   0.1171876764417080E+03   0.1164945832443028E+03   0.1155713424127087E+03   0.1136414605807462E+03   0.1101804605395890E+03   0.1049551461988179E+03   0.9801879812540959E+02   0.8966412949323212E+02   0.8034554884845042E+02   0.7058834752428498E+02
  0.5591928688967685E+01   0.8407901416682812E+01   0.1242379299537992E+02   0.1804265767053887E+02   0.2575558604966911E+02   0.3614226537391828E+02   0.4986415763177038E+02   0.6764772886898730E+02   0.9025697265537497E+02   0.1184543157197832E+03   0.1529517081614058E+03   0.1943539357654875E+03   0.2430994074992229E+03   0.2994035090589208E+03   0.3632117351524387E+03   0.4341688671815775E+03   0.5116096261998340E+03   0.5945741501854427E+03   0.6818486457664920E+03   0.7720281859381355E+03   0.8635962290779635E+03   0.9550121445238935E+03   0.1044797969965638E+04   0.1131615602079191E+04   0.1214327155073327E+04   0.1292034276956444E+04   0.1364095052503935E+04   0.1430119673505227E+04   0.1489947897817767E+04   0.1543612794071390E+04   0.1591294045805208E+04   0.1633264794800034E+04   0.1669834882937928E+04   0.1701293887534664E+04   0.1727858276092122E+04   0.1749628478118498E+04   0.1766563076237099E+04   0.1778477514920253E+04   0.1785072776549791E+04   0.1785995586643964E+04   0.1780924947866463E+04   0.1769673669502733E+04   0.1752285575769237E+04   0.1729107513716302E+04   0.1700814617792623E+04   0.1668374694955355E+04   0.1632948326062994E+04   0.1595735286534034E+04   0.1557792072879956E+04   0.1519855202526832E+04   0.1482208844900188E+04   0.1444630531863673E+04   0.1406435383558496E+04   0.1366620528150156E+04   0.1324090182081016E+04   0.1277923082154465E+04   0.1227632422396822E+04   0.1173365834999188E+04   0.1116002017711244E+04   0.1057117324922496E+04   0.9988193651531686E+03   0.9434690856510106E+03   0.8933345862102780E+03   0.8502344625606034E+03   0.8152326592048079E+03   0.7884406539480628E+03   0.7689652336601545E+03   0.7550153284830014E+03   0.7441528351581504E+03   0.7336459783536637E+03   0.7208650037155163E+03   0.7036531007638445E+03   0.6806120388353436E+03   0.6512604179057142E+03   0.6160480672551666E+03   0.5762366601300768E+03   0.5336779525772255E+03   0.4905331369583448E+03   0.4489786803354663E+03   0.4109375601512496E+03   0.3778644021844759E+03   0.3506014388974543E+03   0.3293135190906976E+03   0.3135031932981151E+03   0.3021023675943852E+03   0.2936301244652198E+03   0.2864000548386697E+03   0.2787519275735276E+03   0.2692761052118338E+03   0.2569968775375006E+03   0.2414852219201082E+03   0.2228819415881069E+03   0.2018290201460421E+03   0.1793250513493000E+03   0.1565353004169975E+03   0.1345954292513971E+03   0.1144472209639473E+03   0.9673311998096803E+02   0.8176144600495948E+02   0.6953626510245897E+02   0.5983140282897505E+02
  0.1002298200242373E-02   0.1005428805175903E-02   0.1012549404731874E-02   0.1018390467947800E-02   0.1052861282010174E-02   0.1106235169181300E-02   0.1259020369158677E-02   0.1570265077123273E-02   0.2170618682133362E-02   0.3370475576228486E-02   0.5629519355907084E-02   0.9932580931829402E-02   0.1781850067981718E-01   0.3191400170679605E-01   0.5664331867325617E-01   0.9908554262412714E-01   0.1704431835626131E+00   0.2880135780064869E+00   0.4777738799371373E+00   0.7779429655725130E+00   0.1243450541662416E+01   0.1951225120576713E+01   0.3006658881437013E+01   0.4550381921519120E+01   0.6765489567164831E+01   0.9884051779418254E+01   0.1419202378163521E+02   0.2003138917578902E+02   0.2779788731196130E+02   0.3793275938447992E+02   0.5090704653936788E+02   0.6719773660090927E+02   0.8725524306954134E+02   0.1114635519409933E+03   0.1400953548275673E+03   0.1732660979182874E+03   0.2108920338108675E+03   0.2526582795919504E+03   0.2980023808232206E+03   0.3461180997835681E+03   0.3959816659235699E+03   0.4463999154653088E+03   0.4960765592699223E+03   0.5436905401210554E+03   0.5879778896133357E+03   0.6278090032958044E+03   0.6622537619610073E+03   0.6906294249377022E+03   0.7125283861442304E+03   0.7278258668197798E+03   0.7366689338557183E+03   0.7394492968079539E+03   0.7367633197164714E+03   0.7293618255016097E+03   0.7180940123771422E+03   0.7038494852145891E+03   0.6875041009245419E+03   0.6698748884239631E+03   0.6516890544478732E+03   0.6335691927458362E+03   0.6160338024084643E+03   0.5995082758735027E+03   0.5843393706450868E+03   0.5708050290637800E+03   0.5591146562014585E+03   0.5493987862886667E+03   0.5416921279696641E+03   0.5359188144000319E+03   0.5318889589536657E+03   0.5293139435519547E+03   0.5278416883533665E+03   0.5271062689159021E+03   0.5267797622284659E+03   0.5266117349144672E+03   0.5264435256004713E+03   0.5261912068680286E+03   0.5258010460695118E+03   0.5251905246681191E+03   0.5241945366952474E+03   0.5225366329772892E+03   0.5198396367183462E+03   0.5156781868183663E+03   0.5096630376150382E+03   0.5015348485716344E+03   0.4912400655419831E+03   0.4789636051618266E+03   0.4651041458721780E+03   0.4501943536146058E+03   0.4347858070246090E+03   0.4193308301464737E+03   0.4040961264004987E+03   0.3891342641622417E+03   0.3743210349539951E+03   0.3594455216763502E+03   0.3443230162907581E+03   0.3288949203661252E+03   0.3132863930516178E+03   0.2978089605864958E+03   0.2829137480689075E+03   0.2691145709877400E+03   0.2569035025104600E+03
  0.9999999747378752E-03   0.9999999747378754E-03   0.9999999747378756E-03   0.9999999747378782E-03   0.9999999747378890E-03   0.9999999747379398E-03   0.9999999747381655E-03   0.9999999747391458E-03   0.9999999747432834E-03   0.9999999747602613E-03   0.9999999748279880E-03   0.9999999750906368E-03   0.9999999760808532E-03   0.9999999797101250E-03   0.9999999926413919E-03   0.1000000037432494E-02   0.1000000188255771E-02   0.1000000681960900E-02   0.1000002252996889E-02   0.1000007112818270E-02   0.1000021726730180E-02   0.1000064445710477E-02   0.1000185834784963E-02   0.1000521138764403E-02   0.1001421453260701E-02   0.1003771314990204E-02   0.1009733139175077E-02   0.1024435983667792E-02   0.1019681667396533E-02   0.1101809540479348E-02   0.1277827136870238E-02   0.1657367189136930E-02   0.2533801941665316E-02   0.4356975741281216E-02   0.8033604809031789E-02   0.1523022404837434E-01   0.2905745820510631E-01   0.5477129561525526E-01   0.1012119463368092E+00   0.1827850272646790E+00   0.3221207804697558E+00   0.5535602229249648E+00   0.9275495127064094E+00   0.1515599519121851E+01   0.2415544225527252E+01   0.3756534935476709E+01   0.5702930926454878E+01   0.8456084926071370E+01   0.1225326198537400E+02   0.1736270702703461E+02   0.2407435465295602E+02   0.3268608067595797E+02   0.4348568572559331E+02   0.5672884455725460E+02   0.7261394862456481E+02   0.9125496145845058E+02   0.1126534847566138E+03   0.1366727153714244E+03   0.1630164639929905E+03   0.1912177967632446E+03   0.2206420988349618E+03   0.2505090403843616E+03   0.2799357220442600E+03   0.3079990593248289E+03   0.3338120107578379E+03   0.3566024223090901E+03   0.3757820657357738E+03   0.3909934972362902E+03   0.4021263443120614E+03   0.4093013343835236E+03   0.4128275971404719E+03   0.4131441470839641E+03   0.4107584132956039E+03   0.4061928148402195E+03   0.3999448622466906E+03   0.3924610062053661E+03   0.3841195348847516E+03   0.3752173161587809E+03   0.3659573546804980E+03   0.3564377635032796E+03   0.3466467974360802E+03   0.3364692283579537E+03   0.3257080454130038E+03   0.3141212943988721E+03   0.3014698683132821E+03   0.2875683206640630E+03   0.2723304396622164E+03   0.2558017625477751E+03   0.2381741927682818E+03   0.2197805210348763E+03   0.2010699370262548E+03   0.1825682415245982E+03   0.1648281686027019E+03   0.1483769298479073E+03   0.1336677426122603E+03   0.1210411787983593E+03   0.1106995765765122E+03   0.1026957371365677E+03   0.9693450567753774E+02   0.9318591618136568E+02   0.9110810867645263E+02
  0.9999999747378752E-03   0.9999999747378752E-03   0.9999999747378752E-03   0.9999999747378752E-03   0.9999999747378752E-03   0.9999999747378752E-03   0.9999999747378752E-03   0.9999999747378752E-03   0.9999999747378752E-03   0.9999999747378752E-03   0.9999999747378752E-03   0.9999999747378752E-03   0.9999999747378752E-03   0.9999999747378752E-03   0.9999999747378752E-03   0.9999999747378752E-03   0.9999999747378752E-03   0.9999999747378752E-03   0.9999999747378752E-03   0.9999999747378752E-03   0.9999999747378752E-03   0.9999999747378752E-03   0.9999999747378752E-03   0.9999999747378752E-03   0.9999999747378752E-03   0.9999999747378752E-03   0.9999999747378752E-03   0.9999999747378756E-03   0.9999999747378767E-03   0.9999999747378838E-03   0.9999999747379216E-03   0.9999999747381195E-03   0.9999999747391177E-03   0.9999999747439788E-03   0.9999999747668487E-03   0.9999999748707780E-03   0.9999999753269764E-03   0.9999999772612545E-03   0.9999999851833018E-03   0.1000000016524379E-02   0.1000000136295862E-02   0.1000000578437381E-02   0.1000002155115913E-02   0.1000007586429299E-02   0.1000025660353944E-02   0.1000083762491615E-02   0.1000264201291626E-02   0.1000805543551228E-02   0.1002374546794528E-02   0.1006767847490393E-02   0.1018652262270472E-02   0.1029711312460231E-02   0.1098130902073035E-02   0.1269419067336289E-02   0.1680213060212502E-02   0.2706554583798432E-02   0.4954036885339080E-02   0.9731015221144765E-02   0.1956818787658525E-01   0.3908549182482376E-01   0.7649170473227022E-01   0.1456762534383242E+00   0.2693501319419727E+00   0.4828613892345791E+00   0.8388725946878293E+00   0.1412117343839923E+01   0.2303588837710614E+01   0.3642636710101436E+01   0.5585491424168213E+01   0.8309140332837128E+01   0.1199988367849142E+02   0.1683697658673065E+02   0.2297437560115645E+02   0.3052316096500820E+02   0.3953989613415618E+02   0.5002359616519578E+02   0.6192243626521321E+02   0.7514786915727839E+02   0.8959006533228948E+02   0.1051266418573793E+03   0.1216183458727848E+03   0.1388894371475612E+03   0.1566971944310031E+03   0.1747018749490261E+03   0.1924522801386724E+03   0.2093993688163953E+03   0.2249427412065914E+03   0.2385032549277237E+03   0.2496030149844101E+03   0.2579287271524393E+03   0.2633570192289304E+03   0.2659325634327787E+03   0.2658062884816272E+03   0.2631567137700163E+03   0.2581249251742747E+03   0.2507887799965280E+03   0.2411873411065536E+03   0.2293866651735455E+03   0.2155616855055654E+03   0.2000623814952042E+03   0.1834374461907076E+03
  0.9999999747378752E-03   0.9999999747378752E-03   0.9999999747378752E-03   0.9999999747378752E-03   0.9999999747378752E-03   0.9999999747378752E-03   0.9999999747378752E-03   0.9999999747378752E-03   0.9999999747378752E-03   0.9999999747378752E-03   0.9999999747378752E-03   0.9999999747378752E-03   0.9999999747378752E-03   0.9999999747378752E-03   0.9999999747378752E-03   0.9999999747378752E-03   0.9999999747378752E-03   0.9999999747378752E-03   0.9999999747378752E-03   0.9999999747378752E-03   0.9999999747378752E-03   0.9999999747378752E-03   0.9999999747378752E-03   0.9999999747378752E-03   0.9999999747378752E-03   0.9999999747378752E-03   0.9999999747378752E-03   0.9999999747378752E-03   0.9999999747378752E-03   0.9999999747378752E-03   0.9999999747378752E-03   0.9999999747378752E-03   0.9999999747378752E-03   0.9999999747378752E-03   0.9999999747378752E-03   0.9999999747378752E-03   0.9999999747378752E-03   0.9999999747378752E-03   0.9999999747378752E-03   0.9999999747378752E-03   0.9999999747378752E-03   0.9999999747378752E-03   0.9999999747378752E-03   0.9999999747378752E-03   0.9999999747378752E-03   0.9999999747378752E-03   0.9999999747378752E-03   0.9999999747378752E-03   0.9999999747378752E-03   0.9999999747378752E-03   0.9999999747378752E-03   0.9999999747378752E-03   0.9999999747378752E-03   0.9999999747378754E-03   0.9999999747378769E-03   0.9999999747378882E-03   0.9999999747379619E-03   0.9999999747384281E-03   0.9999999747412457E-03   0.9999999747575380E-03   0.9999999748476780E-03   0.9999999753248191E-03   0.9999999777412021E-03   0.9999999894486338E-03   0.1000000043714019E-02   0.1000000284337118E-02   0.1000001305023132E-02   0.1000005446680588E-02   0.1000021522371165E-02   0.1000081207265703E-02   0.1000293162486882E-02   0.1001013098773467E-02   0.1003351933683210E-02   0.1010618781527074E-02   0.1022212099174081E-02   0.1053575009596926E-02   0.1210335549543637E-02   0.1643717042744275E-02   0.2710747696980226E-02   0.5230275524083982E-02   0.1103678443183228E-01   0.2364647060662606E-01   0.4990204255148602E-01   0.1020865717760653E+00   0.2012665782170688E+00   0.3815335071483406E+00   0.6949156726897243E+00   0.1215954831787951E+01   0.2044841901084101E+01   0.3306421291391526E+01   0.5143958747559807E+01   0.7705980537149029E+01   0.1112656569289536E+02   0.1550234121500529E+02   0.2087050004758126E+02   0.2719554740719569E+02   0.3437087372861429E+02   0.4223925210712930E+02   0.5063127441024517E+02   0.5941379296986878E+02   0.6853350173243273E+02
  0.9999999747378752E-03   0.9999999747378752E-03   0.9999999747378752E-03   0.9999999747378752E-03   0.9999999747378752E-03   0.9999999747378752E-03   0.9999999747378752E-03   0.9999999747378752E-03   0.9999999747378752E-03   0.9999999747378752E-03   0.9999999747378752E-03   0.9999999747378752E-03   0.9999999747378752E-03   0.9999999747378752E-03   0.9999999747378752E-03   0.9999999747378752E-03   0.9999999747378752E-03   0.9999999747378752E-03   0.9999999747378752E-03   0.9999999747378752E-03   0.9999999747378752E-03   0.9999999747378752E-03   0.9999999747378752E-03   0.9999999747378752E-03   0.9999999747378752E-03   0.9999999747378752E-03   0.9999999747378752E-03   0.9999999747378752E-03   0.9999999747378752E-03   0.9999999747378752E-03   0.9999999747378752E-03   0.9999999747378752E-03   0.9999999747378752E-03   0.9999999747378752E-03   0.9999999747378752E-03   0.9999999747378752E-03   0.9999999747378752E-03   0.9999999747378752E-03   0.9999999747378752E-03   0.9999999747378752E-03   0.9999999747378752E-03   0.9999999747378752E-03   0.9999999747378752E-03   0.9999999747378752E-03   0.9999999747378752E-03   0.9999999747378752E-03   0.9999999747378752E-03   0.9999999747378752E-03   0.9999999747378752E-03   0.9999999747378752E-03   0.9999999747378752E-03   0.9999999747378752E-03   0.9999999747378752E-03   0.9999999747378752E-03   0.9999999747378752E-03   0.9999999747378752E-03   0.9999999747378752E-03   0.9999999747378752E-03   0.9999999747378752E-03   0.9999999747378752E-03   0.9999999747378752E-03   0.9999999747378752E-03   0.9999999747378752E-03   0.9999999747378752E-03   0.9999999747378752E-03   0.9999999747378752E-03   0.9999999747378752E-03   0.9999999747378752E-03   0.9999999747378752E-03   0.9999999747378752E-03   0.9999999747378752E-03   0.9999999747378752E-03   0.9999999747378752E-03   0.9999999747378752E-03   0.9999999747378752E-03   0.9999999747378752E-03   0.9999999747378752E-03   0.9999999747378752E-03   0.9999999747378752E-03   0.9999999747378760E-03   0.9999999747378834E-03   0.9999999747379435E-03   0.9999999747384060E-03   0.9999999747417783E-03   0.9999999747650505E-03   0.9999999749170639E-03   0.9999999758569574E-03   0.9999999813580824E-03   0.1000000011838745E-02   0.1000000171729021E-02   0.1000000965817922E-02   0.1000004699952973E-02   0.1000021326739186E-02   0.1000091431292683E-02   0.1000371344902073E-02   0.1001429767844194E-02   0.1005220002069959E-02   0.1008074475871789E-02   0.1049362940940058E-02   0.1154962514134295E-02   0.1496809164210154E-02
  0.9999999747378752E-03   0.9999999747378752E-03   0.9999999747378752E-03   0.9999999747378752E-03   0.9999999747378752E-03   0.9999999747378752E-03   0.9999999747378752E-03   0.9999999747378752E-03   0.9999999747378752E-03   0.9999999747378752E-03   0.9999999747378752E-03   0.9999999747378752E-03   0.9999999747378752E-03   0.9999999747378752E-03   0.9999999747378752E-03   0.9999999747378752E-03   0.9999999747378752E-03   0.9999999747378752E-03   0.9999999747378752E-03   0.9999999747378752E-03   0.9999999747378752E-03   0.9999999747378752E-03   0.9999999747378752E-03   0.9999999747378752E-03   0.9999999747378752E-03   0.9999999747378752E-03   0.9999999747378752E-03   0.9999999747378752E-03   0.9999999747378752E-03   0.9999999747378752E-03   0.9999999747378752E-03   0.9999999747378752E-03   0.9999999747378752E-03   0.9999999747378752E-03   0.9999999747378752E-03   0.9999999747378752E-03   0.9999999747378752E-03   0.9999999747378752E-03   0.9999999747378752E-03   0.9999999747378752E-03   0.9999999747378752E-03   0.9999999747378752E-03   0.9999999747378752E-03   0.9999999747378752E-03   0.9999999747378752E-03   0.9999999747378752E-03   0.9999999747378752E-03   0.9999999747378752E-03   0.9999999747378752E-03   0.9999999747378752E-03   0.9999999747378752E-03   0.9999999747378752E-03   0.9999999747378752E-03   0.9999999747378752E-03   0.9999999747378752E-03   0.9999999747378752E-03   0.9999999747378752E-03   0.9999999747378752E-03   0.9999999747378752E-03   0.9999999747378752E-03   0.9999999747378752E-03   0.9999999747378752E-03   0.9999999747378752E-03   0.9999999747378752E-03   0.9999999747378752E-03   0.9999999747378752E-03   0.9999999747378752E-03   0.9999999747378752E-03   0.9999999747378752E-03   0.9999999747378752E-03   0.9999999747378752E-03   0.9999999747378752E-03   0.9999999747378752E-03   0.9999999747378752E-03   0.9999999747378752E-03   0.9999999747378752E-03   0.9999999747378752E-03   0.9999999747378752E-03   0.9999999747378752E-03   0.9999999747378752E-03   0.9999999747378752E-03   0.9999999747378752E-03   0.9999999747378752E-03   0.9999999747378752E-03   0.9999999747378752E-03   0.9999999747378752E-03   0.9999999747378752E-03   0.9999999747378752E-03   0.9999999747378752E-03   0.9999999747378752E-03   0.9999999747378752E-03   0.9999999747378752E-03   0.9999999747378752E-03   0.9999999747378752E-03   0.9999999747378752E-03   0.9999999747378752E-03   0.9999999747378752E-03   0.9999999747378752E-03   0.9999999747378752E-03   0.9999999747378752E-03   0.9999999747378752E-03
  0.9999999747378752E-03   0.9999999747378752E-03   0.9999999747378752E-03   0.9999999747378752E-03   0.9999999747378752E-03   0.9999999747378752E-03   0.9999999747378752E-03   0.9999999747378752E-03   0.9999999747378752E-03   0.9999999747378752E-03   0.9999999747378752E-03   0.9999999747378752E-03   0.9999999747378752E-03   0.9999999747378752E-03   0.9999999747378752E-03   0.9999999747378752E-03   0.9999999747378752E-03   0.9999999747378752E-03   0.9999999747378752E-03   0.9999999747378752E-03   0.9999999747378752E-03   0.9999999747378752E-03   0.9999999747378752E-03   0.9999999747378752E-03   0.9999999747378752E-03   0.9999999747378752E-03   0.9999999747378752E-03   0.9999999747378752E-03   0.9999999747378752E-03   0.9999999747378752E-03   0.9999999747378752E-03   0.9999999747378752E-03   0.9999999747378752E-03   0.9999999747378752E-03   0.9999999747378752E-03   0.9999999747378752E-03   0.9999999747378752E-03   0.9999999747378752E-03   0.9999999747378752E-03   0.9999999747378752E-03   0.9999999747378752E-03   0.9999999747378752E-03   0.9999999747378752E-03   0.9999999747378752E-03   0.9999999747378752E-03   0.9999999747378752E-03   0.9999999747378752E-03   0.9999999747378752E-03   0.9999999747378752E-03   0.9999999747378752E-03   0.9999999747378752E-03   0.9999999747378752E-03   0.9999999747378752E-03   0.9999999747378752E-03   0.9999999747378752E-03   0.9999999747378752E-03   0.9999999747378752E-03   0.9999999747378752E-03   0.9999999747378752E-03   0.9999999747378752E-03   0.9999999747378752E-03   0.9999999747378752E-03   0.9999999747378752E-03   0.9999999747378752E-03   0.9999999747378752E-03   0.9999999747378752E-03   0.9999999747378752E-03   0.9999999747378752E-03   0.9999999747378752E-03   0.9999999747378752E-03   0.9999999747378752E-03   0.9999999747378752E-03   0.9999999747378752E-03   0.9999999747378752E-03   0.9999999747378752E-03   0.9999999747378752E-03   0.9999999747378752E-03   0.9999999747378752E-03   0.9999999747378752E-03   0.9999999747378752E-03   0.9999999747378752E-03   0.9999999747378752E-03   0.9999999747378752E-03   0.9999999747378752E-03   0.9999999747378752E-03   0.9999999747378752E-03   0.9999999747378752E-03   0.9999999747378752E-03   0.9999999747378752E-03   0.9999999747378752E-03   0.9999999747378752E-03   0.9999999747378752E-03   0.9999999747378752E-03   0.9999999747378752E-03   0.9999999747378752E-03   0.9999999747378752E-03   0.9999999747378752E-03   0.9999999747378752E-03   0.9999999747378752E-03   0.9999999747378752E-03   0.9999999747378752E-03
  0.9999999747378752E-03   0.9999999747378752E-03   0.9999999747378752E-03   0.9999999747378752E-03   0.9999999747378752E-03   0.9999999747378752E-03   0.9999999747378752E-03   0.9999999747378752E-03   0.9999999747378752E-03   0.9999999747378752E-03   0.9999999747378752E-03   0.9999999747378752E-03   0.9999999747378752E-03   0.9999999747378752E-03   0.9999999747378752E-03   0.9999999747378752E-03   0.9999999747378752E-03   0.9999999747378752E-03   0.9999999747378752E-03   0.9999999747378752E-03   0.9999999747378752E-03   0.9999999747378752E-03   0.9999999747378752E-03   0.9999999747378752E-03   0.9999999747378752E-03   0.9999999747378752E-03   0.9999999747378752E-03   0.9999999747378752E-03   0.9999999747378752E-03   0.9999999747378752E-03   0.9999999747378752E-03   0.9999999747378752E-03   0.9999999747378752E-03   0.9999999747378752E-03   0.9999999747378752E-03   0.9999999747378752E-03   0.9999999747378752E-03   0.9999999747378752E-03   0.9999999747378752E-03   0.9999999747378752E-03   0.9999999747378752E-03   0.9999999747378752E-03   0.9999999747378752E-03   0.9999999747378752E-03   0.9999999747378752E-03   0.9999999747378752E-03   0.9999999747378752E-03   0.9999999747378752E-03   0.9999999747378752E-03   0.9999999747378752E-03   0.9999999747378752E-03   0.9999999747378752E-03   0.9999999747378752E-03   0.9999999747378752E-03   0.9999999747378752E-03   0.9999999747378752E-03   0.9999999747378752E-03   0.9999999747378752E-03   0.9999999747378752E-03   0.9999999747378752E-03   0.9999999747378752E-03   0.9999999747378752E-03   0.9999999747378752E-03   0.9999999747378752E-03   0.9999999747378752E-03   0.9999999747378752E-03   0.9999999747378752E-03   0.9999999747378752E-03   0.9999999747378752E-03   0.9999999747378752E-03   0.9999999747378752E-03   0.9999999747378752E-03   0.9999999747378752E-03   0.9999999747378752E-03   0.9999999747378752E-03   0.9999999747378752E-03   0.9999999747378752E-03   0.9999999747378752E-03   0.9999999747378752E-03   0.9999999747378752E-03   0.9999999747378752E-03   0.9999999747378752E-03   0.9999999747378752E-03   0.9999999747378752E-03   0.9999999747378752E-03   0.9999999747378752E-03   0.9999999747378752E-03   0.9999999747378752E-03   0.9999999747378752E-03   0.9999999747378752E-03   0.9999999747378752E-03   0.9999999747378752E-03   0.9999999747378752E-03   0.9999999747378752E-03   0.9999999747378752E-03   0.9999999747378752E-03   0.9999999747378752E-03   0.9999999747378752E-03   0.9999999747378752E-03   0.9999999747378752E-03   0.9999999747378752E-03
  0.9999999747378752E-03   0.9999999747378752E-03   0.9999999747378752E-03   0.9999999747378752E-03   0.9999999747378752E-03   0.9999999747378752E-03   0.9999999747378752E-03   0.9999999747378752E-03   0.9999999747378752E-03   0.9999999747378752E-03   0.9999999747378752E-03   0.9999999747378752E-03   0.9999999747378752E-03   0.9999999747378752E-03   0.9999999747378752E-03   0.9999999747378752E-03   0.9999999747378752E-03   0.9999999747378752E-03   0.9999999747378752E-03   0.9999999747378752E-03   0.9999999747378752E-03   0.9999999747378752E-03   0.9999999747378752E-03   0.9999999747378752E-03   0.9999999747378752E-03   0.9999999747378752E-03   0.9999999747378752E-03   0.9999999747378752E-03   0.9999999747378752E-03   0.9999999747378752E-03   0.9999999747378752E-03   0.9999999747378752E-03   0.9999999747378752E-03   0.9999999747378752E-03   0.9999999747378752E-03   0.9999999747378752E-03   0.9999999747378752E-03   0.9999999747378752E-03   0.9999999747378752E-03   0.9999999747378752E-03   0.9999999747378752E-03   0.9999999747378752E-03   0.9999999747378752E-03   0.9999999747378752E-03   0.9999999747378752E-03   0.9999999747378752E-03   0.9999999747378752E-03   0.9999999747378752E-03   0.9999999747378752E-03   0.9999999747378752E-03   0.9999999747378752E-03   0.9999999747378752E-03   0.9999999747378752E-03   0.9999999747378752E-03   0.9999999747378752E-03   0.9999999747378752E-03   0.9999999747378752E-03   0.9999999747378752E-03   0.9999999747378752E-03   0.9999999747378752E-03   0.9999999747378752E-03   0.9999999747378752E-03   0.9999999747378752E-03   0.9999999747378752E-03   0.9999999747378752E-03   0.9999999747378752E-03   0.9999999747378752E-03   0.9999999747378752E-03   0.9999999747378752E-03   0.9999999747378752E-03   0.9999999747378752E-03   0.9999999747378752E-03   0.9999999747378752E-03   0.9999999747378752E-03   0.9999999747378752E-03   0.9999999747378752E-03   0.9999999747378752E-03   0.9999999747378752E-03   0.9999999747378752E-03   0.9999999747378752E-03   0.9999999747378752E-03   0.9999999747378752E-03   0.9999999747378752E-03   0.9999999747378752E-03   0.9999999747378752E-03   0.9999999747378752E-03   0.9999999747378752E-03   0.9999999747378752E-03   0.9999999747378752E-03   0.9999999747378752E-03   0.9999999747378752E-03   0.9999999747378752E-03   0.9999999747378752E-03   0.9999999747378752E-03   0.9999999747378752E-03   0.9999999747378752E-03   0.9999999747378752E-03   0.9999999747378752E-03   0.9999999747378752E-03   0.9999999747378752E-03   0.9999999747378752E-03
  0.9999999747378752E-03   0.9999999747378752E-03   0.9999999747378752E-03   0.9999999747378752E-03   0.9999999747378752E-03   0.9999999747378752E-03   0.9999999747378752E-03   0.9999999747378752E-03   0.9999999747378752E-03   0.9999999747378752E-03   0.9999999747378752E-03   0.9999999747378752E-03   0.9999999747378752E-03   0.9999999747378752E-03   0.9999999747378752E-03   0.9999999747378752E-03   0.9999999747378752E-03   0.9999999747378752E-03   0.9999999747378752E-03   0.9999999747378752E-03   0.9999999747378752E-03   0.9999999747378752E-03   0.9999999747378752E-03   0.9999999747378752E-03   0.9999999747378752E-03   0.9999999747378752E-03   0.9999999747378752E-03   0.9999999747378752E-03   0.9999999747378752E-03   0.9999999747378752E-03   0.9999999747378752E-03   0.9999999747378752E-03   0.9999999747378752E-03   0.9999999747378752E-03   0.9999999747378752E-03   0.9999999747378752E-03   0.9999999747378752E-03   0.9999999747378752E-03   0.9999999747378752E-03   0.9999999747378752E-03   0.9999999747378752E-03   0.9999999747378752E-03   0.9999999747378752E-03   0.9999999747378752E-03   0.9999999747378752E-03   0.9999999747378752E-03   0.9999999747378752E-03   0.9999999747378752E-03   0.9999999747378752E-03   0.9999999747378752E-03   0.9999999747378752E-03   0.9999999747378752E-03   0.9999999747378752E-03   0.9999999747378752E-03   0.9999999747378752E-03   0.9999999747378752E-03   0.9999999747378752E-03   0.9999999747378752E-03   0.9999999747378752E-03   0.9999999747378752E-03   0.9999999747378752E-03   0.9999999747378752E-03   0.9999999747378752E-03   0.9999999747378752E-03   0.9999999747378752E-03   0.9999999747378752E-03   0.9999999747378752E-03   0.9999999747378752E-03   0.9999999747378752E-03   0.9999999747378752E-03   0.9999999747378752E-03   0.9999999747378752E-03   0.9999999747378752E-03   0.9999999747378752E-03   0.9999999747378752E-03   0.9999999747378752E-03   0.9999999747378752E-03   0.9999999747378752E-03   0.9999999747378752E-03   0.9999999747378752E-03   0.9999999747378752E-03   0.9999999747378752E-03   0.9999999747378752E-03   0.9999999747378752E-03   0.9999999747378752E-03   0.9999999747378752E-03   0.9999999747378752E-03   0.9999999747378752E-03   0.9999999747378752E-03   0.9999999747378752E-03   0.9999999747378752E-03   0.9999999747378752E-03   0.9999999747378752E-03   0.9999999747378752E-03   0.9999999747378752E-03   0.9999999747378752E-03   0.9999999747378752E-03   0.9999999747378752E-03   0.9999999747378752E-03   0.9999999747378752E-03   0.9999999747378752E-03
  0.9999999747378752E-03   0.9999999747378752E-03   0.9999999747378752E-03   0.9999999747378752E-03   0.9999999747378752E-03   0.9999999747378752E-03   0.9999999747378752E-03   0.9999999747378752E-03   0.9999999747378752E-03   0.9999999747378752E-03   0.9999999747378752E-03   0.9999999747378752E-03   0.9999999747378752E-03   0.9999999747378752E-03   0.9999999747378752E-03   0.9999999747378752E-03   0.9999999747378752E-03   0.9999999747378752E-03   0.9999999747378752E-03   0.9999999747378752E-03   0.9999999747378752E-03   0.9999999747378752E-03   0.9999999747378752E-03   0.9999999747378752E-03   0.9999999747378752E-03   0.9999999747378752E-03   0.9999999747378752E-03   0.9999999747378752E-03   0.9999999747378752E-03   0.9999999747378752E-03   0.9999999747378752E-03   0.9999999747378752E-03   0.9999999747378752E-03   0.9999999747378752E-03   0.9999999747378752E-03   0.9999999747378752E-03   0.9999999747378752E-03   0.9999999747378752E-03   0.9999999747378752E-03   0.9999999747378752E-03   0.9999999747378752E-03   0.9999999747378752E-03   0.9999999747378752E-03   0.9999999747378752E-03   0.9999999747378752E-03   0.9999999747378752E-03   0.9999999747378752E-03   0.9999999747378752E-03   0.9999999747378752E-03   0.9999999747378752E-03   0.9999999747378752E-03   0.9999999747378752E-03   0.9999999747378752E-03   0.9999999747378752E-03   0.9999999747378752E-03   0.9999999747378752E-03   0.9999999747378752E-03   0.9999999747378752E-03   0.9999999747378752E-03   0.9999999747378752E-03   0.9999999747378752E-03   0.9999999747378752E-03   0.9999999747378752E-03   0.9999999747378752E-03   0.9999999747378752E-03   0.9999999747378752E-03   0.9999999747378752E-03   0.9999999747378752E-03   0.9999999747378752E-03   0.9999999747378752E-03   0.9999999747378752E-03   0.9999999747378752E-03   0.9999999747378752E-03   0.9999999747378752E-03   0.9999999747378752E-03   0.9999999747378752E-03   0.9999999747378752E-03   0.9999999747378752E-03   0.9999999747378752E-03   0.9999999747378752E-03   0.9999999747378752E-03   0.9999999747378752E-03   0.9999999747378752E-03   0.9999999747378752E-03   0.9999999747378752E-03   0.9999999747378752E-03   0.9999999747378752E-03   0.9999999747378752E-03   0.9999999747378752E-03   0.9999999747378752E-03   0.9999999747378752E-03   0.9999999747378752E-03   0.9999999747378752E-03   0.9999999747378752E-03   0.9999999747378752E-03   0.9999999747378752E-03   0.9999999747378752E-03   0.9999999747378752E-03   0.9999999747378752E-03   0.9999999747378752E-03   0.9999999747378752E-03
  0.9999999747378752E-03   0.9999999747378752E-03   0.9999999747378752E-03   0.9999999747378752E-03   0.9999999747378752E-03   0.9999999747378752E-03   0.9999999747378752E-03   0.9999999747378752E-03   0.9999999747378752E-03   0.9999999747378752E-03   0.9999999747378752E-03   0.9999999747378752E-03   0.9999999747378752E-03   0.9999999747378752E-03   0.9999999747378752E-03   0.9999999747378752E-03   0.9999999747378752E-03   0.9999999747378752E-03   0.9999999747378752E-03   0.9999999747378752E-03   0.9999999747378752E-03   0.9999999747378752E-03   0.9999999747378752E-03   0.9999999747378752E-03   0.9999999747378752E-03   0.9999999747378752E-03   0.9999999747378752E-03   0.9999999747378752E-03   0.9999999747378752E-03   0.9999999747378752E-03   0.9999999747378752E-03   0.9999999747378752E-03   0.9999999747378752E-03   0.9999999747378752E-03   0.9999999747378752E-03   0.9999999747378752E-03   0.9999999747378752E-03   0.9999999747378752E-03   0.9999999747378752E-03   0.9999999747378752E-03   0.9999999747378752E-03   0.9999999747378752E-03   0.9999999747378752E-03   0.9999999747378752E-03   0.9999999747378752E-03   0.9999999747378752E-03   0.9999999747378752E-03   0.9999999747378752E-03   0.9999999747378752E-03   0.9999999747378752E-03   0.9999999747378752E-03   0.9999999747378752E-03   0.9999999747378752E-03   0.9999999747378752E-03   0.9999999747378752E-03   0.9999999747378752E-03   0.9999999747378752E-03   0.9999999747378752E-03   0.9999999747378752E-03   0.9999999747378752E-03   0.9999999747378752E-03   0.9999999747378752E-03   0.9999999747378752E-03   0.9999999747378752E-03   0.9999999747378752E-03   0.9999999747378752E-03   0.9999999747378752E-03   0.9999999747378752E-03   0.9999999747378752E-03   0.9999999747378752E-03   0.9999999747378752E-03   0.9999999747378752E-03   0.9999999747378752E-03   0.9999999747378752E-03   0.9999999747378752E-03   0.9999999747378752E-03   0.9999999747378752E-03   0.9999999747378752E-03   0.9999999747378752E-03   0.9999999747378752E-03   0.9999999747378752E-03   0.9999999747378752E-03   0.9999999747378752E-03   0.9999999747378752E-03   0.9999999747378752E-03   0.9999999747378752E-03   0.9999999747378752E-03   0.9999999747378752E-03   0.9999999747378752E-03   0.9999999747378752E-03   0.9999999747378752E-03   0.9999999747378752E-03   0.9999999747378752E-03   0.9999999747378752E-03   0.9999999747378752E-03   0.9999999747378752E-03   0.9999999747378752E-03   0.9999999747378752E-03   0.9999999747378752E-03   0.9999999747378752E-03   0.9999999747378752E-03
  0.9999999747378752E-03   0.9999999747378752E-03   0.9999999747378752E-03   0.9999999747378752E-03   0.9999999747378752E-03   0.9999999747378752E-03   0.9999999747378752E-03   0.9999999747378752E-03   0.9999999747378752E-03   0.9999999747378752E-03   0.9999999747378752E-03   0.9999999747378752E-03   0.9999999747378752E-03   0.9999999747378752E-03   0.9999999747378752E-03   0.9999999747378752E-03   0.9999999747378752E-03   0.9999999747378752E-03   0.9999999747378752E-03   0.9999999747378752E-03   0.9999999747378752E-03   0.9999999747378752E-03   0.9999999747378752E-03   0.9999999747378752E-03   0.9999999747378752E-03   0.9999999747378752E-03   0.9999999747378752E-03   0.9999999747378752E-03   0.9999999747378752E-03   0.9999999747378752E-03   0.9999999747378752E-03   0.9999999747378752E-03   0.9999999747378752E-03   0.9999999747378752E-03   0.9999999747378752E-03   0.9999999747378752E-03   0.9999999747378752E-03   0.9999999747378752E-03   0.9999999747378752E-03   0.9999999747378752E-03   0.9999999747378752E-03   0.9999999747378752E-03   0.9999999747378752E-03   0.9999999747378752E-03   0.9999999747378752E-03   0.9999999747378752E-03   0.9999999747378752E-03   0.9999999747378752E-03   0.9999999747378752E-03   0.9999999747378752E-03   0.9999999747378752E-03   0.9999999747378752E-03   0.9999999747378752E-03   0.9999999747378752E-03   0.9999999747378752E-03   0.9999999747378752E-03   0.9999999747378752E-03   0.9999999747378752E-03   0.9999999747378752E-03   0.9999999747378752E-03   0.9999999747378752E-03   0.9999999747378752E-03   0.9999999747378752E-03   0.9999999747378752E-03   0.9999999747378752E-03   0.9999999747378752E-03   0.9999999747378752E-03   0.9999999747378752E-03   0.9999999747378752E-03   0.9999999747378752E-03   0.9999999747378752E-03   0.9999999747378752E-03   0.9999999747378752E-03   0.9999999747378752E-03   0.9999999747378752E-03   0.9999999747378752E-03   0.9999999747378752E-03   0.9999999747378752E-03   0.9999999747378752E-03   0.9999999747378752E-03   0.9999999747378752E-03   0.9999999747378752E-03   0.9999999747378752E-03   0.9999999747378752E-03   0.9999999747378752E-03   0.9999999747378752E-03   0.9999999747378752E-03   0.9999999747378752E-03   0.9999999747378752E-03   0.9999999747378752E-03   0.9999999747378752E-03   0.9999999747378752E-03   0.9999999747378752E-03   0.9999999747378752E-03   0.9999999747378752E-03   0.9999999747378752E-03   0.9999999747378752E-03   0.9999999747378752E-03   0.9999999747378752E-03   0.9999999747378752E-03   0.9999999747378752E-03
  0.9999999747378752E-03   0.9999999747378752E-03   0.9999999747378752E-03   0.9999999747378752E-03   0.9999999747378752E-03   0.9999999747378752E-03   0.9999999747378752E-03   0.9999999747378752E-03   0.9999999747378752E-03   0.9999999747378752E-03   0.9999999747378752E-03   0.9999999747378752E-03   0.9999999747378752E-03   0.9999999747378752E-03   0.9999999747378752E-03   0.9999999747378752E-03   0.9999999747378752E-03   0.9999999747378752E-03   0.9999999747378752E-03   0.9999999747378752E-03   0.9999999747378752E-03   0.9999999747378752E-03   0.9999999747378752E-03   0.9999999747378752E-03   0.9999999747378752E-03   0.9999999747378752E-03   0.9999999747378752E-03   0.9999999747378752E-03   0.9999999747378752E-03   0.9999999747378752E-03   0.9999999747378752E-03   0.9999999747378752E-03   0.9999999747378752E-03   0.9999999747378752E-03   0.9999999747378752E-03   0.9999999747378752E-03   0.9999999747378752E-03   0.9999999747378752E-03   0.9999999747378752E-03   0.9999999747378752E-03   0.9999999747378752E-03   0.9999999747378752E-03   0.9999999747378752E-03   0.9999999747378752E-03   0.9999999747378752E-03   0.9999999747378752E-03   0.9999999747378752E-03   0.9999999747378752E-03   0.9999999747378752E-03   0.9999999747378752E-03   0.9999999747378752E-03   0.9999999747378752E-03   0.9999999747378752E-03   0.9999999747378752E-03   0.9999999747378752E-03   0.9999999747378752E-03   0.9999999747378752E-03   0.9999999747378752E-03   0.9999999747378752E-03   0.9999999747378752E-03   0.9999999747378752E-03   0.9999999747378752E-03   0.9999999747378752E-03   0.9999999747378752E-03   0.9999999747378752E-03   0.9999999747378752E-03   0.9999999747378752E-03   0.9999999747378752E-03   0.9999999747378752E-03   0.9999999747378752E-03   0.9999999747378752E-03   0.9999999747378752E-03   0.9999999747378752E-03   0.9999999747378752E-03   0.9999999747378752E-03   0.9999999747378752E-03   0.9999999747378752E-03   0.9999999747378752E-03   0.9999999747378752E-03   0.9999999747378752E-03   0.9999999747378752E-03   0.9999999747378752E-03   0.9999999747378752E-03   0.9999999747378752E-03   0.9999999747378752E-03   0.9999999747378752E-03   0.9999999747378752E-03   0.9999999747378752E-03   0.9999999747378752E-03   0.9999999747378752E-03   0.9999999747378752E-03   0.9999999747378752E-03   0.9999999747378752E-03   0.9999999747378752E-03   0.9999999747378752E-03   0.9999999747378752E-03   0.9999999747378752E-03   0.9999999747378752E-03   0.9999999747378752E-03   0.9999999747378752E-03   0.9999999747378752E-03
  0.9999999747378752E-03   0.9999999747378752E-03   0.9999999747378752E-03   0.9999999747378752E-03   0.9999999747378752E-03   0.9999999747378752E-03   0.9999999747378752E-03   0.9999999747378752E-03   0.9999999747378752E-03   0.9999999747378752E-03   0.9999999747378752E-03   0.9999999747378752E-03   0.9999999747378752E-03   0.9999999747378752E-03   0.9999999747378752E-03   0.9999999747378752E-03   0.9999999747378752E-03   0.9999999747378752E-03   0.9999999747378752E-03   0.9999999747378752E-03   0.9999999747378752E-03   0.9999999747378752E-03   0.9999999747378752E-03   0.9999999747378752E-03   0.9999999747378752E-03   0.9999999747378752E-03   0.9999999747378752E-03   0.9999999747378752E-03   0.9999999747378752E-03   0.9999999747378752E-03   0.9999999747378752E-03   0.9999999747378752E-03   0.9999999747378752E-03   0.9999999747378752E-03   0.9999999747378752E-03   0.9999999747378752E-03   0.9999999747378752E-03   0.9999999747378752E-03   0.9999999747378752E-03   0.9999999747378752E-03   0.9999999747378752E-03   0.9999999747378752E-03   0.9999999747378752E-03   0.9999999747378752E-03   0.9999999747378752E-03   0.9999999747378752E-03   0.9999999747378752E-03   0.9999999747378752E-03   0.9999999747378752E-03   0.9999999747378752E-03   0.9999999747378752E-03   0.9999999747378752E-03   0.9999999747378752E-03   0.9999999747378752E-03   0.9999999747378752E-03   0.9999999747378752E-03   0.9999999747378752E-03   0.9999999747378752E-03   0.9999999747378752E-03   0.9999999747378752E-03   0.9999999747378752E-03   0.9999999747378752E-03   0.9999999747378752E-03   0.9999999747378752E-03   0.9999999747378752E-03   0.9999999747378752E-03   0.9999999747378752E-03   0.9999999747378752E-03   0.9999999747378752E-03   0.9999999747378752E-03   0.9999999747378752E-03   0.9999999747378752E-03   0.9999999747378752E-03   0.9999999747378752E-03   0.9999999747378752E-03   0.9999999747378752E-03   0.9999999747378752E-03   0.9999999747378752E-03   0.9999999747378752E-03   0.9999999747378752E-03   0.9999999747378752E-03   0.9999999747378752E-03   0.9999999747378752E-03   0.9999999747378752E-03   0.9999999747378752E-03   0.9999999747378752E-03   0.9999999747378752E-03   0.9999999747378752E-03   0.9999999747378752E-03   0.9999999747378752E-03   0.9999999747378752E-03   0.9999999747378752E-03   0.9999999747378752E-03   0.9999999747378752E-03   0.9999999747378752E-03   0.9999999747378752E-03   0.9999999747378752E-03   0.9999999747378752E-03   0.9999999747378752E-03   0.9999999747378752E-03   0.9999999747378752E-03
  0.9999999747378752E-03   0.9999999747378752E-03   0.9999999747378752E-03   0.9999999747378752E-03   0.9999999747378752E-03   0.9999999747378752E-03   0.9999999747378752E-03   0.9999999747378752E-03   0.9999999747378752E-03   0.9999999747378752E-03   0.9999999747378752E-03   0.9999999747378752E-03   0.9999999747378752E-03   0.9999999747378752E-03   0.9999999747378752E-03   0.9999999747378752E-03   0.9999999747378752E-03   0.9999999747378752E-03   0.9999999747378752E-03   0.9999999747378752E-03   0.9999999747378752E-03   0.9999999747378752E-03   0.9999999747378752E-03   0.9999999747378752E-03   0.9999999747378752E-03   0.9999999747378752E-03   0.9999999747378752E-03   0.9999999747378752E-03   0.9999999747378752E-03   0.9999999747378752E-03   0.9999999747378752E-03   0.9999999747378752E-03   0.9999999747378752E-03   0.9999999747378752E-03   0.9999999747378752E-03   0.9999999747378752E-03   0.9999999747378752E-03   0.9999999747378752E-03   0.9999999747378752E-03   0.9999999747378752E-03   0.9999999747378752E-03   0.9999999747378752E-03   0.9999999747378752E-03   0.9999999747378752E-03   0.9999999747378752E-03   0.9999999747378752E-03   0.9999999747378752E-03   0.9999999747378752E-03   0.9999999747378752E-03   0.9999999747378752E-03   0.9999999747378752E-03   0.9999999747378752E-03   0.9999999747378752E-03   0.9999999747378752E-03   0.9999999747378752E-03   0.9999999747378752E-03   0.9999999747378752E-03   0.9999999747378752E-03   0.9999999747378752E-03   0.9999999747378752E-03   0.9999999747378752E-03   0.9999999747378752E-03   0.9999999747378752E-03   0.9999999747378752E-03   0.9999999747378752E-03   0.9999999747378752E-03   0.9999999747378752E-03   0.9999999747378752E-03   0.9999999747378752E-03   0.9999999747378752E-03   0.9999999747378752E-03   0.9999999747378752E-03   0.9999999747378752E-03   0.9999999747378752E-03   0.9999999747378752E-03   0.9999999747378752E-03   0.9999999747378752E-03   0.9999999747378752E-03   0.9999999747378752E-03   0.9999999747378752E-03   0.9999999747378752E-03   0.9999999747378752E-03   0.9999999747378752E-03   0.9999999747378752E-03   0.9999999747378752E-03   0.9999999747378752E-03   0.9999999747378752E-03   0.9999999747378752E-03   0.9999999747378752E-03   0.9999999747378752E-03   0.9999999747378752E-03   0.9999999747378752E-03   0.9999999747378752E-03   0.9999999747378752E-03   0.9999999747378752E-03   0.9999999747378752E-03   0.9999999747378752E-03   0.9999999747378752E-03   0.9999999747378752E-03   0.9999999747378752E-03   0.9999999747378752E-03
  0.9999999747378752E-03   0.9999999747378752E-03   0.9999999747378752E-03   0.9999999747378752E-03   0.9999999747378752E-03   0.9999999747378752E-03   0.9999999747378752E-03   0.9999999747378752E-03   0.9999999747378752E-03   0.9999999747378752E-03   0.9999999747378752E-03   0.9999999747378752E-03   0.9999999747378752E-03   0.9999999747378752E-03   0.9999999747378752E-03   0.9999999747378752E-03   0.9999999747378752E-03   0.9999999747378752E-03   0.9999999747378752E-03   0.9999999747378752E-03   0.9999999747378752E-03   0.9999999747378752E-03   0.9999999747378752E-03   0.9999999747378752E-03   0.9999999747378752E-03   0.9999999747378752E-03   0.9999999747378752E-03   0.9999999747378752E-03   0.9999999747378752E-03   0.9999999747378752E-03   0.9999999747378752E-03   0.9999999747378752E-03   0.9999999747378752E-03   0.9999999747378752E-03   0.9999999747378752E-03   0.9999999747378752E-03   0.9999999747378752E-03   0.9999999747378752E-03   0.9999999747378752E-03   0.9999999747378752E-03   0.9999999747378752E-03   0.9999999747378752E-03   0.9999999747378752E-03   0.9999999747378752E-03   0.9999999747378752E-03   0.9999999747378752E-03   0.9999999747378752E-03   0.9999999747378752E-03   0.9999999747378752E-03   0.9999999747378752E-03   0.9999999747378752E-03   0.9999999747378752E-03   0.9999999747378752E-03   0.9999999747378752E-03   0.9999999747378752E-03   0.9999999747378752E-03   0.9999999747378752E-03   0.9999999747378752E-03   0.9999999747378752E-03   0.9999999747378752E-03   0.9999999747378752E-03   0.9999999747378752E-03   0.9999999747378752E-03   0.9999999747378752E-03   0.9999999747378752E-03   0.9999999747378752E-03   0.9999999747378752E-03   0.9999999747378752E-03   0.9999999747378752E-03   0.9999999747378752E-03   0.9999999747378752E-03   0.9999999747378752E-03   0.9999999747378752E-03   0.9999999747378752E-03   0.9999999747378752E-03   0.9999999747378752E-03   0.9999999747378752E-03   0.9999999747378752E-03   0.9999999747378752E-03   0.9999999747378752E-03   0.9999999747378752E-03   0.9999999747378752E-03   0.9999999747378752E-03   0.9999999747378752E-03   0.9999999747378752E-03   0.9999999747378752E-03   0.9999999747378752E-03   0.9999999747378752E-03   0.9999999747378752E-03   0.9999999747378752E-03   0.9999999747378752E-03   0.9999999747378752E-03   0.9999999747378752E-03   0.9999999747378752E-03   0.9999999747378752E-03   0.9999999747378752E-03   0.9999999747378752E-03   0.9999999747378752E-03   0.9999999747378752E-03   0.9999999747378752E-03   0.9999999747378752E-03
  0.9999999747378752E-03   0.9999999747378752E-03   0.9999999747378752E-03   0.9999999747378752E-03   0.9999999747378752E-03   0.9999999747378752E-03   0.9999999747378752E-03   0.9999999747378752E-03   0.9999999747378752E-03   0.9999999747378752E-03   0.9999999747378752E-03   0.9999999747378752E-03   0.9999999747378752E-03   0.9999999747378752E-03   0.9999999747378752E-03   0.9999999747378752E-03   0.9999999747378752E-03   0.9999999747378752E-03   0.9999999747378752E-03   0.9999999747378752E-03   0.9999999747378752E-03   0.9999999747378752E-03   0.9999999747378752E-03   0.9999999747378752E-03   0.9999999747378752E-03   0.9999999747378752E-03   0.9999999747378752E-03   0.9999999747378752E-03   0.9999999747378752E-03   0.9999999747378752E-03   0.9999999747378752E-03   0.9999999747378752E-03   0.9999999747378752E-03   0.9999999747378752E-03   0.9999999747378752E-03   0.9999999747378752E-03   0.9999999747378752E-03   0.9999999747378752E-03   0.9999999747378752E-03   0.9999999747378752E-03   0.9999999747378752E-03   0.9999999747378752E-03   0.9999999747378752E-03   0.9999999747378752E-03   0.9999999747378752E-03   0.9999999747378752E-03   0.9999999747378752E-03   0.9999999747378752E-03   0.9999999747378752E-03   0.9999999747378752E-03   0.9999999747378752E-03   0.9999999747378752E-03   0.9999999747378752E-03   0.9999999747378752E-03   0.9999999747378752E-03   0.9999999747378752E-03   0.9999999747378752E-03   0.9999999747378752E-03   0.9999999747378752E-03   0.9999999747378752E-03   0.9999999747378752E-03   0.9999999747378752E-03   0.9999999747378752E-03   0.9999999747378752E-03   0.9999999747378752E-03   0.9999999747378752E-03   0.9999999747378752E-03   0.9999999747378752E-03   0.9999999747378752E-03   0.9999999747378752E-03   0.9999999747378752E-03   0.9999999747378752E-03   0.9999999747378752E-03   0.9999999747378752E-03   0.9999999747378752E-03   0.9999999747378752E-03   0.9999999747378752E-03   0.9999999747378752E-03   0.9999999747378752E-03   0.9999999747378752E-03   0.9999999747378752E-03   0.9999999747378752E-03   0.9999999747378752E-03   0.9999999747378752E-03   0.9999999747378752E-03   0.9999999747378752E-03   0.9999999747378752E-03   0.9999999747378752E-03   0.9999999747378752E-03   0.9999999747378752E-03   0.9999999747378752E-03   0.9999999747378752E-03   0.9999999747378752E-03   0.9999999747378752E-03   0.9999999747378752E-03   0.9999999747378752E-03   0.9999999747378752E-03   0.9999999747378752E-03   0.9999999747378752E-03   0.9999999747378752E-03   0.9999999747378752E-03
  0.9999999747378752E-03   0.9999999747378752E-03   0.9999999747378752E-03   0.9999999747378752E-03   0.9999999747378752E-03   0.9999999747378752E-03   0.9999999747378752E-03   0.9999999747378752E-03   0.9999999747378752E-03   0.9999999747378752E-03   0.9999999747378752E-03   0.9999999747378752E-03   0.9999999747378752E-03   0.9999999747378752E-03   0.9999999747378752E-03   0.9999999747378752E-03   0.9999999747378752E-03   0.9999999747378752E-03   0.9999999747378752E-03   0.9999999747378752E-03   0.9999999747378752E-03   0.9999999747378752E-03   0.9999999747378752E-03   0.9999999747378752E-03   0.9999999747378752E-03   0.9999999747378752E-03   0.9999999747378752E-03   0.9999999747378752E-03   0.9999999747378752E-03   0.9999999747378752E-03   0.9999999747378752E-03   0.9999999747378752E-03   0.9999999747378752E-03   0.9999999747378752E-03   0.9999999747378752E-03   0.9999999747378752E-03   0.9999999747378752E-03   0.9999999747378752E-03   0.9999999747378752E-03   0.9999999747378752E-03   0.9999999747378752E-03   0.9999999747378752E-03   0.9999999747378752E-03   0.9999999747378752E-03   0.9999999747378752E-03   0.9999999747378752E-03   0.9999999747378752E-03   0.9999999747378752E-03   0.9999999747378752E-03   0.9999999747378752E-03   0.9999999747378752E-03   0.9999999747378752E-03   0.9999999747378752E-03   0.9999999747378752E-03   0.9999999747378752E-03   0.9999999747378752E-03   0.9999999747378752E-03   0.9999999747378752E-03   0.9999999747378752E-03   0.9999999747378752E-03   0.9999999747378752E-03   0.9999999747378752E-03   0.9999999747378752E-03   0.9999999747378752E-03   0.9999999747378752E-03   0.9999999747378752E-03   0.9999999747378752E-03   0.9999999747378752E-03   0.9999999747378752E-03   0.9999999747378752E-03   0.9999999747378752E-03   0.9999999747378752E-03   0.9999999747378752E-03   0.9999999747378752E-03   0.9999999747378752E-03   0.9999999747378752E-03   0.9999999747378752E-03   0.9999999747378752E-03   0.9999999747378752E-03   0.9999999747378752E-03   0.9999999747378752E-03   0.9999999747378752E-03   0.9999999747378752E-03   0.9999999747378752E-03   0.9999999747378752E-03   0.9999999747378752E-03   0.9999999747378752E-03   0.9999999747378752E-03   0.9999999747378752E-03   0.9999999747378752E-03   0.9999999747378752E-03   0.9999999747378752E-03   0.9999999747378752E-03   0.9999999747378752E-03   0.9999999747378752E-03   0.9999999747378752E-03   0.9999999747378752E-03   0.9999999747378752E-03   0.9999999747378752E-03   0.9999999747378752E-03   0.9999999747378752E-03
  0.9999999747378752E-03   0.9999999747378752E-03   0.9999999747378752E-03   0.9999999747378752E-03   0.9999999747378752E-03   0.9999999747378752E-03   0.9999999747378752E-03   0.9999999747378752E-03   0.9999999747378752E-03   0.9999999747378752E-03   0.9999999747378752E-03   0.9999999747378752E-03   0.9999999747378752E-03   0.9999999747378752E-03   0.9999999747378752E-03   0.9999999747378752E-03   0.9999999747378752E-03   0.9999999747378752E-03   0.9999999747378752E-03   0.9999999747378752E-03   0.9999999747378752E-03   0.9999999747378752E-03   0.9999999747378752E-03   0.9999999747378752E-03   0.9999999747378752E-03   0.9999999747378752E-03   0.9999999747378752E-03   0.9999999747378752E-03   0.9999999747378752E-03   0.9999999747378752E-03   0.9999999747378752E-03   0.9999999747378752E-03   0.9999999747378752E-03   0.9999999747378752E-03   0.9999999747378752E-03   0.9999999747378752E-03   0.9999999747378752E-03   0.9999999747378752E-03   0.9999999747378752E-03   0.9999999747378752E-03   0.9999999747378752E-03   0.9999999747378752E-03   0.9999999747378752E-03   0.9999999747378752E-03   0.9999999747378752E-03   0.9999999747378752E-03   0.9999999747378752E-03   0.9999999747378752E-03   0.9999999747378752E-03   0.9999999747378752E-03   0.9999999747378752E-03   0.9999999747378752E-03   0.9999999747378752E-03   0.9999999747378752E-03   0.9999999747378752E-03   0.9999999747378752E-03   0.9999999747378752E-03   0.9999999747378752E-03   0.9999999747378752E-03   0.9999999747378752E-03   0.9999999747378752E-03   0.9999999747378752E-03   0.9999999747378752E-03   0.9999999747378752E-03   0.9999999747378752E-03   0.9999999747378752E-03   0.9999999747378752E-03   0.9999999747378752E-03   0.9999999747378752E-03   0.9999999747378752E-03   0.9999999747378752E-03   0.9999999747378752E-03   0.9999999747378752E-03   0.9999999747378752E-03   0.9999999747378752E-03   0.9999999747378752E-03   0.9999999747378752E-03   0.9999999747378752E-03   0.9999999747378752E-03   0.9999999747378752E-03   0.9999999747378752E-03   0.9999999747378752E-03   0.9999999747378752E-03   0.9999999747378752E-03   0.9999999747378752E-03   0.9999999747378752E-03   0.9999999747378752E-03   0.9999999747378752E-03   0.9999999747378752E-03   0.9999999747378752E-03   0.9999999747378752E-03   0.9999999747378752E-03   0.9999999747378752E-03   0.9999999747378752E-03   0.9999999747378752E-03   0.9999999747378752E-03   0.9999999747378752E-03   0.9999999747378752E-03   0.9999999747378752E-03   0.9999999747378752E-03   0.9999999747378752E-03
  0.9999999747378752E-03   0.9999999747378752E-03   0.9999999747378752E-03   0.9999999747378752E-03   0.9999999747378752E-03   0.9999999747378752E-03   0.9999999747378752E-03   0.9999999747378752E-03   0.9999999747378752E-03   0.9999999747378752E-03   0.9999999747378752E-03   0.9999999747378752E-03   0.9999999747378752E-03   0.9999999747378752E-03   0.9999999747378752E-03   0.9999999747378752E-03   0.9999999747378752E-03   0.9999999747378752E-03   0.9999999747378752E-03   0.9999999747378752E-03   0.9999999747378752E-03   0.9999999747378752E-03   0.9999999747378752E-03   0.9999999747378752E-03   0.9999999747378752E-03   0.9999999747378752E-03   0.9999999747378752E-03   0.9999999747378752E-03   0.9999999747378752E-03   0.9999999747378752E-03   0.9999999747378752E-03   0.9999999747378752E-03   0.9999999747378752E-03   0.9999999747378752E-03   0.9999999747378752E-03   0.9999999747378752E-03   0.9999999747378752E-03   0.9999999747378752E-03   0.9999999747378752E-03   0.9999999747378752E-03   0.9999999747378752E-03   0.9999999747378752E-03   0.9999999747378752E-03   0.9999999747378752E-03   0.9999999747378752E-03   0.9999999747378752E-03   0.9999999747378752E-03   0.9999999747378752E-03   0.9999999747378752E-03   0.9999999747378752E-03   0.9999999747378752E-03   0.9999999747378752E-03   0.9999999747378752E-03   0.9999999747378752E-03   0.9999999747378752E-03   0.9999999747378752E-03   0.9999999747378752E-03   0.9999999747378752E-03   0.9999999747378752E-03   0.9999999747378752E-03   0.9999999747378752E-03   0.9999999747378752E-03   0.9999999747378752E-03   0.9999999747378752E-03   0.9999999747378752E-03   0.9999999747378752E-03   0.9999999747378752E-03   0.9999999747378752E-03   0.9999999747378752E-03   0.9999999747378752E-03   0.9999999747378752E-03   0.9999999747378752E-03   0.9999999747378752E-03   0.9999999747378752E-03   0.9999999747378752E-03   0.9999999747378752E-03   0.9999999747378752E-03   0.9999999747378752E-03   0.9999999747378752E-03   0.9999999747378752E-03   0.9999999747378752E-03   0.9999999747378752E-03   0.9999999747378752E-03   0.9999999747378752E-03   0.9999999747378752E-03   0.9999999747378752E-03   0.9999999747378752E-03   0.9999999747378752E-03   0.9999999747378752E-03   0.9999999747378752E-03   0.9999999747378752E-03   0.9999999747378752E-03   0.9999999747378752E-03   0.9999999747378752E-03   0.9999999747378752E-03   0.9999999747378752E-03   0.9999999747378752E-03   0.9999999747378752E-03   0.9999999747378752E-03   0.9999999747378752E-03   0.9999999747378752E-03
  0.9999999747378752E-03   0.9999999747378752E-03   0.9999999747378752E-03   0.9999999747378752E-03   0.9999999747378752E-03   0.9999999747378752E-03   0.9999999747378752E-03   0.9999999747378752E-03   0.9999999747378752E-03   0.9999999747378752E-03   0.9999999747378752E-03   0.9999999747378752E-03   0.9999999747378752E-03   0.9999999747378752E-03   0.9999999747378752E-03   0.9999999747378752E-03   0.9999999747378752E-03   0.9999999747378752E-03   0.9999999747378752E-03   0.9999999747378752E-03   0.9999999747378752E-03   0.9999999747378752E-03   0.9999999747378752E-03   0.9999999747378752E-03   0.9999999747378752E-03   0.9999999747378752E-03   0.9999999747378752E-03   0.9999999747378752E-03   0.9999999747378752E-03   0.9999999747378752E-03   0.9999999747378752E-03   0.9999999747378752E-03   0.9999999747378752E-03   0.9999999747378752E-03   0.9999999747378752E-03   0.9999999747378752E-03   0.9999999747378752E-03   0.9999999747378752E-03   0.9999999747378752E-03   0.9999999747378752E-03   0.9999999747378752E-03   0.9999999747378752E-03   0.9999999747378752E-03   0.9999999747378752E-03   0.9999999747378752E-03   0.9999999747378752E-03   0.9999999747378752E-03   0.9999999747378752E-03   0.9999999747378752E-03   0.9999999747378752E-03   0.9999999747378752E-03   0.9999999747378752E-03   0.9999999747378752E-03   0.9999999747378752E-03   0.9999999747378752E-03   0.9999999747378752E-03   0.9999999747378752E-03   0.9999999747378752E-03   0.9999999747378752E-03   0.9999999747378752E-03   0.9999999747378752E-03   0.9999999747378752E-03   0.9999999747378752E-03   0.9999999747378752E-03   0.9999999747378752E-03   0.9999999747378752E-03   0.9999999747378752E-03   0.9999999747378752E-03   0.9999999747378752E-03   0.9999999747378752E-03   0.9999999747378752E-03   0.9999999747378752E-03   0.9999999747378752E-03   0.9999999747378752E-03   0.9999999747378752E-03   0.9999999747378752E-03   0.9999999747378752E-03   0.9999999747378752E-03   0.9999999747378752E-03   0.9999999747378752E-03   0.9999999747378752E-03   0.9999999747378752E-03   0.9999999747378752E-03   0.9999999747378752E-03   0.9999999747378752E-03   0.9999999747378752E-03   0.9999999747378752E-03   0.9999999747378752E-03   0.9999999747378752E-03   0.9999999747378752E-03   0.9999999747378752E-03   0.9999999747378752E-03   0.9999999747378752E-03   0.9999999747378752E-03   0.9999999747378752E-03   0.9999999747378752E-03   0.9999999747378752E-03   0.9999999747378752E-03   0.9999999747378752E-03   0.9999999747378752E-03   0.9999999747378752E-03
  0.9999999747378752E-03   0.9999999747378752E-03   0.9999999747378752E-03   0.9999999747378752E-03   0.9999999747378752E-03   0.9999999747378752E-03   0.9999999747378752E-03   0.9999999747378752E-03   0.9999999747378752E-03   0.9999999747378752E-03   0.9999999747378752E-03   0.9999999747378752E-03   0.9999999747378752E-03   0.9999999747378752E-03   0.9999999747378752E-03   0.9999999747378752E-03   0.9999999747378752E-03   0.9999999747378752E-03   0.9999999747378752E-03   0.9999999747378752E-03   0.9999999747378752E-03   0.9999999747378752E-03   0.9999999747378752E-03   0.9999999747378752E-03   0.9999999747378752E-03   0.9999999747378752E-03   0.9999999747378752E-03   0.9999999747378752E-03   0.9999999747378752E-03   0.9999999747378752E-03   0.9999999747378752E-03   0.9999999747378752E-03   0.9999999747378752E-03   0.9999999747378752E-03   0.9999999747378752E-03   0.9999999747378752E-03   0.9999999747378752E-03   0.9999999747378752E-03   0.9999999747378752E-03   0.9999999747378752E-03   0.9999999747378752E-03   0.9999999747378752E-03   0.9999999747378752E-03   0.9999999747378752E-03   0.9999999747378752E-03   0.9999999747378752E-03   0.9999999747378752E-03   0.9999999747378752E-03   0.9999999747378752E-03   0.9999999747378752E-03   0.9999999747378752E-03   0.9999999747378752E-03   0.9999999747378752E-03   0.9999999747378752E-03   0.9999999747378752E-03   0.9999999747378752E-03   0.9999999747378752E-03   0.9999999747378752E-03   0.9999999747378752E-03   0.9999999747378752E-03   0.9999999747378752E-03   0.9999999747378752E-03   0.9999999747378752E-03   0.9999999747378752E-03   0.9999999747378752E-03   0.9999999747378752E-03   0.9999999747378752E-03   0.9999999747378752E-03   0.9999999747378752E-03   0.9999999747378752E-03   0.9999999747378752E-03   0.9999999747378752E-03   0.9999999747378752E-03   0.9999999747378752E-03   0.9999999747378752E-03   0.9999999747378752E-03   0.9999999747378752E-03   0.9999999747378752E-03   0.9999999747378752E-03   0.9999999747378752E-03   0.9999999747378752E-03   0.9999999747378752E-03   0.9999999747378752E-03   0.9999999747378752E-03   0.9999999747378752E-03   0.9999999747378752E-03   0.9999999747378752E-03   0.9999999747378752E-03   0.9999999747378752E-03   0.9999999747378752E-03   0.9999999747378752E-03   0.9999999747378752E-03   0.9999999747378752E-03   0.9999999747378752E-03   0.9999999747378752E-03   0.9999999747378752E-03   0.9999999747378752E-03   0.9999999747378752E-03   0.9999999747378752E-03   0.9999999747378752E-03   0.9999999747378752E-03
  0.9999999747378752E-03   0.9999999747378752E-03   0.9999999747378752E-03   0.9999999747378752E-03   0.9999999747378752E-03   0.9999999747378752E-03   0.9999999747378752E-03   0.9999999747378752E-03   0.9999999747378752E-03   0.9999999747378752E-03   0.9999999747378752E-03   0.9999999747378752E-03   0.9999999747378752E-03   0.9999999747378752E-03   0.9999999747378752E-03   0.9999999747378752E-03   0.9999999747378752E-03   0.9999999747378752E-03   0.9999999747378752E-03   0.9999999747378752E-03   0.9999999747378752E-03   0.9999999747378752E-03   0.9999999747378752E-03   0.9999999747378752E-03   0.9999999747378752E-03   0.9999999747378752E-03   0.9999999747378752E-03   0.9999999747378752E-03   0.9999999747378752E-03   0.9999999747378752E-03   0.9999999747378752E-03   0.9999999747378752E-03   0.9999999747378752E-03   0.9999999747378752E-03   0.9999999747378752E-03   0.9999999747378752E-03   0.9999999747378752E-03   0.9999999747378752E-03   0.9999999747378752E-03   0.9999999747378752E-03   0.9999999747378752E-03   0.9999999747378752E-03   0.9999999747378752E-03   0.9999999747378752E-03   0.9999999747378752E-03   0.9999999747378752E-03   0.9999999747378752E-03   0.9999999747378752E-03   0.9999999747378752E-03   0.9999999747378752E-03   0.9999999747378752E-03   0.9999999747378752E-03   0.9999999747378752E-03   0.9999999747378752E-03   0.9999999747378752E-03   0.9999999747378752E-03   0.9999999747378752E-03   0.9999999747378752E-03   0.9999999747378752E-03   0.9999999747378752E-03   0.9999999747378752E-03   0.9999999747378752E-03   0.9999999747378752E-03   0.9999999747378752E-03   0.9999999747378752E-03   0.9999999747378752E-03   0.9999999747378752E-03   0.9999999747378752E-03   0.9999999747378752E-03   0.9999999747378752E-03   0.9999999747378752E-03   0.9999999747378752E-03   0.9999999747378752E-03   0.9999999747378752E-03   0.9999999747378752E-03   0.9999999747378752E-03   0.9999999747378752E-03   0.9999999747378752E-03   0.9999999747378752E-03   0.9999999747378752E-03   0.9999999747378752E-03   0.9999999747378752E-03   0.9999999747378752E-03   0.9999999747378752E-03   0.9999999747378752E-03   0.9999999747378752E-03   0.9999999747378752E-03   0.9999999747378752E-03   0.9999999747378752E-03   0.9999999747378752E-03   0.9999999747378752E-03   0.9999999747378752E-03   0.9999999747378752E-03   0.9999999747378752E-03   0.9999999747378752E-03   0.9999999747378752E-03   0.9999999747378752E-03   0.9999999747378752E-03   0.9999999747378752E-03   0.9999999747378752E-03   0.9999999747378752E-03
  0.9999999747378752E-03   0.9999999747378752E-03   0.9999999747378752E-03   0.9999999747378752E-03   0.9999999747378752E-03   0.9999999747378752E-03   0.9999999747378752E-03   0.9999999747378752E-03   0.9999999747378752E-03   0.9999999747378752E-03   0.9999999747378752E-03   0.9999999747378752E-03   0.9999999747378752E-03   0.9999999747378752E-03   0.9999999747378752E-03   0.9999999747378752E-03   0.9999999747378752E-03   0.9999999747378752E-03   0.9999999747378752E-03   0.9999999747378752E-03   0.9999999747378752E-03   0.9999999747378752E-03   0.9999999747378752E-03   0.9999999747378752E-03   0.9999999747378752E-03   0.9999999747378752E-03   0.9999999747378752E-03   0.9999999747378752E-03   0.9999999747378752E-03   0.9999999747378752E-03   0.9999999747378752E-03   0.9999999747378752E-03   0.9999999747378752E-03   0.9999999747378752E-03   0.9999999747378752E-03   0.9999999747378752E-03   0.9999999747378752E-03   0.9999999747378752E-03   0.9999999747378752E-03   0.9999999747378752E-03   0.9999999747378752E-03   0.9999999747378752E-03   0.9999999747378752E-03   0.9999999747378752E-03   0.9999999747378752E-03   0.9999999747378752E-03   0.9999999747378752E-03   0.9999999747378752E-03   0.9999999747378752E-03   0.9999999747378752E-03   0.9999999747378752E-03   0.9999999747378752E-03   0.9999999747378752E-03   0.9999999747378752E-03   0.9999999747378752E-03   0.9999999747378752E-03   0.9999999747378752E-03   0.9999999747378752E-03   0.9999999747378752E-03   0.9999999747378752E-03   0.9999999747378752E-03   0.9999999747378752E-03   0.9999999747378752E-03   0.9999999747378752E-03   0.9999999747378752E-03   0.9999999747378752E-03   0.9999999747378752E-03   0.9999999747378752E-03   0.9999999747378752E-03   0.9999999747378752E-03   0.9999999747378752E-03   0.9999999747378752E-03   0.9999999747378752E-03   0.9999999747378752E-03   0.9999999747378752E-03   0.9999999747378752E-03   0.9999999747378752E-03   0.9999999747378752E-03   0.9999999747378752E-03   0.9999999747378752E-03   0.9999999747378752E-03   0.9999999747378752E-03   0.9999999747378752E-03   0.9999999747378752E-03   0.9999999747378752E-03   0.9999999747378752E-03   0.9999999747378752E-03   0.9999999747378752E-03   0.9999999747378752E-03   0.9999999747378752E-03   0.9999999747378752E-03   0.9999999747378752E-03   0.9999999747378752E-03   0.9999999747378752E-03   0.9999999747378752E-03   0.9999999747378752E-03   0.9999999747378752E-03   0.9999999747378752E-03   0.9999999747378752E-03   0.9999999747378752E-03   0.9999999747378752E-03
  0.9999999747378752E-03   0.9999999747378752E-03   0.9999999747378752E-03   0.9999999747378752E-03   0.9999999747378752E-03   0.9999999747378752E-03   0.9999999747378752E-03   0.9999999747378752E-03   0.9999999747378752E-03   0.9999999747378752E-03   0.9999999747378752E-03   0.9999999747378752E-03   0.9999999747378752E-03   0.9999999747378752E-03   0.9999999747378752E-03   0.9999999747378752E-03   0.9999999747378752E-03   0.9999999747378752E-03   0.9999999747378752E-03   0.9999999747378752E-03   0.9999999747378752E-03   0.9999999747378752E-03   0.9999999747378752E-03   0.9999999747378752E-03   0.9999999747378752E-03   0.9999999747378752E-03   0.9999999747378752E-03   0.9999999747378752E-03   0.9999999747378752E-03   0.9999999747378752E-03   0.9999999747378752E-03   0.9999999747378752E-03   0.9999999747378752E-03   0.9999999747378752E-03   0.9999999747378752E-03   0.9999999747378752E-03   0.9999999747378752E-03   0.9999999747378752E-03   0.9999999747378752E-03   0.9999999747378752E-03   0.9999999747378752E-03   0.9999999747378752E-03   0.9999999747378752E-03   0.9999999747378752E-03   0.9999999747378752E-03   0.9999999747378752E-03   0.9999999747378752E-03   0.9999999747378752E-03   0.9999999747378752E-03   0.9999999747378752E-03   0.9999999747378752E-03   0.9999999747378752E-03   0.9999999747378752E-03   0.9999999747378752E-03   0.9999999747378752E-03   0.9999999747378752E-03   0.9999999747378752E-03   0.9999999747378752E-03   0.9999999747378752E-03   0.9999999747378752E-03   0.9999999747378752E-03   0.9999999747378752E-03   0.9999999747378752E-03   0.9999999747378752E-03   0.9999999747378752E-03   0.9999999747378752E-03   0.9999999747378752E-03   0.9999999747378752E-03   0.9999999747378752E-03   0.9999999747378752E-03   0.9999999747378752E-03   0.9999999747378752E-03   0.9999999747378752E-03   0.9999999747378752E-03   0.9999999747378752E-03   0.9999999747378752E-03   0.9999999747378752E-03   0.9999999747378752E-03   0.9999999747378752E-03   0.9999999747378752E-03   0.9999999747378752E-03   0.9999999747378752E-03   0.9999999747378752E-03   0.9999999747378752E-03   0.9999999747378752E-03   0.9999999747378752E-03   0.9999999747378752E-03   0.9999999747378752E-03   0.9999999747378752E-03   0.9999999747378752E-03   0.9999999747378752E-03   0.9999999747378752E-03   0.9999999747378752E-03   0.9999999747378752E-03   0.9999999747378752E-03   0.9999999747378752E-03   0.9999999747378752E-03   0.9999999747378752E-03   0.9999999747378752E-03   0.9999999747378752E-03   0.9999999747378752E-03
  0.9999999747378752E-03   0.9999999747378752E-03   0.9999999747378752E-03   0.9999999747378752E-03   0.9999999747378752E-03   0.9999999747378752E-03   0.9999999747378752E-03   0.9999999747378752E-03   0.9999999747378752E-03   0.9999999747378752E-03   0.9999999747378752E-03   0.9999999747378752E-03   0.9999999747378752E-03   0.9999999747378752E-03   0.9999999747378752E-03   0.9999999747378752E-03   0.9999999747378752E-03   0.9999999747378752E-03   0.9999999747378752E-03   0.9999999747378752E-03   0.9999999747378752E-03   0.9999999747378752E-03   0.9999999747378752E-03   0.9999999747378752E-03   0.9999999747378752E-03   0.9999999747378752E-03   0.9999999747378752E-03   0.9999999747378752E-03   0.9999999747378752E-03   0.9999999747378752E-03   0.9999999747378752E-03   0.9999999747378752E-03   0.9999999747378752E-03   0.9999999747378752E-03   0.9999999747378752E-03   0.9999999747378752E-03   0.9999999747378752E-03   0.9999999747378752E-03   0.9999999747378752E-03   0.9999999747378752E-03   0.9999999747378752E-03   0.9999999747378752E-03   0.9999999747378752E-03   0.9999999747378752E-03   0.9999999747378752E-03   0.9999999747378752E-03   0.9999999747378752E-03   0.9999999747378752E-03   0.9999999747378752E-03   0.9999999747378752E-03   0.9999999747378752E-03   0.9999999747378752E-03   0.9999999747378752E-03   0.9999999747378752E-03   0.9999999747378752E-03   0.9999999747378752E-03   0.9999999747378752E-03   0.9999999747378752E-03   0.9999999747378752E-03   0.9999999747378752E-03   0.9999999747378752E-03   0.9999999747378752E-03   0.9999999747378752E-03   0.9999999747378752E-03   0.9999999747378752E-03   0.9999999747378752E-03   0.9999999747378752E-03   0.9999999747378752E-03   0.9999999747378752E-03   0.9999999747378752E-03   0.9999999747378752E-03   0.9999999747378752E-03   0.9999999747378752E-03   0.9999999747378752E-03   0.9999999747378752E-03   0.9999999747378752E-03   0.9999999747378752E-03   0.9999999747378752E-03   0.9999999747378752E-03   0.9999999747378752E-03   0.9999999747378752E-03   0.9999999747378752E-03   0.9999999747378752E-03   0.9999999747378752E-03   0.9999999747378752E-03   0.9999999747378752E-03   0.9999999747378752E-03   0.9999999747378752E-03   0.9999999747378752E-03   0.9999999747378752E-03   0.9999999747378752E-03   0.9999999747378752E-03   0.9999999747378752E-03   0.9999999747378752E-03   0.9999999747378752E-03   0.9999999747378752E-03   0.9999999747378752E-03   0.9999999747378752E-03   0.9999999747378752E-03   0.9999999747378752E-03   0.9999999747378752E-03
  0.9999999747378752E-03   0.9999999747378752E-03   0.9999999747378752E-03   0.9999999747378752E-03   0.9999999747378752E-03   0.9999999747378752E-03   0.9999999747378752E-03   0.9999999747378752E-03   0.9999999747378752E-03   0.9999999747378752E-03   0.9999999747378752E-03   0.9999999747378752E-03   0.9999999747378752E-03   0.9999999747378752E-03   0.9999999747378752E-03   0.9999999747378752E-03   0.9999999747378752E-03   0.9999999747378752E-03   0.9999999747378752E-03   0.9999999747378752E-03   0.9999999747378752E-03   0.9999999747378752E-03   0.9999999747378752E-03   0.9999999747378752E-03   0.9999999747378752E-03   0.9999999747378752E-03   0.9999999747378752E-03   0.9999999747378752E-03   0.9999999747378752E-03   0.9999999747378752E-03   0.9999999747378752E-03   0.9999999747378752E-03   0.9999999747378752E-03   0.9999999747378752E-03   0.9999999747378752E-03   0.9999999747378752E-03   0.9999999747378752E-03   0.9999999747378752E-03   0.9999999747378752E-03   0.9999999747378752E-03   0.9999999747378752E-03   0.9999999747378752E-03   0.9999999747378752E-03   0.9999999747378752E-03   0.9999999747378752E-03   0.9999999747378752E-03   0.9999999747378752E-03   0.9999999747378752E-03   0.9999999747378752E-03   0.9999999747378752E-03   0.9999999747378752E-03   0.9999999747378752E-03   0.9999999747378752E-03   0.9999999747378752E-03   0.9999999747378752E-03   0.9999999747378752E-03   0.9999999747378752E-03   0.9999999747378752E-03   0.9999999747378752E-03   0.9999999747378752E-03   0.9999999747378752E-03   0.9999999747378752E-03   0.9999999747378752E-03   0.9999999747378752E-03   0.9999999747378752E-03   0.9999999747378752E-03   0.9999999747378752E-03   0.9999999747378752E-03   0.9999999747378752E-03   0.9999999747378752E-03   0.9999999747378752E-03   0.9999999747378752E-03   0.9999999747378752E-03   0.9999999747378752E-03   0.9999999747378752E-03   0.9999999747378752E-03   0.9999999747378752E-03   0.9999999747378752E-03   0.9999999747378752E-03   0.9999999747378752E-03   0.9999999747378752E-03   0.9999999747378752E-03   0.9999999747378752E-03   0.9999999747378752E-03   0.9999999747378752E-03   0.9999999747378752E-03   0.9999999747378752E-03   0.9999999747378752E-03   0.9999999747378752E-03   0.9999999747378752E-03   0.9999999747378752E-03   0.9999999747378752E-03   0.9999999747378752E-03   0.9999999747378752E-03   0.9999999747378752E-03   0.9999999747378752E-03   0.9999999747378752E-03   0.9999999747378752E-03   0.9999999747378752E-03   0.9999999747378752E-03   0.9999999747378752E-03
  0.9999999747378752E-03   0.9999999747378752E-03   0.9999999747378752E-03   0.9999999747378752E-03   0.9999999747378752E-03   0.9999999747378752E-03   0.9999999747378752E-03   0.9999999747378752E-03   0.9999999747378752E-03   0.9999999747378752E-03   0.9999999747378752E-03   0.9999999747378752E-03   0.9999999747378752E-03   0.9999999747378752E-03   0.9999999747378752E-03   0.9999999747378752E-03   0.9999999747378752E-03   0.9999999747378752E-03   0.9999999747378752E-03   0.9999999747378752E-03   0.9999999747378752E-03   0.9999999747378752E-03   0.9999999747378752E-03   0.9999999747378752E-03   0.9999999747378752E-03   0.9999999747378752E-03   0.9999999747378752E-03   0.9999999747378752E-03   0.9999999747378752E-03   0.9999999747378752E-03   0.9999999747378752E-03   0.9999999747378752E-03   0.9999999747378752E-03   0.9999999747378752E-03   0.9999999747378752E-03   0.9999999747378752E-03   0.9999999747378752E-03   0.9999999747378752E-03   0.9999999747378752E-03   0.9999999747378752E-03   0.9999999747378752E-03   0.9999999747378752E-03   0.9999999747378752E-03   0.9999999747378752E-03   0.9999999747378752E-03   0.9999999747378752E-03   0.9999999747378752E-03   0.9999999747378752E-03   0.9999999747378752E-03   0.9999999747378752E-03   0.9999999747378752E-03   0.9999999747378752E-03   0.9999999747378752E-03   0.9999999747378752E-03   0.9999999747378752E-03   0.9999999747378752E-03   0.9999999747378752E-03   0.9999999747378752E-03   0.9999999747378752E-03   0.9999999747378752E-03   0.9999999747378752E-03   0.9999999747378752E-03   0.9999999747378752E-03   0.9999999747378752E-03   0.9999999747378752E-03   0.9999999747378752E-03   0.9999999747378752E-03   0.9999999747378752E-03   0.9999999747378752E-03   0.9999999747378752E-03   0.9999999747378752E-03   0.9999999747378752E-03   0.9999999747378752E-03   0.9999999747378752E-03   0.9999999747378752E-03   0.9999999747378752E-03   0.9999999747378752E-03   0.9999999747378752E-03   0.9999999747378752E-03   0.9999999747378752E-03   0.9999999747378752E-03   0.9999999747378752E-03   0.9999999747378752E-03   0.9999999747378752E-03   0.9999999747378752E-03   0.9999999747378752E-03   0.9999999747378752E-03   0.9999999747378752E-03   0.9999999747378752E-03   0.9999999747378752E-03   0.9999999747378752E-03   0.9999999747378752E-03   0.9999999747378752E-03   0.9999999747378752E-03   0.9999999747378752E-03   0.9999999747378752E-03   0.9999999747378752E-03   0.9999999747378752E-03   0.9999999747378752E-03   0.9999999747378752E-03   0.9999999747378752E-03
  0.9999999747378752E-03   0.9999999747378752E-03   0.9999999747378752E-03   0.9999999747378752E-03   0.9999999747378752E-03   0.9999999747378752E-03   0.9999999747378752E-03   0.9999999747378752E-03   0.9999999747378752E-03   0.9999999747378752E-03   0.9999999747378752E-03   0.9999999747378752E-03   0.9999999747378752E-03   0.9999999747378752E-03   0.9999999747378752E-03   0.9999999747378752E-03   0.9999999747378752E-03   0.9999999747378752E-03   0.9999999747378752E-03   0.9999999747378752E-03   0.9999999747378752E-03   0.9999999747378752E-03   0.9999999747378752E-03   0.9999999747378752E-03   0.9999999747378752E-03   0.9999999747378752E-03   0.9999999747378752E-03   0.9999999747378752E-03   0.9999999747378752E-03   0.9999999747378752E-03   0.9999999747378752E-03   0.9999999747378752E-03   0.9999999747378752E-03   0.9999999747378752E-03   0.9999999747378752E-03   0.9999999747378752E-03   0.9999999747378752E-03   0.9999999747378752E-03   0.9999999747378752E-03   0.9999999747378752E-03   0.9999999747378752E-03   0.9999999747378752E-03   0.9999999747378752E-03   0.9999999747378752E-03   0.9999999747378752E-03   0.9999999747378752E-03   0.9999999747378752E-03   0.9999999747378752E-03   0.9999999747378752E-03   0.9999999747378752E-03   0.9999999747378752E-03   0.9999999747378752E-03   0.9999999747378752E-03   0.9999999747378752E-03   0.9999999747378752E-03   0.9999999747378752E-03   0.9999999747378752E-03   0.9999999747378752E-03   0.9999999747378752E-03   0.9999999747378752E-03   0.9999999747378752E-03   0.9999999747378752E-03   0.9999999747378752E-03   0.9999999747378752E-03   0.9999999747378752E-03   0.9999999747378752E-03   0.9999999747378752E-03   0.9999999747378752E-03   0.9999999747378752E-03   0.9999999747378752E-03   0.9999999747378752E-03   0.9999999747378752E-03   0.9999999747378752E-03   0.9999999747378752E-03   0.9999999747378752E-03   0.9999999747378752E-03   0.9999999747378752E-03   0.9999999747378752E-03   0.9999999747378752E-03   0.9999999747378752E-03   0.9999999747378752E-03   0.9999999747378752E-03   0.9999999747378752E-03   0.9999999747378752E-03   0.9999999747378752E-03   0.9999999747378752E-03   0.9999999747378752E-03   0.9999999747378752E-03   0.9999999747378752E-03   0.9999999747378752E-03   0.9999999747378752E-03   0.9999999747378752E-03   0.9999999747378752E-03   0.9999999747378752E-03   0.9999999747378752E-03   0.9999999747378752E-03   0.9999999747378752E-03   0.9999999747378752E-03   0.9999999747378752E-03   0.9999999747378752E-03   0.9999999747378752E-03
  0.9999999747378752E-03   0.9999999747378752E-03   0.9999999747378752E-03   0.9999999747378752E-03   0.9999999747378752E-03   0.9999999747378752E-03   0.9999999747378752E-03   0.9999999747378752E-03   0.9999999747378752E-03   0.9999999747378752E-03   0.9999999747378752E-03   0.9999999747378752E-03   0.9999999747378752E-03   0.9999999747378752E-03   0.9999999747378752E-03   0.9999999747378752E-03   0.9999999747378752E-03   0.9999999747378752E-03   0.9999999747378752E-03   0.9999999747378752E-03   0.9999999747378752E-03   0.9999999747378752E-03   0.9999999747378752E-03   0.9999999747378752E-03   0.9999999747378752E-03   0.9999999747378752E-03   0.9999999747378752E-03   0.9999999747378752E-03   0.9999999747378752E-03   0.9999999747378752E-03   0.9999999747378752E-03   0.9999999747378752E-03   0.9999999747378752E-03   0.9999999747378752E-03   0.9999999747378752E-03   0.9999999747378752E-03   0.9999999747378752E-03   0.9999999747378752E-03   0.9999999747378752E-03   0.9999999747378752E-03   0.9999999747378752E-03   0.9999999747378752E-03   0.9999999747378752E-03   0.9999999747378752E-03   0.9999999747378752E-03   0.9999999747378752E-03   0.9999999747378752E-03   0.9999999747378752E-03   0.9999999747378752E-03   0.9999999747378752E-03   0.9999999747378752E-03   0.9999999747378752E-03   0.9999999747378752E-03   0.9999999747378752E-03   0.9999999747378752E-03   0.9999999747378752E-03   0.9999999747378752E-03   0.9999999747378752E-03   0.9999999747378752E-03   0.9999999747378752E-03   0.9999999747378752E-03   0.9999999747378752E-03   0.9999999747378752E-03   0.9999999747378752E-03   0.9999999747378752E-03   0.9999999747378752E-03   0.9999999747378752E-03   0.9999999747378752E-03   0.9999999747378752E-03   0.9999999747378752E-03   0.9999999747378752E-03   0.9999999747378752E-03   0.9999999747378752E-03   0.9999999747378752E-03   0.9999999747378752E-03   0.9999999747378752E-03   0.9999999747378752E-03   0.9999999747378752E-03   0.9999999747378752E-03   0.9999999747378752E-03   0.9999999747378752E-03   0.9999999747378752E-03   0.9999999747378752E-03   0.9999999747378752E-03   0.9999999747378752E-03   0.9999999747378752E-03   0.9999999747378752E-03   0.9999999747378752E-03   0.9999999747378752E-03   0.9999999747378752E-03   0.9999999747378752E-03   0.9999999747378752E-03   0.9999999747378752E-03   0.9999999747378752E-03   0.9999999747378752E-03   0.9999999747378752E-03   0.9999999747378752E-03   0.9999999747378752E-03   0.9999999747378752E-03   0.9999999747378752E-03   0.9999999747378752E-03
  0.9999999747378752E-03   0.9999999747378752E-03   0.9999999747378752E-03   0.9999999747378752E-03   0.9999999747378752E-03   0.9999999747378752E-03   0.9999999747378752E-03   0.9999999747378752E-03   0.9999999747378752E-03   0.9999999747378752E-03   0.9999999747378752E-03   0.9999999747378752E-03   0.9999999747378752E-03   0.9999999747378752E-03   0.9999999747378752E-03   0.9999999747378752E-03   0.9999999747378752E-03   0.9999999747378752E-03   0.9999999747378752E-03   0.9999999747378752E-03   0.9999999747378752E-03   0.9999999747378752E-03   0.9999999747378752E-03   0.9999999747378752E-03   0.9999999747378752E-03   0.9999999747378752E-03   0.9999999747378752E-03   0.9999999747378752E-03   0.9999999747378752E-03   0.9999999747378752E-03   0.9999999747378752E-03   0.9999999747378752E-03   0.9999999747378752E-03   0.9999999747378752E-03   0.9999999747378752E-03   0.9999999747378752E-03   0.9999999747378752E-03   0.9999999747378752E-03   0.9999999747378752E-03   0.9999999747378752E-03   0.9999999747378752E-03   0.9999999747378752E-03   0.9999999747378752E-03   0.9999999747378752E-03   0.9999999747378752E-03   0.9999999747378752E-03   0.9999999747378752E-03   0.9999999747378752E-03   0.9999999747378752E-03   0.9999999747378752E-03   0.9999999747378752E-03   0.9999999747378752E-03   0.9999999747378752E-03   0.9999999747378752E-03   0.9999999747378752E-03   0.9999999747378752E-03   0.9999999747378752E-03   0.9999999747378752E-03   0.9999999747378752E-03   0.9999999747378752E-03   0.9999999747378752E-03   0.9999999747378752E-03   0.9999999747378752E-03   0.9999999747378752E-03   0.9999999747378752E-03   0.9999999747378752E-03   0.9999999747378752E-03   0.9999999747378752E-03   0.9999999747378752E-03   0.9999999747378752E-03   0.9999999747378752E-03   0.9999999747378752E-03   0.9999999747378752E-03   0.9999999747378752E-03   0.9999999747378752E-03   0.9999999747378752E-03   0.9999999747378752E-03   0.9999999747378752E-03   0.9999999747378752E-03   0.9999999747378752E-03   0.9999999747378752E-03   0.9999999747378752E-03   0.9999999747378752E-03   0.9999999747378752E-03   0.9999999747378752E-03   0.9999999747378752E-03   0.9999999747378752E-03   0.9999999747378752E-03   0.9999999747378752E-03   0.9999999747378752E-03   0.9999999747378752E-03   0.9999999747378752E-03   0.9999999747378752E-03   0.9999999747378752E-03   0.9999999747378752E-03   0.9999999747378752E-03   0.9999999747378752E-03   0.9999999747378752E-03   0.9999999747378752E-03   0.9999999747378752E-03   0.9999999747378752E-03
  0.9999999747378752E-03   0.9999999747378752E-03   0.9999999747378752E-03   0.9999999747378752E-03   0.9999999747378752E-03   0.9999999747378752E-03   0.9999999747378752E-03   0.9999999747378752E-03   0.9999999747378752E-03   0.9999999747378752E-03   0.9999999747378752E-03   0.9999999747378752E-03   0.9999999747378752E-03   0.9999999747378752E-03   0.9999999747378752E-03   0.9999999747378752E-03   0.9999999747378752E-03   0.9999999747378752E-03   0.9999999747378752E-03   0.9999999747378752E-03   0.9999999747378752E-03   0.9999999747378752E-03   0.9999999747378752E-03   0.9999999747378752E-03   0.9999999747378752E-03   0.9999999747378752E-03   0.9999999747378752E-03   0.9999999747378752E-03   0.9999999747378752E-03   0.9999999747378752E-03   0.9999999747378752E-03   0.9999999747378752E-03   0.9999999747378752E-03   0.9999999747378752E-03   0.9999999747378752E-03   0.9999999747378752E-03   0.9999999747378752E-03   0.9999999747378752E-03   0.9999999747378752E-03   0.9999999747378752E-03   0.9999999747378752E-03   0.9999999747378752E-03   0.9999999747378752E-03   0.9999999747378752E-03   0.9999999747378752E-03   0.9999999747378752E-03   0.9999999747378752E-03   0.9999999747378752E-03   0.9999999747378752E-03   0.9999999747378752E-03   0.9999999747378752E-03   0.9999999747378752E-03   0.9999999747378752E-03   0.9999999747378752E-03   0.9999999747378752E-03   0.9999999747378752E-03   0.9999999747378752E-03   0.9999999747378752E-03   0.9999999747378752E-03   0.9999999747378752E-03   0.9999999747378752E-03   0.9999999747378752E-03   0.9999999747378752E-03   0.9999999747378752E-03   0.9999999747378752E-03   0.9999999747378752E-03   0.9999999747378752E-03   0.9999999747378752E-03   0.9999999747378752E-03   0.9999999747378752E-03   0.9999999747378752E-03   0.9999999747378752E-03   0.9999999747378752E-03   0.9999999747378752E-03   0.9999999747378752E-03   0.9999999747378752E-03   0.9999999747378752E-03   0.9999999747378752E-03   0.9999999747378752E-03   0.9999999747378752E-03   0.9999999747378752E-03   0.9999999747378752E-03   0.9999999747378752E-03   0.9999999747378752E-03   0.9999999747378752E-03   0.9999999747378752E-03   0.9999999747378752E-03   0.9999999747378752E-03   0.9999999747378752E-03   0.9999999747378752E-03   0.9999999747378752E-03   0.9999999747378752E-03   0.9999999747378752E-03   0.9999999747378752E-03   0.9999999747378752E-03   0.9999999747378752E-03   0.9999999747378752E-03   0.9999999747378752E-03   0.9999999747378752E-03   0.9999999747378752E-03   0.9999999747378752E-03
  0.9999999747378752E-03   0.9999999747378752E-03   0.9999999747378752E-03   0.9999999747378752E-03   0.9999999747378752E-03   0.9999999747378752E-03   0.9999999747378752E-03   0.9999999747378752E-03   0.9999999747378752E-03   0.9999999747378752E-03   0.9999999747378752E-03   0.9999999747378752E-03   0.9999999747378752E-03   0.9999999747378752E-03   0.9999999747378752E-03   0.9999999747378752E-03   0.9999999747378752E-03   0.9999999747378752E-03   0.9999999747378752E-03   0.9999999747378752E-03   0.9999999747378752E-03   0.9999999747378752E-03   0.9999999747378752E-03   0.9999999747378752E-03   0.9999999747378752E-03   0.9999999747378752E-03   0.9999999747378752E-03   0.9999999747378752E-03   0.9999999747378752E-03   0.9999999747378752E-03   0.9999999747378752E-03   0.9999999747378752E-03   0.9999999747378752E-03   0.9999999747378752E-03   0.9999999747378752E-03   0.9999999747378752E-03   0.9999999747378752E-03   0.9999999747378752E-03   0.9999999747378752E-03   0.9999999747378752E-03   0.9999999747378752E-03   0.9999999747378752E-03   0.9999999747378752E-03   0.9999999747378752E-03   0.9999999747378752E-03   0.9999999747378752E-03   0.9999999747378752E-03   0.9999999747378752E-03   0.9999999747378752E-03   0.9999999747378752E-03   0.9999999747378752E-03   0.9999999747378752E-03   0.9999999747378752E-03   0.9999999747378752E-03   0.9999999747378752E-03   0.9999999747378752E-03   0.9999999747378752E-03   0.9999999747378752E-03   0.9999999747378752E-03   0.9999999747378752E-03   0.9999999747378752E-03   0.9999999747378752E-03   0.9999999747378752E-03   0.9999999747378752E-03   0.9999999747378752E-03   0.9999999747378752E-03   0.9999999747378752E-03   0.9999999747378752E-03   0.9999999747378752E-03   0.9999999747378752E-03   0.9999999747378752E-03   0.9999999747378752E-03   0.9999999747378752E-03   0.9999999747378752E-03   0.9999999747378752E-03   0.9999999747378752E-03   0.9999999747378752E-03   0.9999999747378752E-03   0.9999999747378752E-03   0.9999999747378752E-03   0.9999999747378752E-03   0.9999999747378752E-03   0.9999999747378752E-03   0.9999999747378752E-03   0.9999999747378752E-03   0.9999999747378752E-03   0.9999999747378752E-03   0.9999999747378752E-03   0.9999999747378752E-03   0.9999999747378752E-03   0.9999999747378752E-03   0.9999999747378752E-03   0.9999999747378752E-03   0.9999999747378752E-03   0.9999999747378752E-03   0.9999999747378752E-03   0.9999999747378752E-03   0.9999999747378752E-03   0.9999999747378752E-03   0.9999999747378752E-03   0.9999999747378752E-03
  0.9999999747378752E-03   0.9999999747378752E-03   0.9999999747378752E-03   0.9999999747378752E-03   0.9999999747378752E-03   0.9999999747378752E-03   0.9999999747378752E-03   0.9999999747378752E-03   0.9999999747378752E-03   0.9999999747378752E-03   0.9999999747378752E-03   0.9999999747378752E-03   0.9999999747378752E-03   0.9999999747378752E-03   0.9999999747378752E-03   0.9999999747378752E-03   0.9999999747378752E-03   0.9999999747378752E-03   0.9999999747378752E-03   0.9999999747378752E-03   0.9999999747378752E-03   0.9999999747378752E-03   0.9999999747378752E-03   0.9999999747378752E-03   0.9999999747378752E-03   0.9999999747378752E-03   0.9999999747378752E-03   0.9999999747378752E-03   0.9999999747378752E-03   0.9999999747378752E-03   0.9999999747378752E-03   0.9999999747378752E-03   0.9999999747378752E-03   0.9999999747378752E-03   0.9999999747378752E-03   0.9999999747378752E-03   0.9999999747378752E-03   0.9999999747378752E-03   0.9999999747378752E-03   0.9999999747378752E-03   0.9999999747378752E-03   0.9999999747378752E-03   0.9999999747378752E-03   0.9999999747378752E-03   0.9999999747378752E-03   0.9999999747378752E-03   0.9999999747378752E-03   0.9999999747378752E-03   0.9999999747378752E-03   0.9999999747378752E-03   0.9999999747378752E-03   0.9999999747378752E-03   0.9999999747378752E-03   0.9999999747378752E-03   0.9999999747378752E-03   0.9999999747378752E-03   0.9999999747378752E-03   0.9999999747378752E-03   0.9999999747378752E-03   0.9999999747378752E-03   0.9999999747378752E-03   0.9999999747378752E-03   0.9999999747378752E-03   0.9999999747378752E-03   0.9999999747378752E-03   0.9999999747378752E-03   0.9999999747378752E-03   0.9999999747378752E-03   0.9999999747378752E-03   0.9999999747378752E-03   0.9999999747378752E-03   0.9999999747378752E-03   0.9999999747378752E-03   0.9999999747378752E-03   0.9999999747378752E-03   0.9999999747378752E-03   0.9999999747378752E-03   0.9999999747378752E-03   0.9999999747378752E-03   0.9999999747378752E-03   0.9999999747378752E-03   0.9999999747378752E-03   0.9999999747378752E-03   0.9999999747378752E-03   0.9999999747378752E-03   0.9999999747378752E-03   0.9999999747378752E-03   0.9999999747378752E-03   0.9999999747378752E-03   0.9999999747378752E-03   0.9999999747378752E-03   0.9999999747378752E-03   0.9999999747378752E-03   0.9999999747378752E-03   0.9999999747378752E-03   0.9999999747378752E-03   0.9999999747378752E-03   0.9999999747378752E-03   0.9999999747378752E-03   0.9999999747378752E-03   0.9999999747378752E-03
  0.9999999747378752E-03   0.9999999747378752E-03   0.9999999747378752E-03   0.9999999747378752E-03   0.9999999747378752E-03   0.9999999747378752E-03   0.9999999747378752E-03   0.9999999747378752E-03   0.9999999747378752E-03   0.9999999747378752E-03   0.9999999747378752E-03   0.9999999747378752E-03   0.9999999747378752E-03   0.9999999747378752E-03   0.9999999747378752E-03   0.9999999747378752E-03   0.9999999747378752E-03   0.9999999747378752E-03   0.9999999747378752E-03   0.9999999747378752E-03   0.9999999747378752E-03   0.9999999747378752E-03   0.9999999747378752E-03   0.9999999747378752E-03   0.9999999747378752E-03   0.9999999747378752E-03   0.9999999747378752E-03   0.9999999747378752E-03   0.9999999747378752E-03   0.9999999747378752E-03   0.9999999747378752E-03   0.9999999747378752E-03   0.9999999747378752E-03   0.9999999747378752E-03   0.9999999747378752E-03   0.9999999747378752E-03   0.9999999747378752E-03   0.9999999747378752E-03   0.9999999747378752E-03   0.9999999747378752E-03   0.9999999747378752E-03   0.9999999747378752E-03   0.9999999747378752E-03   0.9999999747378752E-03   0.9999999747378752E-03   0.9999999747378752E-03   0.9999999747378752E-03   0.9999999747378752E-03   0.9999999747378752E-03   0.9999999747378752E-03   0.9999999747378752E-03   0.9999999747378752E-03   0.9999999747378752E-03   0.9999999747378752E-03   0.9999999747378752E-03   0.9999999747378752E-03   0.9999999747378752E-03   0.9999999747378752E-03   0.9999999747378752E-03   0.9999999747378752E-03   0.9999999747378752E-03   0.9999999747378752E-03   0.9999999747378752E-03   0.9999999747378752E-03   0.9999999747378752E-03   0.9999999747378752E-03   0.9999999747378752E-03   0.9999999747378752E-03   0.9999999747378752E-03   0.9999999747378752E-03   0.9999999747378752E-03   0.9999999747378752E-03   0.9999999747378752E-03   0.9999999747378752E-03   0.9999999747378752E-03   0.9999999747378752E-03   0.9999999747378752E-03   0.9999999747378752E-03   0.9999999747378752E-03   0.9999999747378752E-03   0.9999999747378752E-03   0.9999999747378752E-03   0.9999999747378752E-03   0.9999999747378752E-03   0.9999999747378752E-03   0.9999999747378752E-03   0.9999999747378752E-03   0.9999999747378752E-03   0.9999999747378752E-03   0.9999999747378752E-03   0.9999999747378752E-03   0.9999999747378752E-03   0.9999999747378752E-03   0.9999999747378752E-03   0.9999999747378752E-03   0.9999999747378752E-03   0.9999999747378752E-03   0.9999999747378752E-03   0.9999999747378752E-03   0.9999999747378752E-03   0.9999999747378752E-03
  0.9999999747378752E-03   0.9999999747378752E-03   0.9999999747378752E-03   0.9999999747378752E-03   0.9999999747378752E-03   0.9999999747378752E-03   0.9999999747378752E-03   0.9999999747378752E-03   0.9999999747378752E-03   0.9999999747378752E-03   0.9999999747378752E-03   0.9999999747378752E-03   0.9999999747378752E-03   0.9999999747378752E-03   0.9999999747378752E-03   0.9999999747378752E-03   0.9999999747378752E-03   0.9999999747378752E-03   0.9999999747378752E-03   0.9999999747378752E-03   0.9999999747378752E-03   0.9999999747378752E-03   0.9999999747378752E-03   0.9999999747378752E-03   0.9999999747378752E-03   0.9999999747378752E-03   0.9999999747378752E-03   0.9999999747378752E-03   0.9999999747378752E-03   0.9999999747378752E-03   0.9999999747378752E-03   0.9999999747378752E-03   0.9999999747378752E-03   0.9999999747378752E-03   0.9999999747378752E-03   0.9999999747378752E-03   0.9999999747378752E-03   0.9999999747378752E-03   0.9999999747378752E-03   0.9999999747378752E-03   0.9999999747378752E-03   0.9999999747378752E-03   0.9999999747378752E-03   0.9999999747378752E-03   0.9999999747378752E-03   0.9999999747378752E-03   0.9999999747378752E-03   0.9999999747378752E-03   0.9999999747378752E-03   0.9999999747378752E-03   0.9999999747378752E-03   0.9999999747378752E-03   0.9999999747378752E-03   0.9999999747378752E-03   0.9999999747378752E-03   0.9999999747378752E-03   0.9999999747378752E-03   0.9999999747378752E-03   0.9999999747378752E-03   0.9999999747378752E-03   0.9999999747378752E-03   0.9999999747378752E-03   0.9999999747378752E-03   0.9999999747378752E-03   0.9999999747378752E-03   0.9999999747378752E-03   0.9999999747378752E-03   0.9999999747378752E-03   0.9999999747378752E-03   0.9999999747378752E-03   0.9999999747378752E-03   0.9999999747378752E-03   0.9999999747378752E-03   0.9999999747378752E-03   0.9999999747378752E-03   0.9999999747378752E-03   0.9999999747378752E-03   0.9999999747378752E-03   0.9999999747378752E-03   0.9999999747378752E-03   0.9999999747378752E-03   0.9999999747378752E-03   0.9999999747378752E-03   0.9999999747378752E-03   0.9999999747378752E-03   0.9999999747378752E-03   0.9999999747378752E-03   0.9999999747378752E-03   0.9999999747378752E-03   0.9999999747378752E-03   0.9999999747378752E-03   0.9999999747378752E-03   0.9999999747378752E-03   0.9999999747378752E-03   0.9999999747378752E-03   0.9999999747378752E-03   0.9999999747378752E-03   0.9999999747378752E-03   0.9999999747378752E-03   0.9999999747378752E-03   0.9999999747378752E-03
  0.9999999747378752E-03   0.9999999747378752E-03   0.9999999747378752E-03   0.9999999747378752E-03   0.9999999747378752E-03   0.9999999747378752E-03   0.9999999747378752E-03   0.9999999747378752E-03   0.9999999747378752E-03   0.9999999747378752E-03   0.9999999747378752E-03   0.9999999747378752E-03   0.9999999747378752E-03   0.9999999747378752E-03   0.9999999747378752E-03   0.9999999747378752E-03   0.9999999747378752E-03   0.9999999747378752E-03   0.9999999747378752E-03   0.9999999747378752E-03   0.9999999747378752E-03   0.9999999747378752E-03   0.9999999747378752E-03   0.9999999747378752E-03   0.9999999747378752E-03   0.9999999747378752E-03   0.9999999747378752E-03   0.9999999747378752E-03   0.9999999747378752E-03   0.9999999747378752E-03   0.9999999747378752E-03   0.9999999747378752E-03   0.9999999747378752E-03   0.9999999747378752E-03   0.9999999747378752E-03   0.9999999747378752E-03   0.9999999747378752E-03   0.9999999747378752E-03   0.9999999747378752E-03   0.9999999747378752E-03   0.9999999747378752E-03   0.9999999747378752E-03   0.9999999747378752E-03   0.9999999747378752E-03   0.9999999747378752E-03   0.9999999747378752E-03   0.9999999747378752E-03   0.9999999747378752E-03   0.9999999747378752E-03   0.9999999747378752E-03   0.9999999747378752E-03   0.9999999747378752E-03   0.9999999747378752E-03   0.9999999747378752E-03   0.9999999747378752E-03   0.9999999747378752E-03   0.9999999747378752E-03   0.9999999747378752E-03   0.9999999747378752E-03   0.9999999747378752E-03   0.9999999747378752E-03   0.9999999747378752E-03   0.9999999747378752E-03   0.9999999747378752E-03   0.9999999747378752E-03   0.9999999747378752E-03   0.9999999747378752E-03   0.9999999747378752E-03   0.9999999747378752E-03   0.9999999747378752E-03   0.9999999747378752E-03   0.9999999747378752E-03   0.9999999747378752E-03   0.9999999747378752E-03   0.9999999747378752E-03   0.9999999747378752E-03   0.9999999747378752E-03   0.9999999747378752E-03   0.9999999747378752E-03   0.9999999747378752E-03   0.9999999747378752E-03   0.9999999747378752E-03   0.9999999747378752E-03   0.9999999747378752E-03   0.9999999747378752E-03   0.9999999747378752E-03   0.9999999747378752E-03   0.9999999747378752E-03   0.9999999747378752E-03   0.9999999747378752E-03   0.9999999747378752E-03   0.9999999747378752E-03   0.9999999747378752E-03   0.9999999747378752E-03   0.9999999747378752E-03   0.9999999747378752E-03   0.9999999747378752E-03   0.9999999747378752E-03   0.9999999747378752E-03   0.9999999747378752E-03   0.9999999747378752E-03
  0.9999999747378752E-03   0.9999999747378752E-03   0.9999999747378752E-03   0.9999999747378752E-03   0.9999999747378752E-03   0.9999999747378752E-03   0.9999999747378752E-03   0.9999999747378752E-03   0.9999999747378752E-03   0.9999999747378752E-03   0.9999999747378752E-03   0.9999999747378752E-03   0.9999999747378752E-03   0.9999999747378752E-03   0.9999999747378752E-03   0.9999999747378752E-03   0.9999999747378752E-03   0.9999999747378752E-03   0.9999999747378752E-03   0.9999999747378752E-03   0.9999999747378752E-03   0.9999999747378752E-03   0.9999999747378752E-03   0.9999999747378752E-03   0.9999999747378752E-03   0.9999999747378752E-03   0.9999999747378752E-03   0.9999999747378752E-03   0.9999999747378752E-03   0.9999999747378752E-03   0.9999999747378752E-03   0.9999999747378752E-03   0.9999999747378752E-03   0.9999999747378752E-03   0.9999999747378752E-03   0.9999999747378752E-03   0.9999999747378752E-03   0.9999999747378752E-03   0.9999999747378752E-03   0.9999999747378752E-03   0.9999999747378752E-03   0.9999999747378752E-03   0.9999999747378752E-03   0.9999999747378752E-03   0.9999999747378752E-03   0.9999999747378752E-03   0.9999999747378752E-03   0.9999999747378752E-03   0.9999999747378752E-03   0.9999999747378752E-03   0.9999999747378752E-03   0.9999999747378752E-03   0.9999999747378752E-03   0.9999999747378752E-03   0.9999999747378752E-03   0.9999999747378752E-03   0.9999999747378752E-03   0.9999999747378752E-03   0.9999999747378752E-03   0.9999999747378752E-03   0.9999999747378752E-03   0.9999999747378752E-03   0.9999999747378752E-03   0.9999999747378752E-03   0.9999999747378752E-03   0.9999999747378752E-03   0.9999999747378752E-03   0.9999999747378752E-03   0.9999999747378752E-03   0.9999999747378752E-03   0.9999999747378752E-03   0.9999999747378752E-03   0.9999999747378752E-03   0.9999999747378752E-03   0.9999999747378752E-03   0.9999999747378752E-03   0.9999999747378752E-03   0.9999999747378752E-03   0.9999999747378752E-03   0.9999999747378752E-03   0.9999999747378752E-03   0.9999999747378752E-03   0.9999999747378752E-03   0.9999999747378752E-03   0.9999999747378752E-03   0.9999999747378752E-03   0.9999999747378752E-03   0.9999999747378752E-03   0.9999999747378752E-03   0.9999999747378752E-03   0.9999999747378752E-03   0.9999999747378752E-03   0.9999999747378752E-03   0.9999999747378752E-03   0.9999999747378752E-03   0.9999999747378752E-03   0.9999999747378752E-03   0.9999999747378752E-03   0.9999999747378752E-03   0.9999999747378752E-03   0.9999999747378752E-03
  0.9999999747378752E-03   0.9999999747378752E-03   0.9999999747378752E-03   0.9999999747378752E-03   0.9999999747378752E-03   0.9999999747378752E-03   0.9999999747378752E-03   0.9999999747378752E-03   0.9999999747378752E-03   0.9999999747378752E-03   0.9999999747378752E-03   0.9999999747378752E-03   0.9999999747378752E-03   0.9999999747378752E-03   0.9999999747378752E-03   0.9999999747378752E-03   0.9999999747378752E-03   0.9999999747378752E-03   0.9999999747378752E-03   0.9999999747378752E-03   0.9999999747378752E-03   0.9999999747378752E-03   0.9999999747378752E-03   0.9999999747378752E-03   0.9999999747378752E-03   0.9999999747378752E-03   0.9999999747378752E-03   0.9999999747378752E-03   0.9999999747378752E-03   0.9999999747378752E-03   0.9999999747378752E-03   0.9999999747378752E-03   0.9999999747378752E-03   0.9999999747378752E-03   0.9999999747378752E-03   0.9999999747378752E-03   0.9999999747378752E-03   0.9999999747378752E-03   0.9999999747378752E-03   0.9999999747378752E-03   0.9999999747378752E-03   0.9999999747378752E-03   0.9999999747378752E-03   0.9999999747378752E-03   0.9999999747378752E-03   0.9999999747378752E-03   0.9999999747378752E-03   0.9999999747378752E-03   0.9999999747378752E-03   0.9999999747378752E-03   0.9999999747378752E-03   0.9999999747378752E-03   0.9999999747378752E-03   0.9999999747378752E-03   0.9999999747378752E-03   0.9999999747378752E-03   0.9999999747378752E-03   0.9999999747378752E-03   0.9999999747378752E-03   0.9999999747378752E-03   0.9999999747378752E-03   0.9999999747378752E-03   0.9999999747378752E-03   0.9999999747378752E-03   0.9999999747378752E-03   0.9999999747378752E-03   0.9999999747378752E-03   0.9999999747378752E-03   0.9999999747378752E-03   0.9999999747378752E-03   0.9999999747378752E-03   0.9999999747378752E-03   0.9999999747378752E-03   0.9999999747378752E-03   0.9999999747378752E-03   0.9999999747378752E-03   0.9999999747378752E-03   0.9999999747378752E-03   0.9999999747378752E-03   0.9999999747378752E-03   0.9999999747378752E-03   0.9999999747378752E-03   0.9999999747378752E-03   0.9999999747378752E-03   0.9999999747378752E-03   0.9999999747378752E-03   0.9999999747378752E-03   0.9999999747378752E-03   0.9999999747378752E-03   0.9999999747378752E-03   0.9999999747378752E-03   0.9999999747378752E-03   0.9999999747378752E-03   0.9999999747378752E-03   0.9999999747378752E-03   0.9999999747378752E-03   0.9999999747378752E-03   0.9999999747378752E-03   0.9999999747378752E-03   0.9999999747378752E-03   0.9999999747378752E-03
  0.9999999747378752E-03   0.9999999747378752E-03   0.9999999747378752E-03   0.9999999747378752E-03   0.9999999747378752E-03   0.9999999747378752E-03   0.9999999747378752E-03   0.9999999747378752E-03   0.9999999747378752E-03   0.9999999747378752E-03   0.9999999747378752E-03   0.9999999747378752E-03   0.9999999747378752E-03   0.9999999747378752E-03   0.9999999747378752E-03   0.9999999747378752E-03   0.9999999747378752E-03   0.9999999747378752E-03   0.9999999747378752E-03   0.9999999747378752E-03   0.9999999747378752E-03   0.9999999747378752E-03   0.9999999747378752E-03   0.9999999747378752E-03   0.9999999747378752E-03   0.9999999747378752E-03   0.9999999747378752E-03   0.9999999747378752E-03   0.9999999747378752E-03   0.9999999747378752E-03   0.9999999747378752E-03   0.9999999747378752E-03   0.9999999747378752E-03   0.9999999747378752E-03   0.9999999747378752E-03   0.9999999747378752E-03   0.9999999747378752E-03   0.9999999747378752E-03   0.9999999747378752E-03   0.9999999747378752E-03   0.9999999747378752E-03   0.9999999747378752E-03   0.9999999747378752E-03   0.9999999747378752E-03   0.9999999747378752E-03   0.9999999747378752E-03   0.9999999747378752E-03   0.9999999747378752E-03   0.9999999747378752E-03   0.9999999747378752E-03   0.9999999747378752E-03   0.9999999747378752E-03   0.9999999747378752E-03   0.9999999747378752E-03   0.9999999747378752E-03   0.9999999747378752E-03   0.9999999747378752E-03   0.9999999747378752E-03   0.9999999747378752E-03   0.9999999747378752E-03   0.9999999747378752E-03   0.9999999747378752E-03   0.9999999747378752E-03   0.9999999747378752E-03   0.9999999747378752E-03   0.9999999747378752E-03   0.9999999747378752E-03   0.9999999747378752E-03   0.9999999747378752E-03   0.9999999747378752E-03   0.9999999747378752E-03   0.9999999747378752E-03   0.9999999747378752E-03   0.9999999747378752E-03   0.9999999747378752E-03   0.9999999747378752E-03   0.9999999747378752E-03   0.9999999747378752E-03   0.9999999747378752E-03   0.9999999747378752E-03   0.9999999747378752E-03   0.9999999747378752E-03   0.9999999747378752E-03   0.9999999747378752E-03   0.9999999747378752E-03   0.9999999747378752E-03   0.9999999747378752E-03   0.9999999747378752E-03   0.9999999747378752E-03   0.9999999747378752E-03   0.9999999747378752E-03   0.9999999747378752E-03   0.9999999747378752E-03   0.9999999747378752E-03   0.9999999747378752E-03   0.9999999747378752E-03   0.9999999747378752E-03   0.9999999747378752E-03   0.9999999747378752E-03   0.9999999747378752E-03   0.9999999747378752E-03
  0.9999999747378752E-03   0.9999999747378752E-03   0.9999999747378752E-03   0.9999999747378752E-03   0.9999999747378752E-03   0.9999999747378752E-03   0.9999999747378752E-03   0.9999999747378752E-03   0.9999999747378752E-03   0.9999999747378752E-03   0.9999999747378752E-03   0.9999999747378752E-03   0.9999999747378752E-03   0.9999999747378752E-03   0.9999999747378752E-03   0.9999999747378752E-03   0.9999999747378752E-03   0.9999999747378752E-03   0.9999999747378752E-03   0.9999999747378752E-03   0.9999999747378752E-03   0.9999999747378752E-03   0.9999999747378752E-03   0.9999999747378752E-03   0.9999999747378752E-03   0.9999999747378752E-03   0.9999999747378752E-03   0.9999999747378752E-03   0.9999999747378752E-03   0.9999999747378752E-03   0.9999999747378752E-03   0.9999999747378752E-03   0.9999999747378752E-03   0.9999999747378752E-03   0.9999999747378752E-03   0.9999999747378752E-03   0.9999999747378752E-03   0.9999999747378752E-03   0.9999999747378752E-03   0.9999999747378752E-03   0.9999999747378752E-03   0.9999999747378752E-03   0.9999999747378752E-03   0.9999999747378752E-03   0.9999999747378752E-03   0.9999999747378752E-03   0.9999999747378752E-03   0.9999999747378752E-03   0.9999999747378752E-03   0.9999999747378752E-03   0.9999999747378752E-03   0.9999999747378752E-03   0.9999999747378752E-03   0.9999999747378752E-03   0.9999999747378752E-03   0.9999999747378752E-03   0.9999999747378752E-03   0.9999999747378752E-03   0.9999999747378752E-03   0.9999999747378752E-03   0.9999999747378752E-03   0.9999999747378752E-03   0.9999999747378752E-03   0.9999999747378752E-03   0.9999999747378752E-03   0.9999999747378752E-03   0.9999999747378752E-03   0.9999999747378752E-03   0.9999999747378752E-03   0.9999999747378752E-03   0.9999999747378752E-03   0.9999999747378752E-03   0.9999999747378752E-03   0.9999999747378752E-03   0.9999999747378752E-03   0.9999999747378752E-03   0.9999999747378752E-03   0.9999999747378752E-03   0.9999999747378752E-03   0.9999999747378752E-03   0.9999999747378752E-03   0.9999999747378752E-03   0.9999999747378752E-03   0.9999999747378752E-03   0.9999999747378752E-03   0.9999999747378752E-03   0.9999999747378752E-03   0.9999999747378752E-03   0.9999999747378752E-03   0.9999999747378752E-03   0.9999999747378752E-03   0.9999999747378752E-03   0.9999999747378752E-03   0.9999999747378752E-03   0.9999999747378752E-03   0.9999999747378752E-03   0.9999999747378752E-03   0.9999999747378752E-03   0.9999999747378752E-03   0.9999999747378752E-03   0.9999999747378752E-03
  0.9999999747378752E-03   0.9999999747378752E-03   0.9999999747378752E-03   0.9999999747378752E-03   0.9999999747378752E-03   0.9999999747378752E-03   0.9999999747378752E-03   0.9999999747378752E-03   0.9999999747378752E-03   0.9999999747378752E-03   0.9999999747378752E-03   0.9999999747378752E-03   0.9999999747378752E-03   0.9999999747378752E-03   0.9999999747378752E-03   0.9999999747378752E-03   0.9999999747378752E-03   0.9999999747378752E-03   0.9999999747378752E-03   0.9999999747378752E-03   0.9999999747378752E-03   0.9999999747378752E-03   0.9999999747378752E-03   0.9999999747378752E-03   0.9999999747378752E-03   0.9999999747378752E-03   0.9999999747378752E-03   0.9999999747378752E-03   0.9999999747378752E-03   0.9999999747378752E-03   0.9999999747378752E-03   0.9999999747378752E-03   0.9999999747378752E-03   0.9999999747378752E-03   0.9999999747378752E-03   0.9999999747378752E-03   0.9999999747378752E-03   0.9999999747378752E-03   0.9999999747378752E-03   0.9999999747378752E-03   0.9999999747378752E-03   0.9999999747378752E-03   0.9999999747378752E-03   0.9999999747378752E-03   0.9999999747378752E-03   0.9999999747378752E-03   0.9999999747378752E-03   0.9999999747378752E-03   0.9999999747378752E-03   0.9999999747378752E-03   0.9999999747378752E-03   0.9999999747378752E-03   0.9999999747378752E-03   0.9999999747378752E-03   0.9999999747378752E-03   0.9999999747378752E-03   0.9999999747378752E-03   0.9999999747378752E-03   0.9999999747378752E-03   0.9999999747378752E-03   0.9999999747378752E-03   0.9999999747378752E-03   0.9999999747378752E-03   0.9999999747378752E-03   0.9999999747378752E-03   0.9999999747378752E-03   0.9999999747378752E-03   0.9999999747378752E-03   0.9999999747378752E-03   0.9999999747378752E-03   0.9999999747378752E-03   0.9999999747378752E-03   0.9999999747378752E-03   0.9999999747378752E-03   0.9999999747378752E-03   0.9999999747378752E-03   0.9999999747378752E-03   0.9999999747378752E-03   0.9999999747378752E-03   0.9999999747378752E-03   0.9999999747378756E-03   0.9999999747378778E-03   0.9999999747378968E-03   0.9999999747380497E-03   0.9999999747392007E-03   0.9999999747473962E-03   0.9999999748025699E-03   0.9999999751537812E-03   0.9999999772676801E-03   0.9999999892983053E-03   0.1000000054040810E-02   0.1000000383496996E-02   0.1000001968839014E-02   0.1000009182841098E-02   0.1000040226215303E-02   0.1000166558031858E-02   0.1000652763496750E-02   0.1002422475068092E-02   0.1008514659302257E-02   0.1018350183773516E-02   0.1069434047684044E-02
  0.9999999747378752E-03   0.9999999747378752E-03   0.9999999747378752E-03   0.9999999747378752E-03   0.9999999747378752E-03   0.9999999747378752E-03   0.9999999747378752E-03   0.9999999747378752E-03   0.9999999747378752E-03   0.9999999747378752E-03   0.9999999747378752E-03   0.9999999747378752E-03   0.9999999747378752E-03   0.9999999747378752E-03   0.9999999747378752E-03   0.9999999747378752E-03   0.9999999747378752E-03   0.9999999747378752E-03   0.9999999747378752E-03   0.9999999747378752E-03   0.9999999747378752E-03   0.9999999747378752E-03   0.9999999747378752E-03   0.9999999747378752E-03   0.9999999747378752E-03   0.9999999747378752E-03   0.9999999747378752E-03   0.9999999747378752E-03   0.9999999747378752E-03   0.9999999747378752E-03   0.9999999747378752E-03   0.9999999747378752E-03   0.9999999747378752E-03   0.9999999747378752E-03   0.9999999747378752E-03   0.9999999747378752E-03   0.9999999747378752E-03   0.9999999747378752E-03   0.9999999747378752E-03   0.9999999747378752E-03   0.9999999747378752E-03   0.9999999747378752E-03   0.9999999747378752E-03   0.9999999747378752E-03   0.9999999747378752E-03   0.9999999747378752E-03   0.9999999747378752E-03   0.9999999747378752E-03   0.9999999747378752E-03   0.9999999747378752E-03   0.9999999747378752E-03   0.9999999747378752E-03   0.9999999747378752E-03   0.9999999747378752E-03   0.9999999747378756E-03   0.9999999747378782E-03   0.9999999747378953E-03   0.9999999747380057E-03   0.9999999747386842E-03   0.9999999747426734E-03   0.9999999747651173E-03   0.9999999748859149E-03   0.9999999755079150E-03   0.9999999785718853E-03   0.9999999930107863E-03   0.1000000058103609E-02   0.1000000338824782E-02   0.1000001496946304E-02   0.1000006067448948E-02   0.1000023321812586E-02   0.1000085631249646E-02   0.1000300871761223E-02   0.1001012094783552E-02   0.1003260096575050E-02   0.1010056755582693E-02   0.1019713113931210E-02   0.1054091009117648E-02   0.1197990485551380E-02   0.1552259712562800E-02   0.2414374127836381E-02   0.4447916076719611E-02   0.8947103458496338E-02   0.1854132846695521E-01   0.3802821894348392E-01   0.7584373026572483E-01   0.1461473661170975E+00   0.2711708535625771E+00   0.4840029864132044E+00   0.8309088820551706E+00   0.1372318431822875E+01   0.2181423380965100E+01   0.3339405238522052E+01   0.4926782047899698E+01   0.7011171959092308E+01   0.9633103341490383E+01   0.1279307883364345E+02   0.1644302239666849E+02   0.2048573820657461E+02   0.2478386615199420E+02   0.2917796823986537E+02   0.3350948896963104E+02
  0.9999999747378752E-03   0.9999999747378752E-03   0.9999999747378752E-03   0.9999999747378752E-03   0.9999999747378752E-03   0.9999999747378752E-03   0.9999999747378752E-03   0.9999999747378752E-03   0.9999999747378752E-03   0.9999999747378752E-03   0.9999999747378752E-03   0.9999999747378752E-03   0.9999999747378752E-03   0.9999999747378752E-03   0.9999999747378752E-03   0.9999999747378752E-03   0.9999999747378752E-03   0.9999999747378752E-03   0.9999999747378752E-03   0.9999999747378752E-03   0.9999999747378752E-03   0.9999999747378752E-03   0.9999999747378752E-03   0.9999999747378752E-03   0.9999999747378752E-03   0.9999999747378752E-03   0.9999999747378752E-03   0.9999999747378754E-03   0.9999999747378760E-03   0.9999999747378808E-03   0.9999999747379064E-03   0.9999999747380389E-03   0.9999999747387033E-03   0.9999999747419240E-03   0.9999999747570001E-03   0.9999999748251517E-03   0.9999999751226854E-03   0.9999999763771938E-03   0.9999999814856936E-03   0.1000000001576744E-02   0.1000000077891665E-02   0.1000000357869065E-02   0.1000001349964494E-02   0.1000004745531646E-02   0.1000015971200406E-02   0.1000051819366596E-02   0.1000162403143170E-02   0.1000491938207203E-02   0.1001440606786587E-02   0.1004079050088605E-02   0.1011168615447760E-02   0.1019574153637915E-02   0.1055743401764426E-02   0.1167648578959754E-02   0.1399742660030965E-02   0.1972925607941925E-02   0.3260274379846413E-02   0.5992292738693767E-02   0.1158288755718537E-01   0.2262760476939611E-01   0.4371409153016408E-01   0.8257192867644282E-01   0.1517704083136719E+00   0.2708904990763525E+00   0.4689646969407339E+00   0.7871300380649099E+00   0.1280792504792914E+01   0.2020476531711459E+01   0.3090809189358974E+01   0.4586176121491103E+01   0.6603205389292048E+01   0.9229832180214949E+01   0.1253221980356092E+02   0.1654183164301955E+02   0.2124526670870942E+02   0.2657955130669915E+02   0.3243507357734357E+02   0.3866557844365859E+02   0.4510384977380387E+02   0.5157835032753839E+02   0.5792672724312956E+02   0.6400234509113442E+02   0.6967306377729139E+02   0.7481422209986044E+02   0.7930151750530779E+02   0.8300899035270524E+02   0.8581685552453425E+02   0.8762913370546666E+02   0.8839681763499971E+02   0.8813821805578895E+02   0.8694825407875713E+02   0.8499018101415962E+02   0.8246977391492160E+02   0.7959784266195686E+02   0.7655163016823732E+02   0.7344760374581381E+02   0.7033411907122246E+02   0.6720652000171387E+02   0.6403992905520902E+02   0.6082837114733734E+02   0.5761699266318589E+02
  0.9999999747378752E-03   0.9999999747378752E-03   0.9999999747378756E-03   0.9999999747378773E-03   0.9999999747378860E-03   0.9999999747379255E-03   0.9999999747381011E-03   0.9999999747388637E-03   0.9999999747420808E-03   0.9999999747552729E-03   0.9999999748078667E-03   0.9999999750117008E-03   0.9999999757796755E-03   0.9999999785924754E-03   0.9999999886074148E-03   0.1000000023270767E-02   0.1000000139898127E-02   0.1000000521343684E-02   0.1000001734065440E-02   0.1000005481897758E-02   0.1000016740461657E-02   0.1000049615234974E-02   0.1000142921771806E-02   0.1000400330362952E-02   0.1001090549976606E-02   0.1002889404131783E-02   0.1007445990269044E-02   0.1018663804090243E-02   0.1035504353409855E-02   0.1067917790975855E-02   0.1198962528026557E-02   0.1488715811911478E-02   0.2149779151133746E-02   0.3520743223833018E-02   0.6273563835710059E-02   0.1166373452442779E-01   0.2192786271266750E-01   0.4094958834227869E-01   0.7512713450502340E-01   0.1347866014971948E+00   0.2359641391359998E+00   0.4026659738118301E+00   0.6695588663965260E+00   0.1084703373190854E+01   0.1712200101217294E+01   0.2633804662154343E+01   0.3949287818864822E+01   0.5774211799898861E+01   0.8235245951658023E+01   0.1146196340135364E+02   0.1557601788715270E+02   0.2067797229656638E+02   0.2683352437498226E+02   0.3406054704299152E+02   0.4231897241525605E+02   0.5150497263347670E+02   0.6145050704236439E+02   0.7192870136187049E+02   0.8266446554462307E+02   0.9334989352506722E+02   0.1036632123641070E+03   0.1132899644729785E+03   0.1219451538678689E+03   0.1293944862299177E+03   0.1354727516104762E+03   0.1400963839286081E+03   0.1432676502460091E+03   0.1450685754388448E+03   0.1456439036443507E+03   0.1451750239821091E+03   0.1438489737480043E+03   0.1418288464047996E+03   0.1392317638073643E+03   0.1361199691454515E+03   0.1325070632888534E+03   0.1283781488224543E+03   0.1237186661140587E+03   0.1185448133264688E+03   0.1129275467035192E+03   0.1070040427435824E+03   0.1009729273745969E+03   0.9507384266187267E+02   0.8955476743974046E+02   0.8463374887882671E+02   0.8046305195252360E+02   0.7710332418371557E+02   0.7451360093095492E+02   0.7255972625240160E+02   0.7103958287120217E+02   0.6971976181435221E+02   0.6837615057054286E+02   0.6683022624400203E+02   0.6497506124615289E+02   0.6278772193949817E+02   0.6032754701563512E+02   0.5772202353553918E+02   0.5514328466577641E+02   0.5277713759549387E+02   0.5078887918646379E+02   0.4928999911574605E+02   0.4831257403704240E+02
  0.1001842047062220E-02   0.1004349138319240E-02   0.1010047567332720E-02   0.1012714067603300E-02   0.1040249032508830E-02   0.1078788740580788E-02   0.1200510548513784E-02   0.1448055445692871E-02   0.1930464059774259E-02   0.2868549756448864E-02   0.4662083944837567E-02   0.8037406603230364E-02   0.1422234800465045E-01   0.2523561716043282E-01   0.4444951346038787E-01   0.7723657284452408E-01   0.1320200980309777E+00   0.2215816919808315E+00   0.3649009039700738E+00   0.5894270036246682E+00   0.9337747419578276E+00   0.1450890016256757E+01   0.2211335941069062E+01   0.3306468340437115E+01   0.4851052585303803E+01   0.6984519988625892E+01   0.9870479485351229E+01   0.1369349440876826E+02   0.1865228401789420E+02   0.2494915171827506E+02   0.3277535176169356E+02   0.4229271602169204E+02   0.5361271048250112E+02   0.6677492266860382E+02   0.8172689674470554E+02   0.9830909701459727E+02   0.1162474653711622E+03   0.1351565017030114E+03   0.1545544282501578E+03   0.1738903958238276E+03   0.1925821613551207E+03   0.2100602390491140E+03   0.2258129359229683E+03   0.2394268891451029E+03   0.2506164048044226E+03   0.2592378824511888E+03   0.2652874618114645E+03   0.2688828823079061E+03   0.2702335530547446E+03   0.2696048394503921E+03   0.2672832037209359E+03   0.2635478841775023E+03   0.2586531683442915E+03   0.2528219254974619E+03   0.2462490959809498E+03   0.2391109544916063E+03   0.2315757803948630E+03   0.2238115354290539E+03   0.2159875795342797E+03   0.2082697798017533E+03   0.2008099761671820E+03   0.1937324666145230E+03   0.1871213366667033E+03   0.1810118071353888E+03   0.1753885434735983E+03   0.1701921354973886E+03   0.1653336218775671E+03   0.1607145699765852E+03   0.1562496300388700E+03   0.1518869816391641E+03   0.1476224631327744E+03   0.1435042162647201E+03   0.1396266295445567E+03   0.1361142800018056E+03   0.1330991747673191E+03   0.1306955903544709E+03   0.1289774764951860E+03   0.1279624104746769E+03   0.1276050098430418E+03   0.1278003236851017E+03   0.1283963730842002E+03   0.1292129857867359E+03   0.1300637339932518E+03   0.1307763124370925E+03   0.1312080348581651E+03   0.1312532529264043E+03   0.1308420918839094E+03   0.1299324718947087E+03   0.1284995556980809E+03   0.1265285337018973E+03   0.1240153712351431E+03   0.1209772287796811E+03   0.1174693568399508E+03   0.1136014338771301E+03   0.1095442825152047E+03   0.1055201891405409E+03   0.1017754549054595E+03   0.9854061568363413E+02   0.9598897062154933E+02   0.9420504026146875E+02   0.9317150781225052E+02
  0.3551488216080770E+01   0.5282725226847242E+01   0.7719691419159988E+01   0.1108324705310067E+02   0.1563508790290948E+02   0.2167418069467842E+02   0.2952866905895119E+02   0.3954206400041299E+02   0.5205382182194856E+02   0.6737434602399807E+02   0.8575633857499038E+02   0.1073641298122947E+03   0.1322448316287868E+03   0.1603040594157167E+03   0.1912907976400055E+03   0.2247940030650352E+03   0.2602533751500004E+03   0.2969846041392183E+03   0.3342178920522003E+03   0.3711461182663947E+03   0.4069776609924674E+03   0.4409877058692723E+03   0.4725621507073571E+03   0.5012286929964287E+03   0.5266717220993399E+03   0.5487299282773218E+03   0.5673785718992040E+03   0.5826998421082761E+03   0.5948470850323987E+03   0.6040085555276268E+03   0.6103762857362329E+03   0.6141238745809831E+03   0.6153952123718528E+03   0.6143042412319199E+03   0.6109439294521420E+03   0.6054019319564967E+03   0.5977795718258751E+03   0.5882113114155354E+03   0.5768817566078841E+03   0.5640381584919033E+03   0.5499962109328720E+03   0.5351370523342748E+03   0.5198943276981155E+03   0.5047299647764232E+03   0.4900995200987551E+03   0.4764091005152611E+03   0.4639686212225606E+03   0.4529482255476961E+03   0.4433454299101902E+03   0.4349709536184784E+03   0.4274589106433466E+03   0.4203032802764455E+03   0.4129185850643468E+03   0.4047173657271319E+03   0.3951934754404899E+03   0.3839984893530989E+03   0.3709986061800748E+03   0.3563023595522070E+03   0.3402540012525355E+03   0.3233926718693780E+03   0.3063832522248629E+03   0.2899286369864753E+03   0.2746763515151645E+03   0.2611327300026804E+03   0.2495970600862381E+03   0.2401247124080472E+03   0.2325244653567727E+03   0.2263899066570904E+03   0.2211601678290728E+03   0.2162009747909356E+03   0.2108941350734526E+03   0.2047225926144799E+03   0.1973395834167134E+03   0.1886129553562530E+03   0.1786400062440039E+03   0.1677322146577384E+03   0.1563734011985780E+03   0.1451572259930978E+03   0.1347118537268526E+03   0.1256201907438694E+03   0.1183443617322097E+03   0.1131627024803445E+03   0.1101275483458253E+03   0.1090504219833363E+03   0.1095188294901121E+03   0.1109450711865768E+03   0.1126417930483494E+03   0.1139143971351594E+03   0.1141553592593596E+03   0.1129248874587089E+03   0.1100042294596425E+03   0.1054131433907782E+03   0.9939100298399265E+02   0.9234800289391791E+02   0.8479853061352780E+02   0.7729010853223507E+02   0.7033964088667564E+02   0.6438376975141723E+02   0.5974501023345584E+02   0.5661129278171581E+02   0.5502495027433763E+02
