     1       2.00000000      -0.00268328      -0.00089443
     2       2.00000000      -0.00178885      -0.00134164
     3       2.00000000      -0.00089443      -0.00178885
     4       2.00000000      -0.00000000      -0.00223607
     5       2.00000000       0.00089443      -0.00268328
     6       2.00000000      -0.00223607       0.00000000
     7       2.00000000      -0.00134164      -0.00044721
     8       2.00000000      -0.00044721      -0.00089443
     9       2.00000000       0.00044721      -0.00134164
    10       2.00000000       0.00134164      -0.00178885
    11       2.00000000      -0.00178885       0.00089443
    12       2.00000000      -0.00089443       0.00044721
    13       2.00000000       0.00000000       0.00000000
    14       2.00000000       0.00089443      -0.00044721
    15       2.00000000       0.00178885      -0.00089443
    16       2.00000000      -0.00134164       0.00178885
    17       2.00000000      -0.00044721       0.00134164
    18       2.00000000       0.00044721       0.00089443
    19       2.00000000       0.00134164       0.00044721
    20       2.00000000       0.00223607      -0.00000000
    21       2.00000000      -0.00089443       0.00268328
    22       2.00000000       0.00000000       0.00223607
    23       2.00000000       0.00089443       0.00178885
    24       2.00000000       0.00178885       0.00134164
    25       2.00000000       0.00268328       0.00089443
    26       2.00500000      -0.00268328      -0.00089443
    27       2.00500000      -0.00178885      -0.00134164
    28       2.00500000      -0.00089443      -0.00178885
    29       2.00500000      -0.00000000      -0.00223607
    30       2.00500000       0.00089443      -0.00268328
    31       2.00500000      -0.00223607       0.00000000
    32       2.00500000      -0.00134164      -0.00044721
    33       2.00500000      -0.00044721      -0.00089443
    34       2.00500000       0.00044721      -0.00134164
    35       2.00500000       0.00134164      -0.00178885
    36       2.00500000      -0.00178885       0.00089443
    37       2.00500000      -0.00089443       0.00044721
    38       2.00500000       0.00000000       0.00000000
    39       2.00500000       0.00089443      -0.00044721
    40       2.00500000       0.00178885      -0.00089443
    41       2.00500000      -0.00134164       0.00178885
    42       2.00500000      -0.00044721       0.00134164
    43       2.00500000       0.00044721       0.00089443
    44       2.00500000       0.00134164       0.00044721
    45       2.00500000       0.00223607      -0.00000000
    46       2.00500000      -0.00089443       0.00268328
    47       2.00500000       0.00000000       0.00223607
    48       2.00500000       0.00089443       0.00178885
    49       2.00500000       0.00178885       0.00134164
    50       2.00500000       0.00268328       0.00089443
    51       2.01000000      -0.00268328      -0.00089443
    52       2.01000000      -0.00178885      -0.00134164
    53       2.01000000      -0.00089443      -0.00178885
    54       2.01000000      -0.00000000      -0.00223607
    55       2.01000000       0.00089443      -0.00268328
    56       2.01000000      -0.00223607       0.00000000
    57       2.01000000      -0.00134164      -0.00044721
    58       2.01000000      -0.00044721      -0.00089443
    59       2.01000000       0.00044721      -0.00134164
    60       2.01000000       0.00134164      -0.00178885
    61       2.01000000      -0.00178885       0.00089443
    62       2.01000000      -0.00089443       0.00044721
    63       2.01000000       0.00000000       0.00000000
    64       2.01000000       0.00089443      -0.00044721
    65       2.01000000       0.00178885      -0.00089443
    66       2.01000000      -0.00134164       0.00178885
    67       2.01000000      -0.00044721       0.00134164
    68       2.01000000       0.00044721       0.00089443
    69       2.01000000       0.00134164       0.00044721
    70       2.01000000       0.00223607      -0.00000000
    71       2.01000000      -0.00089443       0.00268328
    72       2.01000000       0.00000000       0.00223607
    73       2.01000000       0.00089443       0.00178885
    74       2.01000000       0.00178885       0.00134164
    75       2.01000000       0.00268328       0.00089443
    76       2.01500000      -0.00268328      -0.00089443
    77       2.01500000      -0.00178885      -0.00134164
    78       2.01500000      -0.00089443      -0.00178885
    79       2.01500000      -0.00000000      -0.00223607
    80       2.01500000       0.00089443      -0.00268328
    81       2.01500000      -0.00223607       0.00000000
    82       2.01500000      -0.00134164      -0.00044721
    83       2.01500000      -0.00044721      -0.00089443
    84       2.01500000       0.00044721      -0.00134164
    85       2.01500000       0.00134164      -0.00178885
    86       2.01500000      -0.00178885       0.00089443
    87       2.01500000      -0.00089443       0.00044721
    88       2.01500000       0.00000000       0.00000000
    89       2.01500000       0.00089443      -0.00044721
    90       2.01500000       0.00178885      -0.00089443
    91       2.01500000      -0.00134164       0.00178885
    92       2.01500000      -0.00044721       0.00134164
    93       2.01500000       0.00044721       0.00089443
    94       2.01500000       0.00134164       0.00044721
    95       2.01500000       0.00223607      -0.00000000
    96       2.01500000      -0.00089443       0.00268328
    97       2.01500000       0.00000000       0.00223607
    98       2.01500000       0.00089443       0.00178885
    99       2.01500000       0.00178885       0.00134164
   100       2.01500000       0.00268328       0.00089443
   101       2.02000000      -0.00268328      -0.00089443
   102       2.02000000      -0.00178885      -0.00134164
   103       2.02000000      -0.00089443      -0.00178885
   104       2.02000000      -0.00000000      -0.00223607
   105       2.02000000       0.00089443      -0.00268328
   106       2.02000000      -0.00223607       0.00000000
   107       2.02000000      -0.00134164      -0.00044721
   108       2.02000000      -0.00044721      -0.00089443
   109       2.02000000       0.00044721      -0.00134164
   110       2.02000000       0.00134164      -0.00178885
   111       2.02000000      -0.00178885       0.00089443
   112       2.02000000      -0.00089443       0.00044721
   113       2.02000000       0.00000000       0.00000000
   114       2.02000000       0.00089443      -0.00044721
   115       2.02000000       0.00178885      -0.00089443
   116       2.02000000      -0.00134164       0.00178885
   117       2.02000000      -0.00044721       0.00134164
   118       2.02000000       0.00044721       0.00089443
   119       2.02000000       0.00134164       0.00044721
   120       2.02000000       0.00223607      -0.00000000
   121       2.02000000      -0.00089443       0.00268328
   122       2.02000000       0.00000000       0.00223607
   123       2.02000000       0.00089443       0.00178885
   124       2.02000000       0.00178885       0.00134164
   125       2.02000000       0.00268328       0.00089443
   126       2.02500000      -0.00268328      -0.00089443
   127       2.02500000      -0.00178885      -0.00134164
   128       2.02500000      -0.00089443      -0.00178885
   129       2.02500000      -0.00000000      -0.00223607
   130       2.02500000       0.00089443      -0.00268328
   131       2.02500000      -0.00223607       0.00000000
   132       2.02500000      -0.00134164      -0.00044721
   133       2.02500000      -0.00044721      -0.00089443
   134       2.02500000       0.00044721      -0.00134164
   135       2.02500000       0.00134164      -0.00178885
   136       2.02500000      -0.00178885       0.00089443
   137       2.02500000      -0.00089443       0.00044721
   138       2.02500000       0.00000000       0.00000000
   139       2.02500000       0.00089443      -0.00044721
   140       2.02500000       0.00178885      -0.00089443
   141       2.02500000      -0.00134164       0.00178885
   142       2.02500000      -0.00044721       0.00134164
   143       2.02500000       0.00044721       0.00089443
   144       2.02500000       0.00134164       0.00044721
   145       2.02500000       0.00223607      -0.00000000
   146       2.02500000      -0.00089443       0.00268328
   147       2.02500000       0.00000000       0.00223607
   148       2.02500000       0.00089443       0.00178885
   149       2.02500000       0.00178885       0.00134164
   150       2.02500000       0.00268328       0.00089443
   151       2.03000000      -0.00268328      -0.00089443
   152       2.03000000      -0.00178885      -0.00134164
   153       2.03000000      -0.00089443      -0.00178885
   154       2.03000000      -0.00000000      -0.00223607
   155       2.03000000       0.00089443      -0.00268328
   156       2.03000000      -0.00223607       0.00000000
   157       2.03000000      -0.00134164      -0.00044721
   158       2.03000000      -0.00044721      -0.00089443
   159       2.03000000       0.00044721      -0.00134164
   160       2.03000000       0.00134164      -0.00178885
   161       2.03000000      -0.00178885       0.00089443
   162       2.03000000      -0.00089443       0.00044721
   163       2.03000000       0.00000000       0.00000000
   164       2.03000000       0.00089443      -0.00044721
   165       2.03000000       0.00178885      -0.00089443
   166       2.03000000      -0.00134164       0.00178885
   167       2.03000000      -0.00044721       0.00134164
   168       2.03000000       0.00044721       0.00089443
   169       2.03000000       0.00134164       0.00044721
   170       2.03000000       0.00223607      -0.00000000
   171       2.03000000      -0.00089443       0.00268328
   172       2.03000000       0.00000000       0.00223607
   173       2.03000000       0.00089443       0.00178885
   174       2.03000000       0.00178885       0.00134164
   175       2.03000000       0.00268328       0.00089443
   176       2.03500000      -0.00268328      -0.00089443
   177       2.03500000      -0.00178885      -0.00134164
   178       2.03500000      -0.00089443      -0.00178885
   179       2.03500000      -0.00000000      -0.00223607
   180       2.03500000       0.00089443      -0.00268328
   181       2.03500000      -0.00223607       0.00000000
   182       2.03500000      -0.00134164      -0.00044721
   183       2.03500000      -0.00044721      -0.00089443
   184       2.03500000       0.00044721      -0.00134164
   185       2.03500000       0.00134164      -0.00178885
   186       2.03500000      -0.00178885       0.00089443
   187       2.03500000      -0.00089443       0.00044721
   188       2.03500000       0.00000000       0.00000000
   189       2.03500000       0.00089443      -0.00044721
   190       2.03500000       0.00178885      -0.00089443
   191       2.03500000      -0.00134164       0.00178885
   192       2.03500000      -0.00044721       0.00134164
   193       2.03500000       0.00044721       0.00089443
   194       2.03500000       0.00134164       0.00044721
   195       2.03500000       0.00223607      -0.00000000
   196       2.03500000      -0.00089443       0.00268328
   197       2.03500000       0.00000000       0.00223607
   198       2.03500000       0.00089443       0.00178885
   199       2.03500000       0.00178885       0.00134164
   200       2.03500000       0.00268328       0.00089443
   201       2.04000000      -0.00268328      -0.00089443
   202       2.04000000      -0.00178885      -0.00134164
   203       2.04000000      -0.00089443      -0.00178885
   204       2.04000000      -0.00000000      -0.00223607
   205       2.04000000       0.00089443      -0.00268328
   206       2.04000000      -0.00223607       0.00000000
   207       2.04000000      -0.00134164      -0.00044721
   208       2.04000000      -0.00044721      -0.00089443
   209       2.04000000       0.00044721      -0.00134164
   210       2.04000000       0.00134164      -0.00178885
   211       2.04000000      -0.00178885       0.00089443
   212       2.04000000      -0.00089443       0.00044721
   213       2.04000000       0.00000000       0.00000000
   214       2.04000000       0.00089443      -0.00044721
   215       2.04000000       0.00178885      -0.00089443
   216       2.04000000      -0.00134164       0.00178885
   217       2.04000000      -0.00044721       0.00134164
   218       2.04000000       0.00044721       0.00089443
   219       2.04000000       0.00134164       0.00044721
   220       2.04000000       0.00223607      -0.00000000
   221       2.04000000      -0.00089443       0.00268328
   222       2.04000000       0.00000000       0.00223607
   223       2.04000000       0.00089443       0.00178885
   224       2.04000000       0.00178885       0.00134164
   225       2.04000000       0.00268328       0.00089443
   226       2.04500000      -0.00268328      -0.00089443
   227       2.04500000      -0.00178885      -0.00134164
   228       2.04500000      -0.00089443      -0.00178885
   229       2.04500000      -0.00000000      -0.00223607
   230       2.04500000       0.00089443      -0.00268328
   231       2.04500000      -0.00223607       0.00000000
   232       2.04500000      -0.00134164      -0.00044721
   233       2.04500000      -0.00044721      -0.00089443
   234       2.04500000       0.00044721      -0.00134164
   235       2.04500000       0.00134164      -0.00178885
   236       2.04500000      -0.00178885       0.00089443
   237       2.04500000      -0.00089443       0.00044721
   238       2.04500000       0.00000000       0.00000000
   239       2.04500000       0.00089443      -0.00044721
   240       2.04500000       0.00178885      -0.00089443
   241       2.04500000      -0.00134164       0.00178885
   242       2.04500000      -0.00044721       0.00134164
   243       2.04500000       0.00044721       0.00089443
   244       2.04500000       0.00134164       0.00044721
   245       2.04500000       0.00223607      -0.00000000
   246       2.04500000      -0.00089443       0.00268328
   247       2.04500000       0.00000000       0.00223607
   248       2.04500000       0.00089443       0.00178885
   249       2.04500000       0.00178885       0.00134164
   250       2.04500000       0.00268328       0.00089443
   251       2.05000000      -0.00268328      -0.00089443
   252       2.05000000      -0.00178885      -0.00134164
   253       2.05000000      -0.00089443      -0.00178885
   254       2.05000000      -0.00000000      -0.00223607
   255       2.05000000       0.00089443      -0.00268328
   256       2.05000000      -0.00223607       0.00000000
   257       2.05000000      -0.00134164      -0.00044721
   258       2.05000000      -0.00044721      -0.00089443
   259       2.05000000       0.00044721      -0.00134164
   260       2.05000000       0.00134164      -0.00178885
   261       2.05000000      -0.00178885       0.00089443
   262       2.05000000      -0.00089443       0.00044721
   263       2.05000000       0.00000000       0.00000000
   264       2.05000000       0.00089443      -0.00044721
   265       2.05000000       0.00178885      -0.00089443
   266       2.05000000      -0.00134164       0.00178885
   267       2.05000000      -0.00044721       0.00134164
   268       2.05000000       0.00044721       0.00089443
   269       2.05000000       0.00134164       0.00044721
   270       2.05000000       0.00223607      -0.00000000
   271       2.05000000      -0.00089443       0.00268328
   272       2.05000000       0.00000000       0.00223607
   273       2.05000000       0.00089443       0.00178885
   274       2.05000000       0.00178885       0.00134164
   275       2.05000000       0.00268328       0.00089443
   276       2.05500000      -0.00268328      -0.00089443
   277       2.05500000      -0.00178885      -0.00134164
   278       2.05500000      -0.00089443      -0.00178885
   279       2.05500000      -0.00000000      -0.00223607
   280       2.05500000       0.00089443      -0.00268328
   281       2.05500000      -0.00223607       0.00000000
   282       2.05500000      -0.00134164      -0.00044721
   283       2.05500000      -0.00044721      -0.00089443
   284       2.05500000       0.00044721      -0.00134164
   285       2.05500000       0.00134164      -0.00178885
   286       2.05500000      -0.00178885       0.00089443
   287       2.05500000      -0.00089443       0.00044721
   288       2.05500000       0.00000000       0.00000000
   289       2.05500000       0.00089443      -0.00044721
   290       2.05500000       0.00178885      -0.00089443
   291       2.05500000      -0.00134164       0.00178885
   292       2.05500000      -0.00044721       0.00134164
   293       2.05500000       0.00044721       0.00089443
   294       2.05500000       0.00134164       0.00044721
   295       2.05500000       0.00223607      -0.00000000
   296       2.05500000      -0.00089443       0.00268328
   297       2.05500000       0.00000000       0.00223607
   298       2.05500000       0.00089443       0.00178885
   299       2.05500000       0.00178885       0.00134164
   300       2.05500000       0.00268328       0.00089443
   301       2.06000000      -0.00268328      -0.00089443
   302       2.06000000      -0.00178885      -0.00134164
   303       2.06000000      -0.00089443      -0.00178885
   304       2.06000000      -0.00000000      -0.00223607
   305       2.06000000       0.00089443      -0.00268328
   306       2.06000000      -0.00223607       0.00000000
   307       2.06000000      -0.00134164      -0.00044721
   308       2.06000000      -0.00044721      -0.00089443
   309       2.06000000       0.00044721      -0.00134164
   310       2.06000000       0.00134164      -0.00178885
   311       2.06000000      -0.00178885       0.00089443
   312       2.06000000      -0.00089443       0.00044721
   313       2.06000000       0.00000000       0.00000000
   314       2.06000000       0.00089443      -0.00044721
   315       2.06000000       0.00178885      -0.00089443
   316       2.06000000      -0.00134164       0.00178885
   317       2.06000000      -0.00044721       0.00134164
   318       2.06000000       0.00044721       0.00089443
   319       2.06000000       0.00134164       0.00044721
   320       2.06000000       0.00223607      -0.00000000
   321       2.06000000      -0.00089443       0.00268328
   322       2.06000000       0.00000000       0.00223607
   323       2.06000000       0.00089443       0.00178885
   324       2.06000000       0.00178885       0.00134164
   325       2.06000000       0.00268328       0.00089443
   326       2.06500000      -0.00268328      -0.00089443
   327       2.06500000      -0.00178885      -0.00134164
   328       2.06500000      -0.00089443      -0.00178885
   329       2.06500000      -0.00000000      -0.00223607
   330       2.06500000       0.00089443      -0.00268328
   331       2.06500000      -0.00223607       0.00000000
   332       2.06500000      -0.00134164      -0.00044721
   333       2.06500000      -0.00044721      -0.00089443
   334       2.06500000       0.00044721      -0.00134164
   335       2.06500000       0.00134164      -0.00178885
   336       2.06500000      -0.00178885       0.00089443
   337       2.06500000      -0.00089443       0.00044721
   338       2.06500000       0.00000000       0.00000000
   339       2.06500000       0.00089443      -0.00044721
   340       2.06500000       0.00178885      -0.00089443
   341       2.06500000      -0.00134164       0.00178885
   342       2.06500000      -0.00044721       0.00134164
   343       2.06500000       0.00044721       0.00089443
   344       2.06500000       0.00134164       0.00044721
   345       2.06500000       0.00223607      -0.00000000
   346       2.06500000      -0.00089443       0.00268328
   347       2.06500000       0.00000000       0.00223607
   348       2.06500000       0.00089443       0.00178885
   349       2.06500000       0.00178885       0.00134164
   350       2.06500000       0.00268328       0.00089443
   351       2.07000000      -0.00268328      -0.00089443
   352       2.07000000      -0.00178885      -0.00134164
   353       2.07000000      -0.00089443      -0.00178885
   354       2.07000000      -0.00000000      -0.00223607
   355       2.07000000       0.00089443      -0.00268328
   356       2.07000000      -0.00223607       0.00000000
   357       2.07000000      -0.00134164      -0.00044721
   358       2.07000000      -0.00044721      -0.00089443
   359       2.07000000       0.00044721      -0.00134164
   360       2.07000000       0.00134164      -0.00178885
   361       2.07000000      -0.00178885       0.00089443
   362       2.07000000      -0.00089443       0.00044721
   363       2.07000000       0.00000000       0.00000000
   364       2.07000000       0.00089443      -0.00044721
   365       2.07000000       0.00178885      -0.00089443
   366       2.07000000      -0.00134164       0.00178885
   367       2.07000000      -0.00044721       0.00134164
   368       2.07000000       0.00044721       0.00089443
   369       2.07000000       0.00134164       0.00044721
   370       2.07000000       0.00223607      -0.00000000
   371       2.07000000      -0.00089443       0.00268328
   372       2.07000000       0.00000000       0.00223607
   373       2.07000000       0.00089443       0.00178885
   374       2.07000000       0.00178885       0.00134164
   375       2.07000000       0.00268328       0.00089443
   376       2.07500000      -0.00268328      -0.00089443
   377       2.07500000      -0.00178885      -0.00134164
   378       2.07500000      -0.00089443      -0.00178885
   379       2.07500000      -0.00000000      -0.00223607
   380       2.07500000       0.00089443      -0.00268328
   381       2.07500000      -0.00223607       0.00000000
   382       2.07500000      -0.00134164      -0.00044721
   383       2.07500000      -0.00044721      -0.00089443
   384       2.07500000       0.00044721      -0.00134164
   385       2.07500000       0.00134164      -0.00178885
   386       2.07500000      -0.00178885       0.00089443
   387       2.07500000      -0.00089443       0.00044721
   388       2.07500000       0.00000000       0.00000000
   389       2.07500000       0.00089443      -0.00044721
   390       2.07500000       0.00178885      -0.00089443
   391       2.07500000      -0.00134164       0.00178885
   392       2.07500000      -0.00044721       0.00134164
   393       2.07500000       0.00044721       0.00089443
   394       2.07500000       0.00134164       0.00044721
   395       2.07500000       0.00223607      -0.00000000
   396       2.07500000      -0.00089443       0.00268328
   397       2.07500000       0.00000000       0.00223607
   398       2.07500000       0.00089443       0.00178885
   399       2.07500000       0.00178885       0.00134164
   400       2.07500000       0.00268328       0.00089443
   401       2.08000000      -0.00268328      -0.00089443
   402       2.08000000      -0.00178885      -0.00134164
   403       2.08000000      -0.00089443      -0.00178885
   404       2.08000000      -0.00000000      -0.00223607
   405       2.08000000       0.00089443      -0.00268328
   406       2.08000000      -0.00223607       0.00000000
   407       2.08000000      -0.00134164      -0.00044721
   408       2.08000000      -0.00044721      -0.00089443
   409       2.08000000       0.00044721      -0.00134164
   410       2.08000000       0.00134164      -0.00178885
   411       2.08000000      -0.00178885       0.00089443
   412       2.08000000      -0.00089443       0.00044721
   413       2.08000000       0.00000000       0.00000000
   414       2.08000000       0.00089443      -0.00044721
   415       2.08000000       0.00178885      -0.00089443
   416       2.08000000      -0.00134164       0.00178885
   417       2.08000000      -0.00044721       0.00134164
   418       2.08000000       0.00044721       0.00089443
   419       2.08000000       0.00134164       0.00044721
   420       2.08000000       0.00223607      -0.00000000
   421       2.08000000      -0.00089443       0.00268328
   422       2.08000000       0.00000000       0.00223607
   423       2.08000000       0.00089443       0.00178885
   424       2.08000000       0.00178885       0.00134164
   425       2.08000000       0.00268328       0.00089443
   426       2.08500000      -0.00268328      -0.00089443
   427       2.08500000      -0.00178885      -0.00134164
   428       2.08500000      -0.00089443      -0.00178885
   429       2.08500000      -0.00000000      -0.00223607
   430       2.08500000       0.00089443      -0.00268328
   431       2.08500000      -0.00223607       0.00000000
   432       2.08500000      -0.00134164      -0.00044721
   433       2.08500000      -0.00044721      -0.00089443
   434       2.08500000       0.00044721      -0.00134164
   435       2.08500000       0.00134164      -0.00178885
   436       2.08500000      -0.00178885       0.00089443
   437       2.08500000      -0.00089443       0.00044721
   438       2.08500000       0.00000000       0.00000000
   439       2.08500000       0.00089443      -0.00044721
   440       2.08500000       0.00178885      -0.00089443
   441       2.08500000      -0.00134164       0.00178885
   442       2.08500000      -0.00044721       0.00134164
   443       2.08500000       0.00044721       0.00089443
   444       2.08500000       0.00134164       0.00044721
   445       2.08500000       0.00223607      -0.00000000
   446       2.08500000      -0.00089443       0.00268328
   447       2.08500000       0.00000000       0.00223607
   448       2.08500000       0.00089443       0.00178885
   449       2.08500000       0.00178885       0.00134164
   450       2.08500000       0.00268328       0.00089443
   451       2.09000000      -0.00268328      -0.00089443
   452       2.09000000      -0.00178885      -0.00134164
   453       2.09000000      -0.00089443      -0.00178885
   454       2.09000000      -0.00000000      -0.00223607
   455       2.09000000       0.00089443      -0.00268328
   456       2.09000000      -0.00223607       0.00000000
   457       2.09000000      -0.00134164      -0.00044721
   458       2.09000000      -0.00044721      -0.00089443
   459       2.09000000       0.00044721      -0.00134164
   460       2.09000000       0.00134164      -0.00178885
   461       2.09000000      -0.00178885       0.00089443
   462       2.09000000      -0.00089443       0.00044721
   463       2.09000000       0.00000000       0.00000000
   464       2.09000000       0.00089443      -0.00044721
   465       2.09000000       0.00178885      -0.00089443
   466       2.09000000      -0.00134164       0.00178885
   467       2.09000000      -0.00044721       0.00134164
   468       2.09000000       0.00044721       0.00089443
   469       2.09000000       0.00134164       0.00044721
   470       2.09000000       0.00223607      -0.00000000
   471       2.09000000      -0.00089443       0.00268328
   472       2.09000000       0.00000000       0.00223607
   473       2.09000000       0.00089443       0.00178885
   474       2.09000000       0.00178885       0.00134164
   475       2.09000000       0.00268328       0.00089443
   476       2.09500000      -0.00268328      -0.00089443
   477       2.09500000      -0.00178885      -0.00134164
   478       2.09500000      -0.00089443      -0.00178885
   479       2.09500000      -0.00000000      -0.00223607
   480       2.09500000       0.00089443      -0.00268328
   481       2.09500000      -0.00223607       0.00000000
   482       2.09500000      -0.00134164      -0.00044721
   483       2.09500000      -0.00044721      -0.00089443
   484       2.09500000       0.00044721      -0.00134164
   485       2.09500000       0.00134164      -0.00178885
   486       2.09500000      -0.00178885       0.00089443
   487       2.09500000      -0.00089443       0.00044721
   488       2.09500000       0.00000000       0.00000000
   489       2.09500000       0.00089443      -0.00044721
   490       2.09500000       0.00178885      -0.00089443
   491       2.09500000      -0.00134164       0.00178885
   492       2.09500000      -0.00044721       0.00134164
   493       2.09500000       0.00044721       0.00089443
   494       2.09500000       0.00134164       0.00044721
   495       2.09500000       0.00223607      -0.00000000
   496       2.09500000      -0.00089443       0.00268328
   497       2.09500000       0.00000000       0.00223607
   498       2.09500000       0.00089443       0.00178885
   499       2.09500000       0.00178885       0.00134164
   500       2.09500000       0.00268328       0.00089443
   501       2.10000000      -0.00268328      -0.00089443
   502       2.10000000      -0.00178885      -0.00134164
   503       2.10000000      -0.00089443      -0.00178885
   504       2.10000000      -0.00000000      -0.00223607
   505       2.10000000       0.00089443      -0.00268328
   506       2.10000000      -0.00223607       0.00000000
   507       2.10000000      -0.00134164      -0.00044721
   508       2.10000000      -0.00044721      -0.00089443
   509       2.10000000       0.00044721      -0.00134164
   510       2.10000000       0.00134164      -0.00178885
   511       2.10000000      -0.00178885       0.00089443
   512       2.10000000      -0.00089443       0.00044721
   513       2.10000000       0.00000000       0.00000000
   514       2.10000000       0.00089443      -0.00044721
   515       2.10000000       0.00178885      -0.00089443
   516       2.10000000      -0.00134164       0.00178885
   517       2.10000000      -0.00044721       0.00134164
   518       2.10000000       0.00044721       0.00089443
   519       2.10000000       0.00134164       0.00044721
   520       2.10000000       0.00223607      -0.00000000
   521       2.10000000      -0.00089443       0.00268328
   522       2.10000000       0.00000000       0.00223607
   523       2.10000000       0.00089443       0.00178885
   524       2.10000000       0.00178885       0.00134164
   525       2.10000000       0.00268328       0.00089443
   526       2.10500000      -0.00268328      -0.00089443
   527       2.10500000      -0.00178885      -0.00134164
   528       2.10500000      -0.00089443      -0.00178885
   529       2.10500000      -0.00000000      -0.00223607
   530       2.10500000       0.00089443      -0.00268328
   531       2.10500000      -0.00223607       0.00000000
   532       2.10500000      -0.00134164      -0.00044721
   533       2.10500000      -0.00044721      -0.00089443
   534       2.10500000       0.00044721      -0.00134164
   535       2.10500000       0.00134164      -0.00178885
   536       2.10500000      -0.00178885       0.00089443
   537       2.10500000      -0.00089443       0.00044721
   538       2.10500000       0.00000000       0.00000000
   539       2.10500000       0.00089443      -0.00044721
   540       2.10500000       0.00178885      -0.00089443
   541       2.10500000      -0.00134164       0.00178885
   542       2.10500000      -0.00044721       0.00134164
   543       2.10500000       0.00044721       0.00089443
   544       2.10500000       0.00134164       0.00044721
   545       2.10500000       0.00223607      -0.00000000
   546       2.10500000      -0.00089443       0.00268328
   547       2.10500000       0.00000000       0.00223607
   548       2.10500000       0.00089443       0.00178885
   549       2.10500000       0.00178885       0.00134164
   550       2.10500000       0.00268328       0.00089443
   551       2.11000000      -0.00268328      -0.00089443
   552       2.11000000      -0.00178885      -0.00134164
   553       2.11000000      -0.00089443      -0.00178885
   554       2.11000000      -0.00000000      -0.00223607
   555       2.11000000       0.00089443      -0.00268328
   556       2.11000000      -0.00223607       0.00000000
   557       2.11000000      -0.00134164      -0.00044721
   558       2.11000000      -0.00044721      -0.00089443
   559       2.11000000       0.00044721      -0.00134164
   560       2.11000000       0.00134164      -0.00178885
   561       2.11000000      -0.00178885       0.00089443
   562       2.11000000      -0.00089443       0.00044721
   563       2.11000000       0.00000000       0.00000000
   564       2.11000000       0.00089443      -0.00044721
   565       2.11000000       0.00178885      -0.00089443
   566       2.11000000      -0.00134164       0.00178885
   567       2.11000000      -0.00044721       0.00134164
   568       2.11000000       0.00044721       0.00089443
   569       2.11000000       0.00134164       0.00044721
   570       2.11000000       0.00223607      -0.00000000
   571       2.11000000      -0.00089443       0.00268328
   572       2.11000000       0.00000000       0.00223607
   573       2.11000000       0.00089443       0.00178885
   574       2.11000000       0.00178885       0.00134164
   575       2.11000000       0.00268328       0.00089443
   576       2.11500000      -0.00268328      -0.00089443
   577       2.11500000      -0.00178885      -0.00134164
   578       2.11500000      -0.00089443      -0.00178885
   579       2.11500000      -0.00000000      -0.00223607
   580       2.11500000       0.00089443      -0.00268328
   581       2.11500000      -0.00223607       0.00000000
   582       2.11500000      -0.00134164      -0.00044721
   583       2.11500000      -0.00044721      -0.00089443
   584       2.11500000       0.00044721      -0.00134164
   585       2.11500000       0.00134164      -0.00178885
   586       2.11500000      -0.00178885       0.00089443
   587       2.11500000      -0.00089443       0.00044721
   588       2.11500000       0.00000000       0.00000000
   589       2.11500000       0.00089443      -0.00044721
   590       2.11500000       0.00178885      -0.00089443
   591       2.11500000      -0.00134164       0.00178885
   592       2.11500000      -0.00044721       0.00134164
   593       2.11500000       0.00044721       0.00089443
   594       2.11500000       0.00134164       0.00044721
   595       2.11500000       0.00223607      -0.00000000
   596       2.11500000      -0.00089443       0.00268328
   597       2.11500000       0.00000000       0.00223607
   598       2.11500000       0.00089443       0.00178885
   599       2.11500000       0.00178885       0.00134164
   600       2.11500000       0.00268328       0.00089443
   601       2.12000000      -0.00268328      -0.00089443
   602       2.12000000      -0.00178885      -0.00134164
   603       2.12000000      -0.00089443      -0.00178885
   604       2.12000000      -0.00000000      -0.00223607
   605       2.12000000       0.00089443      -0.00268328
   606       2.12000000      -0.00223607       0.00000000
   607       2.12000000      -0.00134164      -0.00044721
   608       2.12000000      -0.00044721      -0.00089443
   609       2.12000000       0.00044721      -0.00134164
   610       2.12000000       0.00134164      -0.00178885
   611       2.12000000      -0.00178885       0.00089443
   612       2.12000000      -0.00089443       0.00044721
   613       2.12000000       0.00000000       0.00000000
   614       2.12000000       0.00089443      -0.00044721
   615       2.12000000       0.00178885      -0.00089443
   616       2.12000000      -0.00134164       0.00178885
   617       2.12000000      -0.00044721       0.00134164
   618       2.12000000       0.00044721       0.00089443
   619       2.12000000       0.00134164       0.00044721
   620       2.12000000       0.00223607      -0.00000000
   621       2.12000000      -0.00089443       0.00268328
   622       2.12000000       0.00000000       0.00223607
   623       2.12000000       0.00089443       0.00178885
   624       2.12000000       0.00178885       0.00134164
   625       2.12000000       0.00268328       0.00089443
   626       2.12500000      -0.00268328      -0.00089443
   627       2.12500000      -0.00178885      -0.00134164
   628       2.12500000      -0.00089443      -0.00178885
   629       2.12500000      -0.00000000      -0.00223607
   630       2.12500000       0.00089443      -0.00268328
   631       2.12500000      -0.00223607       0.00000000
   632       2.12500000      -0.00134164      -0.00044721
   633       2.12500000      -0.00044721      -0.00089443
   634       2.12500000       0.00044721      -0.00134164
   635       2.12500000       0.00134164      -0.00178885
   636       2.12500000      -0.00178885       0.00089443
   637       2.12500000      -0.00089443       0.00044721
   638       2.12500000       0.00000000       0.00000000
   639       2.12500000       0.00089443      -0.00044721
   640       2.12500000       0.00178885      -0.00089443
   641       2.12500000      -0.00134164       0.00178885
   642       2.12500000      -0.00044721       0.00134164
   643       2.12500000       0.00044721       0.00089443
   644       2.12500000       0.00134164       0.00044721
   645       2.12500000       0.00223607      -0.00000000
   646       2.12500000      -0.00089443       0.00268328
   647       2.12500000       0.00000000       0.00223607
   648       2.12500000       0.00089443       0.00178885
   649       2.12500000       0.00178885       0.00134164
   650       2.12500000       0.00268328       0.00089443
   651       2.13000000      -0.00268328      -0.00089443
   652       2.13000000      -0.00178885      -0.00134164
   653       2.13000000      -0.00089443      -0.00178885
   654       2.13000000      -0.00000000      -0.00223607
   655       2.13000000       0.00089443      -0.00268328
   656       2.13000000      -0.00223607       0.00000000
   657       2.13000000      -0.00134164      -0.00044721
   658       2.13000000      -0.00044721      -0.00089443
   659       2.13000000       0.00044721      -0.00134164
   660       2.13000000       0.00134164      -0.00178885
   661       2.13000000      -0.00178885       0.00089443
   662       2.13000000      -0.00089443       0.00044721
   663       2.13000000       0.00000000       0.00000000
   664       2.13000000       0.00089443      -0.00044721
   665       2.13000000       0.00178885      -0.00089443
   666       2.13000000      -0.00134164       0.00178885
   667       2.13000000      -0.00044721       0.00134164
   668       2.13000000       0.00044721       0.00089443
   669       2.13000000       0.00134164       0.00044721
   670       2.13000000       0.00223607      -0.00000000
   671       2.13000000      -0.00089443       0.00268328
   672       2.13000000       0.00000000       0.00223607
   673       2.13000000       0.00089443       0.00178885
   674       2.13000000       0.00178885       0.00134164
   675       2.13000000       0.00268328       0.00089443
   676       2.13500000      -0.00268328      -0.00089443
   677       2.13500000      -0.00178885      -0.00134164
   678       2.13500000      -0.00089443      -0.00178885
   679       2.13500000      -0.00000000      -0.00223607
   680       2.13500000       0.00089443      -0.00268328
   681       2.13500000      -0.00223607       0.00000000
   682       2.13500000      -0.00134164      -0.00044721
   683       2.13500000      -0.00044721      -0.00089443
   684       2.13500000       0.00044721      -0.00134164
   685       2.13500000       0.00134164      -0.00178885
   686       2.13500000      -0.00178885       0.00089443
   687       2.13500000      -0.00089443       0.00044721
   688       2.13500000       0.00000000       0.00000000
   689       2.13500000       0.00089443      -0.00044721
   690       2.13500000       0.00178885      -0.00089443
   691       2.13500000      -0.00134164       0.00178885
   692       2.13500000      -0.00044721       0.00134164
   693       2.13500000       0.00044721       0.00089443
   694       2.13500000       0.00134164       0.00044721
   695       2.13500000       0.00223607      -0.00000000
   696       2.13500000      -0.00089443       0.00268328
   697       2.13500000       0.00000000       0.00223607
   698       2.13500000       0.00089443       0.00178885
   699       2.13500000       0.00178885       0.00134164
   700       2.13500000       0.00268328       0.00089443
   701       2.14000000      -0.00268328      -0.00089443
   702       2.14000000      -0.00178885      -0.00134164
   703       2.14000000      -0.00089443      -0.00178885
   704       2.14000000      -0.00000000      -0.00223607
   705       2.14000000       0.00089443      -0.00268328
   706       2.14000000      -0.00223607       0.00000000
   707       2.14000000      -0.00134164      -0.00044721
   708       2.14000000      -0.00044721      -0.00089443
   709       2.14000000       0.00044721      -0.00134164
   710       2.14000000       0.00134164      -0.00178885
   711       2.14000000      -0.00178885       0.00089443
   712       2.14000000      -0.00089443       0.00044721
   713       2.14000000       0.00000000       0.00000000
   714       2.14000000       0.00089443      -0.00044721
   715       2.14000000       0.00178885      -0.00089443
   716       2.14000000      -0.00134164       0.00178885
   717       2.14000000      -0.00044721       0.00134164
   718       2.14000000       0.00044721       0.00089443
   719       2.14000000       0.00134164       0.00044721
   720       2.14000000       0.00223607      -0.00000000
   721       2.14000000      -0.00089443       0.00268328
   722       2.14000000       0.00000000       0.00223607
   723       2.14000000       0.00089443       0.00178885
   724       2.14000000       0.00178885       0.00134164
   725       2.14000000       0.00268328       0.00089443
   726       2.14500000      -0.00268328      -0.00089443
   727       2.14500000      -0.00178885      -0.00134164
   728       2.14500000      -0.00089443      -0.00178885
   729       2.14500000      -0.00000000      -0.00223607
   730       2.14500000       0.00089443      -0.00268328
   731       2.14500000      -0.00223607       0.00000000
   732       2.14500000      -0.00134164      -0.00044721
   733       2.14500000      -0.00044721      -0.00089443
   734       2.14500000       0.00044721      -0.00134164
   735       2.14500000       0.00134164      -0.00178885
   736       2.14500000      -0.00178885       0.00089443
   737       2.14500000      -0.00089443       0.00044721
   738       2.14500000       0.00000000       0.00000000
   739       2.14500000       0.00089443      -0.00044721
   740       2.14500000       0.00178885      -0.00089443
   741       2.14500000      -0.00134164       0.00178885
   742       2.14500000      -0.00044721       0.00134164
   743       2.14500000       0.00044721       0.00089443
   744       2.14500000       0.00134164       0.00044721
   745       2.14500000       0.00223607      -0.00000000
   746       2.14500000      -0.00089443       0.00268328
   747       2.14500000       0.00000000       0.00223607
   748       2.14500000       0.00089443       0.00178885
   749       2.14500000       0.00178885       0.00134164
   750       2.14500000       0.00268328       0.00089443
   751       2.15000000      -0.00268328      -0.00089443
   752       2.15000000      -0.00178885      -0.00134164
   753       2.15000000      -0.00089443      -0.00178885
   754       2.15000000      -0.00000000      -0.00223607
   755       2.15000000       0.00089443      -0.00268328
   756       2.15000000      -0.00223607       0.00000000
   757       2.15000000      -0.00134164      -0.00044721
   758       2.15000000      -0.00044721      -0.00089443
   759       2.15000000       0.00044721      -0.00134164
   760       2.15000000       0.00134164      -0.00178885
   761       2.15000000      -0.00178885       0.00089443
   762       2.15000000      -0.00089443       0.00044721
   763       2.15000000       0.00000000       0.00000000
   764       2.15000000       0.00089443      -0.00044721
   765       2.15000000       0.00178885      -0.00089443
   766       2.15000000      -0.00134164       0.00178885
   767       2.15000000      -0.00044721       0.00134164
   768       2.15000000       0.00044721       0.00089443
   769       2.15000000       0.00134164       0.00044721
   770       2.15000000       0.00223607      -0.00000000
   771       2.15000000      -0.00089443       0.00268328
   772       2.15000000       0.00000000       0.00223607
   773       2.15000000       0.00089443       0.00178885
   774       2.15000000       0.00178885       0.00134164
   775       2.15000000       0.00268328       0.00089443
   776       2.15500000      -0.00268328      -0.00089443
   777       2.15500000      -0.00178885      -0.00134164
   778       2.15500000      -0.00089443      -0.00178885
   779       2.15500000      -0.00000000      -0.00223607
   780       2.15500000       0.00089443      -0.00268328
   781       2.15500000      -0.00223607       0.00000000
   782       2.15500000      -0.00134164      -0.00044721
   783       2.15500000      -0.00044721      -0.00089443
   784       2.15500000       0.00044721      -0.00134164
   785       2.15500000       0.00134164      -0.00178885
   786       2.15500000      -0.00178885       0.00089443
   787       2.15500000      -0.00089443       0.00044721
   788       2.15500000       0.00000000       0.00000000
   789       2.15500000       0.00089443      -0.00044721
   790       2.15500000       0.00178885      -0.00089443
   791       2.15500000      -0.00134164       0.00178885
   792       2.15500000      -0.00044721       0.00134164
   793       2.15500000       0.00044721       0.00089443
   794       2.15500000       0.00134164       0.00044721
   795       2.15500000       0.00223607      -0.00000000
   796       2.15500000      -0.00089443       0.00268328
   797       2.15500000       0.00000000       0.00223607
   798       2.15500000       0.00089443       0.00178885
   799       2.15500000       0.00178885       0.00134164
   800       2.15500000       0.00268328       0.00089443
   801       2.16000000      -0.00268328      -0.00089443
   802       2.16000000      -0.00178885      -0.00134164
   803       2.16000000      -0.00089443      -0.00178885
   804       2.16000000      -0.00000000      -0.00223607
   805       2.16000000       0.00089443      -0.00268328
   806       2.16000000      -0.00223607       0.00000000
   807       2.16000000      -0.00134164      -0.00044721
   808       2.16000000      -0.00044721      -0.00089443
   809       2.16000000       0.00044721      -0.00134164
   810       2.16000000       0.00134164      -0.00178885
   811       2.16000000      -0.00178885       0.00089443
   812       2.16000000      -0.00089443       0.00044721
   813       2.16000000       0.00000000       0.00000000
   814       2.16000000       0.00089443      -0.00044721
   815       2.16000000       0.00178885      -0.00089443
   816       2.16000000      -0.00134164       0.00178885
   817       2.16000000      -0.00044721       0.00134164
   818       2.16000000       0.00044721       0.00089443
   819       2.16000000       0.00134164       0.00044721
   820       2.16000000       0.00223607      -0.00000000
   821       2.16000000      -0.00089443       0.00268328
   822       2.16000000       0.00000000       0.00223607
   823       2.16000000       0.00089443       0.00178885
   824       2.16000000       0.00178885       0.00134164
   825       2.16000000       0.00268328       0.00089443
   826       2.16500000      -0.00268328      -0.00089443
   827       2.16500000      -0.00178885      -0.00134164
   828       2.16500000      -0.00089443      -0.00178885
   829       2.16500000      -0.00000000      -0.00223607
   830       2.16500000       0.00089443      -0.00268328
   831       2.16500000      -0.00223607       0.00000000
   832       2.16500000      -0.00134164      -0.00044721
   833       2.16500000      -0.00044721      -0.00089443
   834       2.16500000       0.00044721      -0.00134164
   835       2.16500000       0.00134164      -0.00178885
   836       2.16500000      -0.00178885       0.00089443
   837       2.16500000      -0.00089443       0.00044721
   838       2.16500000       0.00000000       0.00000000
   839       2.16500000       0.00089443      -0.00044721
   840       2.16500000       0.00178885      -0.00089443
   841       2.16500000      -0.00134164       0.00178885
   842       2.16500000      -0.00044721       0.00134164
   843       2.16500000       0.00044721       0.00089443
   844       2.16500000       0.00134164       0.00044721
   845       2.16500000       0.00223607      -0.00000000
   846       2.16500000      -0.00089443       0.00268328
   847       2.16500000       0.00000000       0.00223607
   848       2.16500000       0.00089443       0.00178885
   849       2.16500000       0.00178885       0.00134164
   850       2.16500000       0.00268328       0.00089443
   851       2.17000000      -0.00268328      -0.00089443
   852       2.17000000      -0.00178885      -0.00134164
   853       2.17000000      -0.00089443      -0.00178885
   854       2.17000000      -0.00000000      -0.00223607
   855       2.17000000       0.00089443      -0.00268328
   856       2.17000000      -0.00223607       0.00000000
   857       2.17000000      -0.00134164      -0.00044721
   858       2.17000000      -0.00044721      -0.00089443
   859       2.17000000       0.00044721      -0.00134164
   860       2.17000000       0.00134164      -0.00178885
   861       2.17000000      -0.00178885       0.00089443
   862       2.17000000      -0.00089443       0.00044721
   863       2.17000000       0.00000000       0.00000000
   864       2.17000000       0.00089443      -0.00044721
   865       2.17000000       0.00178885      -0.00089443
   866       2.17000000      -0.00134164       0.00178885
   867       2.17000000      -0.00044721       0.00134164
   868       2.17000000       0.00044721       0.00089443
   869       2.17000000       0.00134164       0.00044721
   870       2.17000000       0.00223607      -0.00000000
   871       2.17000000      -0.00089443       0.00268328
   872       2.17000000       0.00000000       0.00223607
   873       2.17000000       0.00089443       0.00178885
   874       2.17000000       0.00178885       0.00134164
   875       2.17000000       0.00268328       0.00089443
   876       2.17500000      -0.00268328      -0.00089443
   877       2.17500000      -0.00178885      -0.00134164
   878       2.17500000      -0.00089443      -0.00178885
   879       2.17500000      -0.00000000      -0.00223607
   880       2.17500000       0.00089443      -0.00268328
   881       2.17500000      -0.00223607       0.00000000
   882       2.17500000      -0.00134164      -0.00044721
   883       2.17500000      -0.00044721      -0.00089443
   884       2.17500000       0.00044721      -0.00134164
   885       2.17500000       0.00134164      -0.00178885
   886       2.17500000      -0.00178885       0.00089443
   887       2.17500000      -0.00089443       0.00044721
   888       2.17500000       0.00000000       0.00000000
   889       2.17500000       0.00089443      -0.00044721
   890       2.17500000       0.00178885      -0.00089443
   891       2.17500000      -0.00134164       0.00178885
   892       2.17500000      -0.00044721       0.00134164
   893       2.17500000       0.00044721       0.00089443
   894       2.17500000       0.00134164       0.00044721
   895       2.17500000       0.00223607      -0.00000000
   896       2.17500000      -0.00089443       0.00268328
   897       2.17500000       0.00000000       0.00223607
   898       2.17500000       0.00089443       0.00178885
   899       2.17500000       0.00178885       0.00134164
   900       2.17500000       0.00268328       0.00089443
   901       2.18000000      -0.00268328      -0.00089443
   902       2.18000000      -0.00178885      -0.00134164
   903       2.18000000      -0.00089443      -0.00178885
   904       2.18000000      -0.00000000      -0.00223607
   905       2.18000000       0.00089443      -0.00268328
   906       2.18000000      -0.00223607       0.00000000
   907       2.18000000      -0.00134164      -0.00044721
   908       2.18000000      -0.00044721      -0.00089443
   909       2.18000000       0.00044721      -0.00134164
   910       2.18000000       0.00134164      -0.00178885
   911       2.18000000      -0.00178885       0.00089443
   912       2.18000000      -0.00089443       0.00044721
   913       2.18000000       0.00000000       0.00000000
   914       2.18000000       0.00089443      -0.00044721
   915       2.18000000       0.00178885      -0.00089443
   916       2.18000000      -0.00134164       0.00178885
   917       2.18000000      -0.00044721       0.00134164
   918       2.18000000       0.00044721       0.00089443
   919       2.18000000       0.00134164       0.00044721
   920       2.18000000       0.00223607      -0.00000000
   921       2.18000000      -0.00089443       0.00268328
   922       2.18000000       0.00000000       0.00223607
   923       2.18000000       0.00089443       0.00178885
   924       2.18000000       0.00178885       0.00134164
   925       2.18000000       0.00268328       0.00089443
   926       2.18500000      -0.00268328      -0.00089443
   927       2.18500000      -0.00178885      -0.00134164
   928       2.18500000      -0.00089443      -0.00178885
   929       2.18500000      -0.00000000      -0.00223607
   930       2.18500000       0.00089443      -0.00268328
   931       2.18500000      -0.00223607       0.00000000
   932       2.18500000      -0.00134164      -0.00044721
   933       2.18500000      -0.00044721      -0.00089443
   934       2.18500000       0.00044721      -0.00134164
   935       2.18500000       0.00134164      -0.00178885
   936       2.18500000      -0.00178885       0.00089443
   937       2.18500000      -0.00089443       0.00044721
   938       2.18500000       0.00000000       0.00000000
   939       2.18500000       0.00089443      -0.00044721
   940       2.18500000       0.00178885      -0.00089443
   941       2.18500000      -0.00134164       0.00178885
   942       2.18500000      -0.00044721       0.00134164
   943       2.18500000       0.00044721       0.00089443
   944       2.18500000       0.00134164       0.00044721
   945       2.18500000       0.00223607      -0.00000000
   946       2.18500000      -0.00089443       0.00268328
   947       2.18500000       0.00000000       0.00223607
   948       2.18500000       0.00089443       0.00178885
   949       2.18500000       0.00178885       0.00134164
   950       2.18500000       0.00268328       0.00089443
   951       2.19000000      -0.00268328      -0.00089443
   952       2.19000000      -0.00178885      -0.00134164
   953       2.19000000      -0.00089443      -0.00178885
   954       2.19000000      -0.00000000      -0.00223607
   955       2.19000000       0.00089443      -0.00268328
   956       2.19000000      -0.00223607       0.00000000
   957       2.19000000      -0.00134164      -0.00044721
   958       2.19000000      -0.00044721      -0.00089443
   959       2.19000000       0.00044721      -0.00134164
   960       2.19000000       0.00134164      -0.00178885
   961       2.19000000      -0.00178885       0.00089443
   962       2.19000000      -0.00089443       0.00044721
   963       2.19000000       0.00000000       0.00000000
   964       2.19000000       0.00089443      -0.00044721
   965       2.19000000       0.00178885      -0.00089443
   966       2.19000000      -0.00134164       0.00178885
   967       2.19000000      -0.00044721       0.00134164
   968       2.19000000       0.00044721       0.00089443
   969       2.19000000       0.00134164       0.00044721
   970       2.19000000       0.00223607      -0.00000000
   971       2.19000000      -0.00089443       0.00268328
   972       2.19000000       0.00000000       0.00223607
   973       2.19000000       0.00089443       0.00178885
   974       2.19000000       0.00178885       0.00134164
   975       2.19000000       0.00268328       0.00089443
   976       2.19500000      -0.00268328      -0.00089443
   977       2.19500000      -0.00178885      -0.00134164
   978       2.19500000      -0.00089443      -0.00178885
   979       2.19500000      -0.00000000      -0.00223607
   980       2.19500000       0.00089443      -0.00268328
   981       2.19500000      -0.00223607       0.00000000
   982       2.19500000      -0.00134164      -0.00044721
   983       2.19500000      -0.00044721      -0.00089443
   984       2.19500000       0.00044721      -0.00134164
   985       2.19500000       0.00134164      -0.00178885
   986       2.19500000      -0.00178885       0.00089443
   987       2.19500000      -0.00089443       0.00044721
   988       2.19500000       0.00000000       0.00000000
   989       2.19500000       0.00089443      -0.00044721
   990       2.19500000       0.00178885      -0.00089443
   991       2.19500000      -0.00134164       0.00178885
   992       2.19500000      -0.00044721       0.00134164
   993       2.19500000       0.00044721       0.00089443
   994       2.19500000       0.00134164       0.00044721
   995       2.19500000       0.00223607      -0.00000000
   996       2.19500000      -0.00089443       0.00268328
   997       2.19500000       0.00000000       0.00223607
   998       2.19500000       0.00089443       0.00178885
   999       2.19500000       0.00178885       0.00134164
  1000       2.19500000       0.00268328       0.00089443
  1001       2.20000000      -0.00268328      -0.00089443
  1002       2.20000000      -0.00178885      -0.00134164
  1003       2.20000000      -0.00089443      -0.00178885
  1004       2.20000000      -0.00000000      -0.00223607
  1005       2.20000000       0.00089443      -0.00268328
  1006       2.20000000      -0.00223607       0.00000000
  1007       2.20000000      -0.00134164      -0.00044721
  1008       2.20000000      -0.00044721      -0.00089443
  1009       2.20000000       0.00044721      -0.00134164
  1010       2.20000000       0.00134164      -0.00178885
  1011       2.20000000      -0.00178885       0.00089443
  1012       2.20000000      -0.00089443       0.00044721
  1013       2.20000000       0.00000000       0.00000000
  1014       2.20000000       0.00089443      -0.00044721
  1015       2.20000000       0.00178885      -0.00089443
  1016       2.20000000      -0.00134164       0.00178885
  1017       2.20000000      -0.00044721       0.00134164
  1018       2.20000000       0.00044721       0.00089443
  1019       2.20000000       0.00134164       0.00044721
  1020       2.20000000       0.00223607      -0.00000000
  1021       2.20000000      -0.00089443       0.00268328
  1022       2.20000000       0.00000000       0.00223607
  1023       2.20000000       0.00089443       0.00178885
  1024       2.20000000       0.00178885       0.00134164
  1025       2.20000000       0.00268328       0.00089443
  1026       2.20500000      -0.00268328      -0.00089443
  1027       2.20500000      -0.00178885      -0.00134164
  1028       2.20500000      -0.00089443      -0.00178885
  1029       2.20500000      -0.00000000      -0.00223607
  1030       2.20500000       0.00089443      -0.00268328
  1031       2.20500000      -0.00223607       0.00000000
  1032       2.20500000      -0.00134164      -0.00044721
  1033       2.20500000      -0.00044721      -0.00089443
  1034       2.20500000       0.00044721      -0.00134164
  1035       2.20500000       0.00134164      -0.00178885
  1036       2.20500000      -0.00178885       0.00089443
  1037       2.20500000      -0.00089443       0.00044721
  1038       2.20500000       0.00000000       0.00000000
  1039       2.20500000       0.00089443      -0.00044721
  1040       2.20500000       0.00178885      -0.00089443
  1041       2.20500000      -0.00134164       0.00178885
  1042       2.20500000      -0.00044721       0.00134164
  1043       2.20500000       0.00044721       0.00089443
  1044       2.20500000       0.00134164       0.00044721
  1045       2.20500000       0.00223607      -0.00000000
  1046       2.20500000      -0.00089443       0.00268328
  1047       2.20500000       0.00000000       0.00223607
  1048       2.20500000       0.00089443       0.00178885
  1049       2.20500000       0.00178885       0.00134164
  1050       2.20500000       0.00268328       0.00089443
  1051       2.21000000      -0.00268328      -0.00089443
  1052       2.21000000      -0.00178885      -0.00134164
  1053       2.21000000      -0.00089443      -0.00178885
  1054       2.21000000      -0.00000000      -0.00223607
  1055       2.21000000       0.00089443      -0.00268328
  1056       2.21000000      -0.00223607       0.00000000
  1057       2.21000000      -0.00134164      -0.00044721
  1058       2.21000000      -0.00044721      -0.00089443
  1059       2.21000000       0.00044721      -0.00134164
  1060       2.21000000       0.00134164      -0.00178885
  1061       2.21000000      -0.00178885       0.00089443
  1062       2.21000000      -0.00089443       0.00044721
  1063       2.21000000       0.00000000       0.00000000
  1064       2.21000000       0.00089443      -0.00044721
  1065       2.21000000       0.00178885      -0.00089443
  1066       2.21000000      -0.00134164       0.00178885
  1067       2.21000000      -0.00044721       0.00134164
  1068       2.21000000       0.00044721       0.00089443
  1069       2.21000000       0.00134164       0.00044721
  1070       2.21000000       0.00223607      -0.00000000
  1071       2.21000000      -0.00089443       0.00268328
  1072       2.21000000       0.00000000       0.00223607
  1073       2.21000000       0.00089443       0.00178885
  1074       2.21000000       0.00178885       0.00134164
  1075       2.21000000       0.00268328       0.00089443
  1076       2.21500000      -0.00268328      -0.00089443
  1077       2.21500000      -0.00178885      -0.00134164
  1078       2.21500000      -0.00089443      -0.00178885
  1079       2.21500000      -0.00000000      -0.00223607
  1080       2.21500000       0.00089443      -0.00268328
  1081       2.21500000      -0.00223607       0.00000000
  1082       2.21500000      -0.00134164      -0.00044721
  1083       2.21500000      -0.00044721      -0.00089443
  1084       2.21500000       0.00044721      -0.00134164
  1085       2.21500000       0.00134164      -0.00178885
  1086       2.21500000      -0.00178885       0.00089443
  1087       2.21500000      -0.00089443       0.00044721
  1088       2.21500000       0.00000000       0.00000000
  1089       2.21500000       0.00089443      -0.00044721
  1090       2.21500000       0.00178885      -0.00089443
  1091       2.21500000      -0.00134164       0.00178885
  1092       2.21500000      -0.00044721       0.00134164
  1093       2.21500000       0.00044721       0.00089443
  1094       2.21500000       0.00134164       0.00044721
  1095       2.21500000       0.00223607      -0.00000000
  1096       2.21500000      -0.00089443       0.00268328
  1097       2.21500000       0.00000000       0.00223607
  1098       2.21500000       0.00089443       0.00178885
  1099       2.21500000       0.00178885       0.00134164
  1100       2.21500000       0.00268328       0.00089443
  1101       2.22000000      -0.00268328      -0.00089443
  1102       2.22000000      -0.00178885      -0.00134164
  1103       2.22000000      -0.00089443      -0.00178885
  1104       2.22000000      -0.00000000      -0.00223607
  1105       2.22000000       0.00089443      -0.00268328
  1106       2.22000000      -0.00223607       0.00000000
  1107       2.22000000      -0.00134164      -0.00044721
  1108       2.22000000      -0.00044721      -0.00089443
  1109       2.22000000       0.00044721      -0.00134164
  1110       2.22000000       0.00134164      -0.00178885
  1111       2.22000000      -0.00178885       0.00089443
  1112       2.22000000      -0.00089443       0.00044721
  1113       2.22000000       0.00000000       0.00000000
  1114       2.22000000       0.00089443      -0.00044721
  1115       2.22000000       0.00178885      -0.00089443
  1116       2.22000000      -0.00134164       0.00178885
  1117       2.22000000      -0.00044721       0.00134164
  1118       2.22000000       0.00044721       0.00089443
  1119       2.22000000       0.00134164       0.00044721
  1120       2.22000000       0.00223607      -0.00000000
  1121       2.22000000      -0.00089443       0.00268328
  1122       2.22000000       0.00000000       0.00223607
  1123       2.22000000       0.00089443       0.00178885
  1124       2.22000000       0.00178885       0.00134164
  1125       2.22000000       0.00268328       0.00089443
  1126       2.22500000      -0.00268328      -0.00089443
  1127       2.22500000      -0.00178885      -0.00134164
  1128       2.22500000      -0.00089443      -0.00178885
  1129       2.22500000      -0.00000000      -0.00223607
  1130       2.22500000       0.00089443      -0.00268328
  1131       2.22500000      -0.00223607       0.00000000
  1132       2.22500000      -0.00134164      -0.00044721
  1133       2.22500000      -0.00044721      -0.00089443
  1134       2.22500000       0.00044721      -0.00134164
  1135       2.22500000       0.00134164      -0.00178885
  1136       2.22500000      -0.00178885       0.00089443
  1137       2.22500000      -0.00089443       0.00044721
  1138       2.22500000       0.00000000       0.00000000
  1139       2.22500000       0.00089443      -0.00044721
  1140       2.22500000       0.00178885      -0.00089443
  1141       2.22500000      -0.00134164       0.00178885
  1142       2.22500000      -0.00044721       0.00134164
  1143       2.22500000       0.00044721       0.00089443
  1144       2.22500000       0.00134164       0.00044721
  1145       2.22500000       0.00223607      -0.00000000
  1146       2.22500000      -0.00089443       0.00268328
  1147       2.22500000       0.00000000       0.00223607
  1148       2.22500000       0.00089443       0.00178885
  1149       2.22500000       0.00178885       0.00134164
  1150       2.22500000       0.00268328       0.00089443
  1151       2.23000000      -0.00268328      -0.00089443
  1152       2.23000000      -0.00178885      -0.00134164
  1153       2.23000000      -0.00089443      -0.00178885
  1154       2.23000000      -0.00000000      -0.00223607
  1155       2.23000000       0.00089443      -0.00268328
  1156       2.23000000      -0.00223607       0.00000000
  1157       2.23000000      -0.00134164      -0.00044721
  1158       2.23000000      -0.00044721      -0.00089443
  1159       2.23000000       0.00044721      -0.00134164
  1160       2.23000000       0.00134164      -0.00178885
  1161       2.23000000      -0.00178885       0.00089443
  1162       2.23000000      -0.00089443       0.00044721
  1163       2.23000000       0.00000000       0.00000000
  1164       2.23000000       0.00089443      -0.00044721
  1165       2.23000000       0.00178885      -0.00089443
  1166       2.23000000      -0.00134164       0.00178885
  1167       2.23000000      -0.00044721       0.00134164
  1168       2.23000000       0.00044721       0.00089443
  1169       2.23000000       0.00134164       0.00044721
  1170       2.23000000       0.00223607      -0.00000000
  1171       2.23000000      -0.00089443       0.00268328
  1172       2.23000000       0.00000000       0.00223607
  1173       2.23000000       0.00089443       0.00178885
  1174       2.23000000       0.00178885       0.00134164
  1175       2.23000000       0.00268328       0.00089443
  1176       2.23500000      -0.00268328      -0.00089443
  1177       2.23500000      -0.00178885      -0.00134164
  1178       2.23500000      -0.00089443      -0.00178885
  1179       2.23500000      -0.00000000      -0.00223607
  1180       2.23500000       0.00089443      -0.00268328
  1181       2.23500000      -0.00223607       0.00000000
  1182       2.23500000      -0.00134164      -0.00044721
  1183       2.23500000      -0.00044721      -0.00089443
  1184       2.23500000       0.00044721      -0.00134164
  1185       2.23500000       0.00134164      -0.00178885
  1186       2.23500000      -0.00178885       0.00089443
  1187       2.23500000      -0.00089443       0.00044721
  1188       2.23500000       0.00000000       0.00000000
  1189       2.23500000       0.00089443      -0.00044721
  1190       2.23500000       0.00178885      -0.00089443
  1191       2.23500000      -0.00134164       0.00178885
  1192       2.23500000      -0.00044721       0.00134164
  1193       2.23500000       0.00044721       0.00089443
  1194       2.23500000       0.00134164       0.00044721
  1195       2.23500000       0.00223607      -0.00000000
  1196       2.23500000      -0.00089443       0.00268328
  1197       2.23500000       0.00000000       0.00223607
  1198       2.23500000       0.00089443       0.00178885
  1199       2.23500000       0.00178885       0.00134164
  1200       2.23500000       0.00268328       0.00089443
  1201       2.24000000      -0.00268328      -0.00089443
  1202       2.24000000      -0.00178885      -0.00134164
  1203       2.24000000      -0.00089443      -0.00178885
  1204       2.24000000      -0.00000000      -0.00223607
  1205       2.24000000       0.00089443      -0.00268328
  1206       2.24000000      -0.00223607       0.00000000
  1207       2.24000000      -0.00134164      -0.00044721
  1208       2.24000000      -0.00044721      -0.00089443
  1209       2.24000000       0.00044721      -0.00134164
  1210       2.24000000       0.00134164      -0.00178885
  1211       2.24000000      -0.00178885       0.00089443
  1212       2.24000000      -0.00089443       0.00044721
  1213       2.24000000       0.00000000       0.00000000
  1214       2.24000000       0.00089443      -0.00044721
  1215       2.24000000       0.00178885      -0.00089443
  1216       2.24000000      -0.00134164       0.00178885
  1217       2.24000000      -0.00044721       0.00134164
  1218       2.24000000       0.00044721       0.00089443
  1219       2.24000000       0.00134164       0.00044721
  1220       2.24000000       0.00223607      -0.00000000
  1221       2.24000000      -0.00089443       0.00268328
  1222       2.24000000       0.00000000       0.00223607
  1223       2.24000000       0.00089443       0.00178885
  1224       2.24000000       0.00178885       0.00134164
  1225       2.24000000       0.00268328       0.00089443
  1226       2.24500000      -0.00268328      -0.00089443
  1227       2.24500000      -0.00178885      -0.00134164
  1228       2.24500000      -0.00089443      -0.00178885
  1229       2.24500000      -0.00000000      -0.00223607
  1230       2.24500000       0.00089443      -0.00268328
  1231       2.24500000      -0.00223607       0.00000000
  1232       2.24500000      -0.00134164      -0.00044721
  1233       2.24500000      -0.00044721      -0.00089443
  1234       2.24500000       0.00044721      -0.00134164
  1235       2.24500000       0.00134164      -0.00178885
  1236       2.24500000      -0.00178885       0.00089443
  1237       2.24500000      -0.00089443       0.00044721
  1238       2.24500000       0.00000000       0.00000000
  1239       2.24500000       0.00089443      -0.00044721
  1240       2.24500000       0.00178885      -0.00089443
  1241       2.24500000      -0.00134164       0.00178885
  1242       2.24500000      -0.00044721       0.00134164
  1243       2.24500000       0.00044721       0.00089443
  1244       2.24500000       0.00134164       0.00044721
  1245       2.24500000       0.00223607      -0.00000000
  1246       2.24500000      -0.00089443       0.00268328
  1247       2.24500000       0.00000000       0.00223607
  1248       2.24500000       0.00089443       0.00178885
  1249       2.24500000       0.00178885       0.00134164
  1250       2.24500000       0.00268328       0.00089443
  1251       2.25000000      -0.00268328      -0.00089443
  1252       2.25000000      -0.00178885      -0.00134164
  1253       2.25000000      -0.00089443      -0.00178885
  1254       2.25000000      -0.00000000      -0.00223607
  1255       2.25000000       0.00089443      -0.00268328
  1256       2.25000000      -0.00223607       0.00000000
  1257       2.25000000      -0.00134164      -0.00044721
  1258       2.25000000      -0.00044721      -0.00089443
  1259       2.25000000       0.00044721      -0.00134164
  1260       2.25000000       0.00134164      -0.00178885
  1261       2.25000000      -0.00178885       0.00089443
  1262       2.25000000      -0.00089443       0.00044721
  1263       2.25000000       0.00000000       0.00000000
  1264       2.25000000       0.00089443      -0.00044721
  1265       2.25000000       0.00178885      -0.00089443
  1266       2.25000000      -0.00134164       0.00178885
  1267       2.25000000      -0.00044721       0.00134164
  1268       2.25000000       0.00044721       0.00089443
  1269       2.25000000       0.00134164       0.00044721
  1270       2.25000000       0.00223607      -0.00000000
  1271       2.25000000      -0.00089443       0.00268328
  1272       2.25000000       0.00000000       0.00223607
  1273       2.25000000       0.00089443       0.00178885
  1274       2.25000000       0.00178885       0.00134164
  1275       2.25000000       0.00268328       0.00089443
  1276       2.25500000      -0.00268328      -0.00089443
  1277       2.25500000      -0.00178885      -0.00134164
  1278       2.25500000      -0.00089443      -0.00178885
  1279       2.25500000      -0.00000000      -0.00223607
  1280       2.25500000       0.00089443      -0.00268328
  1281       2.25500000      -0.00223607       0.00000000
  1282       2.25500000      -0.00134164      -0.00044721
  1283       2.25500000      -0.00044721      -0.00089443
  1284       2.25500000       0.00044721      -0.00134164
  1285       2.25500000       0.00134164      -0.00178885
  1286       2.25500000      -0.00178885       0.00089443
  1287       2.25500000      -0.00089443       0.00044721
  1288       2.25500000       0.00000000       0.00000000
  1289       2.25500000       0.00089443      -0.00044721
  1290       2.25500000       0.00178885      -0.00089443
  1291       2.25500000      -0.00134164       0.00178885
  1292       2.25500000      -0.00044721       0.00134164
  1293       2.25500000       0.00044721       0.00089443
  1294       2.25500000       0.00134164       0.00044721
  1295       2.25500000       0.00223607      -0.00000000
  1296       2.25500000      -0.00089443       0.00268328
  1297       2.25500000       0.00000000       0.00223607
  1298       2.25500000       0.00089443       0.00178885
  1299       2.25500000       0.00178885       0.00134164
  1300       2.25500000       0.00268328       0.00089443
  1301       2.26000000      -0.00268328      -0.00089443
  1302       2.26000000      -0.00178885      -0.00134164
  1303       2.26000000      -0.00089443      -0.00178885
  1304       2.26000000      -0.00000000      -0.00223607
  1305       2.26000000       0.00089443      -0.00268328
  1306       2.26000000      -0.00223607       0.00000000
  1307       2.26000000      -0.00134164      -0.00044721
  1308       2.26000000      -0.00044721      -0.00089443
  1309       2.26000000       0.00044721      -0.00134164
  1310       2.26000000       0.00134164      -0.00178885
  1311       2.26000000      -0.00178885       0.00089443
  1312       2.26000000      -0.00089443       0.00044721
  1313       2.26000000       0.00000000       0.00000000
  1314       2.26000000       0.00089443      -0.00044721
  1315       2.26000000       0.00178885      -0.00089443
  1316       2.26000000      -0.00134164       0.00178885
  1317       2.26000000      -0.00044721       0.00134164
  1318       2.26000000       0.00044721       0.00089443
  1319       2.26000000       0.00134164       0.00044721
  1320       2.26000000       0.00223607      -0.00000000
  1321       2.26000000      -0.00089443       0.00268328
  1322       2.26000000       0.00000000       0.00223607
  1323       2.26000000       0.00089443       0.00178885
  1324       2.26000000       0.00178885       0.00134164
  1325       2.26000000       0.00268328       0.00089443
  1326       2.26500000      -0.00268328      -0.00089443
  1327       2.26500000      -0.00178885      -0.00134164
  1328       2.26500000      -0.00089443      -0.00178885
  1329       2.26500000      -0.00000000      -0.00223607
  1330       2.26500000       0.00089443      -0.00268328
  1331       2.26500000      -0.00223607       0.00000000
  1332       2.26500000      -0.00134164      -0.00044721
  1333       2.26500000      -0.00044721      -0.00089443
  1334       2.26500000       0.00044721      -0.00134164
  1335       2.26500000       0.00134164      -0.00178885
  1336       2.26500000      -0.00178885       0.00089443
  1337       2.26500000      -0.00089443       0.00044721
  1338       2.26500000       0.00000000       0.00000000
  1339       2.26500000       0.00089443      -0.00044721
  1340       2.26500000       0.00178885      -0.00089443
  1341       2.26500000      -0.00134164       0.00178885
  1342       2.26500000      -0.00044721       0.00134164
  1343       2.26500000       0.00044721       0.00089443
  1344       2.26500000       0.00134164       0.00044721
  1345       2.26500000       0.00223607      -0.00000000
  1346       2.26500000      -0.00089443       0.00268328
  1347       2.26500000       0.00000000       0.00223607
  1348       2.26500000       0.00089443       0.00178885
  1349       2.26500000       0.00178885       0.00134164
  1350       2.26500000       0.00268328       0.00089443
  1351       2.27000000      -0.00268328      -0.00089443
  1352       2.27000000      -0.00178885      -0.00134164
  1353       2.27000000      -0.00089443      -0.00178885
  1354       2.27000000      -0.00000000      -0.00223607
  1355       2.27000000       0.00089443      -0.00268328
  1356       2.27000000      -0.00223607       0.00000000
  1357       2.27000000      -0.00134164      -0.00044721
  1358       2.27000000      -0.00044721      -0.00089443
  1359       2.27000000       0.00044721      -0.00134164
  1360       2.27000000       0.00134164      -0.00178885
  1361       2.27000000      -0.00178885       0.00089443
  1362       2.27000000      -0.00089443       0.00044721
  1363       2.27000000       0.00000000       0.00000000
  1364       2.27000000       0.00089443      -0.00044721
  1365       2.27000000       0.00178885      -0.00089443
  1366       2.27000000      -0.00134164       0.00178885
  1367       2.27000000      -0.00044721       0.00134164
  1368       2.27000000       0.00044721       0.00089443
  1369       2.27000000       0.00134164       0.00044721
  1370       2.27000000       0.00223607      -0.00000000
  1371       2.27000000      -0.00089443       0.00268328
  1372       2.27000000       0.00000000       0.00223607
  1373       2.27000000       0.00089443       0.00178885
  1374       2.27000000       0.00178885       0.00134164
  1375       2.27000000       0.00268328       0.00089443
  1376       2.27500000      -0.00268328      -0.00089443
  1377       2.27500000      -0.00178885      -0.00134164
  1378       2.27500000      -0.00089443      -0.00178885
  1379       2.27500000      -0.00000000      -0.00223607
  1380       2.27500000       0.00089443      -0.00268328
  1381       2.27500000      -0.00223607       0.00000000
  1382       2.27500000      -0.00134164      -0.00044721
  1383       2.27500000      -0.00044721      -0.00089443
  1384       2.27500000       0.00044721      -0.00134164
  1385       2.27500000       0.00134164      -0.00178885
  1386       2.27500000      -0.00178885       0.00089443
  1387       2.27500000      -0.00089443       0.00044721
  1388       2.27500000       0.00000000       0.00000000
  1389       2.27500000       0.00089443      -0.00044721
  1390       2.27500000       0.00178885      -0.00089443
  1391       2.27500000      -0.00134164       0.00178885
  1392       2.27500000      -0.00044721       0.00134164
  1393       2.27500000       0.00044721       0.00089443
  1394       2.27500000       0.00134164       0.00044721
  1395       2.27500000       0.00223607      -0.00000000
  1396       2.27500000      -0.00089443       0.00268328
  1397       2.27500000       0.00000000       0.00223607
  1398       2.27500000       0.00089443       0.00178885
  1399       2.27500000       0.00178885       0.00134164
  1400       2.27500000       0.00268328       0.00089443
  1401       2.28000000      -0.00268328      -0.00089443
  1402       2.28000000      -0.00178885      -0.00134164
  1403       2.28000000      -0.00089443      -0.00178885
  1404       2.28000000      -0.00000000      -0.00223607
  1405       2.28000000       0.00089443      -0.00268328
  1406       2.28000000      -0.00223607       0.00000000
  1407       2.28000000      -0.00134164      -0.00044721
  1408       2.28000000      -0.00044721      -0.00089443
  1409       2.28000000       0.00044721      -0.00134164
  1410       2.28000000       0.00134164      -0.00178885
  1411       2.28000000      -0.00178885       0.00089443
  1412       2.28000000      -0.00089443       0.00044721
  1413       2.28000000       0.00000000       0.00000000
  1414       2.28000000       0.00089443      -0.00044721
  1415       2.28000000       0.00178885      -0.00089443
  1416       2.28000000      -0.00134164       0.00178885
  1417       2.28000000      -0.00044721       0.00134164
  1418       2.28000000       0.00044721       0.00089443
  1419       2.28000000       0.00134164       0.00044721
  1420       2.28000000       0.00223607      -0.00000000
  1421       2.28000000      -0.00089443       0.00268328
  1422       2.28000000       0.00000000       0.00223607
  1423       2.28000000       0.00089443       0.00178885
  1424       2.28000000       0.00178885       0.00134164
  1425       2.28000000       0.00268328       0.00089443
  1426       2.28500000      -0.00268328      -0.00089443
  1427       2.28500000      -0.00178885      -0.00134164
  1428       2.28500000      -0.00089443      -0.00178885
  1429       2.28500000      -0.00000000      -0.00223607
  1430       2.28500000       0.00089443      -0.00268328
  1431       2.28500000      -0.00223607       0.00000000
  1432       2.28500000      -0.00134164      -0.00044721
  1433       2.28500000      -0.00044721      -0.00089443
  1434       2.28500000       0.00044721      -0.00134164
  1435       2.28500000       0.00134164      -0.00178885
  1436       2.28500000      -0.00178885       0.00089443
  1437       2.28500000      -0.00089443       0.00044721
  1438       2.28500000       0.00000000       0.00000000
  1439       2.28500000       0.00089443      -0.00044721
  1440       2.28500000       0.00178885      -0.00089443
  1441       2.28500000      -0.00134164       0.00178885
  1442       2.28500000      -0.00044721       0.00134164
  1443       2.28500000       0.00044721       0.00089443
  1444       2.28500000       0.00134164       0.00044721
  1445       2.28500000       0.00223607      -0.00000000
  1446       2.28500000      -0.00089443       0.00268328
  1447       2.28500000       0.00000000       0.00223607
  1448       2.28500000       0.00089443       0.00178885
  1449       2.28500000       0.00178885       0.00134164
  1450       2.28500000       0.00268328       0.00089443
  1451       2.29000000      -0.00268328      -0.00089443
  1452       2.29000000      -0.00178885      -0.00134164
  1453       2.29000000      -0.00089443      -0.00178885
  1454       2.29000000      -0.00000000      -0.00223607
  1455       2.29000000       0.00089443      -0.00268328
  1456       2.29000000      -0.00223607       0.00000000
  1457       2.29000000      -0.00134164      -0.00044721
  1458       2.29000000      -0.00044721      -0.00089443
  1459       2.29000000       0.00044721      -0.00134164
  1460       2.29000000       0.00134164      -0.00178885
  1461       2.29000000      -0.00178885       0.00089443
  1462       2.29000000      -0.00089443       0.00044721
  1463       2.29000000       0.00000000       0.00000000
  1464       2.29000000       0.00089443      -0.00044721
  1465       2.29000000       0.00178885      -0.00089443
  1466       2.29000000      -0.00134164       0.00178885
  1467       2.29000000      -0.00044721       0.00134164
  1468       2.29000000       0.00044721       0.00089443
  1469       2.29000000       0.00134164       0.00044721
  1470       2.29000000       0.00223607      -0.00000000
  1471       2.29000000      -0.00089443       0.00268328
  1472       2.29000000       0.00000000       0.00223607
  1473       2.29000000       0.00089443       0.00178885
  1474       2.29000000       0.00178885       0.00134164
  1475       2.29000000       0.00268328       0.00089443
  1476       2.29500000      -0.00268328      -0.00089443
  1477       2.29500000      -0.00178885      -0.00134164
  1478       2.29500000      -0.00089443      -0.00178885
  1479       2.29500000      -0.00000000      -0.00223607
  1480       2.29500000       0.00089443      -0.00268328
  1481       2.29500000      -0.00223607       0.00000000
  1482       2.29500000      -0.00134164      -0.00044721
  1483       2.29500000      -0.00044721      -0.00089443
  1484       2.29500000       0.00044721      -0.00134164
  1485       2.29500000       0.00134164      -0.00178885
  1486       2.29500000      -0.00178885       0.00089443
  1487       2.29500000      -0.00089443       0.00044721
  1488       2.29500000       0.00000000       0.00000000
  1489       2.29500000       0.00089443      -0.00044721
  1490       2.29500000       0.00178885      -0.00089443
  1491       2.29500000      -0.00134164       0.00178885
  1492       2.29500000      -0.00044721       0.00134164
  1493       2.29500000       0.00044721       0.00089443
  1494       2.29500000       0.00134164       0.00044721
  1495       2.29500000       0.00223607      -0.00000000
  1496       2.29500000      -0.00089443       0.00268328
  1497       2.29500000       0.00000000       0.00223607
  1498       2.29500000       0.00089443       0.00178885
  1499       2.29500000       0.00178885       0.00134164
  1500       2.29500000       0.00268328       0.00089443
  1501       2.30000000      -0.00268328      -0.00089443
  1502       2.30000000      -0.00178885      -0.00134164
  1503       2.30000000      -0.00089443      -0.00178885
  1504       2.30000000      -0.00000000      -0.00223607
  1505       2.30000000       0.00089443      -0.00268328
  1506       2.30000000      -0.00223607       0.00000000
  1507       2.30000000      -0.00134164      -0.00044721
  1508       2.30000000      -0.00044721      -0.00089443
  1509       2.30000000       0.00044721      -0.00134164
  1510       2.30000000       0.00134164      -0.00178885
  1511       2.30000000      -0.00178885       0.00089443
  1512       2.30000000      -0.00089443       0.00044721
  1513       2.30000000       0.00000000       0.00000000
  1514       2.30000000       0.00089443      -0.00044721
  1515       2.30000000       0.00178885      -0.00089443
  1516       2.30000000      -0.00134164       0.00178885
  1517       2.30000000      -0.00044721       0.00134164
  1518       2.30000000       0.00044721       0.00089443
  1519       2.30000000       0.00134164       0.00044721
  1520       2.30000000       0.00223607      -0.00000000
  1521       2.30000000      -0.00089443       0.00268328
  1522       2.30000000       0.00000000       0.00223607
  1523       2.30000000       0.00089443       0.00178885
  1524       2.30000000       0.00178885       0.00134164
  1525       2.30000000       0.00268328       0.00089443
  1526       2.30500000      -0.00268328      -0.00089443
  1527       2.30500000      -0.00178885      -0.00134164
  1528       2.30500000      -0.00089443      -0.00178885
  1529       2.30500000      -0.00000000      -0.00223607
  1530       2.30500000       0.00089443      -0.00268328
  1531       2.30500000      -0.00223607       0.00000000
  1532       2.30500000      -0.00134164      -0.00044721
  1533       2.30500000      -0.00044721      -0.00089443
  1534       2.30500000       0.00044721      -0.00134164
  1535       2.30500000       0.00134164      -0.00178885
  1536       2.30500000      -0.00178885       0.00089443
  1537       2.30500000      -0.00089443       0.00044721
  1538       2.30500000       0.00000000       0.00000000
  1539       2.30500000       0.00089443      -0.00044721
  1540       2.30500000       0.00178885      -0.00089443
  1541       2.30500000      -0.00134164       0.00178885
  1542       2.30500000      -0.00044721       0.00134164
  1543       2.30500000       0.00044721       0.00089443
  1544       2.30500000       0.00134164       0.00044721
  1545       2.30500000       0.00223607      -0.00000000
  1546       2.30500000      -0.00089443       0.00268328
  1547       2.30500000       0.00000000       0.00223607
  1548       2.30500000       0.00089443       0.00178885
  1549       2.30500000       0.00178885       0.00134164
  1550       2.30500000       0.00268328       0.00089443
  1551       2.31000000      -0.00268328      -0.00089443
  1552       2.31000000      -0.00178885      -0.00134164
  1553       2.31000000      -0.00089443      -0.00178885
  1554       2.31000000      -0.00000000      -0.00223607
  1555       2.31000000       0.00089443      -0.00268328
  1556       2.31000000      -0.00223607       0.00000000
  1557       2.31000000      -0.00134164      -0.00044721
  1558       2.31000000      -0.00044721      -0.00089443
  1559       2.31000000       0.00044721      -0.00134164
  1560       2.31000000       0.00134164      -0.00178885
  1561       2.31000000      -0.00178885       0.00089443
  1562       2.31000000      -0.00089443       0.00044721
  1563       2.31000000       0.00000000       0.00000000
  1564       2.31000000       0.00089443      -0.00044721
  1565       2.31000000       0.00178885      -0.00089443
  1566       2.31000000      -0.00134164       0.00178885
  1567       2.31000000      -0.00044721       0.00134164
  1568       2.31000000       0.00044721       0.00089443
  1569       2.31000000       0.00134164       0.00044721
  1570       2.31000000       0.00223607      -0.00000000
  1571       2.31000000      -0.00089443       0.00268328
  1572       2.31000000       0.00000000       0.00223607
  1573       2.31000000       0.00089443       0.00178885
  1574       2.31000000       0.00178885       0.00134164
  1575       2.31000000       0.00268328       0.00089443
  1576       2.31500000      -0.00268328      -0.00089443
  1577       2.31500000      -0.00178885      -0.00134164
  1578       2.31500000      -0.00089443      -0.00178885
  1579       2.31500000      -0.00000000      -0.00223607
  1580       2.31500000       0.00089443      -0.00268328
  1581       2.31500000      -0.00223607       0.00000000
  1582       2.31500000      -0.00134164      -0.00044721
  1583       2.31500000      -0.00044721      -0.00089443
  1584       2.31500000       0.00044721      -0.00134164
  1585       2.31500000       0.00134164      -0.00178885
  1586       2.31500000      -0.00178885       0.00089443
  1587       2.31500000      -0.00089443       0.00044721
  1588       2.31500000       0.00000000       0.00000000
  1589       2.31500000       0.00089443      -0.00044721
  1590       2.31500000       0.00178885      -0.00089443
  1591       2.31500000      -0.00134164       0.00178885
  1592       2.31500000      -0.00044721       0.00134164
  1593       2.31500000       0.00044721       0.00089443
  1594       2.31500000       0.00134164       0.00044721
  1595       2.31500000       0.00223607      -0.00000000
  1596       2.31500000      -0.00089443       0.00268328
  1597       2.31500000       0.00000000       0.00223607
  1598       2.31500000       0.00089443       0.00178885
  1599       2.31500000       0.00178885       0.00134164
  1600       2.31500000       0.00268328       0.00089443
  1601       2.32000000      -0.00268328      -0.00089443
  1602       2.32000000      -0.00178885      -0.00134164
  1603       2.32000000      -0.00089443      -0.00178885
  1604       2.32000000      -0.00000000      -0.00223607
  1605       2.32000000       0.00089443      -0.00268328
  1606       2.32000000      -0.00223607       0.00000000
  1607       2.32000000      -0.00134164      -0.00044721
  1608       2.32000000      -0.00044721      -0.00089443
  1609       2.32000000       0.00044721      -0.00134164
  1610       2.32000000       0.00134164      -0.00178885
  1611       2.32000000      -0.00178885       0.00089443
  1612       2.32000000      -0.00089443       0.00044721
  1613       2.32000000       0.00000000       0.00000000
  1614       2.32000000       0.00089443      -0.00044721
  1615       2.32000000       0.00178885      -0.00089443
  1616       2.32000000      -0.00134164       0.00178885
  1617       2.32000000      -0.00044721       0.00134164
  1618       2.32000000       0.00044721       0.00089443
  1619       2.32000000       0.00134164       0.00044721
  1620       2.32000000       0.00223607      -0.00000000
  1621       2.32000000      -0.00089443       0.00268328
  1622       2.32000000       0.00000000       0.00223607
  1623       2.32000000       0.00089443       0.00178885
  1624       2.32000000       0.00178885       0.00134164
  1625       2.32000000       0.00268328       0.00089443
  1626       2.32500000      -0.00268328      -0.00089443
  1627       2.32500000      -0.00178885      -0.00134164
  1628       2.32500000      -0.00089443      -0.00178885
  1629       2.32500000      -0.00000000      -0.00223607
  1630       2.32500000       0.00089443      -0.00268328
  1631       2.32500000      -0.00223607       0.00000000
  1632       2.32500000      -0.00134164      -0.00044721
  1633       2.32500000      -0.00044721      -0.00089443
  1634       2.32500000       0.00044721      -0.00134164
  1635       2.32500000       0.00134164      -0.00178885
  1636       2.32500000      -0.00178885       0.00089443
  1637       2.32500000      -0.00089443       0.00044721
  1638       2.32500000       0.00000000       0.00000000
  1639       2.32500000       0.00089443      -0.00044721
  1640       2.32500000       0.00178885      -0.00089443
  1641       2.32500000      -0.00134164       0.00178885
  1642       2.32500000      -0.00044721       0.00134164
  1643       2.32500000       0.00044721       0.00089443
  1644       2.32500000       0.00134164       0.00044721
  1645       2.32500000       0.00223607      -0.00000000
  1646       2.32500000      -0.00089443       0.00268328
  1647       2.32500000       0.00000000       0.00223607
  1648       2.32500000       0.00089443       0.00178885
  1649       2.32500000       0.00178885       0.00134164
  1650       2.32500000       0.00268328       0.00089443
  1651       2.33000000      -0.00268328      -0.00089443
  1652       2.33000000      -0.00178885      -0.00134164
  1653       2.33000000      -0.00089443      -0.00178885
  1654       2.33000000      -0.00000000      -0.00223607
  1655       2.33000000       0.00089443      -0.00268328
  1656       2.33000000      -0.00223607       0.00000000
  1657       2.33000000      -0.00134164      -0.00044721
  1658       2.33000000      -0.00044721      -0.00089443
  1659       2.33000000       0.00044721      -0.00134164
  1660       2.33000000       0.00134164      -0.00178885
  1661       2.33000000      -0.00178885       0.00089443
  1662       2.33000000      -0.00089443       0.00044721
  1663       2.33000000       0.00000000       0.00000000
  1664       2.33000000       0.00089443      -0.00044721
  1665       2.33000000       0.00178885      -0.00089443
  1666       2.33000000      -0.00134164       0.00178885
  1667       2.33000000      -0.00044721       0.00134164
  1668       2.33000000       0.00044721       0.00089443
  1669       2.33000000       0.00134164       0.00044721
  1670       2.33000000       0.00223607      -0.00000000
  1671       2.33000000      -0.00089443       0.00268328
  1672       2.33000000       0.00000000       0.00223607
  1673       2.33000000       0.00089443       0.00178885
  1674       2.33000000       0.00178885       0.00134164
  1675       2.33000000       0.00268328       0.00089443
  1676       2.33500000      -0.00268328      -0.00089443
  1677       2.33500000      -0.00178885      -0.00134164
  1678       2.33500000      -0.00089443      -0.00178885
  1679       2.33500000      -0.00000000      -0.00223607
  1680       2.33500000       0.00089443      -0.00268328
  1681       2.33500000      -0.00223607       0.00000000
  1682       2.33500000      -0.00134164      -0.00044721
  1683       2.33500000      -0.00044721      -0.00089443
  1684       2.33500000       0.00044721      -0.00134164
  1685       2.33500000       0.00134164      -0.00178885
  1686       2.33500000      -0.00178885       0.00089443
  1687       2.33500000      -0.00089443       0.00044721
  1688       2.33500000       0.00000000       0.00000000
  1689       2.33500000       0.00089443      -0.00044721
  1690       2.33500000       0.00178885      -0.00089443
  1691       2.33500000      -0.00134164       0.00178885
  1692       2.33500000      -0.00044721       0.00134164
  1693       2.33500000       0.00044721       0.00089443
  1694       2.33500000       0.00134164       0.00044721
  1695       2.33500000       0.00223607      -0.00000000
  1696       2.33500000      -0.00089443       0.00268328
  1697       2.33500000       0.00000000       0.00223607
  1698       2.33500000       0.00089443       0.00178885
  1699       2.33500000       0.00178885       0.00134164
  1700       2.33500000       0.00268328       0.00089443
  1701       2.34000000      -0.00268328      -0.00089443
  1702       2.34000000      -0.00178885      -0.00134164
  1703       2.34000000      -0.00089443      -0.00178885
  1704       2.34000000      -0.00000000      -0.00223607
  1705       2.34000000       0.00089443      -0.00268328
  1706       2.34000000      -0.00223607       0.00000000
  1707       2.34000000      -0.00134164      -0.00044721
  1708       2.34000000      -0.00044721      -0.00089443
  1709       2.34000000       0.00044721      -0.00134164
  1710       2.34000000       0.00134164      -0.00178885
  1711       2.34000000      -0.00178885       0.00089443
  1712       2.34000000      -0.00089443       0.00044721
  1713       2.34000000       0.00000000       0.00000000
  1714       2.34000000       0.00089443      -0.00044721
  1715       2.34000000       0.00178885      -0.00089443
  1716       2.34000000      -0.00134164       0.00178885
  1717       2.34000000      -0.00044721       0.00134164
  1718       2.34000000       0.00044721       0.00089443
  1719       2.34000000       0.00134164       0.00044721
  1720       2.34000000       0.00223607      -0.00000000
  1721       2.34000000      -0.00089443       0.00268328
  1722       2.34000000       0.00000000       0.00223607
  1723       2.34000000       0.00089443       0.00178885
  1724       2.34000000       0.00178885       0.00134164
  1725       2.34000000       0.00268328       0.00089443
  1726       2.34500000      -0.00268328      -0.00089443
  1727       2.34500000      -0.00178885      -0.00134164
  1728       2.34500000      -0.00089443      -0.00178885
  1729       2.34500000      -0.00000000      -0.00223607
  1730       2.34500000       0.00089443      -0.00268328
  1731       2.34500000      -0.00223607       0.00000000
  1732       2.34500000      -0.00134164      -0.00044721
  1733       2.34500000      -0.00044721      -0.00089443
  1734       2.34500000       0.00044721      -0.00134164
  1735       2.34500000       0.00134164      -0.00178885
  1736       2.34500000      -0.00178885       0.00089443
  1737       2.34500000      -0.00089443       0.00044721
  1738       2.34500000       0.00000000       0.00000000
  1739       2.34500000       0.00089443      -0.00044721
  1740       2.34500000       0.00178885      -0.00089443
  1741       2.34500000      -0.00134164       0.00178885
  1742       2.34500000      -0.00044721       0.00134164
  1743       2.34500000       0.00044721       0.00089443
  1744       2.34500000       0.00134164       0.00044721
  1745       2.34500000       0.00223607      -0.00000000
  1746       2.34500000      -0.00089443       0.00268328
  1747       2.34500000       0.00000000       0.00223607
  1748       2.34500000       0.00089443       0.00178885
  1749       2.34500000       0.00178885       0.00134164
  1750       2.34500000       0.00268328       0.00089443
  1751       2.35000000      -0.00268328      -0.00089443
  1752       2.35000000      -0.00178885      -0.00134164
  1753       2.35000000      -0.00089443      -0.00178885
  1754       2.35000000      -0.00000000      -0.00223607
  1755       2.35000000       0.00089443      -0.00268328
  1756       2.35000000      -0.00223607       0.00000000
  1757       2.35000000      -0.00134164      -0.00044721
  1758       2.35000000      -0.00044721      -0.00089443
  1759       2.35000000       0.00044721      -0.00134164
  1760       2.35000000       0.00134164      -0.00178885
  1761       2.35000000      -0.00178885       0.00089443
  1762       2.35000000      -0.00089443       0.00044721
  1763       2.35000000       0.00000000       0.00000000
  1764       2.35000000       0.00089443      -0.00044721
  1765       2.35000000       0.00178885      -0.00089443
  1766       2.35000000      -0.00134164       0.00178885
  1767       2.35000000      -0.00044721       0.00134164
  1768       2.35000000       0.00044721       0.00089443
  1769       2.35000000       0.00134164       0.00044721
  1770       2.35000000       0.00223607      -0.00000000
  1771       2.35000000      -0.00089443       0.00268328
  1772       2.35000000       0.00000000       0.00223607
  1773       2.35000000       0.00089443       0.00178885
  1774       2.35000000       0.00178885       0.00134164
  1775       2.35000000       0.00268328       0.00089443
  1776       2.35500000      -0.00268328      -0.00089443
  1777       2.35500000      -0.00178885      -0.00134164
  1778       2.35500000      -0.00089443      -0.00178885
  1779       2.35500000      -0.00000000      -0.00223607
  1780       2.35500000       0.00089443      -0.00268328
  1781       2.35500000      -0.00223607       0.00000000
  1782       2.35500000      -0.00134164      -0.00044721
  1783       2.35500000      -0.00044721      -0.00089443
  1784       2.35500000       0.00044721      -0.00134164
  1785       2.35500000       0.00134164      -0.00178885
  1786       2.35500000      -0.00178885       0.00089443
  1787       2.35500000      -0.00089443       0.00044721
  1788       2.35500000       0.00000000       0.00000000
  1789       2.35500000       0.00089443      -0.00044721
  1790       2.35500000       0.00178885      -0.00089443
  1791       2.35500000      -0.00134164       0.00178885
  1792       2.35500000      -0.00044721       0.00134164
  1793       2.35500000       0.00044721       0.00089443
  1794       2.35500000       0.00134164       0.00044721
  1795       2.35500000       0.00223607      -0.00000000
  1796       2.35500000      -0.00089443       0.00268328
  1797       2.35500000       0.00000000       0.00223607
  1798       2.35500000       0.00089443       0.00178885
  1799       2.35500000       0.00178885       0.00134164
  1800       2.35500000       0.00268328       0.00089443
  1801       2.36000000      -0.00268328      -0.00089443
  1802       2.36000000      -0.00178885      -0.00134164
  1803       2.36000000      -0.00089443      -0.00178885
  1804       2.36000000      -0.00000000      -0.00223607
  1805       2.36000000       0.00089443      -0.00268328
  1806       2.36000000      -0.00223607       0.00000000
  1807       2.36000000      -0.00134164      -0.00044721
  1808       2.36000000      -0.00044721      -0.00089443
  1809       2.36000000       0.00044721      -0.00134164
  1810       2.36000000       0.00134164      -0.00178885
  1811       2.36000000      -0.00178885       0.00089443
  1812       2.36000000      -0.00089443       0.00044721
  1813       2.36000000       0.00000000       0.00000000
  1814       2.36000000       0.00089443      -0.00044721
  1815       2.36000000       0.00178885      -0.00089443
  1816       2.36000000      -0.00134164       0.00178885
  1817       2.36000000      -0.00044721       0.00134164
  1818       2.36000000       0.00044721       0.00089443
  1819       2.36000000       0.00134164       0.00044721
  1820       2.36000000       0.00223607      -0.00000000
  1821       2.36000000      -0.00089443       0.00268328
  1822       2.36000000       0.00000000       0.00223607
  1823       2.36000000       0.00089443       0.00178885
  1824       2.36000000       0.00178885       0.00134164
  1825       2.36000000       0.00268328       0.00089443
  1826       2.36500000      -0.00268328      -0.00089443
  1827       2.36500000      -0.00178885      -0.00134164
  1828       2.36500000      -0.00089443      -0.00178885
  1829       2.36500000      -0.00000000      -0.00223607
  1830       2.36500000       0.00089443      -0.00268328
  1831       2.36500000      -0.00223607       0.00000000
  1832       2.36500000      -0.00134164      -0.00044721
  1833       2.36500000      -0.00044721      -0.00089443
  1834       2.36500000       0.00044721      -0.00134164
  1835       2.36500000       0.00134164      -0.00178885
  1836       2.36500000      -0.00178885       0.00089443
  1837       2.36500000      -0.00089443       0.00044721
  1838       2.36500000       0.00000000       0.00000000
  1839       2.36500000       0.00089443      -0.00044721
  1840       2.36500000       0.00178885      -0.00089443
  1841       2.36500000      -0.00134164       0.00178885
  1842       2.36500000      -0.00044721       0.00134164
  1843       2.36500000       0.00044721       0.00089443
  1844       2.36500000       0.00134164       0.00044721
  1845       2.36500000       0.00223607      -0.00000000
  1846       2.36500000      -0.00089443       0.00268328
  1847       2.36500000       0.00000000       0.00223607
  1848       2.36500000       0.00089443       0.00178885
  1849       2.36500000       0.00178885       0.00134164
  1850       2.36500000       0.00268328       0.00089443
  1851       2.37000000      -0.00268328      -0.00089443
  1852       2.37000000      -0.00178885      -0.00134164
  1853       2.37000000      -0.00089443      -0.00178885
  1854       2.37000000      -0.00000000      -0.00223607
  1855       2.37000000       0.00089443      -0.00268328
  1856       2.37000000      -0.00223607       0.00000000
  1857       2.37000000      -0.00134164      -0.00044721
  1858       2.37000000      -0.00044721      -0.00089443
  1859       2.37000000       0.00044721      -0.00134164
  1860       2.37000000       0.00134164      -0.00178885
  1861       2.37000000      -0.00178885       0.00089443
  1862       2.37000000      -0.00089443       0.00044721
  1863       2.37000000       0.00000000       0.00000000
  1864       2.37000000       0.00089443      -0.00044721
  1865       2.37000000       0.00178885      -0.00089443
  1866       2.37000000      -0.00134164       0.00178885
  1867       2.37000000      -0.00044721       0.00134164
  1868       2.37000000       0.00044721       0.00089443
  1869       2.37000000       0.00134164       0.00044721
  1870       2.37000000       0.00223607      -0.00000000
  1871       2.37000000      -0.00089443       0.00268328
  1872       2.37000000       0.00000000       0.00223607
  1873       2.37000000       0.00089443       0.00178885
  1874       2.37000000       0.00178885       0.00134164
  1875       2.37000000       0.00268328       0.00089443
  1876       2.37500000      -0.00268328      -0.00089443
  1877       2.37500000      -0.00178885      -0.00134164
  1878       2.37500000      -0.00089443      -0.00178885
  1879       2.37500000      -0.00000000      -0.00223607
  1880       2.37500000       0.00089443      -0.00268328
  1881       2.37500000      -0.00223607       0.00000000
  1882       2.37500000      -0.00134164      -0.00044721
  1883       2.37500000      -0.00044721      -0.00089443
  1884       2.37500000       0.00044721      -0.00134164
  1885       2.37500000       0.00134164      -0.00178885
  1886       2.37500000      -0.00178885       0.00089443
  1887       2.37500000      -0.00089443       0.00044721
  1888       2.37500000       0.00000000       0.00000000
  1889       2.37500000       0.00089443      -0.00044721
  1890       2.37500000       0.00178885      -0.00089443
  1891       2.37500000      -0.00134164       0.00178885
  1892       2.37500000      -0.00044721       0.00134164
  1893       2.37500000       0.00044721       0.00089443
  1894       2.37500000       0.00134164       0.00044721
  1895       2.37500000       0.00223607      -0.00000000
  1896       2.37500000      -0.00089443       0.00268328
  1897       2.37500000       0.00000000       0.00223607
  1898       2.37500000       0.00089443       0.00178885
  1899       2.37500000       0.00178885       0.00134164
  1900       2.37500000       0.00268328       0.00089443
  1901       2.38000000      -0.00268328      -0.00089443
  1902       2.38000000      -0.00178885      -0.00134164
  1903       2.38000000      -0.00089443      -0.00178885
  1904       2.38000000      -0.00000000      -0.00223607
  1905       2.38000000       0.00089443      -0.00268328
  1906       2.38000000      -0.00223607       0.00000000
  1907       2.38000000      -0.00134164      -0.00044721
  1908       2.38000000      -0.00044721      -0.00089443
  1909       2.38000000       0.00044721      -0.00134164
  1910       2.38000000       0.00134164      -0.00178885
  1911       2.38000000      -0.00178885       0.00089443
  1912       2.38000000      -0.00089443       0.00044721
  1913       2.38000000       0.00000000       0.00000000
  1914       2.38000000       0.00089443      -0.00044721
  1915       2.38000000       0.00178885      -0.00089443
  1916       2.38000000      -0.00134164       0.00178885
  1917       2.38000000      -0.00044721       0.00134164
  1918       2.38000000       0.00044721       0.00089443
  1919       2.38000000       0.00134164       0.00044721
  1920       2.38000000       0.00223607      -0.00000000
  1921       2.38000000      -0.00089443       0.00268328
  1922       2.38000000       0.00000000       0.00223607
  1923       2.38000000       0.00089443       0.00178885
  1924       2.38000000       0.00178885       0.00134164
  1925       2.38000000       0.00268328       0.00089443
  1926       2.38500000      -0.00268328      -0.00089443
  1927       2.38500000      -0.00178885      -0.00134164
  1928       2.38500000      -0.00089443      -0.00178885
  1929       2.38500000      -0.00000000      -0.00223607
  1930       2.38500000       0.00089443      -0.00268328
  1931       2.38500000      -0.00223607       0.00000000
  1932       2.38500000      -0.00134164      -0.00044721
  1933       2.38500000      -0.00044721      -0.00089443
  1934       2.38500000       0.00044721      -0.00134164
  1935       2.38500000       0.00134164      -0.00178885
  1936       2.38500000      -0.00178885       0.00089443
  1937       2.38500000      -0.00089443       0.00044721
  1938       2.38500000       0.00000000       0.00000000
  1939       2.38500000       0.00089443      -0.00044721
  1940       2.38500000       0.00178885      -0.00089443
  1941       2.38500000      -0.00134164       0.00178885
  1942       2.38500000      -0.00044721       0.00134164
  1943       2.38500000       0.00044721       0.00089443
  1944       2.38500000       0.00134164       0.00044721
  1945       2.38500000       0.00223607      -0.00000000
  1946       2.38500000      -0.00089443       0.00268328
  1947       2.38500000       0.00000000       0.00223607
  1948       2.38500000       0.00089443       0.00178885
  1949       2.38500000       0.00178885       0.00134164
  1950       2.38500000       0.00268328       0.00089443
  1951       2.39000000      -0.00268328      -0.00089443
  1952       2.39000000      -0.00178885      -0.00134164
  1953       2.39000000      -0.00089443      -0.00178885
  1954       2.39000000      -0.00000000      -0.00223607
  1955       2.39000000       0.00089443      -0.00268328
  1956       2.39000000      -0.00223607       0.00000000
  1957       2.39000000      -0.00134164      -0.00044721
  1958       2.39000000      -0.00044721      -0.00089443
  1959       2.39000000       0.00044721      -0.00134164
  1960       2.39000000       0.00134164      -0.00178885
  1961       2.39000000      -0.00178885       0.00089443
  1962       2.39000000      -0.00089443       0.00044721
  1963       2.39000000       0.00000000       0.00000000
  1964       2.39000000       0.00089443      -0.00044721
  1965       2.39000000       0.00178885      -0.00089443
  1966       2.39000000      -0.00134164       0.00178885
  1967       2.39000000      -0.00044721       0.00134164
  1968       2.39000000       0.00044721       0.00089443
  1969       2.39000000       0.00134164       0.00044721
  1970       2.39000000       0.00223607      -0.00000000
  1971       2.39000000      -0.00089443       0.00268328
  1972       2.39000000       0.00000000       0.00223607
  1973       2.39000000       0.00089443       0.00178885
  1974       2.39000000       0.00178885       0.00134164
  1975       2.39000000       0.00268328       0.00089443
  1976       2.39500000      -0.00268328      -0.00089443
  1977       2.39500000      -0.00178885      -0.00134164
  1978       2.39500000      -0.00089443      -0.00178885
  1979       2.39500000      -0.00000000      -0.00223607
  1980       2.39500000       0.00089443      -0.00268328
  1981       2.39500000      -0.00223607       0.00000000
  1982       2.39500000      -0.00134164      -0.00044721
  1983       2.39500000      -0.00044721      -0.00089443
  1984       2.39500000       0.00044721      -0.00134164
  1985       2.39500000       0.00134164      -0.00178885
  1986       2.39500000      -0.00178885       0.00089443
  1987       2.39500000      -0.00089443       0.00044721
  1988       2.39500000       0.00000000       0.00000000
  1989       2.39500000       0.00089443      -0.00044721
  1990       2.39500000       0.00178885      -0.00089443
  1991       2.39500000      -0.00134164       0.00178885
  1992       2.39500000      -0.00044721       0.00134164
  1993       2.39500000       0.00044721       0.00089443
  1994       2.39500000       0.00134164       0.00044721
  1995       2.39500000       0.00223607      -0.00000000
  1996       2.39500000      -0.00089443       0.00268328
  1997       2.39500000       0.00000000       0.00223607
  1998       2.39500000       0.00089443       0.00178885
  1999       2.39500000       0.00178885       0.00134164
  2000       2.39500000       0.00268328       0.00089443
  2001       2.40000000      -0.00268328      -0.00089443
  2002       2.40000000      -0.00178885      -0.00134164
  2003       2.40000000      -0.00089443      -0.00178885
  2004       2.40000000      -0.00000000      -0.00223607
  2005       2.40000000       0.00089443      -0.00268328
  2006       2.40000000      -0.00223607       0.00000000
  2007       2.40000000      -0.00134164      -0.00044721
  2008       2.40000000      -0.00044721      -0.00089443
  2009       2.40000000       0.00044721      -0.00134164
  2010       2.40000000       0.00134164      -0.00178885
  2011       2.40000000      -0.00178885       0.00089443
  2012       2.40000000      -0.00089443       0.00044721
  2013       2.40000000       0.00000000       0.00000000
  2014       2.40000000       0.00089443      -0.00044721
  2015       2.40000000       0.00178885      -0.00089443
  2016       2.40000000      -0.00134164       0.00178885
  2017       2.40000000      -0.00044721       0.00134164
  2018       2.40000000       0.00044721       0.00089443
  2019       2.40000000       0.00134164       0.00044721
  2020       2.40000000       0.00223607      -0.00000000
  2021       2.40000000      -0.00089443       0.00268328
  2022       2.40000000       0.00000000       0.00223607
  2023       2.40000000       0.00089443       0.00178885
  2024       2.40000000       0.00178885       0.00134164
  2025       2.40000000       0.00268328       0.00089443
  2026       2.40500000      -0.00268328      -0.00089443
  2027       2.40500000      -0.00178885      -0.00134164
  2028       2.40500000      -0.00089443      -0.00178885
  2029       2.40500000      -0.00000000      -0.00223607
  2030       2.40500000       0.00089443      -0.00268328
  2031       2.40500000      -0.00223607       0.00000000
  2032       2.40500000      -0.00134164      -0.00044721
  2033       2.40500000      -0.00044721      -0.00089443
  2034       2.40500000       0.00044721      -0.00134164
  2035       2.40500000       0.00134164      -0.00178885
  2036       2.40500000      -0.00178885       0.00089443
  2037       2.40500000      -0.00089443       0.00044721
  2038       2.40500000       0.00000000       0.00000000
  2039       2.40500000       0.00089443      -0.00044721
  2040       2.40500000       0.00178885      -0.00089443
  2041       2.40500000      -0.00134164       0.00178885
  2042       2.40500000      -0.00044721       0.00134164
  2043       2.40500000       0.00044721       0.00089443
  2044       2.40500000       0.00134164       0.00044721
  2045       2.40500000       0.00223607      -0.00000000
  2046       2.40500000      -0.00089443       0.00268328
  2047       2.40500000       0.00000000       0.00223607
  2048       2.40500000       0.00089443       0.00178885
  2049       2.40500000       0.00178885       0.00134164
  2050       2.40500000       0.00268328       0.00089443
  2051       2.41000000      -0.00268328      -0.00089443
  2052       2.41000000      -0.00178885      -0.00134164
  2053       2.41000000      -0.00089443      -0.00178885
  2054       2.41000000      -0.00000000      -0.00223607
  2055       2.41000000       0.00089443      -0.00268328
  2056       2.41000000      -0.00223607       0.00000000
  2057       2.41000000      -0.00134164      -0.00044721
  2058       2.41000000      -0.00044721      -0.00089443
  2059       2.41000000       0.00044721      -0.00134164
  2060       2.41000000       0.00134164      -0.00178885
  2061       2.41000000      -0.00178885       0.00089443
  2062       2.41000000      -0.00089443       0.00044721
  2063       2.41000000       0.00000000       0.00000000
  2064       2.41000000       0.00089443      -0.00044721
  2065       2.41000000       0.00178885      -0.00089443
  2066       2.41000000      -0.00134164       0.00178885
  2067       2.41000000      -0.00044721       0.00134164
  2068       2.41000000       0.00044721       0.00089443
  2069       2.41000000       0.00134164       0.00044721
  2070       2.41000000       0.00223607      -0.00000000
  2071       2.41000000      -0.00089443       0.00268328
  2072       2.41000000       0.00000000       0.00223607
  2073       2.41000000       0.00089443       0.00178885
  2074       2.41000000       0.00178885       0.00134164
  2075       2.41000000       0.00268328       0.00089443
  2076       2.41500000      -0.00268328      -0.00089443
  2077       2.41500000      -0.00178885      -0.00134164
  2078       2.41500000      -0.00089443      -0.00178885
  2079       2.41500000      -0.00000000      -0.00223607
  2080       2.41500000       0.00089443      -0.00268328
  2081       2.41500000      -0.00223607       0.00000000
  2082       2.41500000      -0.00134164      -0.00044721
  2083       2.41500000      -0.00044721      -0.00089443
  2084       2.41500000       0.00044721      -0.00134164
  2085       2.41500000       0.00134164      -0.00178885
  2086       2.41500000      -0.00178885       0.00089443
  2087       2.41500000      -0.00089443       0.00044721
  2088       2.41500000       0.00000000       0.00000000
  2089       2.41500000       0.00089443      -0.00044721
  2090       2.41500000       0.00178885      -0.00089443
  2091       2.41500000      -0.00134164       0.00178885
  2092       2.41500000      -0.00044721       0.00134164
  2093       2.41500000       0.00044721       0.00089443
  2094       2.41500000       0.00134164       0.00044721
  2095       2.41500000       0.00223607      -0.00000000
  2096       2.41500000      -0.00089443       0.00268328
  2097       2.41500000       0.00000000       0.00223607
  2098       2.41500000       0.00089443       0.00178885
  2099       2.41500000       0.00178885       0.00134164
  2100       2.41500000       0.00268328       0.00089443
  2101       2.42000000      -0.00268328      -0.00089443
  2102       2.42000000      -0.00178885      -0.00134164
  2103       2.42000000      -0.00089443      -0.00178885
  2104       2.42000000      -0.00000000      -0.00223607
  2105       2.42000000       0.00089443      -0.00268328
  2106       2.42000000      -0.00223607       0.00000000
  2107       2.42000000      -0.00134164      -0.00044721
  2108       2.42000000      -0.00044721      -0.00089443
  2109       2.42000000       0.00044721      -0.00134164
  2110       2.42000000       0.00134164      -0.00178885
  2111       2.42000000      -0.00178885       0.00089443
  2112       2.42000000      -0.00089443       0.00044721
  2113       2.42000000       0.00000000       0.00000000
  2114       2.42000000       0.00089443      -0.00044721
  2115       2.42000000       0.00178885      -0.00089443
  2116       2.42000000      -0.00134164       0.00178885
  2117       2.42000000      -0.00044721       0.00134164
  2118       2.42000000       0.00044721       0.00089443
  2119       2.42000000       0.00134164       0.00044721
  2120       2.42000000       0.00223607      -0.00000000
  2121       2.42000000      -0.00089443       0.00268328
  2122       2.42000000       0.00000000       0.00223607
  2123       2.42000000       0.00089443       0.00178885
  2124       2.42000000       0.00178885       0.00134164
  2125       2.42000000       0.00268328       0.00089443
  2126       2.42500000      -0.00268328      -0.00089443
  2127       2.42500000      -0.00178885      -0.00134164
  2128       2.42500000      -0.00089443      -0.00178885
  2129       2.42500000      -0.00000000      -0.00223607
  2130       2.42500000       0.00089443      -0.00268328
  2131       2.42500000      -0.00223607       0.00000000
  2132       2.42500000      -0.00134164      -0.00044721
  2133       2.42500000      -0.00044721      -0.00089443
  2134       2.42500000       0.00044721      -0.00134164
  2135       2.42500000       0.00134164      -0.00178885
  2136       2.42500000      -0.00178885       0.00089443
  2137       2.42500000      -0.00089443       0.00044721
  2138       2.42500000       0.00000000       0.00000000
  2139       2.42500000       0.00089443      -0.00044721
  2140       2.42500000       0.00178885      -0.00089443
  2141       2.42500000      -0.00134164       0.00178885
  2142       2.42500000      -0.00044721       0.00134164
  2143       2.42500000       0.00044721       0.00089443
  2144       2.42500000       0.00134164       0.00044721
  2145       2.42500000       0.00223607      -0.00000000
  2146       2.42500000      -0.00089443       0.00268328
  2147       2.42500000       0.00000000       0.00223607
  2148       2.42500000       0.00089443       0.00178885
  2149       2.42500000       0.00178885       0.00134164
  2150       2.42500000       0.00268328       0.00089443
  2151       2.43000000      -0.00268328      -0.00089443
  2152       2.43000000      -0.00178885      -0.00134164
  2153       2.43000000      -0.00089443      -0.00178885
  2154       2.43000000      -0.00000000      -0.00223607
  2155       2.43000000       0.00089443      -0.00268328
  2156       2.43000000      -0.00223607       0.00000000
  2157       2.43000000      -0.00134164      -0.00044721
  2158       2.43000000      -0.00044721      -0.00089443
  2159       2.43000000       0.00044721      -0.00134164
  2160       2.43000000       0.00134164      -0.00178885
  2161       2.43000000      -0.00178885       0.00089443
  2162       2.43000000      -0.00089443       0.00044721
  2163       2.43000000       0.00000000       0.00000000
  2164       2.43000000       0.00089443      -0.00044721
  2165       2.43000000       0.00178885      -0.00089443
  2166       2.43000000      -0.00134164       0.00178885
  2167       2.43000000      -0.00044721       0.00134164
  2168       2.43000000       0.00044721       0.00089443
  2169       2.43000000       0.00134164       0.00044721
  2170       2.43000000       0.00223607      -0.00000000
  2171       2.43000000      -0.00089443       0.00268328
  2172       2.43000000       0.00000000       0.00223607
  2173       2.43000000       0.00089443       0.00178885
  2174       2.43000000       0.00178885       0.00134164
  2175       2.43000000       0.00268328       0.00089443
  2176       2.43500000      -0.00268328      -0.00089443
  2177       2.43500000      -0.00178885      -0.00134164
  2178       2.43500000      -0.00089443      -0.00178885
  2179       2.43500000      -0.00000000      -0.00223607
  2180       2.43500000       0.00089443      -0.00268328
  2181       2.43500000      -0.00223607       0.00000000
  2182       2.43500000      -0.00134164      -0.00044721
  2183       2.43500000      -0.00044721      -0.00089443
  2184       2.43500000       0.00044721      -0.00134164
  2185       2.43500000       0.00134164      -0.00178885
  2186       2.43500000      -0.00178885       0.00089443
  2187       2.43500000      -0.00089443       0.00044721
  2188       2.43500000       0.00000000       0.00000000
  2189       2.43500000       0.00089443      -0.00044721
  2190       2.43500000       0.00178885      -0.00089443
  2191       2.43500000      -0.00134164       0.00178885
  2192       2.43500000      -0.00044721       0.00134164
  2193       2.43500000       0.00044721       0.00089443
  2194       2.43500000       0.00134164       0.00044721
  2195       2.43500000       0.00223607      -0.00000000
  2196       2.43500000      -0.00089443       0.00268328
  2197       2.43500000       0.00000000       0.00223607
  2198       2.43500000       0.00089443       0.00178885
  2199       2.43500000       0.00178885       0.00134164
  2200       2.43500000       0.00268328       0.00089443
  2201       2.44000000      -0.00268328      -0.00089443
  2202       2.44000000      -0.00178885      -0.00134164
  2203       2.44000000      -0.00089443      -0.00178885
  2204       2.44000000      -0.00000000      -0.00223607
  2205       2.44000000       0.00089443      -0.00268328
  2206       2.44000000      -0.00223607       0.00000000
  2207       2.44000000      -0.00134164      -0.00044721
  2208       2.44000000      -0.00044721      -0.00089443
  2209       2.44000000       0.00044721      -0.00134164
  2210       2.44000000       0.00134164      -0.00178885
  2211       2.44000000      -0.00178885       0.00089443
  2212       2.44000000      -0.00089443       0.00044721
  2213       2.44000000       0.00000000       0.00000000
  2214       2.44000000       0.00089443      -0.00044721
  2215       2.44000000       0.00178885      -0.00089443
  2216       2.44000000      -0.00134164       0.00178885
  2217       2.44000000      -0.00044721       0.00134164
  2218       2.44000000       0.00044721       0.00089443
  2219       2.44000000       0.00134164       0.00044721
  2220       2.44000000       0.00223607      -0.00000000
  2221       2.44000000      -0.00089443       0.00268328
  2222       2.44000000       0.00000000       0.00223607
  2223       2.44000000       0.00089443       0.00178885
  2224       2.44000000       0.00178885       0.00134164
  2225       2.44000000       0.00268328       0.00089443
  2226       2.44500000      -0.00268328      -0.00089443
  2227       2.44500000      -0.00178885      -0.00134164
  2228       2.44500000      -0.00089443      -0.00178885
  2229       2.44500000      -0.00000000      -0.00223607
  2230       2.44500000       0.00089443      -0.00268328
  2231       2.44500000      -0.00223607       0.00000000
  2232       2.44500000      -0.00134164      -0.00044721
  2233       2.44500000      -0.00044721      -0.00089443
  2234       2.44500000       0.00044721      -0.00134164
  2235       2.44500000       0.00134164      -0.00178885
  2236       2.44500000      -0.00178885       0.00089443
  2237       2.44500000      -0.00089443       0.00044721
  2238       2.44500000       0.00000000       0.00000000
  2239       2.44500000       0.00089443      -0.00044721
  2240       2.44500000       0.00178885      -0.00089443
  2241       2.44500000      -0.00134164       0.00178885
  2242       2.44500000      -0.00044721       0.00134164
  2243       2.44500000       0.00044721       0.00089443
  2244       2.44500000       0.00134164       0.00044721
  2245       2.44500000       0.00223607      -0.00000000
  2246       2.44500000      -0.00089443       0.00268328
  2247       2.44500000       0.00000000       0.00223607
  2248       2.44500000       0.00089443       0.00178885
  2249       2.44500000       0.00178885       0.00134164
  2250       2.44500000       0.00268328       0.00089443
  2251       2.45000000      -0.00268328      -0.00089443
  2252       2.45000000      -0.00178885      -0.00134164
  2253       2.45000000      -0.00089443      -0.00178885
  2254       2.45000000      -0.00000000      -0.00223607
  2255       2.45000000       0.00089443      -0.00268328
  2256       2.45000000      -0.00223607       0.00000000
  2257       2.45000000      -0.00134164      -0.00044721
  2258       2.45000000      -0.00044721      -0.00089443
  2259       2.45000000       0.00044721      -0.00134164
  2260       2.45000000       0.00134164      -0.00178885
  2261       2.45000000      -0.00178885       0.00089443
  2262       2.45000000      -0.00089443       0.00044721
  2263       2.45000000       0.00000000       0.00000000
  2264       2.45000000       0.00089443      -0.00044721
  2265       2.45000000       0.00178885      -0.00089443
  2266       2.45000000      -0.00134164       0.00178885
  2267       2.45000000      -0.00044721       0.00134164
  2268       2.45000000       0.00044721       0.00089443
  2269       2.45000000       0.00134164       0.00044721
  2270       2.45000000       0.00223607      -0.00000000
  2271       2.45000000      -0.00089443       0.00268328
  2272       2.45000000       0.00000000       0.00223607
  2273       2.45000000       0.00089443       0.00178885
  2274       2.45000000       0.00178885       0.00134164
  2275       2.45000000       0.00268328       0.00089443
  2276       2.45500000      -0.00268328      -0.00089443
  2277       2.45500000      -0.00178885      -0.00134164
  2278       2.45500000      -0.00089443      -0.00178885
  2279       2.45500000      -0.00000000      -0.00223607
  2280       2.45500000       0.00089443      -0.00268328
  2281       2.45500000      -0.00223607       0.00000000
  2282       2.45500000      -0.00134164      -0.00044721
  2283       2.45500000      -0.00044721      -0.00089443
  2284       2.45500000       0.00044721      -0.00134164
  2285       2.45500000       0.00134164      -0.00178885
  2286       2.45500000      -0.00178885       0.00089443
  2287       2.45500000      -0.00089443       0.00044721
  2288       2.45500000       0.00000000       0.00000000
  2289       2.45500000       0.00089443      -0.00044721
  2290       2.45500000       0.00178885      -0.00089443
  2291       2.45500000      -0.00134164       0.00178885
  2292       2.45500000      -0.00044721       0.00134164
  2293       2.45500000       0.00044721       0.00089443
  2294       2.45500000       0.00134164       0.00044721
  2295       2.45500000       0.00223607      -0.00000000
  2296       2.45500000      -0.00089443       0.00268328
  2297       2.45500000       0.00000000       0.00223607
  2298       2.45500000       0.00089443       0.00178885
  2299       2.45500000       0.00178885       0.00134164
  2300       2.45500000       0.00268328       0.00089443
  2301       2.46000000      -0.00268328      -0.00089443
  2302       2.46000000      -0.00178885      -0.00134164
  2303       2.46000000      -0.00089443      -0.00178885
  2304       2.46000000      -0.00000000      -0.00223607
  2305       2.46000000       0.00089443      -0.00268328
  2306       2.46000000      -0.00223607       0.00000000
  2307       2.46000000      -0.00134164      -0.00044721
  2308       2.46000000      -0.00044721      -0.00089443
  2309       2.46000000       0.00044721      -0.00134164
  2310       2.46000000       0.00134164      -0.00178885
  2311       2.46000000      -0.00178885       0.00089443
  2312       2.46000000      -0.00089443       0.00044721
  2313       2.46000000       0.00000000       0.00000000
  2314       2.46000000       0.00089443      -0.00044721
  2315       2.46000000       0.00178885      -0.00089443
  2316       2.46000000      -0.00134164       0.00178885
  2317       2.46000000      -0.00044721       0.00134164
  2318       2.46000000       0.00044721       0.00089443
  2319       2.46000000       0.00134164       0.00044721
  2320       2.46000000       0.00223607      -0.00000000
  2321       2.46000000      -0.00089443       0.00268328
  2322       2.46000000       0.00000000       0.00223607
  2323       2.46000000       0.00089443       0.00178885
  2324       2.46000000       0.00178885       0.00134164
  2325       2.46000000       0.00268328       0.00089443
  2326       2.46500000      -0.00268328      -0.00089443
  2327       2.46500000      -0.00178885      -0.00134164
  2328       2.46500000      -0.00089443      -0.00178885
  2329       2.46500000      -0.00000000      -0.00223607
  2330       2.46500000       0.00089443      -0.00268328
  2331       2.46500000      -0.00223607       0.00000000
  2332       2.46500000      -0.00134164      -0.00044721
  2333       2.46500000      -0.00044721      -0.00089443
  2334       2.46500000       0.00044721      -0.00134164
  2335       2.46500000       0.00134164      -0.00178885
  2336       2.46500000      -0.00178885       0.00089443
  2337       2.46500000      -0.00089443       0.00044721
  2338       2.46500000       0.00000000       0.00000000
  2339       2.46500000       0.00089443      -0.00044721
  2340       2.46500000       0.00178885      -0.00089443
  2341       2.46500000      -0.00134164       0.00178885
  2342       2.46500000      -0.00044721       0.00134164
  2343       2.46500000       0.00044721       0.00089443
  2344       2.46500000       0.00134164       0.00044721
  2345       2.46500000       0.00223607      -0.00000000
  2346       2.46500000      -0.00089443       0.00268328
  2347       2.46500000       0.00000000       0.00223607
  2348       2.46500000       0.00089443       0.00178885
  2349       2.46500000       0.00178885       0.00134164
  2350       2.46500000       0.00268328       0.00089443
  2351       2.47000000      -0.00268328      -0.00089443
  2352       2.47000000      -0.00178885      -0.00134164
  2353       2.47000000      -0.00089443      -0.00178885
  2354       2.47000000      -0.00000000      -0.00223607
  2355       2.47000000       0.00089443      -0.00268328
  2356       2.47000000      -0.00223607       0.00000000
  2357       2.47000000      -0.00134164      -0.00044721
  2358       2.47000000      -0.00044721      -0.00089443
  2359       2.47000000       0.00044721      -0.00134164
  2360       2.47000000       0.00134164      -0.00178885
  2361       2.47000000      -0.00178885       0.00089443
  2362       2.47000000      -0.00089443       0.00044721
  2363       2.47000000       0.00000000       0.00000000
  2364       2.47000000       0.00089443      -0.00044721
  2365       2.47000000       0.00178885      -0.00089443
  2366       2.47000000      -0.00134164       0.00178885
  2367       2.47000000      -0.00044721       0.00134164
  2368       2.47000000       0.00044721       0.00089443
  2369       2.47000000       0.00134164       0.00044721
  2370       2.47000000       0.00223607      -0.00000000
  2371       2.47000000      -0.00089443       0.00268328
  2372       2.47000000       0.00000000       0.00223607
  2373       2.47000000       0.00089443       0.00178885
  2374       2.47000000       0.00178885       0.00134164
  2375       2.47000000       0.00268328       0.00089443
  2376       2.47500000      -0.00268328      -0.00089443
  2377       2.47500000      -0.00178885      -0.00134164
  2378       2.47500000      -0.00089443      -0.00178885
  2379       2.47500000      -0.00000000      -0.00223607
  2380       2.47500000       0.00089443      -0.00268328
  2381       2.47500000      -0.00223607       0.00000000
  2382       2.47500000      -0.00134164      -0.00044721
  2383       2.47500000      -0.00044721      -0.00089443
  2384       2.47500000       0.00044721      -0.00134164
  2385       2.47500000       0.00134164      -0.00178885
  2386       2.47500000      -0.00178885       0.00089443
  2387       2.47500000      -0.00089443       0.00044721
  2388       2.47500000       0.00000000       0.00000000
  2389       2.47500000       0.00089443      -0.00044721
  2390       2.47500000       0.00178885      -0.00089443
  2391       2.47500000      -0.00134164       0.00178885
  2392       2.47500000      -0.00044721       0.00134164
  2393       2.47500000       0.00044721       0.00089443
  2394       2.47500000       0.00134164       0.00044721
  2395       2.47500000       0.00223607      -0.00000000
  2396       2.47500000      -0.00089443       0.00268328
  2397       2.47500000       0.00000000       0.00223607
  2398       2.47500000       0.00089443       0.00178885
  2399       2.47500000       0.00178885       0.00134164
  2400       2.47500000       0.00268328       0.00089443
  2401       2.48000000      -0.00268328      -0.00089443
  2402       2.48000000      -0.00178885      -0.00134164
  2403       2.48000000      -0.00089443      -0.00178885
  2404       2.48000000      -0.00000000      -0.00223607
  2405       2.48000000       0.00089443      -0.00268328
  2406       2.48000000      -0.00223607       0.00000000
  2407       2.48000000      -0.00134164      -0.00044721
  2408       2.48000000      -0.00044721      -0.00089443
  2409       2.48000000       0.00044721      -0.00134164
  2410       2.48000000       0.00134164      -0.00178885
  2411       2.48000000      -0.00178885       0.00089443
  2412       2.48000000      -0.00089443       0.00044721
  2413       2.48000000       0.00000000       0.00000000
  2414       2.48000000       0.00089443      -0.00044721
  2415       2.48000000       0.00178885      -0.00089443
  2416       2.48000000      -0.00134164       0.00178885
  2417       2.48000000      -0.00044721       0.00134164
  2418       2.48000000       0.00044721       0.00089443
  2419       2.48000000       0.00134164       0.00044721
  2420       2.48000000       0.00223607      -0.00000000
  2421       2.48000000      -0.00089443       0.00268328
  2422       2.48000000       0.00000000       0.00223607
  2423       2.48000000       0.00089443       0.00178885
  2424       2.48000000       0.00178885       0.00134164
  2425       2.48000000       0.00268328       0.00089443
  2426       2.48500000      -0.00268328      -0.00089443
  2427       2.48500000      -0.00178885      -0.00134164
  2428       2.48500000      -0.00089443      -0.00178885
  2429       2.48500000      -0.00000000      -0.00223607
  2430       2.48500000       0.00089443      -0.00268328
  2431       2.48500000      -0.00223607       0.00000000
  2432       2.48500000      -0.00134164      -0.00044721
  2433       2.48500000      -0.00044721      -0.00089443
  2434       2.48500000       0.00044721      -0.00134164
  2435       2.48500000       0.00134164      -0.00178885
  2436       2.48500000      -0.00178885       0.00089443
  2437       2.48500000      -0.00089443       0.00044721
  2438       2.48500000       0.00000000       0.00000000
  2439       2.48500000       0.00089443      -0.00044721
  2440       2.48500000       0.00178885      -0.00089443
  2441       2.48500000      -0.00134164       0.00178885
  2442       2.48500000      -0.00044721       0.00134164
  2443       2.48500000       0.00044721       0.00089443
  2444       2.48500000       0.00134164       0.00044721
  2445       2.48500000       0.00223607      -0.00000000
  2446       2.48500000      -0.00089443       0.00268328
  2447       2.48500000       0.00000000       0.00223607
  2448       2.48500000       0.00089443       0.00178885
  2449       2.48500000       0.00178885       0.00134164
  2450       2.48500000       0.00268328       0.00089443
  2451       2.49000000      -0.00268328      -0.00089443
  2452       2.49000000      -0.00178885      -0.00134164
  2453       2.49000000      -0.00089443      -0.00178885
  2454       2.49000000      -0.00000000      -0.00223607
  2455       2.49000000       0.00089443      -0.00268328
  2456       2.49000000      -0.00223607       0.00000000
  2457       2.49000000      -0.00134164      -0.00044721
  2458       2.49000000      -0.00044721      -0.00089443
  2459       2.49000000       0.00044721      -0.00134164
  2460       2.49000000       0.00134164      -0.00178885
  2461       2.49000000      -0.00178885       0.00089443
  2462       2.49000000      -0.00089443       0.00044721
  2463       2.49000000       0.00000000       0.00000000
  2464       2.49000000       0.00089443      -0.00044721
  2465       2.49000000       0.00178885      -0.00089443
  2466       2.49000000      -0.00134164       0.00178885
  2467       2.49000000      -0.00044721       0.00134164
  2468       2.49000000       0.00044721       0.00089443
  2469       2.49000000       0.00134164       0.00044721
  2470       2.49000000       0.00223607      -0.00000000
  2471       2.49000000      -0.00089443       0.00268328
  2472       2.49000000       0.00000000       0.00223607
  2473       2.49000000       0.00089443       0.00178885
  2474       2.49000000       0.00178885       0.00134164
  2475       2.49000000       0.00268328       0.00089443
  2476       2.49500000      -0.00268328      -0.00089443
  2477       2.49500000      -0.00178885      -0.00134164
  2478       2.49500000      -0.00089443      -0.00178885
  2479       2.49500000      -0.00000000      -0.00223607
  2480       2.49500000       0.00089443      -0.00268328
  2481       2.49500000      -0.00223607       0.00000000
  2482       2.49500000      -0.00134164      -0.00044721
  2483       2.49500000      -0.00044721      -0.00089443
  2484       2.49500000       0.00044721      -0.00134164
  2485       2.49500000       0.00134164      -0.00178885
  2486       2.49500000      -0.00178885       0.00089443
  2487       2.49500000      -0.00089443       0.00044721
  2488       2.49500000       0.00000000       0.00000000
  2489       2.49500000       0.00089443      -0.00044721
  2490       2.49500000       0.00178885      -0.00089443
  2491       2.49500000      -0.00134164       0.00178885
  2492       2.49500000      -0.00044721       0.00134164
  2493       2.49500000       0.00044721       0.00089443
  2494       2.49500000       0.00134164       0.00044721
  2495       2.49500000       0.00223607      -0.00000000
  2496       2.49500000      -0.00089443       0.00268328
  2497       2.49500000       0.00000000       0.00223607
  2498       2.49500000       0.00089443       0.00178885
  2499       2.49500000       0.00178885       0.00134164
  2500       2.49500000       0.00268328       0.00089443
