-3.222311 -1.354118 -1
-3.222311 -1.303761 -1
-3.222311 -1.253403 -1
-3.222311 -1.203046 -1
-3.222311 -1.152688 -1
-3.222311 -1.102330 -1
-3.222311 -1.051973 -1
-3.222311 -1.001615 -1
-3.222311 -0.951257 -1
-3.222311 -0.900900 -1
-3.222311 -0.850542 -1
-3.222311 -0.800184 -1
-3.222311 -0.749827 -1
-3.222311 -0.699469 -1
-3.222311 -0.649111 -1
-3.222311 -0.598754 -1
-3.222311 -0.548396 -1
-3.222311 -0.498038 -1
-3.222311 -0.447681 -1
-3.222311 -0.397323 -1
-3.222311 -0.346965 -1
-3.222311 -0.296608 -1
-3.222311 -0.246250 -1
-3.222311 -0.195892 -1
-3.222311 -0.145535 -1
-3.222311 -0.095177 -1
-3.222311 -0.044820 -1
-3.222311 0.005538 -1
-3.222311 0.055896 -1
-3.222311 0.106253 -1
-3.222311 0.156611 -1
-3.222311 0.206969 -1
-3.222311 0.257326 -1
-3.222311 0.307684 -1
-3.222311 0.358042 -1
-3.222311 0.408399 -1
-3.222311 0.458757 -1
-3.222311 0.509115 -1
-3.222311 0.559472 -1
-3.222311 0.609830 -1
-3.222311 0.660188 -1
-3.222311 0.710545 -1
-3.222311 0.760903 -1
-3.222311 0.811261 -1
-3.222311 0.861618 -1
-3.222311 0.911976 -1
-3.222311 0.962334 -1
-3.222311 1.012691 -1
-3.222311 1.063049 -1
-3.222311 1.113407 -1
-3.222311 1.163764 -1
-3.222311 1.214122 -1
-3.222311 1.264479 -1
-3.222311 1.314837 -1
-3.222311 1.365195 -1
-3.222311 1.415552 -1
-3.222311 1.465910 -1
-3.222311 1.516268 -1
-3.222311 1.566625 -1
-3.222311 1.616983 -1
-3.222311 1.667341 -1
-3.222311 1.717698 -1
-3.222311 1.768056 -1
-3.222311 1.818414 -1
-3.222311 1.868771 -1
-3.222311 1.919129 -1
-3.222311 1.969487 -1
-3.222311 2.019844 -1
-3.222311 2.070202 -1
-3.222311 2.120560 -1
-3.222311 2.170917 -1
-3.222311 2.221275 -1
-3.222311 2.271633 -1
-3.222311 2.321990 -1
-3.222311 2.372348 -1
-3.222311 2.422706 -1
-3.222311 2.473063 -1
-3.222311 2.523421 -1
-3.222311 2.573778 -1
-3.222311 2.624136 -1
-3.222311 2.674494 -1
-3.222311 2.724851 -1
-3.222311 2.775209 -1
-3.222311 2.825567 -1
-3.222311 2.875924 -1
-3.222311 2.926282 -1
-3.222311 2.976640 -1
-3.222311 3.026997 -1
-3.222311 3.077355 -1
-3.222311 3.127713 -1
-3.222311 3.178070 -1
-3.222311 3.228428 -1
-3.222311 3.278786 -1
-3.222311 3.329143 -1
-3.222311 3.379501 -1
-3.222311 3.429859 -1
-3.222311 3.480216 -1
-3.222311 3.530574 -1
-3.222311 3.580932 -1
-3.222311 3.631289 -1
-3.222311 3.681647 -1
-3.222311 3.732005 -1
-3.222311 3.782362 -1
-3.222311 3.832720 -1
-3.222311 3.883077 -1
-3.222311 3.933435 -1
-3.222311 3.983793 -1
-3.222311 4.034150 -1
-3.222311 4.084508 -1
-3.222311 4.134866 -1
-3.222311 4.185223 -1
-3.222311 4.235581 -1
-3.222311 4.285939 -1
-3.222311 4.336296 -1
-3.222311 4.386654 -1
-3.222311 4.437012 -1
-3.222311 4.487369 -1
-3.222311 4.537727 -1
-3.222311 4.588085 -1
-3.222311 4.638442 -1
-3.222311 4.688800 -1
-3.222311 4.739158 -1
-3.222311 4.789515 -1
-3.222311 4.839873 -1
-3.222311 4.890231 -1
-3.222311 4.940588 -1
-3.222311 4.990946 -1
-3.222311 5.041303 -1
-3.222311 5.091661 -1
-3.222311 5.142019 -1
-3.222311 5.192376 -1
-3.222311 5.242734 -1
-3.222311 5.293092 -1
-3.222311 5.343449 -1
-3.222311 5.393807 -1
-3.222311 5.444165 -1
-3.222311 5.494522 -1
-3.222311 5.544880 -1
-3.222311 5.595238 -1
-3.222311 5.645595 -1
-3.222311 5.695953 -1
-3.222311 5.746311 -1
-3.222311 5.796668 -1
-3.222311 5.847026 -1
-3.222311 5.897384 -1
-3.222311 5.947741 -1
-3.222311 5.998099 -1
-3.222311 6.048457 -1
-3.222311 6.098814 -1
-3.222311 6.149172 -1
-3.222311 6.199530 -1
-3.222311 6.249887 -1
-3.222311 6.300245 -1
-3.222311 6.350602 -1
-3.172103 -1.354118 -1
-3.172103 -1.303761 -1
-3.172103 -1.253403 -1
-3.172103 -1.203046 -1
-3.172103 -1.152688 -1
-3.172103 -1.102330 -1
-3.172103 -1.051973 -1
-3.172103 -1.001615 -1
-3.172103 -0.951257 -1
-3.172103 -0.900900 -1
-3.172103 -0.850542 -1
-3.172103 -0.800184 -1
-3.172103 -0.749827 -1
-3.172103 -0.699469 -1
-3.172103 -0.649111 -1
-3.172103 -0.598754 -1
-3.172103 -0.548396 -1
-3.172103 -0.498038 -1
-3.172103 -0.447681 -1
-3.172103 -0.397323 -1
-3.172103 -0.346965 -1
-3.172103 -0.296608 -1
-3.172103 -0.246250 -1
-3.172103 -0.195892 -1
-3.172103 -0.145535 -1
-3.172103 -0.095177 -1
-3.172103 -0.044820 -1
-3.172103 0.005538 -1
-3.172103 0.055896 -1
-3.172103 0.106253 -1
-3.172103 0.156611 -1
-3.172103 0.206969 -1
-3.172103 0.257326 -1
-3.172103 0.307684 -1
-3.172103 0.358042 -1
-3.172103 0.408399 -1
-3.172103 0.458757 -1
-3.172103 0.509115 -1
-3.172103 0.559472 -1
-3.172103 0.609830 -1
-3.172103 0.660188 -1
-3.172103 0.710545 -1
-3.172103 0.760903 -1
-3.172103 0.811261 -1
-3.172103 0.861618 -1
-3.172103 0.911976 -1
-3.172103 0.962334 -1
-3.172103 1.012691 -1
-3.172103 1.063049 -1
-3.172103 1.113407 -1
-3.172103 1.163764 -1
-3.172103 1.214122 -1
-3.172103 1.264479 -1
-3.172103 1.314837 -1
-3.172103 1.365195 -1
-3.172103 1.415552 -1
-3.172103 1.465910 -1
-3.172103 1.516268 -1
-3.172103 1.566625 -1
-3.172103 1.616983 -1
-3.172103 1.667341 -1
-3.172103 1.717698 -1
-3.172103 1.768056 -1
-3.172103 1.818414 -1
-3.172103 1.868771 -1
-3.172103 1.919129 -1
-3.172103 1.969487 -1
-3.172103 2.019844 -1
-3.172103 2.070202 -1
-3.172103 2.120560 -1
-3.172103 2.170917 -1
-3.172103 2.221275 -1
-3.172103 2.271633 -1
-3.172103 2.321990 -1
-3.172103 2.372348 -1
-3.172103 2.422706 -1
-3.172103 2.473063 -1
-3.172103 2.523421 -1
-3.172103 2.573778 -1
-3.172103 2.624136 -1
-3.172103 2.674494 -1
-3.172103 2.724851 -1
-3.172103 2.775209 -1
-3.172103 2.825567 -1
-3.172103 2.875924 -1
-3.172103 2.926282 -1
-3.172103 2.976640 -1
-3.172103 3.026997 -1
-3.172103 3.077355 -1
-3.172103 3.127713 -1
-3.172103 3.178070 -1
-3.172103 3.228428 -1
-3.172103 3.278786 -1
-3.172103 3.329143 -1
-3.172103 3.379501 -1
-3.172103 3.429859 -1
-3.172103 3.480216 -1
-3.172103 3.530574 -1
-3.172103 3.580932 -1
-3.172103 3.631289 -1
-3.172103 3.681647 -1
-3.172103 3.732005 -1
-3.172103 3.782362 -1
-3.172103 3.832720 -1
-3.172103 3.883077 -1
-3.172103 3.933435 -1
-3.172103 3.983793 -1
-3.172103 4.034150 -1
-3.172103 4.084508 -1
-3.172103 4.134866 -1
-3.172103 4.185223 -1
-3.172103 4.235581 -1
-3.172103 4.285939 -1
-3.172103 4.336296 -1
-3.172103 4.386654 -1
-3.172103 4.437012 -1
-3.172103 4.487369 -1
-3.172103 4.537727 -1
-3.172103 4.588085 -1
-3.172103 4.638442 -1
-3.172103 4.688800 -1
-3.172103 4.739158 -1
-3.172103 4.789515 -1
-3.172103 4.839873 -1
-3.172103 4.890231 -1
-3.172103 4.940588 -1
-3.172103 4.990946 -1
-3.172103 5.041303 -1
-3.172103 5.091661 -1
-3.172103 5.142019 -1
-3.172103 5.192376 -1
-3.172103 5.242734 -1
-3.172103 5.293092 -1
-3.172103 5.343449 -1
-3.172103 5.393807 -1
-3.172103 5.444165 -1
-3.172103 5.494522 -1
-3.172103 5.544880 -1
-3.172103 5.595238 -1
-3.172103 5.645595 -1
-3.172103 5.695953 -1
-3.172103 5.746311 -1
-3.172103 5.796668 -1
-3.172103 5.847026 -1
-3.172103 5.897384 -1
-3.172103 5.947741 -1
-3.172103 5.998099 -1
-3.172103 6.048457 -1
-3.172103 6.098814 -1
-3.172103 6.149172 -1
-3.172103 6.199530 -1
-3.172103 6.249887 -1
-3.172103 6.300245 -1
-3.172103 6.350602 -1
-3.121895 -1.354118 -1
-3.121895 -1.303761 -1
-3.121895 -1.253403 -1
-3.121895 -1.203046 -1
-3.121895 -1.152688 -1
-3.121895 -1.102330 -1
-3.121895 -1.051973 -1
-3.121895 -1.001615 -1
-3.121895 -0.951257 -1
-3.121895 -0.900900 -1
-3.121895 -0.850542 -1
-3.121895 -0.800184 -1
-3.121895 -0.749827 -1
-3.121895 -0.699469 -1
-3.121895 -0.649111 -1
-3.121895 -0.598754 -1
-3.121895 -0.548396 -1
-3.121895 -0.498038 -1
-3.121895 -0.447681 -1
-3.121895 -0.397323 -1
-3.121895 -0.346965 -1
-3.121895 -0.296608 -1
-3.121895 -0.246250 -1
-3.121895 -0.195892 -1
-3.121895 -0.145535 -1
-3.121895 -0.095177 -1
-3.121895 -0.044820 -1
-3.121895 0.005538 -1
-3.121895 0.055896 -1
-3.121895 0.106253 -1
-3.121895 0.156611 -1
-3.121895 0.206969 -1
-3.121895 0.257326 -1
-3.121895 0.307684 -1
-3.121895 0.358042 -1
-3.121895 0.408399 -1
-3.121895 0.458757 -1
-3.121895 0.509115 -1
-3.121895 0.559472 -1
-3.121895 0.609830 -1
-3.121895 0.660188 -1
-3.121895 0.710545 -1
-3.121895 0.760903 -1
-3.121895 0.811261 -1
-3.121895 0.861618 -1
-3.121895 0.911976 -1
-3.121895 0.962334 -1
-3.121895 1.012691 -1
-3.121895 1.063049 -1
-3.121895 1.113407 -1
-3.121895 1.163764 -1
-3.121895 1.214122 -1
-3.121895 1.264479 -1
-3.121895 1.314837 -1
-3.121895 1.365195 -1
-3.121895 1.415552 -1
-3.121895 1.465910 -1
-3.121895 1.516268 -1
-3.121895 1.566625 -1
-3.121895 1.616983 -1
-3.121895 1.667341 -1
-3.121895 1.717698 -1
-3.121895 1.768056 -1
-3.121895 1.818414 -1
-3.121895 1.868771 -1
-3.121895 1.919129 -1
-3.121895 1.969487 -1
-3.121895 2.019844 -1
-3.121895 2.070202 -1
-3.121895 2.120560 -1
-3.121895 2.170917 -1
-3.121895 2.221275 -1
-3.121895 2.271633 -1
-3.121895 2.321990 -1
-3.121895 2.372348 -1
-3.121895 2.422706 -1
-3.121895 2.473063 -1
-3.121895 2.523421 -1
-3.121895 2.573778 -1
-3.121895 2.624136 -1
-3.121895 2.674494 -1
-3.121895 2.724851 -1
-3.121895 2.775209 -1
-3.121895 2.825567 -1
-3.121895 2.875924 -1
-3.121895 2.926282 -1
-3.121895 2.976640 -1
-3.121895 3.026997 -1
-3.121895 3.077355 -1
-3.121895 3.127713 -1
-3.121895 3.178070 -1
-3.121895 3.228428 -1
-3.121895 3.278786 -1
-3.121895 3.329143 -1
-3.121895 3.379501 -1
-3.121895 3.429859 -1
-3.121895 3.480216 -1
-3.121895 3.530574 -1
-3.121895 3.580932 -1
-3.121895 3.631289 -1
-3.121895 3.681647 -1
-3.121895 3.732005 -1
-3.121895 3.782362 -1
-3.121895 3.832720 -1
-3.121895 3.883077 -1
-3.121895 3.933435 -1
-3.121895 3.983793 -1
-3.121895 4.034150 -1
-3.121895 4.084508 -1
-3.121895 4.134866 -1
-3.121895 4.185223 -1
-3.121895 4.235581 -1
-3.121895 4.285939 -1
-3.121895 4.336296 -1
-3.121895 4.386654 -1
-3.121895 4.437012 -1
-3.121895 4.487369 -1
-3.121895 4.537727 -1
-3.121895 4.588085 -1
-3.121895 4.638442 -1
-3.121895 4.688800 -1
-3.121895 4.739158 -1
-3.121895 4.789515 -1
-3.121895 4.839873 -1
-3.121895 4.890231 -1
-3.121895 4.940588 -1
-3.121895 4.990946 -1
-3.121895 5.041303 -1
-3.121895 5.091661 -1
-3.121895 5.142019 -1
-3.121895 5.192376 -1
-3.121895 5.242734 -1
-3.121895 5.293092 -1
-3.121895 5.343449 -1
-3.121895 5.393807 -1
-3.121895 5.444165 -1
-3.121895 5.494522 -1
-3.121895 5.544880 -1
-3.121895 5.595238 -1
-3.121895 5.645595 -1
-3.121895 5.695953 -1
-3.121895 5.746311 -1
-3.121895 5.796668 -1
-3.121895 5.847026 -1
-3.121895 5.897384 -1
-3.121895 5.947741 -1
-3.121895 5.998099 -1
-3.121895 6.048457 -1
-3.121895 6.098814 -1
-3.121895 6.149172 -1
-3.121895 6.199530 -1
-3.121895 6.249887 -1
-3.121895 6.300245 -1
-3.121895 6.350602 -1
-3.071687 -1.354118 -1
-3.071687 -1.303761 -1
-3.071687 -1.253403 -1
-3.071687 -1.203046 -1
-3.071687 -1.152688 -1
-3.071687 -1.102330 -1
-3.071687 -1.051973 -1
-3.071687 -1.001615 -1
-3.071687 -0.951257 -1
-3.071687 -0.900900 -1
-3.071687 -0.850542 -1
-3.071687 -0.800184 -1
-3.071687 -0.749827 -1
-3.071687 -0.699469 -1
-3.071687 -0.649111 -1
-3.071687 -0.598754 -1
-3.071687 -0.548396 -1
-3.071687 -0.498038 -1
-3.071687 -0.447681 -1
-3.071687 -0.397323 -1
-3.071687 -0.346965 -1
-3.071687 -0.296608 -1
-3.071687 -0.246250 -1
-3.071687 -0.195892 -1
-3.071687 -0.145535 -1
-3.071687 -0.095177 -1
-3.071687 -0.044820 -1
-3.071687 0.005538 -1
-3.071687 0.055896 -1
-3.071687 0.106253 -1
-3.071687 0.156611 -1
-3.071687 0.206969 -1
-3.071687 0.257326 -1
-3.071687 0.307684 -1
-3.071687 0.358042 -1
-3.071687 0.408399 -1
-3.071687 0.458757 -1
-3.071687 0.509115 -1
-3.071687 0.559472 -1
-3.071687 0.609830 -1
-3.071687 0.660188 -1
-3.071687 0.710545 -1
-3.071687 0.760903 -1
-3.071687 0.811261 -1
-3.071687 0.861618 -1
-3.071687 0.911976 -1
-3.071687 0.962334 -1
-3.071687 1.012691 -1
-3.071687 1.063049 -1
-3.071687 1.113407 -1
-3.071687 1.163764 -1
-3.071687 1.214122 -1
-3.071687 1.264479 -1
-3.071687 1.314837 -1
-3.071687 1.365195 -1
-3.071687 1.415552 -1
-3.071687 1.465910 -1
-3.071687 1.516268 -1
-3.071687 1.566625 -1
-3.071687 1.616983 -1
-3.071687 1.667341 -1
-3.071687 1.717698 -1
-3.071687 1.768056 -1
-3.071687 1.818414 -1
-3.071687 1.868771 -1
-3.071687 1.919129 -1
-3.071687 1.969487 -1
-3.071687 2.019844 -1
-3.071687 2.070202 -1
-3.071687 2.120560 -1
-3.071687 2.170917 -1
-3.071687 2.221275 -1
-3.071687 2.271633 -1
-3.071687 2.321990 -1
-3.071687 2.372348 -1
-3.071687 2.422706 -1
-3.071687 2.473063 -1
-3.071687 2.523421 -1
-3.071687 2.573778 -1
-3.071687 2.624136 -1
-3.071687 2.674494 -1
-3.071687 2.724851 -1
-3.071687 2.775209 -1
-3.071687 2.825567 -1
-3.071687 2.875924 -1
-3.071687 2.926282 -1
-3.071687 2.976640 -1
-3.071687 3.026997 -1
-3.071687 3.077355 -1
-3.071687 3.127713 -1
-3.071687 3.178070 -1
-3.071687 3.228428 -1
-3.071687 3.278786 -1
-3.071687 3.329143 -1
-3.071687 3.379501 -1
-3.071687 3.429859 -1
-3.071687 3.480216 -1
-3.071687 3.530574 -1
-3.071687 3.580932 -1
-3.071687 3.631289 -1
-3.071687 3.681647 -1
-3.071687 3.732005 -1
-3.071687 3.782362 -1
-3.071687 3.832720 -1
-3.071687 3.883077 -1
-3.071687 3.933435 -1
-3.071687 3.983793 -1
-3.071687 4.034150 -1
-3.071687 4.084508 -1
-3.071687 4.134866 -1
-3.071687 4.185223 -1
-3.071687 4.235581 -1
-3.071687 4.285939 -1
-3.071687 4.336296 -1
-3.071687 4.386654 -1
-3.071687 4.437012 -1
-3.071687 4.487369 -1
-3.071687 4.537727 -1
-3.071687 4.588085 -1
-3.071687 4.638442 -1
-3.071687 4.688800 -1
-3.071687 4.739158 -1
-3.071687 4.789515 -1
-3.071687 4.839873 -1
-3.071687 4.890231 -1
-3.071687 4.940588 -1
-3.071687 4.990946 -1
-3.071687 5.041303 -1
-3.071687 5.091661 -1
-3.071687 5.142019 -1
-3.071687 5.192376 -1
-3.071687 5.242734 -1
-3.071687 5.293092 -1
-3.071687 5.343449 -1
-3.071687 5.393807 -1
-3.071687 5.444165 -1
-3.071687 5.494522 -1
-3.071687 5.544880 -1
-3.071687 5.595238 -1
-3.071687 5.645595 -1
-3.071687 5.695953 -1
-3.071687 5.746311 -1
-3.071687 5.796668 -1
-3.071687 5.847026 -1
-3.071687 5.897384 -1
-3.071687 5.947741 -1
-3.071687 5.998099 -1
-3.071687 6.048457 -1
-3.071687 6.098814 -1
-3.071687 6.149172 -1
-3.071687 6.199530 -1
-3.071687 6.249887 -1
-3.071687 6.300245 -1
-3.071687 6.350602 -1
-3.021479 -1.354118 -1
-3.021479 -1.303761 -1
-3.021479 -1.253403 -1
-3.021479 -1.203046 -1
-3.021479 -1.152688 -1
-3.021479 -1.102330 -1
-3.021479 -1.051973 -1
-3.021479 -1.001615 -1
-3.021479 -0.951257 -1
-3.021479 -0.900900 -1
-3.021479 -0.850542 -1
-3.021479 -0.800184 -1
-3.021479 -0.749827 -1
-3.021479 -0.699469 -1
-3.021479 -0.649111 -1
-3.021479 -0.598754 -1
-3.021479 -0.548396 -1
-3.021479 -0.498038 -1
-3.021479 -0.447681 -1
-3.021479 -0.397323 -1
-3.021479 -0.346965 -1
-3.021479 -0.296608 -1
-3.021479 -0.246250 -1
-3.021479 -0.195892 -1
-3.021479 -0.145535 -1
-3.021479 -0.095177 -1
-3.021479 -0.044820 -1
-3.021479 0.005538 -1
-3.021479 0.055896 -1
-3.021479 0.106253 -1
-3.021479 0.156611 -1
-3.021479 0.206969 -1
-3.021479 0.257326 -1
-3.021479 0.307684 -1
-3.021479 0.358042 -1
-3.021479 0.408399 -1
-3.021479 0.458757 -1
-3.021479 0.509115 -1
-3.021479 0.559472 -1
-3.021479 0.609830 -1
-3.021479 0.660188 -1
-3.021479 0.710545 -1
-3.021479 0.760903 -1
-3.021479 0.811261 -1
-3.021479 0.861618 -1
-3.021479 0.911976 -1
-3.021479 0.962334 -1
-3.021479 1.012691 -1
-3.021479 1.063049 -1
-3.021479 1.113407 -1
-3.021479 1.163764 -1
-3.021479 1.214122 -1
-3.021479 1.264479 -1
-3.021479 1.314837 -1
-3.021479 1.365195 -1
-3.021479 1.415552 -1
-3.021479 1.465910 -1
-3.021479 1.516268 -1
-3.021479 1.566625 -1
-3.021479 1.616983 -1
-3.021479 1.667341 -1
-3.021479 1.717698 -1
-3.021479 1.768056 -1
-3.021479 1.818414 -1
-3.021479 1.868771 -1
-3.021479 1.919129 -1
-3.021479 1.969487 -1
-3.021479 2.019844 -1
-3.021479 2.070202 -1
-3.021479 2.120560 -1
-3.021479 2.170917 -1
-3.021479 2.221275 -1
-3.021479 2.271633 -1
-3.021479 2.321990 -1
-3.021479 2.372348 -1
-3.021479 2.422706 -1
-3.021479 2.473063 -1
-3.021479 2.523421 -1
-3.021479 2.573778 -1
-3.021479 2.624136 -1
-3.021479 2.674494 -1
-3.021479 2.724851 -1
-3.021479 2.775209 -1
-3.021479 2.825567 -1
-3.021479 2.875924 -1
-3.021479 2.926282 -1
-3.021479 2.976640 -1
-3.021479 3.026997 -1
-3.021479 3.077355 -1
-3.021479 3.127713 -1
-3.021479 3.178070 -1
-3.021479 3.228428 -1
-3.021479 3.278786 -1
-3.021479 3.329143 -1
-3.021479 3.379501 -1
-3.021479 3.429859 -1
-3.021479 3.480216 -1
-3.021479 3.530574 -1
-3.021479 3.580932 -1
-3.021479 3.631289 -1
-3.021479 3.681647 -1
-3.021479 3.732005 -1
-3.021479 3.782362 -1
-3.021479 3.832720 -1
-3.021479 3.883077 -1
-3.021479 3.933435 -1
-3.021479 3.983793 -1
-3.021479 4.034150 -1
-3.021479 4.084508 -1
-3.021479 4.134866 -1
-3.021479 4.185223 -1
-3.021479 4.235581 -1
-3.021479 4.285939 -1
-3.021479 4.336296 -1
-3.021479 4.386654 -1
-3.021479 4.437012 -1
-3.021479 4.487369 -1
-3.021479 4.537727 -1
-3.021479 4.588085 -1
-3.021479 4.638442 -1
-3.021479 4.688800 -1
-3.021479 4.739158 -1
-3.021479 4.789515 -1
-3.021479 4.839873 -1
-3.021479 4.890231 -1
-3.021479 4.940588 -1
-3.021479 4.990946 -1
-3.021479 5.041303 -1
-3.021479 5.091661 -1
-3.021479 5.142019 -1
-3.021479 5.192376 -1
-3.021479 5.242734 -1
-3.021479 5.293092 -1
-3.021479 5.343449 -1
-3.021479 5.393807 -1
-3.021479 5.444165 -1
-3.021479 5.494522 -1
-3.021479 5.544880 -1
-3.021479 5.595238 -1
-3.021479 5.645595 -1
-3.021479 5.695953 -1
-3.021479 5.746311 -1
-3.021479 5.796668 -1
-3.021479 5.847026 -1
-3.021479 5.897384 -1
-3.021479 5.947741 -1
-3.021479 5.998099 -1
-3.021479 6.048457 -1
-3.021479 6.098814 -1
-3.021479 6.149172 -1
-3.021479 6.199530 -1
-3.021479 6.249887 -1
-3.021479 6.300245 -1
-3.021479 6.350602 -1
-2.971271 -1.354118 -1
-2.971271 -1.303761 -1
-2.971271 -1.253403 -1
-2.971271 -1.203046 -1
-2.971271 -1.152688 -1
-2.971271 -1.102330 -1
-2.971271 -1.051973 -1
-2.971271 -1.001615 -1
-2.971271 -0.951257 -1
-2.971271 -0.900900 -1
-2.971271 -0.850542 -1
-2.971271 -0.800184 -1
-2.971271 -0.749827 -1
-2.971271 -0.699469 -1
-2.971271 -0.649111 -1
-2.971271 -0.598754 -1
-2.971271 -0.548396 -1
-2.971271 -0.498038 -1
-2.971271 -0.447681 -1
-2.971271 -0.397323 -1
-2.971271 -0.346965 -1
-2.971271 -0.296608 -1
-2.971271 -0.246250 -1
-2.971271 -0.195892 -1
-2.971271 -0.145535 -1
-2.971271 -0.095177 -1
-2.971271 -0.044820 -1
-2.971271 0.005538 -1
-2.971271 0.055896 -1
-2.971271 0.106253 -1
-2.971271 0.156611 -1
-2.971271 0.206969 -1
-2.971271 0.257326 -1
-2.971271 0.307684 -1
-2.971271 0.358042 -1
-2.971271 0.408399 -1
-2.971271 0.458757 -1
-2.971271 0.509115 -1
-2.971271 0.559472 -1
-2.971271 0.609830 -1
-2.971271 0.660188 -1
-2.971271 0.710545 -1
-2.971271 0.760903 -1
-2.971271 0.811261 -1
-2.971271 0.861618 -1
-2.971271 0.911976 -1
-2.971271 0.962334 -1
-2.971271 1.012691 -1
-2.971271 1.063049 -1
-2.971271 1.113407 -1
-2.971271 1.163764 -1
-2.971271 1.214122 -1
-2.971271 1.264479 -1
-2.971271 1.314837 -1
-2.971271 1.365195 -1
-2.971271 1.415552 -1
-2.971271 1.465910 -1
-2.971271 1.516268 -1
-2.971271 1.566625 -1
-2.971271 1.616983 -1
-2.971271 1.667341 -1
-2.971271 1.717698 -1
-2.971271 1.768056 -1
-2.971271 1.818414 -1
-2.971271 1.868771 -1
-2.971271 1.919129 -1
-2.971271 1.969487 -1
-2.971271 2.019844 -1
-2.971271 2.070202 -1
-2.971271 2.120560 -1
-2.971271 2.170917 -1
-2.971271 2.221275 -1
-2.971271 2.271633 -1
-2.971271 2.321990 -1
-2.971271 2.372348 -1
-2.971271 2.422706 -1
-2.971271 2.473063 -1
-2.971271 2.523421 -1
-2.971271 2.573778 -1
-2.971271 2.624136 -1
-2.971271 2.674494 -1
-2.971271 2.724851 -1
-2.971271 2.775209 -1
-2.971271 2.825567 -1
-2.971271 2.875924 -1
-2.971271 2.926282 -1
-2.971271 2.976640 -1
-2.971271 3.026997 -1
-2.971271 3.077355 -1
-2.971271 3.127713 -1
-2.971271 3.178070 -1
-2.971271 3.228428 -1
-2.971271 3.278786 -1
-2.971271 3.329143 -1
-2.971271 3.379501 -1
-2.971271 3.429859 -1
-2.971271 3.480216 -1
-2.971271 3.530574 -1
-2.971271 3.580932 -1
-2.971271 3.631289 -1
-2.971271 3.681647 -1
-2.971271 3.732005 -1
-2.971271 3.782362 -1
-2.971271 3.832720 -1
-2.971271 3.883077 -1
-2.971271 3.933435 -1
-2.971271 3.983793 -1
-2.971271 4.034150 -1
-2.971271 4.084508 -1
-2.971271 4.134866 -1
-2.971271 4.185223 -1
-2.971271 4.235581 -1
-2.971271 4.285939 -1
-2.971271 4.336296 -1
-2.971271 4.386654 -1
-2.971271 4.437012 -1
-2.971271 4.487369 -1
-2.971271 4.537727 -1
-2.971271 4.588085 -1
-2.971271 4.638442 -1
-2.971271 4.688800 -1
-2.971271 4.739158 -1
-2.971271 4.789515 -1
-2.971271 4.839873 -1
-2.971271 4.890231 -1
-2.971271 4.940588 -1
-2.971271 4.990946 -1
-2.971271 5.041303 -1
-2.971271 5.091661 -1
-2.971271 5.142019 -1
-2.971271 5.192376 -1
-2.971271 5.242734 -1
-2.971271 5.293092 -1
-2.971271 5.343449 -1
-2.971271 5.393807 -1
-2.971271 5.444165 -1
-2.971271 5.494522 -1
-2.971271 5.544880 -1
-2.971271 5.595238 -1
-2.971271 5.645595 -1
-2.971271 5.695953 -1
-2.971271 5.746311 -1
-2.971271 5.796668 -1
-2.971271 5.847026 -1
-2.971271 5.897384 -1
-2.971271 5.947741 -1
-2.971271 5.998099 -1
-2.971271 6.048457 -1
-2.971271 6.098814 -1
-2.971271 6.149172 -1
-2.971271 6.199530 -1
-2.971271 6.249887 -1
-2.971271 6.300245 -1
-2.971271 6.350602 -1
-2.921063 -1.354118 -1
-2.921063 -1.303761 -1
-2.921063 -1.253403 -1
-2.921063 -1.203046 -1
-2.921063 -1.152688 -1
-2.921063 -1.102330 -1
-2.921063 -1.051973 -1
-2.921063 -1.001615 -1
-2.921063 -0.951257 -1
-2.921063 -0.900900 -1
-2.921063 -0.850542 -1
-2.921063 -0.800184 -1
-2.921063 -0.749827 -1
-2.921063 -0.699469 -1
-2.921063 -0.649111 -1
-2.921063 -0.598754 -1
-2.921063 -0.548396 -1
-2.921063 -0.498038 -1
-2.921063 -0.447681 -1
-2.921063 -0.397323 -1
-2.921063 -0.346965 -1
-2.921063 -0.296608 -1
-2.921063 -0.246250 -1
-2.921063 -0.195892 -1
-2.921063 -0.145535 -1
-2.921063 -0.095177 -1
-2.921063 -0.044820 -1
-2.921063 0.005538 -1
-2.921063 0.055896 -1
-2.921063 0.106253 -1
-2.921063 0.156611 -1
-2.921063 0.206969 -1
-2.921063 0.257326 -1
-2.921063 0.307684 -1
-2.921063 0.358042 -1
-2.921063 0.408399 -1
-2.921063 0.458757 -1
-2.921063 0.509115 -1
-2.921063 0.559472 -1
-2.921063 0.609830 -1
-2.921063 0.660188 -1
-2.921063 0.710545 -1
-2.921063 0.760903 -1
-2.921063 0.811261 -1
-2.921063 0.861618 -1
-2.921063 0.911976 -1
-2.921063 0.962334 -1
-2.921063 1.012691 -1
-2.921063 1.063049 -1
-2.921063 1.113407 -1
-2.921063 1.163764 -1
-2.921063 1.214122 -1
-2.921063 1.264479 -1
-2.921063 1.314837 -1
-2.921063 1.365195 -1
-2.921063 1.415552 -1
-2.921063 1.465910 -1
-2.921063 1.516268 -1
-2.921063 1.566625 -1
-2.921063 1.616983 -1
-2.921063 1.667341 -1
-2.921063 1.717698 -1
-2.921063 1.768056 -1
-2.921063 1.818414 -1
-2.921063 1.868771 -1
-2.921063 1.919129 -1
-2.921063 1.969487 -1
-2.921063 2.019844 -1
-2.921063 2.070202 -1
-2.921063 2.120560 -1
-2.921063 2.170917 -1
-2.921063 2.221275 -1
-2.921063 2.271633 -1
-2.921063 2.321990 -1
-2.921063 2.372348 -1
-2.921063 2.422706 -1
-2.921063 2.473063 -1
-2.921063 2.523421 -1
-2.921063 2.573778 -1
-2.921063 2.624136 -1
-2.921063 2.674494 -1
-2.921063 2.724851 -1
-2.921063 2.775209 -1
-2.921063 2.825567 -1
-2.921063 2.875924 -1
-2.921063 2.926282 -1
-2.921063 2.976640 -1
-2.921063 3.026997 -1
-2.921063 3.077355 -1
-2.921063 3.127713 -1
-2.921063 3.178070 -1
-2.921063 3.228428 -1
-2.921063 3.278786 -1
-2.921063 3.329143 -1
-2.921063 3.379501 -1
-2.921063 3.429859 -1
-2.921063 3.480216 -1
-2.921063 3.530574 -1
-2.921063 3.580932 -1
-2.921063 3.631289 -1
-2.921063 3.681647 -1
-2.921063 3.732005 -1
-2.921063 3.782362 -1
-2.921063 3.832720 -1
-2.921063 3.883077 -1
-2.921063 3.933435 -1
-2.921063 3.983793 -1
-2.921063 4.034150 -1
-2.921063 4.084508 -1
-2.921063 4.134866 -1
-2.921063 4.185223 -1
-2.921063 4.235581 -1
-2.921063 4.285939 -1
-2.921063 4.336296 -1
-2.921063 4.386654 -1
-2.921063 4.437012 -1
-2.921063 4.487369 -1
-2.921063 4.537727 -1
-2.921063 4.588085 -1
-2.921063 4.638442 -1
-2.921063 4.688800 -1
-2.921063 4.739158 -1
-2.921063 4.789515 -1
-2.921063 4.839873 -1
-2.921063 4.890231 -1
-2.921063 4.940588 -1
-2.921063 4.990946 -1
-2.921063 5.041303 -1
-2.921063 5.091661 -1
-2.921063 5.142019 -1
-2.921063 5.192376 -1
-2.921063 5.242734 -1
-2.921063 5.293092 -1
-2.921063 5.343449 -1
-2.921063 5.393807 -1
-2.921063 5.444165 -1
-2.921063 5.494522 -1
-2.921063 5.544880 -1
-2.921063 5.595238 -1
-2.921063 5.645595 -1
-2.921063 5.695953 -1
-2.921063 5.746311 -1
-2.921063 5.796668 -1
-2.921063 5.847026 -1
-2.921063 5.897384 -1
-2.921063 5.947741 -1
-2.921063 5.998099 -1
-2.921063 6.048457 -1
-2.921063 6.098814 -1
-2.921063 6.149172 -1
-2.921063 6.199530 -1
-2.921063 6.249887 -1
-2.921063 6.300245 -1
-2.921063 6.350602 -1
-2.870855 -1.354118 -1
-2.870855 -1.303761 -1
-2.870855 -1.253403 -1
-2.870855 -1.203046 -1
-2.870855 -1.152688 -1
-2.870855 -1.102330 -1
-2.870855 -1.051973 -1
-2.870855 -1.001615 -1
-2.870855 -0.951257 -1
-2.870855 -0.900900 -1
-2.870855 -0.850542 -1
-2.870855 -0.800184 -1
-2.870855 -0.749827 -1
-2.870855 -0.699469 -1
-2.870855 -0.649111 -1
-2.870855 -0.598754 -1
-2.870855 -0.548396 -1
-2.870855 -0.498038 -1
-2.870855 -0.447681 -1
-2.870855 -0.397323 -1
-2.870855 -0.346965 -1
-2.870855 -0.296608 -1
-2.870855 -0.246250 -1
-2.870855 -0.195892 -1
-2.870855 -0.145535 -1
-2.870855 -0.095177 -1
-2.870855 -0.044820 -1
-2.870855 0.005538 -1
-2.870855 0.055896 -1
-2.870855 0.106253 -1
-2.870855 0.156611 -1
-2.870855 0.206969 -1
-2.870855 0.257326 -1
-2.870855 0.307684 -1
-2.870855 0.358042 -1
-2.870855 0.408399 -1
-2.870855 0.458757 -1
-2.870855 0.509115 -1
-2.870855 0.559472 -1
-2.870855 0.609830 -1
-2.870855 0.660188 -1
-2.870855 0.710545 -1
-2.870855 0.760903 -1
-2.870855 0.811261 -1
-2.870855 0.861618 -1
-2.870855 0.911976 -1
-2.870855 0.962334 -1
-2.870855 1.012691 -1
-2.870855 1.063049 -1
-2.870855 1.113407 -1
-2.870855 1.163764 -1
-2.870855 1.214122 -1
-2.870855 1.264479 -1
-2.870855 1.314837 -1
-2.870855 1.365195 -1
-2.870855 1.415552 -1
-2.870855 1.465910 -1
-2.870855 1.516268 -1
-2.870855 1.566625 -1
-2.870855 1.616983 -1
-2.870855 1.667341 -1
-2.870855 1.717698 -1
-2.870855 1.768056 -1
-2.870855 1.818414 -1
-2.870855 1.868771 -1
-2.870855 1.919129 -1
-2.870855 1.969487 -1
-2.870855 2.019844 -1
-2.870855 2.070202 -1
-2.870855 2.120560 -1
-2.870855 2.170917 -1
-2.870855 2.221275 -1
-2.870855 2.271633 -1
-2.870855 2.321990 -1
-2.870855 2.372348 -1
-2.870855 2.422706 -1
-2.870855 2.473063 -1
-2.870855 2.523421 -1
-2.870855 2.573778 -1
-2.870855 2.624136 -1
-2.870855 2.674494 -1
-2.870855 2.724851 -1
-2.870855 2.775209 -1
-2.870855 2.825567 -1
-2.870855 2.875924 -1
-2.870855 2.926282 -1
-2.870855 2.976640 -1
-2.870855 3.026997 -1
-2.870855 3.077355 -1
-2.870855 3.127713 -1
-2.870855 3.178070 -1
-2.870855 3.228428 -1
-2.870855 3.278786 -1
-2.870855 3.329143 -1
-2.870855 3.379501 -1
-2.870855 3.429859 -1
-2.870855 3.480216 -1
-2.870855 3.530574 -1
-2.870855 3.580932 -1
-2.870855 3.631289 -1
-2.870855 3.681647 -1
-2.870855 3.732005 -1
-2.870855 3.782362 -1
-2.870855 3.832720 -1
-2.870855 3.883077 -1
-2.870855 3.933435 -1
-2.870855 3.983793 -1
-2.870855 4.034150 -1
-2.870855 4.084508 -1
-2.870855 4.134866 -1
-2.870855 4.185223 -1
-2.870855 4.235581 -1
-2.870855 4.285939 -1
-2.870855 4.336296 -1
-2.870855 4.386654 -1
-2.870855 4.437012 -1
-2.870855 4.487369 -1
-2.870855 4.537727 -1
-2.870855 4.588085 -1
-2.870855 4.638442 -1
-2.870855 4.688800 -1
-2.870855 4.739158 -1
-2.870855 4.789515 -1
-2.870855 4.839873 -1
-2.870855 4.890231 -1
-2.870855 4.940588 -1
-2.870855 4.990946 -1
-2.870855 5.041303 -1
-2.870855 5.091661 -1
-2.870855 5.142019 -1
-2.870855 5.192376 -1
-2.870855 5.242734 -1
-2.870855 5.293092 -1
-2.870855 5.343449 -1
-2.870855 5.393807 -1
-2.870855 5.444165 -1
-2.870855 5.494522 -1
-2.870855 5.544880 -1
-2.870855 5.595238 -1
-2.870855 5.645595 -1
-2.870855 5.695953 -1
-2.870855 5.746311 -1
-2.870855 5.796668 -1
-2.870855 5.847026 -1
-2.870855 5.897384 -1
-2.870855 5.947741 -1
-2.870855 5.998099 -1
-2.870855 6.048457 -1
-2.870855 6.098814 -1
-2.870855 6.149172 -1
-2.870855 6.199530 -1
-2.870855 6.249887 -1
-2.870855 6.300245 -1
-2.870855 6.350602 -1
-2.820647 -1.354118 -1
-2.820647 -1.303761 -1
-2.820647 -1.253403 -1
-2.820647 -1.203046 -1
-2.820647 -1.152688 -1
-2.820647 -1.102330 -1
-2.820647 -1.051973 -1
-2.820647 -1.001615 -1
-2.820647 -0.951257 -1
-2.820647 -0.900900 -1
-2.820647 -0.850542 -1
-2.820647 -0.800184 -1
-2.820647 -0.749827 -1
-2.820647 -0.699469 -1
-2.820647 -0.649111 -1
-2.820647 -0.598754 -1
-2.820647 -0.548396 -1
-2.820647 -0.498038 -1
-2.820647 -0.447681 -1
-2.820647 -0.397323 -1
-2.820647 -0.346965 -1
-2.820647 -0.296608 -1
-2.820647 -0.246250 -1
-2.820647 -0.195892 -1
-2.820647 -0.145535 -1
-2.820647 -0.095177 -1
-2.820647 -0.044820 -1
-2.820647 0.005538 -1
-2.820647 0.055896 -1
-2.820647 0.106253 -1
-2.820647 0.156611 -1
-2.820647 0.206969 -1
-2.820647 0.257326 -1
-2.820647 0.307684 -1
-2.820647 0.358042 -1
-2.820647 0.408399 -1
-2.820647 0.458757 -1
-2.820647 0.509115 -1
-2.820647 0.559472 -1
-2.820647 0.609830 -1
-2.820647 0.660188 -1
-2.820647 0.710545 -1
-2.820647 0.760903 -1
-2.820647 0.811261 -1
-2.820647 0.861618 -1
-2.820647 0.911976 -1
-2.820647 0.962334 -1
-2.820647 1.012691 -1
-2.820647 1.063049 -1
-2.820647 1.113407 -1
-2.820647 1.163764 -1
-2.820647 1.214122 -1
-2.820647 1.264479 -1
-2.820647 1.314837 -1
-2.820647 1.365195 -1
-2.820647 1.415552 -1
-2.820647 1.465910 -1
-2.820647 1.516268 -1
-2.820647 1.566625 -1
-2.820647 1.616983 -1
-2.820647 1.667341 -1
-2.820647 1.717698 -1
-2.820647 1.768056 -1
-2.820647 1.818414 -1
-2.820647 1.868771 -1
-2.820647 1.919129 -1
-2.820647 1.969487 -1
-2.820647 2.019844 -1
-2.820647 2.070202 -1
-2.820647 2.120560 -1
-2.820647 2.170917 -1
-2.820647 2.221275 -1
-2.820647 2.271633 -1
-2.820647 2.321990 -1
-2.820647 2.372348 -1
-2.820647 2.422706 -1
-2.820647 2.473063 -1
-2.820647 2.523421 -1
-2.820647 2.573778 -1
-2.820647 2.624136 -1
-2.820647 2.674494 -1
-2.820647 2.724851 -1
-2.820647 2.775209 -1
-2.820647 2.825567 -1
-2.820647 2.875924 -1
-2.820647 2.926282 -1
-2.820647 2.976640 -1
-2.820647 3.026997 -1
-2.820647 3.077355 -1
-2.820647 3.127713 -1
-2.820647 3.178070 -1
-2.820647 3.228428 -1
-2.820647 3.278786 -1
-2.820647 3.329143 -1
-2.820647 3.379501 -1
-2.820647 3.429859 -1
-2.820647 3.480216 -1
-2.820647 3.530574 -1
-2.820647 3.580932 -1
-2.820647 3.631289 -1
-2.820647 3.681647 -1
-2.820647 3.732005 -1
-2.820647 3.782362 -1
-2.820647 3.832720 -1
-2.820647 3.883077 -1
-2.820647 3.933435 -1
-2.820647 3.983793 -1
-2.820647 4.034150 -1
-2.820647 4.084508 -1
-2.820647 4.134866 -1
-2.820647 4.185223 -1
-2.820647 4.235581 -1
-2.820647 4.285939 -1
-2.820647 4.336296 -1
-2.820647 4.386654 -1
-2.820647 4.437012 -1
-2.820647 4.487369 -1
-2.820647 4.537727 -1
-2.820647 4.588085 -1
-2.820647 4.638442 -1
-2.820647 4.688800 -1
-2.820647 4.739158 -1
-2.820647 4.789515 -1
-2.820647 4.839873 -1
-2.820647 4.890231 -1
-2.820647 4.940588 -1
-2.820647 4.990946 -1
-2.820647 5.041303 -1
-2.820647 5.091661 -1
-2.820647 5.142019 -1
-2.820647 5.192376 -1
-2.820647 5.242734 -1
-2.820647 5.293092 -1
-2.820647 5.343449 -1
-2.820647 5.393807 -1
-2.820647 5.444165 -1
-2.820647 5.494522 -1
-2.820647 5.544880 -1
-2.820647 5.595238 -1
-2.820647 5.645595 -1
-2.820647 5.695953 -1
-2.820647 5.746311 -1
-2.820647 5.796668 -1
-2.820647 5.847026 -1
-2.820647 5.897384 -1
-2.820647 5.947741 -1
-2.820647 5.998099 -1
-2.820647 6.048457 -1
-2.820647 6.098814 -1
-2.820647 6.149172 -1
-2.820647 6.199530 -1
-2.820647 6.249887 -1
-2.820647 6.300245 -1
-2.820647 6.350602 -1
-2.770439 -1.354118 -1
-2.770439 -1.303761 -1
-2.770439 -1.253403 -1
-2.770439 -1.203046 -1
-2.770439 -1.152688 -1
-2.770439 -1.102330 -1
-2.770439 -1.051973 -1
-2.770439 -1.001615 -1
-2.770439 -0.951257 -1
-2.770439 -0.900900 -1
-2.770439 -0.850542 -1
-2.770439 -0.800184 -1
-2.770439 -0.749827 -1
-2.770439 -0.699469 -1
-2.770439 -0.649111 -1
-2.770439 -0.598754 -1
-2.770439 -0.548396 -1
-2.770439 -0.498038 -1
-2.770439 -0.447681 -1
-2.770439 -0.397323 -1
-2.770439 -0.346965 -1
-2.770439 -0.296608 -1
-2.770439 -0.246250 -1
-2.770439 -0.195892 -1
-2.770439 -0.145535 -1
-2.770439 -0.095177 -1
-2.770439 -0.044820 -1
-2.770439 0.005538 -1
-2.770439 0.055896 -1
-2.770439 0.106253 -1
-2.770439 0.156611 -1
-2.770439 0.206969 -1
-2.770439 0.257326 -1
-2.770439 0.307684 -1
-2.770439 0.358042 -1
-2.770439 0.408399 -1
-2.770439 0.458757 -1
-2.770439 0.509115 -1
-2.770439 0.559472 -1
-2.770439 0.609830 -1
-2.770439 0.660188 -1
-2.770439 0.710545 -1
-2.770439 0.760903 -1
-2.770439 0.811261 -1
-2.770439 0.861618 -1
-2.770439 0.911976 -1
-2.770439 0.962334 -1
-2.770439 1.012691 -1
-2.770439 1.063049 -1
-2.770439 1.113407 -1
-2.770439 1.163764 -1
-2.770439 1.214122 -1
-2.770439 1.264479 -1
-2.770439 1.314837 -1
-2.770439 1.365195 -1
-2.770439 1.415552 -1
-2.770439 1.465910 -1
-2.770439 1.516268 -1
-2.770439 1.566625 -1
-2.770439 1.616983 -1
-2.770439 1.667341 -1
-2.770439 1.717698 -1
-2.770439 1.768056 -1
-2.770439 1.818414 -1
-2.770439 1.868771 -1
-2.770439 1.919129 -1
-2.770439 1.969487 -1
-2.770439 2.019844 -1
-2.770439 2.070202 -1
-2.770439 2.120560 -1
-2.770439 2.170917 -1
-2.770439 2.221275 -1
-2.770439 2.271633 -1
-2.770439 2.321990 -1
-2.770439 2.372348 -1
-2.770439 2.422706 -1
-2.770439 2.473063 -1
-2.770439 2.523421 -1
-2.770439 2.573778 -1
-2.770439 2.624136 -1
-2.770439 2.674494 -1
-2.770439 2.724851 -1
-2.770439 2.775209 -1
-2.770439 2.825567 -1
-2.770439 2.875924 -1
-2.770439 2.926282 -1
-2.770439 2.976640 -1
-2.770439 3.026997 -1
-2.770439 3.077355 -1
-2.770439 3.127713 -1
-2.770439 3.178070 -1
-2.770439 3.228428 -1
-2.770439 3.278786 -1
-2.770439 3.329143 -1
-2.770439 3.379501 -1
-2.770439 3.429859 -1
-2.770439 3.480216 -1
-2.770439 3.530574 -1
-2.770439 3.580932 -1
-2.770439 3.631289 -1
-2.770439 3.681647 -1
-2.770439 3.732005 -1
-2.770439 3.782362 -1
-2.770439 3.832720 -1
-2.770439 3.883077 -1
-2.770439 3.933435 -1
-2.770439 3.983793 -1
-2.770439 4.034150 -1
-2.770439 4.084508 -1
-2.770439 4.134866 -1
-2.770439 4.185223 -1
-2.770439 4.235581 -1
-2.770439 4.285939 -1
-2.770439 4.336296 -1
-2.770439 4.386654 -1
-2.770439 4.437012 -1
-2.770439 4.487369 -1
-2.770439 4.537727 -1
-2.770439 4.588085 -1
-2.770439 4.638442 -1
-2.770439 4.688800 -1
-2.770439 4.739158 -1
-2.770439 4.789515 -1
-2.770439 4.839873 -1
-2.770439 4.890231 -1
-2.770439 4.940588 -1
-2.770439 4.990946 -1
-2.770439 5.041303 -1
-2.770439 5.091661 -1
-2.770439 5.142019 -1
-2.770439 5.192376 -1
-2.770439 5.242734 -1
-2.770439 5.293092 -1
-2.770439 5.343449 -1
-2.770439 5.393807 -1
-2.770439 5.444165 -1
-2.770439 5.494522 -1
-2.770439 5.544880 -1
-2.770439 5.595238 -1
-2.770439 5.645595 -1
-2.770439 5.695953 -1
-2.770439 5.746311 -1
-2.770439 5.796668 -1
-2.770439 5.847026 -1
-2.770439 5.897384 -1
-2.770439 5.947741 -1
-2.770439 5.998099 -1
-2.770439 6.048457 -1
-2.770439 6.098814 -1
-2.770439 6.149172 -1
-2.770439 6.199530 -1
-2.770439 6.249887 -1
-2.770439 6.300245 -1
-2.770439 6.350602 -1
-2.720231 -1.354118 -1
-2.720231 -1.303761 -1
-2.720231 -1.253403 -1
-2.720231 -1.203046 -1
-2.720231 -1.152688 -1
-2.720231 -1.102330 -1
-2.720231 -1.051973 -1
-2.720231 -1.001615 -1
-2.720231 -0.951257 -1
-2.720231 -0.900900 -1
-2.720231 -0.850542 -1
-2.720231 -0.800184 -1
-2.720231 -0.749827 -1
-2.720231 -0.699469 -1
-2.720231 -0.649111 -1
-2.720231 -0.598754 -1
-2.720231 -0.548396 -1
-2.720231 -0.498038 -1
-2.720231 -0.447681 -1
-2.720231 -0.397323 -1
-2.720231 -0.346965 -1
-2.720231 -0.296608 -1
-2.720231 -0.246250 -1
-2.720231 -0.195892 -1
-2.720231 -0.145535 -1
-2.720231 -0.095177 -1
-2.720231 -0.044820 -1
-2.720231 0.005538 -1
-2.720231 0.055896 -1
-2.720231 0.106253 -1
-2.720231 0.156611 -1
-2.720231 0.206969 -1
-2.720231 0.257326 -1
-2.720231 0.307684 -1
-2.720231 0.358042 -1
-2.720231 0.408399 -1
-2.720231 0.458757 -1
-2.720231 0.509115 -1
-2.720231 0.559472 -1
-2.720231 0.609830 -1
-2.720231 0.660188 -1
-2.720231 0.710545 -1
-2.720231 0.760903 -1
-2.720231 0.811261 -1
-2.720231 0.861618 -1
-2.720231 0.911976 -1
-2.720231 0.962334 -1
-2.720231 1.012691 -1
-2.720231 1.063049 -1
-2.720231 1.113407 -1
-2.720231 1.163764 -1
-2.720231 1.214122 -1
-2.720231 1.264479 -1
-2.720231 1.314837 -1
-2.720231 1.365195 -1
-2.720231 1.415552 -1
-2.720231 1.465910 -1
-2.720231 1.516268 -1
-2.720231 1.566625 -1
-2.720231 1.616983 -1
-2.720231 1.667341 -1
-2.720231 1.717698 -1
-2.720231 1.768056 -1
-2.720231 1.818414 -1
-2.720231 1.868771 -1
-2.720231 1.919129 -1
-2.720231 1.969487 -1
-2.720231 2.019844 -1
-2.720231 2.070202 -1
-2.720231 2.120560 -1
-2.720231 2.170917 -1
-2.720231 2.221275 -1
-2.720231 2.271633 -1
-2.720231 2.321990 -1
-2.720231 2.372348 -1
-2.720231 2.422706 -1
-2.720231 2.473063 -1
-2.720231 2.523421 -1
-2.720231 2.573778 -1
-2.720231 2.624136 -1
-2.720231 2.674494 -1
-2.720231 2.724851 -1
-2.720231 2.775209 -1
-2.720231 2.825567 -1
-2.720231 2.875924 -1
-2.720231 2.926282 -1
-2.720231 2.976640 -1
-2.720231 3.026997 -1
-2.720231 3.077355 -1
-2.720231 3.127713 -1
-2.720231 3.178070 -1
-2.720231 3.228428 -1
-2.720231 3.278786 -1
-2.720231 3.329143 -1
-2.720231 3.379501 -1
-2.720231 3.429859 -1
-2.720231 3.480216 -1
-2.720231 3.530574 -1
-2.720231 3.580932 -1
-2.720231 3.631289 -1
-2.720231 3.681647 -1
-2.720231 3.732005 -1
-2.720231 3.782362 -1
-2.720231 3.832720 -1
-2.720231 3.883077 -1
-2.720231 3.933435 -1
-2.720231 3.983793 -1
-2.720231 4.034150 -1
-2.720231 4.084508 -1
-2.720231 4.134866 -1
-2.720231 4.185223 -1
-2.720231 4.235581 -1
-2.720231 4.285939 -1
-2.720231 4.336296 -1
-2.720231 4.386654 -1
-2.720231 4.437012 -1
-2.720231 4.487369 -1
-2.720231 4.537727 -1
-2.720231 4.588085 -1
-2.720231 4.638442 -1
-2.720231 4.688800 -1
-2.720231 4.739158 -1
-2.720231 4.789515 -1
-2.720231 4.839873 -1
-2.720231 4.890231 -1
-2.720231 4.940588 -1
-2.720231 4.990946 -1
-2.720231 5.041303 -1
-2.720231 5.091661 -1
-2.720231 5.142019 -1
-2.720231 5.192376 -1
-2.720231 5.242734 -1
-2.720231 5.293092 -1
-2.720231 5.343449 -1
-2.720231 5.393807 -1
-2.720231 5.444165 -1
-2.720231 5.494522 -1
-2.720231 5.544880 -1
-2.720231 5.595238 -1
-2.720231 5.645595 -1
-2.720231 5.695953 -1
-2.720231 5.746311 -1
-2.720231 5.796668 -1
-2.720231 5.847026 -1
-2.720231 5.897384 -1
-2.720231 5.947741 -1
-2.720231 5.998099 -1
-2.720231 6.048457 -1
-2.720231 6.098814 -1
-2.720231 6.149172 -1
-2.720231 6.199530 -1
-2.720231 6.249887 -1
-2.720231 6.300245 -1
-2.720231 6.350602 -1
-2.670023 -1.354118 -1
-2.670023 -1.303761 -1
-2.670023 -1.253403 -1
-2.670023 -1.203046 -1
-2.670023 -1.152688 -1
-2.670023 -1.102330 -1
-2.670023 -1.051973 -1
-2.670023 -1.001615 -1
-2.670023 -0.951257 -1
-2.670023 -0.900900 -1
-2.670023 -0.850542 -1
-2.670023 -0.800184 -1
-2.670023 -0.749827 -1
-2.670023 -0.699469 -1
-2.670023 -0.649111 -1
-2.670023 -0.598754 -1
-2.670023 -0.548396 -1
-2.670023 -0.498038 -1
-2.670023 -0.447681 -1
-2.670023 -0.397323 -1
-2.670023 -0.346965 -1
-2.670023 -0.296608 -1
-2.670023 -0.246250 -1
-2.670023 -0.195892 -1
-2.670023 -0.145535 -1
-2.670023 -0.095177 -1
-2.670023 -0.044820 -1
-2.670023 0.005538 -1
-2.670023 0.055896 -1
-2.670023 0.106253 -1
-2.670023 0.156611 -1
-2.670023 0.206969 -1
-2.670023 0.257326 -1
-2.670023 0.307684 -1
-2.670023 0.358042 -1
-2.670023 0.408399 -1
-2.670023 0.458757 -1
-2.670023 0.509115 -1
-2.670023 0.559472 -1
-2.670023 0.609830 -1
-2.670023 0.660188 -1
-2.670023 0.710545 -1
-2.670023 0.760903 -1
-2.670023 0.811261 -1
-2.670023 0.861618 -1
-2.670023 0.911976 -1
-2.670023 0.962334 -1
-2.670023 1.012691 -1
-2.670023 1.063049 -1
-2.670023 1.113407 -1
-2.670023 1.163764 -1
-2.670023 1.214122 -1
-2.670023 1.264479 -1
-2.670023 1.314837 -1
-2.670023 1.365195 -1
-2.670023 1.415552 -1
-2.670023 1.465910 -1
-2.670023 1.516268 -1
-2.670023 1.566625 -1
-2.670023 1.616983 -1
-2.670023 1.667341 -1
-2.670023 1.717698 -1
-2.670023 1.768056 -1
-2.670023 1.818414 -1
-2.670023 1.868771 -1
-2.670023 1.919129 -1
-2.670023 1.969487 -1
-2.670023 2.019844 -1
-2.670023 2.070202 -1
-2.670023 2.120560 -1
-2.670023 2.170917 -1
-2.670023 2.221275 -1
-2.670023 2.271633 -1
-2.670023 2.321990 -1
-2.670023 2.372348 -1
-2.670023 2.422706 -1
-2.670023 2.473063 -1
-2.670023 2.523421 -1
-2.670023 2.573778 -1
-2.670023 2.624136 -1
-2.670023 2.674494 -1
-2.670023 2.724851 -1
-2.670023 2.775209 -1
-2.670023 2.825567 -1
-2.670023 2.875924 -1
-2.670023 2.926282 -1
-2.670023 2.976640 -1
-2.670023 3.026997 -1
-2.670023 3.077355 -1
-2.670023 3.127713 -1
-2.670023 3.178070 -1
-2.670023 3.228428 -1
-2.670023 3.278786 -1
-2.670023 3.329143 -1
-2.670023 3.379501 -1
-2.670023 3.429859 -1
-2.670023 3.480216 -1
-2.670023 3.530574 -1
-2.670023 3.580932 -1
-2.670023 3.631289 -1
-2.670023 3.681647 -1
-2.670023 3.732005 -1
-2.670023 3.782362 -1
-2.670023 3.832720 -1
-2.670023 3.883077 -1
-2.670023 3.933435 -1
-2.670023 3.983793 -1
-2.670023 4.034150 -1
-2.670023 4.084508 -1
-2.670023 4.134866 -1
-2.670023 4.185223 -1
-2.670023 4.235581 -1
-2.670023 4.285939 -1
-2.670023 4.336296 -1
-2.670023 4.386654 -1
-2.670023 4.437012 -1
-2.670023 4.487369 -1
-2.670023 4.537727 -1
-2.670023 4.588085 -1
-2.670023 4.638442 -1
-2.670023 4.688800 -1
-2.670023 4.739158 -1
-2.670023 4.789515 -1
-2.670023 4.839873 -1
-2.670023 4.890231 -1
-2.670023 4.940588 -1
-2.670023 4.990946 -1
-2.670023 5.041303 -1
-2.670023 5.091661 -1
-2.670023 5.142019 -1
-2.670023 5.192376 -1
-2.670023 5.242734 -1
-2.670023 5.293092 -1
-2.670023 5.343449 -1
-2.670023 5.393807 -1
-2.670023 5.444165 -1
-2.670023 5.494522 -1
-2.670023 5.544880 -1
-2.670023 5.595238 -1
-2.670023 5.645595 -1
-2.670023 5.695953 -1
-2.670023 5.746311 -1
-2.670023 5.796668 -1
-2.670023 5.847026 -1
-2.670023 5.897384 -1
-2.670023 5.947741 -1
-2.670023 5.998099 -1
-2.670023 6.048457 -1
-2.670023 6.098814 -1
-2.670023 6.149172 -1
-2.670023 6.199530 -1
-2.670023 6.249887 -1
-2.670023 6.300245 -1
-2.670023 6.350602 -1
-2.619815 -1.354118 -1
-2.619815 -1.303761 -1
-2.619815 -1.253403 -1
-2.619815 -1.203046 -1
-2.619815 -1.152688 -1
-2.619815 -1.102330 -1
-2.619815 -1.051973 -1
-2.619815 -1.001615 -1
-2.619815 -0.951257 -1
-2.619815 -0.900900 -1
-2.619815 -0.850542 -1
-2.619815 -0.800184 -1
-2.619815 -0.749827 -1
-2.619815 -0.699469 -1
-2.619815 -0.649111 -1
-2.619815 -0.598754 -1
-2.619815 -0.548396 -1
-2.619815 -0.498038 -1
-2.619815 -0.447681 -1
-2.619815 -0.397323 -1
-2.619815 -0.346965 -1
-2.619815 -0.296608 -1
-2.619815 -0.246250 -1
-2.619815 -0.195892 -1
-2.619815 -0.145535 -1
-2.619815 -0.095177 -1
-2.619815 -0.044820 -1
-2.619815 0.005538 -1
-2.619815 0.055896 -1
-2.619815 0.106253 -1
-2.619815 0.156611 -1
-2.619815 0.206969 -1
-2.619815 0.257326 -1
-2.619815 0.307684 -1
-2.619815 0.358042 -1
-2.619815 0.408399 -1
-2.619815 0.458757 -1
-2.619815 0.509115 -1
-2.619815 0.559472 -1
-2.619815 0.609830 -1
-2.619815 0.660188 -1
-2.619815 0.710545 -1
-2.619815 0.760903 -1
-2.619815 0.811261 -1
-2.619815 0.861618 -1
-2.619815 0.911976 -1
-2.619815 0.962334 -1
-2.619815 1.012691 -1
-2.619815 1.063049 -1
-2.619815 1.113407 -1
-2.619815 1.163764 -1
-2.619815 1.214122 -1
-2.619815 1.264479 -1
-2.619815 1.314837 -1
-2.619815 1.365195 -1
-2.619815 1.415552 -1
-2.619815 1.465910 -1
-2.619815 1.516268 -1
-2.619815 1.566625 -1
-2.619815 1.616983 -1
-2.619815 1.667341 -1
-2.619815 1.717698 -1
-2.619815 1.768056 -1
-2.619815 1.818414 -1
-2.619815 1.868771 -1
-2.619815 1.919129 -1
-2.619815 1.969487 -1
-2.619815 2.019844 -1
-2.619815 2.070202 -1
-2.619815 2.120560 -1
-2.619815 2.170917 -1
-2.619815 2.221275 -1
-2.619815 2.271633 -1
-2.619815 2.321990 -1
-2.619815 2.372348 -1
-2.619815 2.422706 -1
-2.619815 2.473063 -1
-2.619815 2.523421 -1
-2.619815 2.573778 -1
-2.619815 2.624136 -1
-2.619815 2.674494 -1
-2.619815 2.724851 -1
-2.619815 2.775209 -1
-2.619815 2.825567 -1
-2.619815 2.875924 -1
-2.619815 2.926282 -1
-2.619815 2.976640 -1
-2.619815 3.026997 -1
-2.619815 3.077355 -1
-2.619815 3.127713 -1
-2.619815 3.178070 -1
-2.619815 3.228428 -1
-2.619815 3.278786 -1
-2.619815 3.329143 -1
-2.619815 3.379501 -1
-2.619815 3.429859 -1
-2.619815 3.480216 -1
-2.619815 3.530574 -1
-2.619815 3.580932 -1
-2.619815 3.631289 -1
-2.619815 3.681647 -1
-2.619815 3.732005 -1
-2.619815 3.782362 -1
-2.619815 3.832720 -1
-2.619815 3.883077 -1
-2.619815 3.933435 -1
-2.619815 3.983793 -1
-2.619815 4.034150 -1
-2.619815 4.084508 -1
-2.619815 4.134866 -1
-2.619815 4.185223 -1
-2.619815 4.235581 -1
-2.619815 4.285939 -1
-2.619815 4.336296 -1
-2.619815 4.386654 -1
-2.619815 4.437012 -1
-2.619815 4.487369 -1
-2.619815 4.537727 -1
-2.619815 4.588085 -1
-2.619815 4.638442 -1
-2.619815 4.688800 -1
-2.619815 4.739158 -1
-2.619815 4.789515 -1
-2.619815 4.839873 -1
-2.619815 4.890231 -1
-2.619815 4.940588 -1
-2.619815 4.990946 -1
-2.619815 5.041303 -1
-2.619815 5.091661 -1
-2.619815 5.142019 -1
-2.619815 5.192376 -1
-2.619815 5.242734 -1
-2.619815 5.293092 -1
-2.619815 5.343449 -1
-2.619815 5.393807 -1
-2.619815 5.444165 -1
-2.619815 5.494522 -1
-2.619815 5.544880 -1
-2.619815 5.595238 -1
-2.619815 5.645595 -1
-2.619815 5.695953 -1
-2.619815 5.746311 -1
-2.619815 5.796668 -1
-2.619815 5.847026 -1
-2.619815 5.897384 -1
-2.619815 5.947741 -1
-2.619815 5.998099 -1
-2.619815 6.048457 -1
-2.619815 6.098814 -1
-2.619815 6.149172 -1
-2.619815 6.199530 -1
-2.619815 6.249887 -1
-2.619815 6.300245 -1
-2.619815 6.350602 -1
-2.569608 -1.354118 -1
-2.569608 -1.303761 -1
-2.569608 -1.253403 -1
-2.569608 -1.203046 -1
-2.569608 -1.152688 -1
-2.569608 -1.102330 -1
-2.569608 -1.051973 -1
-2.569608 -1.001615 -1
-2.569608 -0.951257 -1
-2.569608 -0.900900 -1
-2.569608 -0.850542 -1
-2.569608 -0.800184 -1
-2.569608 -0.749827 -1
-2.569608 -0.699469 -1
-2.569608 -0.649111 -1
-2.569608 -0.598754 -1
-2.569608 -0.548396 -1
-2.569608 -0.498038 -1
-2.569608 -0.447681 -1
-2.569608 -0.397323 -1
-2.569608 -0.346965 -1
-2.569608 -0.296608 -1
-2.569608 -0.246250 -1
-2.569608 -0.195892 -1
-2.569608 -0.145535 -1
-2.569608 -0.095177 -1
-2.569608 -0.044820 -1
-2.569608 0.005538 -1
-2.569608 0.055896 -1
-2.569608 0.106253 -1
-2.569608 0.156611 -1
-2.569608 0.206969 -1
-2.569608 0.257326 -1
-2.569608 0.307684 -1
-2.569608 0.358042 -1
-2.569608 0.408399 -1
-2.569608 0.458757 -1
-2.569608 0.509115 -1
-2.569608 0.559472 -1
-2.569608 0.609830 -1
-2.569608 0.660188 -1
-2.569608 0.710545 -1
-2.569608 0.760903 -1
-2.569608 0.811261 -1
-2.569608 0.861618 -1
-2.569608 0.911976 -1
-2.569608 0.962334 -1
-2.569608 1.012691 -1
-2.569608 1.063049 -1
-2.569608 1.113407 -1
-2.569608 1.163764 -1
-2.569608 1.214122 -1
-2.569608 1.264479 -1
-2.569608 1.314837 -1
-2.569608 1.365195 -1
-2.569608 1.415552 -1
-2.569608 1.465910 -1
-2.569608 1.516268 -1
-2.569608 1.566625 -1
-2.569608 1.616983 -1
-2.569608 1.667341 -1
-2.569608 1.717698 -1
-2.569608 1.768056 -1
-2.569608 1.818414 -1
-2.569608 1.868771 -1
-2.569608 1.919129 -1
-2.569608 1.969487 -1
-2.569608 2.019844 -1
-2.569608 2.070202 -1
-2.569608 2.120560 -1
-2.569608 2.170917 -1
-2.569608 2.221275 -1
-2.569608 2.271633 -1
-2.569608 2.321990 -1
-2.569608 2.372348 -1
-2.569608 2.422706 -1
-2.569608 2.473063 -1
-2.569608 2.523421 -1
-2.569608 2.573778 -1
-2.569608 2.624136 -1
-2.569608 2.674494 -1
-2.569608 2.724851 -1
-2.569608 2.775209 -1
-2.569608 2.825567 -1
-2.569608 2.875924 -1
-2.569608 2.926282 -1
-2.569608 2.976640 -1
-2.569608 3.026997 -1
-2.569608 3.077355 -1
-2.569608 3.127713 -1
-2.569608 3.178070 -1
-2.569608 3.228428 -1
-2.569608 3.278786 -1
-2.569608 3.329143 -1
-2.569608 3.379501 -1
-2.569608 3.429859 -1
-2.569608 3.480216 -1
-2.569608 3.530574 -1
-2.569608 3.580932 -1
-2.569608 3.631289 -1
-2.569608 3.681647 -1
-2.569608 3.732005 -1
-2.569608 3.782362 -1
-2.569608 3.832720 -1
-2.569608 3.883077 -1
-2.569608 3.933435 -1
-2.569608 3.983793 -1
-2.569608 4.034150 -1
-2.569608 4.084508 -1
-2.569608 4.134866 -1
-2.569608 4.185223 -1
-2.569608 4.235581 -1
-2.569608 4.285939 -1
-2.569608 4.336296 -1
-2.569608 4.386654 -1
-2.569608 4.437012 -1
-2.569608 4.487369 -1
-2.569608 4.537727 -1
-2.569608 4.588085 -1
-2.569608 4.638442 -1
-2.569608 4.688800 -1
-2.569608 4.739158 -1
-2.569608 4.789515 -1
-2.569608 4.839873 -1
-2.569608 4.890231 -1
-2.569608 4.940588 -1
-2.569608 4.990946 -1
-2.569608 5.041303 -1
-2.569608 5.091661 -1
-2.569608 5.142019 -1
-2.569608 5.192376 -1
-2.569608 5.242734 -1
-2.569608 5.293092 -1
-2.569608 5.343449 -1
-2.569608 5.393807 -1
-2.569608 5.444165 -1
-2.569608 5.494522 -1
-2.569608 5.544880 -1
-2.569608 5.595238 -1
-2.569608 5.645595 -1
-2.569608 5.695953 -1
-2.569608 5.746311 -1
-2.569608 5.796668 -1
-2.569608 5.847026 -1
-2.569608 5.897384 -1
-2.569608 5.947741 -1
-2.569608 5.998099 -1
-2.569608 6.048457 -1
-2.569608 6.098814 -1
-2.569608 6.149172 -1
-2.569608 6.199530 -1
-2.569608 6.249887 -1
-2.569608 6.300245 -1
-2.569608 6.350602 -1
-2.519400 -1.354118 -1
-2.519400 -1.303761 -1
-2.519400 -1.253403 -1
-2.519400 -1.203046 -1
-2.519400 -1.152688 -1
-2.519400 -1.102330 -1
-2.519400 -1.051973 -1
-2.519400 -1.001615 -1
-2.519400 -0.951257 -1
-2.519400 -0.900900 -1
-2.519400 -0.850542 -1
-2.519400 -0.800184 -1
-2.519400 -0.749827 -1
-2.519400 -0.699469 -1
-2.519400 -0.649111 -1
-2.519400 -0.598754 -1
-2.519400 -0.548396 -1
-2.519400 -0.498038 -1
-2.519400 -0.447681 -1
-2.519400 -0.397323 -1
-2.519400 -0.346965 -1
-2.519400 -0.296608 -1
-2.519400 -0.246250 -1
-2.519400 -0.195892 -1
-2.519400 -0.145535 -1
-2.519400 -0.095177 -1
-2.519400 -0.044820 -1
-2.519400 0.005538 -1
-2.519400 0.055896 -1
-2.519400 0.106253 -1
-2.519400 0.156611 -1
-2.519400 0.206969 -1
-2.519400 0.257326 -1
-2.519400 0.307684 -1
-2.519400 0.358042 -1
-2.519400 0.408399 -1
-2.519400 0.458757 -1
-2.519400 0.509115 -1
-2.519400 0.559472 -1
-2.519400 0.609830 -1
-2.519400 0.660188 -1
-2.519400 0.710545 -1
-2.519400 0.760903 -1
-2.519400 0.811261 -1
-2.519400 0.861618 -1
-2.519400 0.911976 -1
-2.519400 0.962334 -1
-2.519400 1.012691 -1
-2.519400 1.063049 -1
-2.519400 1.113407 -1
-2.519400 1.163764 -1
-2.519400 1.214122 -1
-2.519400 1.264479 -1
-2.519400 1.314837 -1
-2.519400 1.365195 -1
-2.519400 1.415552 -1
-2.519400 1.465910 -1
-2.519400 1.516268 -1
-2.519400 1.566625 -1
-2.519400 1.616983 -1
-2.519400 1.667341 -1
-2.519400 1.717698 -1
-2.519400 1.768056 -1
-2.519400 1.818414 -1
-2.519400 1.868771 -1
-2.519400 1.919129 -1
-2.519400 1.969487 -1
-2.519400 2.019844 -1
-2.519400 2.070202 -1
-2.519400 2.120560 -1
-2.519400 2.170917 -1
-2.519400 2.221275 -1
-2.519400 2.271633 -1
-2.519400 2.321990 -1
-2.519400 2.372348 -1
-2.519400 2.422706 -1
-2.519400 2.473063 -1
-2.519400 2.523421 -1
-2.519400 2.573778 -1
-2.519400 2.624136 -1
-2.519400 2.674494 -1
-2.519400 2.724851 -1
-2.519400 2.775209 -1
-2.519400 2.825567 -1
-2.519400 2.875924 -1
-2.519400 2.926282 -1
-2.519400 2.976640 -1
-2.519400 3.026997 -1
-2.519400 3.077355 -1
-2.519400 3.127713 -1
-2.519400 3.178070 -1
-2.519400 3.228428 -1
-2.519400 3.278786 -1
-2.519400 3.329143 -1
-2.519400 3.379501 -1
-2.519400 3.429859 -1
-2.519400 3.480216 -1
-2.519400 3.530574 -1
-2.519400 3.580932 -1
-2.519400 3.631289 -1
-2.519400 3.681647 -1
-2.519400 3.732005 -1
-2.519400 3.782362 -1
-2.519400 3.832720 -1
-2.519400 3.883077 -1
-2.519400 3.933435 -1
-2.519400 3.983793 -1
-2.519400 4.034150 -1
-2.519400 4.084508 -1
-2.519400 4.134866 -1
-2.519400 4.185223 -1
-2.519400 4.235581 -1
-2.519400 4.285939 -1
-2.519400 4.336296 -1
-2.519400 4.386654 -1
-2.519400 4.437012 -1
-2.519400 4.487369 -1
-2.519400 4.537727 -1
-2.519400 4.588085 -1
-2.519400 4.638442 -1
-2.519400 4.688800 -1
-2.519400 4.739158 -1
-2.519400 4.789515 -1
-2.519400 4.839873 -1
-2.519400 4.890231 -1
-2.519400 4.940588 -1
-2.519400 4.990946 -1
-2.519400 5.041303 -1
-2.519400 5.091661 -1
-2.519400 5.142019 -1
-2.519400 5.192376 -1
-2.519400 5.242734 -1
-2.519400 5.293092 -1
-2.519400 5.343449 -1
-2.519400 5.393807 -1
-2.519400 5.444165 -1
-2.519400 5.494522 -1
-2.519400 5.544880 -1
-2.519400 5.595238 -1
-2.519400 5.645595 -1
-2.519400 5.695953 -1
-2.519400 5.746311 -1
-2.519400 5.796668 -1
-2.519400 5.847026 -1
-2.519400 5.897384 -1
-2.519400 5.947741 -1
-2.519400 5.998099 -1
-2.519400 6.048457 -1
-2.519400 6.098814 -1
-2.519400 6.149172 -1
-2.519400 6.199530 -1
-2.519400 6.249887 -1
-2.519400 6.300245 -1
-2.519400 6.350602 -1
-2.469192 -1.354118 -1
-2.469192 -1.303761 -1
-2.469192 -1.253403 -1
-2.469192 -1.203046 -1
-2.469192 -1.152688 -1
-2.469192 -1.102330 -1
-2.469192 -1.051973 -1
-2.469192 -1.001615 -1
-2.469192 -0.951257 -1
-2.469192 -0.900900 -1
-2.469192 -0.850542 -1
-2.469192 -0.800184 -1
-2.469192 -0.749827 -1
-2.469192 -0.699469 -1
-2.469192 -0.649111 -1
-2.469192 -0.598754 -1
-2.469192 -0.548396 -1
-2.469192 -0.498038 -1
-2.469192 -0.447681 -1
-2.469192 -0.397323 -1
-2.469192 -0.346965 -1
-2.469192 -0.296608 -1
-2.469192 -0.246250 -1
-2.469192 -0.195892 -1
-2.469192 -0.145535 -1
-2.469192 -0.095177 -1
-2.469192 -0.044820 -1
-2.469192 0.005538 -1
-2.469192 0.055896 -1
-2.469192 0.106253 -1
-2.469192 0.156611 -1
-2.469192 0.206969 -1
-2.469192 0.257326 -1
-2.469192 0.307684 -1
-2.469192 0.358042 -1
-2.469192 0.408399 -1
-2.469192 0.458757 -1
-2.469192 0.509115 -1
-2.469192 0.559472 -1
-2.469192 0.609830 -1
-2.469192 0.660188 -1
-2.469192 0.710545 -1
-2.469192 0.760903 -1
-2.469192 0.811261 -1
-2.469192 0.861618 -1
-2.469192 0.911976 -1
-2.469192 0.962334 -1
-2.469192 1.012691 -1
-2.469192 1.063049 -1
-2.469192 1.113407 -1
-2.469192 1.163764 -1
-2.469192 1.214122 -1
-2.469192 1.264479 -1
-2.469192 1.314837 -1
-2.469192 1.365195 -1
-2.469192 1.415552 -1
-2.469192 1.465910 -1
-2.469192 1.516268 -1
-2.469192 1.566625 -1
-2.469192 1.616983 -1
-2.469192 1.667341 -1
-2.469192 1.717698 -1
-2.469192 1.768056 -1
-2.469192 1.818414 -1
-2.469192 1.868771 -1
-2.469192 1.919129 -1
-2.469192 1.969487 -1
-2.469192 2.019844 -1
-2.469192 2.070202 -1
-2.469192 2.120560 -1
-2.469192 2.170917 -1
-2.469192 2.221275 -1
-2.469192 2.271633 -1
-2.469192 2.321990 -1
-2.469192 2.372348 -1
-2.469192 2.422706 -1
-2.469192 2.473063 -1
-2.469192 2.523421 -1
-2.469192 2.573778 -1
-2.469192 2.624136 -1
-2.469192 2.674494 -1
-2.469192 2.724851 -1
-2.469192 2.775209 -1
-2.469192 2.825567 -1
-2.469192 2.875924 -1
-2.469192 2.926282 -1
-2.469192 2.976640 -1
-2.469192 3.026997 -1
-2.469192 3.077355 -1
-2.469192 3.127713 -1
-2.469192 3.178070 -1
-2.469192 3.228428 -1
-2.469192 3.278786 -1
-2.469192 3.329143 -1
-2.469192 3.379501 -1
-2.469192 3.429859 -1
-2.469192 3.480216 -1
-2.469192 3.530574 -1
-2.469192 3.580932 -1
-2.469192 3.631289 -1
-2.469192 3.681647 -1
-2.469192 3.732005 -1
-2.469192 3.782362 -1
-2.469192 3.832720 -1
-2.469192 3.883077 -1
-2.469192 3.933435 -1
-2.469192 3.983793 -1
-2.469192 4.034150 -1
-2.469192 4.084508 -1
-2.469192 4.134866 -1
-2.469192 4.185223 -1
-2.469192 4.235581 -1
-2.469192 4.285939 -1
-2.469192 4.336296 -1
-2.469192 4.386654 -1
-2.469192 4.437012 -1
-2.469192 4.487369 -1
-2.469192 4.537727 -1
-2.469192 4.588085 -1
-2.469192 4.638442 -1
-2.469192 4.688800 -1
-2.469192 4.739158 -1
-2.469192 4.789515 -1
-2.469192 4.839873 -1
-2.469192 4.890231 -1
-2.469192 4.940588 -1
-2.469192 4.990946 -1
-2.469192 5.041303 -1
-2.469192 5.091661 -1
-2.469192 5.142019 -1
-2.469192 5.192376 -1
-2.469192 5.242734 -1
-2.469192 5.293092 -1
-2.469192 5.343449 -1
-2.469192 5.393807 -1
-2.469192 5.444165 -1
-2.469192 5.494522 -1
-2.469192 5.544880 -1
-2.469192 5.595238 -1
-2.469192 5.645595 -1
-2.469192 5.695953 -1
-2.469192 5.746311 -1
-2.469192 5.796668 -1
-2.469192 5.847026 -1
-2.469192 5.897384 -1
-2.469192 5.947741 -1
-2.469192 5.998099 -1
-2.469192 6.048457 -1
-2.469192 6.098814 -1
-2.469192 6.149172 -1
-2.469192 6.199530 -1
-2.469192 6.249887 -1
-2.469192 6.300245 -1
-2.469192 6.350602 -1
-2.418984 -1.354118 -1
-2.418984 -1.303761 -1
-2.418984 -1.253403 -1
-2.418984 -1.203046 -1
-2.418984 -1.152688 -1
-2.418984 -1.102330 -1
-2.418984 -1.051973 -1
-2.418984 -1.001615 -1
-2.418984 -0.951257 -1
-2.418984 -0.900900 -1
-2.418984 -0.850542 -1
-2.418984 -0.800184 -1
-2.418984 -0.749827 -1
-2.418984 -0.699469 -1
-2.418984 -0.649111 -1
-2.418984 -0.598754 -1
-2.418984 -0.548396 -1
-2.418984 -0.498038 -1
-2.418984 -0.447681 -1
-2.418984 -0.397323 -1
-2.418984 -0.346965 -1
-2.418984 -0.296608 -1
-2.418984 -0.246250 -1
-2.418984 -0.195892 -1
-2.418984 -0.145535 -1
-2.418984 -0.095177 -1
-2.418984 -0.044820 -1
-2.418984 0.005538 -1
-2.418984 0.055896 -1
-2.418984 0.106253 -1
-2.418984 0.156611 -1
-2.418984 0.206969 -1
-2.418984 0.257326 -1
-2.418984 0.307684 -1
-2.418984 0.358042 -1
-2.418984 0.408399 -1
-2.418984 0.458757 -1
-2.418984 0.509115 -1
-2.418984 0.559472 -1
-2.418984 0.609830 -1
-2.418984 0.660188 -1
-2.418984 0.710545 -1
-2.418984 0.760903 -1
-2.418984 0.811261 -1
-2.418984 0.861618 -1
-2.418984 0.911976 -1
-2.418984 0.962334 -1
-2.418984 1.012691 -1
-2.418984 1.063049 -1
-2.418984 1.113407 -1
-2.418984 1.163764 -1
-2.418984 1.214122 -1
-2.418984 1.264479 -1
-2.418984 1.314837 -1
-2.418984 1.365195 -1
-2.418984 1.415552 -1
-2.418984 1.465910 -1
-2.418984 1.516268 -1
-2.418984 1.566625 -1
-2.418984 1.616983 -1
-2.418984 1.667341 -1
-2.418984 1.717698 -1
-2.418984 1.768056 -1
-2.418984 1.818414 -1
-2.418984 1.868771 -1
-2.418984 1.919129 -1
-2.418984 1.969487 -1
-2.418984 2.019844 -1
-2.418984 2.070202 -1
-2.418984 2.120560 -1
-2.418984 2.170917 -1
-2.418984 2.221275 -1
-2.418984 2.271633 -1
-2.418984 2.321990 -1
-2.418984 2.372348 -1
-2.418984 2.422706 -1
-2.418984 2.473063 -1
-2.418984 2.523421 -1
-2.418984 2.573778 -1
-2.418984 2.624136 -1
-2.418984 2.674494 -1
-2.418984 2.724851 -1
-2.418984 2.775209 -1
-2.418984 2.825567 -1
-2.418984 2.875924 -1
-2.418984 2.926282 -1
-2.418984 2.976640 -1
-2.418984 3.026997 -1
-2.418984 3.077355 -1
-2.418984 3.127713 -1
-2.418984 3.178070 -1
-2.418984 3.228428 -1
-2.418984 3.278786 -1
-2.418984 3.329143 -1
-2.418984 3.379501 -1
-2.418984 3.429859 -1
-2.418984 3.480216 -1
-2.418984 3.530574 -1
-2.418984 3.580932 -1
-2.418984 3.631289 -1
-2.418984 3.681647 -1
-2.418984 3.732005 -1
-2.418984 3.782362 -1
-2.418984 3.832720 -1
-2.418984 3.883077 -1
-2.418984 3.933435 -1
-2.418984 3.983793 -1
-2.418984 4.034150 -1
-2.418984 4.084508 -1
-2.418984 4.134866 -1
-2.418984 4.185223 -1
-2.418984 4.235581 -1
-2.418984 4.285939 -1
-2.418984 4.336296 -1
-2.418984 4.386654 -1
-2.418984 4.437012 -1
-2.418984 4.487369 -1
-2.418984 4.537727 -1
-2.418984 4.588085 -1
-2.418984 4.638442 -1
-2.418984 4.688800 -1
-2.418984 4.739158 -1
-2.418984 4.789515 -1
-2.418984 4.839873 -1
-2.418984 4.890231 -1
-2.418984 4.940588 -1
-2.418984 4.990946 -1
-2.418984 5.041303 -1
-2.418984 5.091661 -1
-2.418984 5.142019 -1
-2.418984 5.192376 -1
-2.418984 5.242734 -1
-2.418984 5.293092 -1
-2.418984 5.343449 -1
-2.418984 5.393807 -1
-2.418984 5.444165 -1
-2.418984 5.494522 -1
-2.418984 5.544880 -1
-2.418984 5.595238 -1
-2.418984 5.645595 -1
-2.418984 5.695953 -1
-2.418984 5.746311 -1
-2.418984 5.796668 -1
-2.418984 5.847026 -1
-2.418984 5.897384 -1
-2.418984 5.947741 -1
-2.418984 5.998099 -1
-2.418984 6.048457 -1
-2.418984 6.098814 -1
-2.418984 6.149172 -1
-2.418984 6.199530 -1
-2.418984 6.249887 -1
-2.418984 6.300245 -1
-2.418984 6.350602 -1
-2.368776 -1.354118 -1
-2.368776 -1.303761 -1
-2.368776 -1.253403 -1
-2.368776 -1.203046 -1
-2.368776 -1.152688 -1
-2.368776 -1.102330 -1
-2.368776 -1.051973 -1
-2.368776 -1.001615 -1
-2.368776 -0.951257 -1
-2.368776 -0.900900 -1
-2.368776 -0.850542 -1
-2.368776 -0.800184 -1
-2.368776 -0.749827 -1
-2.368776 -0.699469 -1
-2.368776 -0.649111 -1
-2.368776 -0.598754 -1
-2.368776 -0.548396 -1
-2.368776 -0.498038 -1
-2.368776 -0.447681 -1
-2.368776 -0.397323 -1
-2.368776 -0.346965 -1
-2.368776 -0.296608 -1
-2.368776 -0.246250 -1
-2.368776 -0.195892 -1
-2.368776 -0.145535 -1
-2.368776 -0.095177 -1
-2.368776 -0.044820 -1
-2.368776 0.005538 -1
-2.368776 0.055896 -1
-2.368776 0.106253 -1
-2.368776 0.156611 -1
-2.368776 0.206969 -1
-2.368776 0.257326 -1
-2.368776 0.307684 -1
-2.368776 0.358042 -1
-2.368776 0.408399 -1
-2.368776 0.458757 -1
-2.368776 0.509115 -1
-2.368776 0.559472 -1
-2.368776 0.609830 -1
-2.368776 0.660188 -1
-2.368776 0.710545 -1
-2.368776 0.760903 -1
-2.368776 0.811261 -1
-2.368776 0.861618 -1
-2.368776 0.911976 -1
-2.368776 0.962334 -1
-2.368776 1.012691 -1
-2.368776 1.063049 -1
-2.368776 1.113407 -1
-2.368776 1.163764 -1
-2.368776 1.214122 -1
-2.368776 1.264479 -1
-2.368776 1.314837 -1
-2.368776 1.365195 -1
-2.368776 1.415552 -1
-2.368776 1.465910 -1
-2.368776 1.516268 -1
-2.368776 1.566625 -1
-2.368776 1.616983 -1
-2.368776 1.667341 -1
-2.368776 1.717698 -1
-2.368776 1.768056 -1
-2.368776 1.818414 -1
-2.368776 1.868771 -1
-2.368776 1.919129 -1
-2.368776 1.969487 -1
-2.368776 2.019844 -1
-2.368776 2.070202 -1
-2.368776 2.120560 -1
-2.368776 2.170917 -1
-2.368776 2.221275 -1
-2.368776 2.271633 -1
-2.368776 2.321990 -1
-2.368776 2.372348 -1
-2.368776 2.422706 -1
-2.368776 2.473063 -1
-2.368776 2.523421 -1
-2.368776 2.573778 -1
-2.368776 2.624136 -1
-2.368776 2.674494 -1
-2.368776 2.724851 -1
-2.368776 2.775209 -1
-2.368776 2.825567 -1
-2.368776 2.875924 -1
-2.368776 2.926282 -1
-2.368776 2.976640 -1
-2.368776 3.026997 -1
-2.368776 3.077355 -1
-2.368776 3.127713 -1
-2.368776 3.178070 -1
-2.368776 3.228428 -1
-2.368776 3.278786 -1
-2.368776 3.329143 -1
-2.368776 3.379501 -1
-2.368776 3.429859 -1
-2.368776 3.480216 -1
-2.368776 3.530574 -1
-2.368776 3.580932 -1
-2.368776 3.631289 -1
-2.368776 3.681647 -1
-2.368776 3.732005 -1
-2.368776 3.782362 -1
-2.368776 3.832720 -1
-2.368776 3.883077 -1
-2.368776 3.933435 -1
-2.368776 3.983793 -1
-2.368776 4.034150 -1
-2.368776 4.084508 -1
-2.368776 4.134866 -1
-2.368776 4.185223 -1
-2.368776 4.235581 -1
-2.368776 4.285939 -1
-2.368776 4.336296 -1
-2.368776 4.386654 -1
-2.368776 4.437012 -1
-2.368776 4.487369 -1
-2.368776 4.537727 -1
-2.368776 4.588085 -1
-2.368776 4.638442 -1
-2.368776 4.688800 -1
-2.368776 4.739158 -1
-2.368776 4.789515 -1
-2.368776 4.839873 -1
-2.368776 4.890231 -1
-2.368776 4.940588 -1
-2.368776 4.990946 -1
-2.368776 5.041303 -1
-2.368776 5.091661 -1
-2.368776 5.142019 -1
-2.368776 5.192376 -1
-2.368776 5.242734 -1
-2.368776 5.293092 -1
-2.368776 5.343449 -1
-2.368776 5.393807 -1
-2.368776 5.444165 -1
-2.368776 5.494522 -1
-2.368776 5.544880 -1
-2.368776 5.595238 -1
-2.368776 5.645595 -1
-2.368776 5.695953 -1
-2.368776 5.746311 -1
-2.368776 5.796668 -1
-2.368776 5.847026 -1
-2.368776 5.897384 -1
-2.368776 5.947741 -1
-2.368776 5.998099 -1
-2.368776 6.048457 -1
-2.368776 6.098814 -1
-2.368776 6.149172 -1
-2.368776 6.199530 -1
-2.368776 6.249887 -1
-2.368776 6.300245 -1
-2.368776 6.350602 -1
-2.318568 -1.354118 -1
-2.318568 -1.303761 -1
-2.318568 -1.253403 -1
-2.318568 -1.203046 -1
-2.318568 -1.152688 -1
-2.318568 -1.102330 -1
-2.318568 -1.051973 -1
-2.318568 -1.001615 -1
-2.318568 -0.951257 -1
-2.318568 -0.900900 -1
-2.318568 -0.850542 -1
-2.318568 -0.800184 -1
-2.318568 -0.749827 -1
-2.318568 -0.699469 -1
-2.318568 -0.649111 -1
-2.318568 -0.598754 -1
-2.318568 -0.548396 -1
-2.318568 -0.498038 -1
-2.318568 -0.447681 -1
-2.318568 -0.397323 -1
-2.318568 -0.346965 -1
-2.318568 -0.296608 -1
-2.318568 -0.246250 -1
-2.318568 -0.195892 -1
-2.318568 -0.145535 -1
-2.318568 -0.095177 -1
-2.318568 -0.044820 -1
-2.318568 0.005538 -1
-2.318568 0.055896 -1
-2.318568 0.106253 -1
-2.318568 0.156611 -1
-2.318568 0.206969 -1
-2.318568 0.257326 -1
-2.318568 0.307684 -1
-2.318568 0.358042 -1
-2.318568 0.408399 -1
-2.318568 0.458757 -1
-2.318568 0.509115 -1
-2.318568 0.559472 -1
-2.318568 0.609830 -1
-2.318568 0.660188 -1
-2.318568 0.710545 -1
-2.318568 0.760903 -1
-2.318568 0.811261 -1
-2.318568 0.861618 -1
-2.318568 0.911976 -1
-2.318568 0.962334 -1
-2.318568 1.012691 -1
-2.318568 1.063049 -1
-2.318568 1.113407 -1
-2.318568 1.163764 -1
-2.318568 1.214122 -1
-2.318568 1.264479 -1
-2.318568 1.314837 -1
-2.318568 1.365195 -1
-2.318568 1.415552 -1
-2.318568 1.465910 -1
-2.318568 1.516268 -1
-2.318568 1.566625 -1
-2.318568 1.616983 -1
-2.318568 1.667341 -1
-2.318568 1.717698 -1
-2.318568 1.768056 -1
-2.318568 1.818414 -1
-2.318568 1.868771 -1
-2.318568 1.919129 -1
-2.318568 1.969487 -1
-2.318568 2.019844 -1
-2.318568 2.070202 -1
-2.318568 2.120560 -1
-2.318568 2.170917 -1
-2.318568 2.221275 -1
-2.318568 2.271633 -1
-2.318568 2.321990 -1
-2.318568 2.372348 -1
-2.318568 2.422706 -1
-2.318568 2.473063 -1
-2.318568 2.523421 -1
-2.318568 2.573778 -1
-2.318568 2.624136 -1
-2.318568 2.674494 -1
-2.318568 2.724851 -1
-2.318568 2.775209 -1
-2.318568 2.825567 -1
-2.318568 2.875924 -1
-2.318568 2.926282 -1
-2.318568 2.976640 -1
-2.318568 3.026997 -1
-2.318568 3.077355 -1
-2.318568 3.127713 -1
-2.318568 3.178070 -1
-2.318568 3.228428 -1
-2.318568 3.278786 -1
-2.318568 3.329143 -1
-2.318568 3.379501 -1
-2.318568 3.429859 -1
-2.318568 3.480216 -1
-2.318568 3.530574 -1
-2.318568 3.580932 -1
-2.318568 3.631289 -1
-2.318568 3.681647 -1
-2.318568 3.732005 -1
-2.318568 3.782362 -1
-2.318568 3.832720 -1
-2.318568 3.883077 -1
-2.318568 3.933435 -1
-2.318568 3.983793 -1
-2.318568 4.034150 -1
-2.318568 4.084508 -1
-2.318568 4.134866 -1
-2.318568 4.185223 -1
-2.318568 4.235581 -1
-2.318568 4.285939 -1
-2.318568 4.336296 -1
-2.318568 4.386654 -1
-2.318568 4.437012 -1
-2.318568 4.487369 -1
-2.318568 4.537727 -1
-2.318568 4.588085 -1
-2.318568 4.638442 -1
-2.318568 4.688800 -1
-2.318568 4.739158 -1
-2.318568 4.789515 -1
-2.318568 4.839873 -1
-2.318568 4.890231 -1
-2.318568 4.940588 -1
-2.318568 4.990946 -1
-2.318568 5.041303 -1
-2.318568 5.091661 -1
-2.318568 5.142019 -1
-2.318568 5.192376 -1
-2.318568 5.242734 -1
-2.318568 5.293092 -1
-2.318568 5.343449 -1
-2.318568 5.393807 -1
-2.318568 5.444165 -1
-2.318568 5.494522 -1
-2.318568 5.544880 -1
-2.318568 5.595238 -1
-2.318568 5.645595 -1
-2.318568 5.695953 -1
-2.318568 5.746311 -1
-2.318568 5.796668 -1
-2.318568 5.847026 -1
-2.318568 5.897384 -1
-2.318568 5.947741 -1
-2.318568 5.998099 -1
-2.318568 6.048457 -1
-2.318568 6.098814 -1
-2.318568 6.149172 -1
-2.318568 6.199530 -1
-2.318568 6.249887 -1
-2.318568 6.300245 -1
-2.318568 6.350602 -1
-2.268360 -1.354118 -1
-2.268360 -1.303761 -1
-2.268360 -1.253403 -1
-2.268360 -1.203046 -1
-2.268360 -1.152688 -1
-2.268360 -1.102330 -1
-2.268360 -1.051973 -1
-2.268360 -1.001615 -1
-2.268360 -0.951257 -1
-2.268360 -0.900900 -1
-2.268360 -0.850542 -1
-2.268360 -0.800184 -1
-2.268360 -0.749827 -1
-2.268360 -0.699469 -1
-2.268360 -0.649111 -1
-2.268360 -0.598754 -1
-2.268360 -0.548396 -1
-2.268360 -0.498038 -1
-2.268360 -0.447681 -1
-2.268360 -0.397323 -1
-2.268360 -0.346965 -1
-2.268360 -0.296608 -1
-2.268360 -0.246250 -1
-2.268360 -0.195892 -1
-2.268360 -0.145535 -1
-2.268360 -0.095177 -1
-2.268360 -0.044820 -1
-2.268360 0.005538 -1
-2.268360 0.055896 -1
-2.268360 0.106253 -1
-2.268360 0.156611 -1
-2.268360 0.206969 -1
-2.268360 0.257326 -1
-2.268360 0.307684 -1
-2.268360 0.358042 -1
-2.268360 0.408399 -1
-2.268360 0.458757 -1
-2.268360 0.509115 -1
-2.268360 0.559472 -1
-2.268360 0.609830 -1
-2.268360 0.660188 -1
-2.268360 0.710545 -1
-2.268360 0.760903 -1
-2.268360 0.811261 -1
-2.268360 0.861618 -1
-2.268360 0.911976 -1
-2.268360 0.962334 -1
-2.268360 1.012691 -1
-2.268360 1.063049 -1
-2.268360 1.113407 -1
-2.268360 1.163764 -1
-2.268360 1.214122 -1
-2.268360 1.264479 -1
-2.268360 1.314837 -1
-2.268360 1.365195 -1
-2.268360 1.415552 -1
-2.268360 1.465910 -1
-2.268360 1.516268 -1
-2.268360 1.566625 -1
-2.268360 1.616983 -1
-2.268360 1.667341 -1
-2.268360 1.717698 -1
-2.268360 1.768056 -1
-2.268360 1.818414 -1
-2.268360 1.868771 -1
-2.268360 1.919129 -1
-2.268360 1.969487 -1
-2.268360 2.019844 -1
-2.268360 2.070202 -1
-2.268360 2.120560 -1
-2.268360 2.170917 -1
-2.268360 2.221275 -1
-2.268360 2.271633 -1
-2.268360 2.321990 -1
-2.268360 2.372348 -1
-2.268360 2.422706 -1
-2.268360 2.473063 -1
-2.268360 2.523421 -1
-2.268360 2.573778 -1
-2.268360 2.624136 -1
-2.268360 2.674494 -1
-2.268360 2.724851 -1
-2.268360 2.775209 -1
-2.268360 2.825567 -1
-2.268360 2.875924 -1
-2.268360 2.926282 -1
-2.268360 2.976640 -1
-2.268360 3.026997 -1
-2.268360 3.077355 -1
-2.268360 3.127713 -1
-2.268360 3.178070 -1
-2.268360 3.228428 -1
-2.268360 3.278786 -1
-2.268360 3.329143 -1
-2.268360 3.379501 -1
-2.268360 3.429859 -1
-2.268360 3.480216 -1
-2.268360 3.530574 -1
-2.268360 3.580932 -1
-2.268360 3.631289 -1
-2.268360 3.681647 -1
-2.268360 3.732005 -1
-2.268360 3.782362 -1
-2.268360 3.832720 -1
-2.268360 3.883077 -1
-2.268360 3.933435 -1
-2.268360 3.983793 -1
-2.268360 4.034150 -1
-2.268360 4.084508 -1
-2.268360 4.134866 -1
-2.268360 4.185223 -1
-2.268360 4.235581 -1
-2.268360 4.285939 -1
-2.268360 4.336296 -1
-2.268360 4.386654 -1
-2.268360 4.437012 -1
-2.268360 4.487369 -1
-2.268360 4.537727 -1
-2.268360 4.588085 -1
-2.268360 4.638442 -1
-2.268360 4.688800 -1
-2.268360 4.739158 -1
-2.268360 4.789515 -1
-2.268360 4.839873 -1
-2.268360 4.890231 -1
-2.268360 4.940588 -1
-2.268360 4.990946 -1
-2.268360 5.041303 -1
-2.268360 5.091661 -1
-2.268360 5.142019 -1
-2.268360 5.192376 -1
-2.268360 5.242734 -1
-2.268360 5.293092 -1
-2.268360 5.343449 -1
-2.268360 5.393807 -1
-2.268360 5.444165 -1
-2.268360 5.494522 -1
-2.268360 5.544880 -1
-2.268360 5.595238 -1
-2.268360 5.645595 -1
-2.268360 5.695953 -1
-2.268360 5.746311 -1
-2.268360 5.796668 -1
-2.268360 5.847026 -1
-2.268360 5.897384 -1
-2.268360 5.947741 -1
-2.268360 5.998099 -1
-2.268360 6.048457 -1
-2.268360 6.098814 -1
-2.268360 6.149172 -1
-2.268360 6.199530 -1
-2.268360 6.249887 -1
-2.268360 6.300245 -1
-2.268360 6.350602 -1
-2.218152 -1.354118 -1
-2.218152 -1.303761 -1
-2.218152 -1.253403 -1
-2.218152 -1.203046 -1
-2.218152 -1.152688 -1
-2.218152 -1.102330 -1
-2.218152 -1.051973 -1
-2.218152 -1.001615 -1
-2.218152 -0.951257 -1
-2.218152 -0.900900 -1
-2.218152 -0.850542 -1
-2.218152 -0.800184 -1
-2.218152 -0.749827 -1
-2.218152 -0.699469 -1
-2.218152 -0.649111 -1
-2.218152 -0.598754 -1
-2.218152 -0.548396 -1
-2.218152 -0.498038 -1
-2.218152 -0.447681 -1
-2.218152 -0.397323 -1
-2.218152 -0.346965 -1
-2.218152 -0.296608 -1
-2.218152 -0.246250 -1
-2.218152 -0.195892 -1
-2.218152 -0.145535 -1
-2.218152 -0.095177 -1
-2.218152 -0.044820 -1
-2.218152 0.005538 -1
-2.218152 0.055896 -1
-2.218152 0.106253 -1
-2.218152 0.156611 -1
-2.218152 0.206969 -1
-2.218152 0.257326 -1
-2.218152 0.307684 -1
-2.218152 0.358042 -1
-2.218152 0.408399 -1
-2.218152 0.458757 -1
-2.218152 0.509115 -1
-2.218152 0.559472 -1
-2.218152 0.609830 -1
-2.218152 0.660188 -1
-2.218152 0.710545 -1
-2.218152 0.760903 -1
-2.218152 0.811261 -1
-2.218152 0.861618 -1
-2.218152 0.911976 -1
-2.218152 0.962334 -1
-2.218152 1.012691 -1
-2.218152 1.063049 -1
-2.218152 1.113407 -1
-2.218152 1.163764 -1
-2.218152 1.214122 -1
-2.218152 1.264479 -1
-2.218152 1.314837 -1
-2.218152 1.365195 -1
-2.218152 1.415552 -1
-2.218152 1.465910 -1
-2.218152 1.516268 -1
-2.218152 1.566625 -1
-2.218152 1.616983 -1
-2.218152 1.667341 -1
-2.218152 1.717698 -1
-2.218152 1.768056 -1
-2.218152 1.818414 -1
-2.218152 1.868771 -1
-2.218152 1.919129 -1
-2.218152 1.969487 -1
-2.218152 2.019844 -1
-2.218152 2.070202 -1
-2.218152 2.120560 -1
-2.218152 2.170917 -1
-2.218152 2.221275 -1
-2.218152 2.271633 -1
-2.218152 2.321990 -1
-2.218152 2.372348 -1
-2.218152 2.422706 -1
-2.218152 2.473063 -1
-2.218152 2.523421 -1
-2.218152 2.573778 -1
-2.218152 2.624136 -1
-2.218152 2.674494 -1
-2.218152 2.724851 -1
-2.218152 2.775209 -1
-2.218152 2.825567 -1
-2.218152 2.875924 -1
-2.218152 2.926282 -1
-2.218152 2.976640 -1
-2.218152 3.026997 -1
-2.218152 3.077355 -1
-2.218152 3.127713 -1
-2.218152 3.178070 -1
-2.218152 3.228428 -1
-2.218152 3.278786 -1
-2.218152 3.329143 -1
-2.218152 3.379501 -1
-2.218152 3.429859 -1
-2.218152 3.480216 -1
-2.218152 3.530574 -1
-2.218152 3.580932 -1
-2.218152 3.631289 -1
-2.218152 3.681647 -1
-2.218152 3.732005 -1
-2.218152 3.782362 -1
-2.218152 3.832720 -1
-2.218152 3.883077 -1
-2.218152 3.933435 -1
-2.218152 3.983793 -1
-2.218152 4.034150 -1
-2.218152 4.084508 -1
-2.218152 4.134866 -1
-2.218152 4.185223 -1
-2.218152 4.235581 -1
-2.218152 4.285939 -1
-2.218152 4.336296 -1
-2.218152 4.386654 -1
-2.218152 4.437012 -1
-2.218152 4.487369 -1
-2.218152 4.537727 -1
-2.218152 4.588085 -1
-2.218152 4.638442 -1
-2.218152 4.688800 -1
-2.218152 4.739158 -1
-2.218152 4.789515 -1
-2.218152 4.839873 -1
-2.218152 4.890231 -1
-2.218152 4.940588 -1
-2.218152 4.990946 -1
-2.218152 5.041303 -1
-2.218152 5.091661 -1
-2.218152 5.142019 -1
-2.218152 5.192376 -1
-2.218152 5.242734 -1
-2.218152 5.293092 -1
-2.218152 5.343449 -1
-2.218152 5.393807 -1
-2.218152 5.444165 -1
-2.218152 5.494522 -1
-2.218152 5.544880 -1
-2.218152 5.595238 -1
-2.218152 5.645595 -1
-2.218152 5.695953 -1
-2.218152 5.746311 -1
-2.218152 5.796668 -1
-2.218152 5.847026 -1
-2.218152 5.897384 -1
-2.218152 5.947741 -1
-2.218152 5.998099 -1
-2.218152 6.048457 -1
-2.218152 6.098814 -1
-2.218152 6.149172 -1
-2.218152 6.199530 -1
-2.218152 6.249887 -1
-2.218152 6.300245 -1
-2.218152 6.350602 -1
-2.167944 -1.354118 -1
-2.167944 -1.303761 -1
-2.167944 -1.253403 -1
-2.167944 -1.203046 -1
-2.167944 -1.152688 -1
-2.167944 -1.102330 -1
-2.167944 -1.051973 -1
-2.167944 -1.001615 -1
-2.167944 -0.951257 -1
-2.167944 -0.900900 -1
-2.167944 -0.850542 -1
-2.167944 -0.800184 -1
-2.167944 -0.749827 -1
-2.167944 -0.699469 -1
-2.167944 -0.649111 -1
-2.167944 -0.598754 -1
-2.167944 -0.548396 -1
-2.167944 -0.498038 -1
-2.167944 -0.447681 -1
-2.167944 -0.397323 -1
-2.167944 -0.346965 -1
-2.167944 -0.296608 -1
-2.167944 -0.246250 -1
-2.167944 -0.195892 -1
-2.167944 -0.145535 -1
-2.167944 -0.095177 -1
-2.167944 -0.044820 -1
-2.167944 0.005538 -1
-2.167944 0.055896 -1
-2.167944 0.106253 -1
-2.167944 0.156611 -1
-2.167944 0.206969 -1
-2.167944 0.257326 -1
-2.167944 0.307684 -1
-2.167944 0.358042 -1
-2.167944 0.408399 -1
-2.167944 0.458757 -1
-2.167944 0.509115 -1
-2.167944 0.559472 -1
-2.167944 0.609830 -1
-2.167944 0.660188 -1
-2.167944 0.710545 -1
-2.167944 0.760903 -1
-2.167944 0.811261 -1
-2.167944 0.861618 -1
-2.167944 0.911976 -1
-2.167944 0.962334 -1
-2.167944 1.012691 -1
-2.167944 1.063049 -1
-2.167944 1.113407 -1
-2.167944 1.163764 -1
-2.167944 1.214122 -1
-2.167944 1.264479 -1
-2.167944 1.314837 -1
-2.167944 1.365195 -1
-2.167944 1.415552 -1
-2.167944 1.465910 -1
-2.167944 1.516268 -1
-2.167944 1.566625 -1
-2.167944 1.616983 -1
-2.167944 1.667341 -1
-2.167944 1.717698 -1
-2.167944 1.768056 -1
-2.167944 1.818414 -1
-2.167944 1.868771 -1
-2.167944 1.919129 -1
-2.167944 1.969487 -1
-2.167944 2.019844 -1
-2.167944 2.070202 -1
-2.167944 2.120560 -1
-2.167944 2.170917 -1
-2.167944 2.221275 -1
-2.167944 2.271633 -1
-2.167944 2.321990 -1
-2.167944 2.372348 -1
-2.167944 2.422706 -1
-2.167944 2.473063 -1
-2.167944 2.523421 -1
-2.167944 2.573778 -1
-2.167944 2.624136 -1
-2.167944 2.674494 -1
-2.167944 2.724851 -1
-2.167944 2.775209 -1
-2.167944 2.825567 -1
-2.167944 2.875924 -1
-2.167944 2.926282 -1
-2.167944 2.976640 -1
-2.167944 3.026997 -1
-2.167944 3.077355 -1
-2.167944 3.127713 -1
-2.167944 3.178070 -1
-2.167944 3.228428 -1
-2.167944 3.278786 -1
-2.167944 3.329143 -1
-2.167944 3.379501 -1
-2.167944 3.429859 -1
-2.167944 3.480216 -1
-2.167944 3.530574 -1
-2.167944 3.580932 -1
-2.167944 3.631289 -1
-2.167944 3.681647 -1
-2.167944 3.732005 -1
-2.167944 3.782362 -1
-2.167944 3.832720 -1
-2.167944 3.883077 -1
-2.167944 3.933435 -1
-2.167944 3.983793 -1
-2.167944 4.034150 -1
-2.167944 4.084508 -1
-2.167944 4.134866 -1
-2.167944 4.185223 -1
-2.167944 4.235581 -1
-2.167944 4.285939 -1
-2.167944 4.336296 -1
-2.167944 4.386654 -1
-2.167944 4.437012 -1
-2.167944 4.487369 -1
-2.167944 4.537727 -1
-2.167944 4.588085 -1
-2.167944 4.638442 -1
-2.167944 4.688800 -1
-2.167944 4.739158 -1
-2.167944 4.789515 -1
-2.167944 4.839873 -1
-2.167944 4.890231 -1
-2.167944 4.940588 -1
-2.167944 4.990946 -1
-2.167944 5.041303 -1
-2.167944 5.091661 -1
-2.167944 5.142019 -1
-2.167944 5.192376 -1
-2.167944 5.242734 -1
-2.167944 5.293092 -1
-2.167944 5.343449 -1
-2.167944 5.393807 -1
-2.167944 5.444165 -1
-2.167944 5.494522 -1
-2.167944 5.544880 -1
-2.167944 5.595238 -1
-2.167944 5.645595 -1
-2.167944 5.695953 -1
-2.167944 5.746311 -1
-2.167944 5.796668 -1
-2.167944 5.847026 -1
-2.167944 5.897384 -1
-2.167944 5.947741 -1
-2.167944 5.998099 -1
-2.167944 6.048457 -1
-2.167944 6.098814 -1
-2.167944 6.149172 -1
-2.167944 6.199530 -1
-2.167944 6.249887 -1
-2.167944 6.300245 -1
-2.167944 6.350602 -1
-2.117736 -1.354118 -1
-2.117736 -1.303761 -1
-2.117736 -1.253403 -1
-2.117736 -1.203046 -1
-2.117736 -1.152688 -1
-2.117736 -1.102330 -1
-2.117736 -1.051973 -1
-2.117736 -1.001615 -1
-2.117736 -0.951257 -1
-2.117736 -0.900900 -1
-2.117736 -0.850542 -1
-2.117736 -0.800184 -1
-2.117736 -0.749827 -1
-2.117736 -0.699469 -1
-2.117736 -0.649111 -1
-2.117736 -0.598754 -1
-2.117736 -0.548396 -1
-2.117736 -0.498038 -1
-2.117736 -0.447681 -1
-2.117736 -0.397323 -1
-2.117736 -0.346965 -1
-2.117736 -0.296608 -1
-2.117736 -0.246250 -1
-2.117736 -0.195892 -1
-2.117736 -0.145535 -1
-2.117736 -0.095177 -1
-2.117736 -0.044820 -1
-2.117736 0.005538 -1
-2.117736 0.055896 -1
-2.117736 0.106253 -1
-2.117736 0.156611 -1
-2.117736 0.206969 -1
-2.117736 0.257326 -1
-2.117736 0.307684 -1
-2.117736 0.358042 -1
-2.117736 0.408399 -1
-2.117736 0.458757 -1
-2.117736 0.509115 -1
-2.117736 0.559472 -1
-2.117736 0.609830 -1
-2.117736 0.660188 -1
-2.117736 0.710545 -1
-2.117736 0.760903 -1
-2.117736 0.811261 -1
-2.117736 0.861618 -1
-2.117736 0.911976 -1
-2.117736 0.962334 -1
-2.117736 1.012691 -1
-2.117736 1.063049 -1
-2.117736 1.113407 -1
-2.117736 1.163764 -1
-2.117736 1.214122 -1
-2.117736 1.264479 -1
-2.117736 1.314837 -1
-2.117736 1.365195 -1
-2.117736 1.415552 -1
-2.117736 1.465910 -1
-2.117736 1.516268 -1
-2.117736 1.566625 -1
-2.117736 1.616983 -1
-2.117736 1.667341 -1
-2.117736 1.717698 -1
-2.117736 1.768056 -1
-2.117736 1.818414 -1
-2.117736 1.868771 -1
-2.117736 1.919129 -1
-2.117736 1.969487 -1
-2.117736 2.019844 -1
-2.117736 2.070202 -1
-2.117736 2.120560 -1
-2.117736 2.170917 -1
-2.117736 2.221275 -1
-2.117736 2.271633 -1
-2.117736 2.321990 -1
-2.117736 2.372348 -1
-2.117736 2.422706 -1
-2.117736 2.473063 -1
-2.117736 2.523421 -1
-2.117736 2.573778 -1
-2.117736 2.624136 -1
-2.117736 2.674494 -1
-2.117736 2.724851 -1
-2.117736 2.775209 -1
-2.117736 2.825567 -1
-2.117736 2.875924 -1
-2.117736 2.926282 -1
-2.117736 2.976640 -1
-2.117736 3.026997 -1
-2.117736 3.077355 -1
-2.117736 3.127713 -1
-2.117736 3.178070 -1
-2.117736 3.228428 -1
-2.117736 3.278786 -1
-2.117736 3.329143 -1
-2.117736 3.379501 -1
-2.117736 3.429859 -1
-2.117736 3.480216 -1
-2.117736 3.530574 -1
-2.117736 3.580932 -1
-2.117736 3.631289 -1
-2.117736 3.681647 -1
-2.117736 3.732005 -1
-2.117736 3.782362 -1
-2.117736 3.832720 -1
-2.117736 3.883077 -1
-2.117736 3.933435 -1
-2.117736 3.983793 -1
-2.117736 4.034150 -1
-2.117736 4.084508 -1
-2.117736 4.134866 -1
-2.117736 4.185223 -1
-2.117736 4.235581 -1
-2.117736 4.285939 -1
-2.117736 4.336296 -1
-2.117736 4.386654 -1
-2.117736 4.437012 -1
-2.117736 4.487369 -1
-2.117736 4.537727 -1
-2.117736 4.588085 -1
-2.117736 4.638442 -1
-2.117736 4.688800 -1
-2.117736 4.739158 -1
-2.117736 4.789515 -1
-2.117736 4.839873 -1
-2.117736 4.890231 -1
-2.117736 4.940588 -1
-2.117736 4.990946 -1
-2.117736 5.041303 -1
-2.117736 5.091661 -1
-2.117736 5.142019 -1
-2.117736 5.192376 -1
-2.117736 5.242734 -1
-2.117736 5.293092 -1
-2.117736 5.343449 -1
-2.117736 5.393807 -1
-2.117736 5.444165 -1
-2.117736 5.494522 -1
-2.117736 5.544880 -1
-2.117736 5.595238 -1
-2.117736 5.645595 -1
-2.117736 5.695953 -1
-2.117736 5.746311 -1
-2.117736 5.796668 -1
-2.117736 5.847026 -1
-2.117736 5.897384 -1
-2.117736 5.947741 -1
-2.117736 5.998099 -1
-2.117736 6.048457 -1
-2.117736 6.098814 -1
-2.117736 6.149172 -1
-2.117736 6.199530 -1
-2.117736 6.249887 -1
-2.117736 6.300245 -1
-2.117736 6.350602 -1
-2.067528 -1.354118 -1
-2.067528 -1.303761 -1
-2.067528 -1.253403 -1
-2.067528 -1.203046 -1
-2.067528 -1.152688 -1
-2.067528 -1.102330 -1
-2.067528 -1.051973 -1
-2.067528 -1.001615 -1
-2.067528 -0.951257 -1
-2.067528 -0.900900 -1
-2.067528 -0.850542 -1
-2.067528 -0.800184 -1
-2.067528 -0.749827 -1
-2.067528 -0.699469 -1
-2.067528 -0.649111 -1
-2.067528 -0.598754 -1
-2.067528 -0.548396 -1
-2.067528 -0.498038 -1
-2.067528 -0.447681 -1
-2.067528 -0.397323 -1
-2.067528 -0.346965 -1
-2.067528 -0.296608 -1
-2.067528 -0.246250 -1
-2.067528 -0.195892 -1
-2.067528 -0.145535 -1
-2.067528 -0.095177 -1
-2.067528 -0.044820 -1
-2.067528 0.005538 -1
-2.067528 0.055896 -1
-2.067528 0.106253 -1
-2.067528 0.156611 -1
-2.067528 0.206969 -1
-2.067528 0.257326 -1
-2.067528 0.307684 -1
-2.067528 0.358042 -1
-2.067528 0.408399 -1
-2.067528 0.458757 -1
-2.067528 0.509115 -1
-2.067528 0.559472 -1
-2.067528 0.609830 -1
-2.067528 0.660188 -1
-2.067528 0.710545 -1
-2.067528 0.760903 -1
-2.067528 0.811261 -1
-2.067528 0.861618 -1
-2.067528 0.911976 -1
-2.067528 0.962334 -1
-2.067528 1.012691 -1
-2.067528 1.063049 -1
-2.067528 1.113407 -1
-2.067528 1.163764 -1
-2.067528 1.214122 -1
-2.067528 1.264479 -1
-2.067528 1.314837 -1
-2.067528 1.365195 -1
-2.067528 1.415552 -1
-2.067528 1.465910 -1
-2.067528 1.516268 -1
-2.067528 1.566625 -1
-2.067528 1.616983 -1
-2.067528 1.667341 -1
-2.067528 1.717698 -1
-2.067528 1.768056 -1
-2.067528 1.818414 -1
-2.067528 1.868771 -1
-2.067528 1.919129 -1
-2.067528 1.969487 -1
-2.067528 2.019844 -1
-2.067528 2.070202 -1
-2.067528 2.120560 -1
-2.067528 2.170917 -1
-2.067528 2.221275 -1
-2.067528 2.271633 -1
-2.067528 2.321990 -1
-2.067528 2.372348 -1
-2.067528 2.422706 -1
-2.067528 2.473063 -1
-2.067528 2.523421 -1
-2.067528 2.573778 -1
-2.067528 2.624136 -1
-2.067528 2.674494 -1
-2.067528 2.724851 -1
-2.067528 2.775209 -1
-2.067528 2.825567 -1
-2.067528 2.875924 -1
-2.067528 2.926282 -1
-2.067528 2.976640 -1
-2.067528 3.026997 -1
-2.067528 3.077355 -1
-2.067528 3.127713 -1
-2.067528 3.178070 -1
-2.067528 3.228428 -1
-2.067528 3.278786 -1
-2.067528 3.329143 -1
-2.067528 3.379501 -1
-2.067528 3.429859 -1
-2.067528 3.480216 -1
-2.067528 3.530574 -1
-2.067528 3.580932 -1
-2.067528 3.631289 -1
-2.067528 3.681647 -1
-2.067528 3.732005 -1
-2.067528 3.782362 -1
-2.067528 3.832720 -1
-2.067528 3.883077 -1
-2.067528 3.933435 -1
-2.067528 3.983793 -1
-2.067528 4.034150 -1
-2.067528 4.084508 -1
-2.067528 4.134866 -1
-2.067528 4.185223 -1
-2.067528 4.235581 -1
-2.067528 4.285939 -1
-2.067528 4.336296 -1
-2.067528 4.386654 -1
-2.067528 4.437012 -1
-2.067528 4.487369 -1
-2.067528 4.537727 -1
-2.067528 4.588085 -1
-2.067528 4.638442 -1
-2.067528 4.688800 -1
-2.067528 4.739158 -1
-2.067528 4.789515 -1
-2.067528 4.839873 -1
-2.067528 4.890231 -1
-2.067528 4.940588 -1
-2.067528 4.990946 -1
-2.067528 5.041303 -1
-2.067528 5.091661 -1
-2.067528 5.142019 -1
-2.067528 5.192376 -1
-2.067528 5.242734 -1
-2.067528 5.293092 -1
-2.067528 5.343449 -1
-2.067528 5.393807 -1
-2.067528 5.444165 -1
-2.067528 5.494522 -1
-2.067528 5.544880 -1
-2.067528 5.595238 -1
-2.067528 5.645595 -1
-2.067528 5.695953 -1
-2.067528 5.746311 -1
-2.067528 5.796668 -1
-2.067528 5.847026 -1
-2.067528 5.897384 -1
-2.067528 5.947741 -1
-2.067528 5.998099 -1
-2.067528 6.048457 -1
-2.067528 6.098814 -1
-2.067528 6.149172 -1
-2.067528 6.199530 -1
-2.067528 6.249887 -1
-2.067528 6.300245 -1
-2.067528 6.350602 -1
-2.017320 -1.354118 -1
-2.017320 -1.303761 -1
-2.017320 -1.253403 -1
-2.017320 -1.203046 -1
-2.017320 -1.152688 -1
-2.017320 -1.102330 -1
-2.017320 -1.051973 -1
-2.017320 -1.001615 -1
-2.017320 -0.951257 -1
-2.017320 -0.900900 -1
-2.017320 -0.850542 -1
-2.017320 -0.800184 -1
-2.017320 -0.749827 -1
-2.017320 -0.699469 -1
-2.017320 -0.649111 -1
-2.017320 -0.598754 -1
-2.017320 -0.548396 -1
-2.017320 -0.498038 -1
-2.017320 -0.447681 -1
-2.017320 -0.397323 -1
-2.017320 -0.346965 -1
-2.017320 -0.296608 -1
-2.017320 -0.246250 -1
-2.017320 -0.195892 -1
-2.017320 -0.145535 -1
-2.017320 -0.095177 -1
-2.017320 -0.044820 -1
-2.017320 0.005538 -1
-2.017320 0.055896 -1
-2.017320 0.106253 -1
-2.017320 0.156611 -1
-2.017320 0.206969 -1
-2.017320 0.257326 -1
-2.017320 0.307684 -1
-2.017320 0.358042 -1
-2.017320 0.408399 -1
-2.017320 0.458757 -1
-2.017320 0.509115 -1
-2.017320 0.559472 -1
-2.017320 0.609830 -1
-2.017320 0.660188 -1
-2.017320 0.710545 -1
-2.017320 0.760903 -1
-2.017320 0.811261 -1
-2.017320 0.861618 -1
-2.017320 0.911976 -1
-2.017320 0.962334 -1
-2.017320 1.012691 -1
-2.017320 1.063049 -1
-2.017320 1.113407 -1
-2.017320 1.163764 -1
-2.017320 1.214122 -1
-2.017320 1.264479 -1
-2.017320 1.314837 -1
-2.017320 1.365195 -1
-2.017320 1.415552 -1
-2.017320 1.465910 -1
-2.017320 1.516268 -1
-2.017320 1.566625 -1
-2.017320 1.616983 -1
-2.017320 1.667341 -1
-2.017320 1.717698 -1
-2.017320 1.768056 -1
-2.017320 1.818414 -1
-2.017320 1.868771 -1
-2.017320 1.919129 -1
-2.017320 1.969487 -1
-2.017320 2.019844 -1
-2.017320 2.070202 -1
-2.017320 2.120560 -1
-2.017320 2.170917 -1
-2.017320 2.221275 -1
-2.017320 2.271633 -1
-2.017320 2.321990 -1
-2.017320 2.372348 -1
-2.017320 2.422706 -1
-2.017320 2.473063 -1
-2.017320 2.523421 -1
-2.017320 2.573778 -1
-2.017320 2.624136 -1
-2.017320 2.674494 -1
-2.017320 2.724851 -1
-2.017320 2.775209 -1
-2.017320 2.825567 -1
-2.017320 2.875924 -1
-2.017320 2.926282 -1
-2.017320 2.976640 -1
-2.017320 3.026997 -1
-2.017320 3.077355 -1
-2.017320 3.127713 -1
-2.017320 3.178070 -1
-2.017320 3.228428 -1
-2.017320 3.278786 -1
-2.017320 3.329143 -1
-2.017320 3.379501 -1
-2.017320 3.429859 -1
-2.017320 3.480216 -1
-2.017320 3.530574 -1
-2.017320 3.580932 -1
-2.017320 3.631289 -1
-2.017320 3.681647 -1
-2.017320 3.732005 -1
-2.017320 3.782362 -1
-2.017320 3.832720 -1
-2.017320 3.883077 -1
-2.017320 3.933435 -1
-2.017320 3.983793 -1
-2.017320 4.034150 -1
-2.017320 4.084508 -1
-2.017320 4.134866 -1
-2.017320 4.185223 -1
-2.017320 4.235581 -1
-2.017320 4.285939 -1
-2.017320 4.336296 -1
-2.017320 4.386654 -1
-2.017320 4.437012 -1
-2.017320 4.487369 -1
-2.017320 4.537727 -1
-2.017320 4.588085 -1
-2.017320 4.638442 -1
-2.017320 4.688800 -1
-2.017320 4.739158 -1
-2.017320 4.789515 -1
-2.017320 4.839873 -1
-2.017320 4.890231 -1
-2.017320 4.940588 -1
-2.017320 4.990946 -1
-2.017320 5.041303 -1
-2.017320 5.091661 -1
-2.017320 5.142019 -1
-2.017320 5.192376 -1
-2.017320 5.242734 -1
-2.017320 5.293092 -1
-2.017320 5.343449 -1
-2.017320 5.393807 -1
-2.017320 5.444165 -1
-2.017320 5.494522 -1
-2.017320 5.544880 -1
-2.017320 5.595238 -1
-2.017320 5.645595 -1
-2.017320 5.695953 -1
-2.017320 5.746311 -1
-2.017320 5.796668 -1
-2.017320 5.847026 -1
-2.017320 5.897384 -1
-2.017320 5.947741 -1
-2.017320 5.998099 -1
-2.017320 6.048457 -1
-2.017320 6.098814 -1
-2.017320 6.149172 -1
-2.017320 6.199530 -1
-2.017320 6.249887 -1
-2.017320 6.300245 -1
-2.017320 6.350602 -1
-1.967112 -1.354118 -1
-1.967112 -1.303761 -1
-1.967112 -1.253403 -1
-1.967112 -1.203046 -1
-1.967112 -1.152688 -1
-1.967112 -1.102330 -1
-1.967112 -1.051973 -1
-1.967112 -1.001615 -1
-1.967112 -0.951257 -1
-1.967112 -0.900900 -1
-1.967112 -0.850542 -1
-1.967112 -0.800184 -1
-1.967112 -0.749827 -1
-1.967112 -0.699469 -1
-1.967112 -0.649111 -1
-1.967112 -0.598754 -1
-1.967112 -0.548396 -1
-1.967112 -0.498038 -1
-1.967112 -0.447681 -1
-1.967112 -0.397323 -1
-1.967112 -0.346965 -1
-1.967112 -0.296608 -1
-1.967112 -0.246250 -1
-1.967112 -0.195892 -1
-1.967112 -0.145535 -1
-1.967112 -0.095177 -1
-1.967112 -0.044820 -1
-1.967112 0.005538 -1
-1.967112 0.055896 -1
-1.967112 0.106253 -1
-1.967112 0.156611 -1
-1.967112 0.206969 -1
-1.967112 0.257326 -1
-1.967112 0.307684 -1
-1.967112 0.358042 -1
-1.967112 0.408399 -1
-1.967112 0.458757 -1
-1.967112 0.509115 -1
-1.967112 0.559472 -1
-1.967112 0.609830 -1
-1.967112 0.660188 -1
-1.967112 0.710545 -1
-1.967112 0.760903 -1
-1.967112 0.811261 -1
-1.967112 0.861618 -1
-1.967112 0.911976 -1
-1.967112 0.962334 -1
-1.967112 1.012691 -1
-1.967112 1.063049 -1
-1.967112 1.113407 -1
-1.967112 1.163764 -1
-1.967112 1.214122 -1
-1.967112 1.264479 -1
-1.967112 1.314837 -1
-1.967112 1.365195 -1
-1.967112 1.415552 -1
-1.967112 1.465910 -1
-1.967112 1.516268 -1
-1.967112 1.566625 -1
-1.967112 1.616983 -1
-1.967112 1.667341 -1
-1.967112 1.717698 -1
-1.967112 1.768056 -1
-1.967112 1.818414 -1
-1.967112 1.868771 -1
-1.967112 1.919129 -1
-1.967112 1.969487 -1
-1.967112 2.019844 -1
-1.967112 2.070202 -1
-1.967112 2.120560 -1
-1.967112 2.170917 -1
-1.967112 2.221275 -1
-1.967112 2.271633 -1
-1.967112 2.321990 -1
-1.967112 2.372348 -1
-1.967112 2.422706 -1
-1.967112 2.473063 -1
-1.967112 2.523421 -1
-1.967112 2.573778 -1
-1.967112 2.624136 -1
-1.967112 2.674494 -1
-1.967112 2.724851 -1
-1.967112 2.775209 -1
-1.967112 2.825567 -1
-1.967112 2.875924 -1
-1.967112 2.926282 -1
-1.967112 2.976640 -1
-1.967112 3.026997 -1
-1.967112 3.077355 -1
-1.967112 3.127713 -1
-1.967112 3.178070 -1
-1.967112 3.228428 -1
-1.967112 3.278786 -1
-1.967112 3.329143 -1
-1.967112 3.379501 -1
-1.967112 3.429859 -1
-1.967112 3.480216 -1
-1.967112 3.530574 -1
-1.967112 3.580932 -1
-1.967112 3.631289 -1
-1.967112 3.681647 -1
-1.967112 3.732005 -1
-1.967112 3.782362 -1
-1.967112 3.832720 -1
-1.967112 3.883077 -1
-1.967112 3.933435 -1
-1.967112 3.983793 -1
-1.967112 4.034150 -1
-1.967112 4.084508 -1
-1.967112 4.134866 -1
-1.967112 4.185223 -1
-1.967112 4.235581 -1
-1.967112 4.285939 -1
-1.967112 4.336296 -1
-1.967112 4.386654 -1
-1.967112 4.437012 -1
-1.967112 4.487369 -1
-1.967112 4.537727 -1
-1.967112 4.588085 -1
-1.967112 4.638442 -1
-1.967112 4.688800 -1
-1.967112 4.739158 -1
-1.967112 4.789515 -1
-1.967112 4.839873 -1
-1.967112 4.890231 -1
-1.967112 4.940588 -1
-1.967112 4.990946 -1
-1.967112 5.041303 -1
-1.967112 5.091661 -1
-1.967112 5.142019 -1
-1.967112 5.192376 -1
-1.967112 5.242734 -1
-1.967112 5.293092 -1
-1.967112 5.343449 -1
-1.967112 5.393807 -1
-1.967112 5.444165 -1
-1.967112 5.494522 -1
-1.967112 5.544880 -1
-1.967112 5.595238 -1
-1.967112 5.645595 -1
-1.967112 5.695953 -1
-1.967112 5.746311 -1
-1.967112 5.796668 -1
-1.967112 5.847026 -1
-1.967112 5.897384 -1
-1.967112 5.947741 -1
-1.967112 5.998099 -1
-1.967112 6.048457 -1
-1.967112 6.098814 -1
-1.967112 6.149172 -1
-1.967112 6.199530 -1
-1.967112 6.249887 -1
-1.967112 6.300245 -1
-1.967112 6.350602 -1
-1.916904 -1.354118 -1
-1.916904 -1.303761 -1
-1.916904 -1.253403 -1
-1.916904 -1.203046 -1
-1.916904 -1.152688 -1
-1.916904 -1.102330 -1
-1.916904 -1.051973 -1
-1.916904 -1.001615 -1
-1.916904 -0.951257 -1
-1.916904 -0.900900 -1
-1.916904 -0.850542 -1
-1.916904 -0.800184 -1
-1.916904 -0.749827 -1
-1.916904 -0.699469 -1
-1.916904 -0.649111 -1
-1.916904 -0.598754 -1
-1.916904 -0.548396 -1
-1.916904 -0.498038 -1
-1.916904 -0.447681 -1
-1.916904 -0.397323 -1
-1.916904 -0.346965 -1
-1.916904 -0.296608 -1
-1.916904 -0.246250 -1
-1.916904 -0.195892 -1
-1.916904 -0.145535 -1
-1.916904 -0.095177 -1
-1.916904 -0.044820 -1
-1.916904 0.005538 -1
-1.916904 0.055896 -1
-1.916904 0.106253 -1
-1.916904 0.156611 -1
-1.916904 0.206969 -1
-1.916904 0.257326 -1
-1.916904 0.307684 -1
-1.916904 0.358042 -1
-1.916904 0.408399 -1
-1.916904 0.458757 -1
-1.916904 0.509115 -1
-1.916904 0.559472 -1
-1.916904 0.609830 -1
-1.916904 0.660188 -1
-1.916904 0.710545 -1
-1.916904 0.760903 -1
-1.916904 0.811261 -1
-1.916904 0.861618 -1
-1.916904 0.911976 -1
-1.916904 0.962334 -1
-1.916904 1.012691 -1
-1.916904 1.063049 -1
-1.916904 1.113407 -1
-1.916904 1.163764 -1
-1.916904 1.214122 -1
-1.916904 1.264479 -1
-1.916904 1.314837 -1
-1.916904 1.365195 -1
-1.916904 1.415552 -1
-1.916904 1.465910 -1
-1.916904 1.516268 -1
-1.916904 1.566625 -1
-1.916904 1.616983 -1
-1.916904 1.667341 -1
-1.916904 1.717698 -1
-1.916904 1.768056 -1
-1.916904 1.818414 -1
-1.916904 1.868771 -1
-1.916904 1.919129 -1
-1.916904 1.969487 -1
-1.916904 2.019844 -1
-1.916904 2.070202 -1
-1.916904 2.120560 -1
-1.916904 2.170917 -1
-1.916904 2.221275 -1
-1.916904 2.271633 -1
-1.916904 2.321990 -1
-1.916904 2.372348 -1
-1.916904 2.422706 -1
-1.916904 2.473063 -1
-1.916904 2.523421 -1
-1.916904 2.573778 -1
-1.916904 2.624136 -1
-1.916904 2.674494 -1
-1.916904 2.724851 -1
-1.916904 2.775209 -1
-1.916904 2.825567 -1
-1.916904 2.875924 -1
-1.916904 2.926282 -1
-1.916904 2.976640 -1
-1.916904 3.026997 -1
-1.916904 3.077355 -1
-1.916904 3.127713 -1
-1.916904 3.178070 -1
-1.916904 3.228428 -1
-1.916904 3.278786 -1
-1.916904 3.329143 -1
-1.916904 3.379501 -1
-1.916904 3.429859 -1
-1.916904 3.480216 -1
-1.916904 3.530574 -1
-1.916904 3.580932 -1
-1.916904 3.631289 -1
-1.916904 3.681647 -1
-1.916904 3.732005 -1
-1.916904 3.782362 -1
-1.916904 3.832720 -1
-1.916904 3.883077 -1
-1.916904 3.933435 -1
-1.916904 3.983793 -1
-1.916904 4.034150 -1
-1.916904 4.084508 -1
-1.916904 4.134866 -1
-1.916904 4.185223 -1
-1.916904 4.235581 -1
-1.916904 4.285939 -1
-1.916904 4.336296 -1
-1.916904 4.386654 -1
-1.916904 4.437012 -1
-1.916904 4.487369 -1
-1.916904 4.537727 -1
-1.916904 4.588085 -1
-1.916904 4.638442 -1
-1.916904 4.688800 -1
-1.916904 4.739158 -1
-1.916904 4.789515 -1
-1.916904 4.839873 -1
-1.916904 4.890231 -1
-1.916904 4.940588 -1
-1.916904 4.990946 -1
-1.916904 5.041303 -1
-1.916904 5.091661 -1
-1.916904 5.142019 -1
-1.916904 5.192376 -1
-1.916904 5.242734 -1
-1.916904 5.293092 -1
-1.916904 5.343449 -1
-1.916904 5.393807 -1
-1.916904 5.444165 -1
-1.916904 5.494522 -1
-1.916904 5.544880 -1
-1.916904 5.595238 -1
-1.916904 5.645595 -1
-1.916904 5.695953 -1
-1.916904 5.746311 -1
-1.916904 5.796668 -1
-1.916904 5.847026 -1
-1.916904 5.897384 -1
-1.916904 5.947741 -1
-1.916904 5.998099 -1
-1.916904 6.048457 -1
-1.916904 6.098814 -1
-1.916904 6.149172 -1
-1.916904 6.199530 -1
-1.916904 6.249887 -1
-1.916904 6.300245 -1
-1.916904 6.350602 -1
-1.866696 -1.354118 -1
-1.866696 -1.303761 -1
-1.866696 -1.253403 -1
-1.866696 -1.203046 -1
-1.866696 -1.152688 -1
-1.866696 -1.102330 -1
-1.866696 -1.051973 -1
-1.866696 -1.001615 -1
-1.866696 -0.951257 -1
-1.866696 -0.900900 -1
-1.866696 -0.850542 -1
-1.866696 -0.800184 -1
-1.866696 -0.749827 -1
-1.866696 -0.699469 -1
-1.866696 -0.649111 -1
-1.866696 -0.598754 -1
-1.866696 -0.548396 -1
-1.866696 -0.498038 -1
-1.866696 -0.447681 -1
-1.866696 -0.397323 -1
-1.866696 -0.346965 -1
-1.866696 -0.296608 -1
-1.866696 -0.246250 -1
-1.866696 -0.195892 -1
-1.866696 -0.145535 -1
-1.866696 -0.095177 -1
-1.866696 -0.044820 -1
-1.866696 0.005538 -1
-1.866696 0.055896 -1
-1.866696 0.106253 -1
-1.866696 0.156611 -1
-1.866696 0.206969 -1
-1.866696 0.257326 -1
-1.866696 0.307684 -1
-1.866696 0.358042 -1
-1.866696 0.408399 -1
-1.866696 0.458757 -1
-1.866696 0.509115 -1
-1.866696 0.559472 -1
-1.866696 0.609830 -1
-1.866696 0.660188 -1
-1.866696 0.710545 -1
-1.866696 0.760903 -1
-1.866696 0.811261 -1
-1.866696 0.861618 -1
-1.866696 0.911976 -1
-1.866696 0.962334 -1
-1.866696 1.012691 -1
-1.866696 1.063049 -1
-1.866696 1.113407 -1
-1.866696 1.163764 -1
-1.866696 1.214122 -1
-1.866696 1.264479 -1
-1.866696 1.314837 -1
-1.866696 1.365195 -1
-1.866696 1.415552 -1
-1.866696 1.465910 -1
-1.866696 1.516268 -1
-1.866696 1.566625 -1
-1.866696 1.616983 -1
-1.866696 1.667341 -1
-1.866696 1.717698 -1
-1.866696 1.768056 -1
-1.866696 1.818414 -1
-1.866696 1.868771 -1
-1.866696 1.919129 -1
-1.866696 1.969487 -1
-1.866696 2.019844 -1
-1.866696 2.070202 -1
-1.866696 2.120560 -1
-1.866696 2.170917 -1
-1.866696 2.221275 -1
-1.866696 2.271633 -1
-1.866696 2.321990 -1
-1.866696 2.372348 -1
-1.866696 2.422706 -1
-1.866696 2.473063 -1
-1.866696 2.523421 -1
-1.866696 2.573778 -1
-1.866696 2.624136 -1
-1.866696 2.674494 -1
-1.866696 2.724851 -1
-1.866696 2.775209 -1
-1.866696 2.825567 -1
-1.866696 2.875924 -1
-1.866696 2.926282 -1
-1.866696 2.976640 -1
-1.866696 3.026997 -1
-1.866696 3.077355 -1
-1.866696 3.127713 -1
-1.866696 3.178070 -1
-1.866696 3.228428 -1
-1.866696 3.278786 -1
-1.866696 3.329143 -1
-1.866696 3.379501 -1
-1.866696 3.429859 -1
-1.866696 3.480216 -1
-1.866696 3.530574 -1
-1.866696 3.580932 -1
-1.866696 3.631289 -1
-1.866696 3.681647 -1
-1.866696 3.732005 -1
-1.866696 3.782362 -1
-1.866696 3.832720 -1
-1.866696 3.883077 -1
-1.866696 3.933435 -1
-1.866696 3.983793 -1
-1.866696 4.034150 -1
-1.866696 4.084508 -1
-1.866696 4.134866 -1
-1.866696 4.185223 -1
-1.866696 4.235581 -1
-1.866696 4.285939 -1
-1.866696 4.336296 -1
-1.866696 4.386654 -1
-1.866696 4.437012 -1
-1.866696 4.487369 -1
-1.866696 4.537727 -1
-1.866696 4.588085 -1
-1.866696 4.638442 -1
-1.866696 4.688800 -1
-1.866696 4.739158 -1
-1.866696 4.789515 -1
-1.866696 4.839873 -1
-1.866696 4.890231 -1
-1.866696 4.940588 -1
-1.866696 4.990946 -1
-1.866696 5.041303 -1
-1.866696 5.091661 -1
-1.866696 5.142019 -1
-1.866696 5.192376 -1
-1.866696 5.242734 -1
-1.866696 5.293092 -1
-1.866696 5.343449 -1
-1.866696 5.393807 -1
-1.866696 5.444165 -1
-1.866696 5.494522 -1
-1.866696 5.544880 -1
-1.866696 5.595238 -1
-1.866696 5.645595 -1
-1.866696 5.695953 -1
-1.866696 5.746311 -1
-1.866696 5.796668 -1
-1.866696 5.847026 -1
-1.866696 5.897384 -1
-1.866696 5.947741 -1
-1.866696 5.998099 -1
-1.866696 6.048457 -1
-1.866696 6.098814 -1
-1.866696 6.149172 -1
-1.866696 6.199530 -1
-1.866696 6.249887 -1
-1.866696 6.300245 -1
-1.866696 6.350602 -1
-1.816488 -1.354118 -1
-1.816488 -1.303761 -1
-1.816488 -1.253403 -1
-1.816488 -1.203046 -1
-1.816488 -1.152688 -1
-1.816488 -1.102330 -1
-1.816488 -1.051973 -1
-1.816488 -1.001615 -1
-1.816488 -0.951257 -1
-1.816488 -0.900900 -1
-1.816488 -0.850542 -1
-1.816488 -0.800184 -1
-1.816488 -0.749827 -1
-1.816488 -0.699469 -1
-1.816488 -0.649111 -1
-1.816488 -0.598754 -1
-1.816488 -0.548396 -1
-1.816488 -0.498038 -1
-1.816488 -0.447681 -1
-1.816488 -0.397323 -1
-1.816488 -0.346965 -1
-1.816488 -0.296608 -1
-1.816488 -0.246250 -1
-1.816488 -0.195892 -1
-1.816488 -0.145535 -1
-1.816488 -0.095177 -1
-1.816488 -0.044820 -1
-1.816488 0.005538 -1
-1.816488 0.055896 -1
-1.816488 0.106253 -1
-1.816488 0.156611 -1
-1.816488 0.206969 -1
-1.816488 0.257326 -1
-1.816488 0.307684 -1
-1.816488 0.358042 -1
-1.816488 0.408399 -1
-1.816488 0.458757 -1
-1.816488 0.509115 -1
-1.816488 0.559472 -1
-1.816488 0.609830 -1
-1.816488 0.660188 -1
-1.816488 0.710545 -1
-1.816488 0.760903 -1
-1.816488 0.811261 -1
-1.816488 0.861618 -1
-1.816488 0.911976 -1
-1.816488 0.962334 -1
-1.816488 1.012691 -1
-1.816488 1.063049 -1
-1.816488 1.113407 -1
-1.816488 1.163764 -1
-1.816488 1.214122 -1
-1.816488 1.264479 -1
-1.816488 1.314837 -1
-1.816488 1.365195 -1
-1.816488 1.415552 -1
-1.816488 1.465910 -1
-1.816488 1.516268 -1
-1.816488 1.566625 -1
-1.816488 1.616983 -1
-1.816488 1.667341 -1
-1.816488 1.717698 -1
-1.816488 1.768056 -1
-1.816488 1.818414 -1
-1.816488 1.868771 -1
-1.816488 1.919129 -1
-1.816488 1.969487 -1
-1.816488 2.019844 -1
-1.816488 2.070202 -1
-1.816488 2.120560 -1
-1.816488 2.170917 -1
-1.816488 2.221275 -1
-1.816488 2.271633 -1
-1.816488 2.321990 -1
-1.816488 2.372348 -1
-1.816488 2.422706 -1
-1.816488 2.473063 -1
-1.816488 2.523421 -1
-1.816488 2.573778 -1
-1.816488 2.624136 -1
-1.816488 2.674494 -1
-1.816488 2.724851 -1
-1.816488 2.775209 -1
-1.816488 2.825567 -1
-1.816488 2.875924 -1
-1.816488 2.926282 -1
-1.816488 2.976640 -1
-1.816488 3.026997 -1
-1.816488 3.077355 -1
-1.816488 3.127713 -1
-1.816488 3.178070 -1
-1.816488 3.228428 -1
-1.816488 3.278786 -1
-1.816488 3.329143 -1
-1.816488 3.379501 -1
-1.816488 3.429859 -1
-1.816488 3.480216 -1
-1.816488 3.530574 -1
-1.816488 3.580932 -1
-1.816488 3.631289 -1
-1.816488 3.681647 -1
-1.816488 3.732005 -1
-1.816488 3.782362 -1
-1.816488 3.832720 -1
-1.816488 3.883077 -1
-1.816488 3.933435 -1
-1.816488 3.983793 -1
-1.816488 4.034150 -1
-1.816488 4.084508 -1
-1.816488 4.134866 -1
-1.816488 4.185223 -1
-1.816488 4.235581 -1
-1.816488 4.285939 -1
-1.816488 4.336296 -1
-1.816488 4.386654 -1
-1.816488 4.437012 -1
-1.816488 4.487369 -1
-1.816488 4.537727 -1
-1.816488 4.588085 -1
-1.816488 4.638442 -1
-1.816488 4.688800 -1
-1.816488 4.739158 -1
-1.816488 4.789515 -1
-1.816488 4.839873 -1
-1.816488 4.890231 -1
-1.816488 4.940588 -1
-1.816488 4.990946 -1
-1.816488 5.041303 -1
-1.816488 5.091661 -1
-1.816488 5.142019 -1
-1.816488 5.192376 -1
-1.816488 5.242734 -1
-1.816488 5.293092 -1
-1.816488 5.343449 -1
-1.816488 5.393807 -1
-1.816488 5.444165 -1
-1.816488 5.494522 -1
-1.816488 5.544880 -1
-1.816488 5.595238 -1
-1.816488 5.645595 -1
-1.816488 5.695953 -1
-1.816488 5.746311 -1
-1.816488 5.796668 -1
-1.816488 5.847026 -1
-1.816488 5.897384 -1
-1.816488 5.947741 -1
-1.816488 5.998099 -1
-1.816488 6.048457 -1
-1.816488 6.098814 -1
-1.816488 6.149172 -1
-1.816488 6.199530 -1
-1.816488 6.249887 -1
-1.816488 6.300245 -1
-1.816488 6.350602 -1
-1.766281 -1.354118 -1
-1.766281 -1.303761 -1
-1.766281 -1.253403 -1
-1.766281 -1.203046 -1
-1.766281 -1.152688 -1
-1.766281 -1.102330 -1
-1.766281 -1.051973 -1
-1.766281 -1.001615 -1
-1.766281 -0.951257 -1
-1.766281 -0.900900 -1
-1.766281 -0.850542 -1
-1.766281 -0.800184 -1
-1.766281 -0.749827 -1
-1.766281 -0.699469 -1
-1.766281 -0.649111 -1
-1.766281 -0.598754 -1
-1.766281 -0.548396 -1
-1.766281 -0.498038 -1
-1.766281 -0.447681 -1
-1.766281 -0.397323 -1
-1.766281 -0.346965 -1
-1.766281 -0.296608 -1
-1.766281 -0.246250 -1
-1.766281 -0.195892 -1
-1.766281 -0.145535 -1
-1.766281 -0.095177 -1
-1.766281 -0.044820 -1
-1.766281 0.005538 -1
-1.766281 0.055896 -1
-1.766281 0.106253 -1
-1.766281 0.156611 -1
-1.766281 0.206969 -1
-1.766281 0.257326 -1
-1.766281 0.307684 -1
-1.766281 0.358042 -1
-1.766281 0.408399 -1
-1.766281 0.458757 -1
-1.766281 0.509115 -1
-1.766281 0.559472 -1
-1.766281 0.609830 -1
-1.766281 0.660188 -1
-1.766281 0.710545 -1
-1.766281 0.760903 -1
-1.766281 0.811261 -1
-1.766281 0.861618 -1
-1.766281 0.911976 -1
-1.766281 0.962334 -1
-1.766281 1.012691 -1
-1.766281 1.063049 -1
-1.766281 1.113407 -1
-1.766281 1.163764 -1
-1.766281 1.214122 -1
-1.766281 1.264479 -1
-1.766281 1.314837 -1
-1.766281 1.365195 -1
-1.766281 1.415552 -1
-1.766281 1.465910 -1
-1.766281 1.516268 -1
-1.766281 1.566625 -1
-1.766281 1.616983 -1
-1.766281 1.667341 -1
-1.766281 1.717698 -1
-1.766281 1.768056 -1
-1.766281 1.818414 -1
-1.766281 1.868771 -1
-1.766281 1.919129 -1
-1.766281 1.969487 -1
-1.766281 2.019844 -1
-1.766281 2.070202 -1
-1.766281 2.120560 -1
-1.766281 2.170917 -1
-1.766281 2.221275 -1
-1.766281 2.271633 -1
-1.766281 2.321990 -1
-1.766281 2.372348 -1
-1.766281 2.422706 -1
-1.766281 2.473063 -1
-1.766281 2.523421 -1
-1.766281 2.573778 -1
-1.766281 2.624136 -1
-1.766281 2.674494 -1
-1.766281 2.724851 -1
-1.766281 2.775209 -1
-1.766281 2.825567 -1
-1.766281 2.875924 -1
-1.766281 2.926282 -1
-1.766281 2.976640 -1
-1.766281 3.026997 -1
-1.766281 3.077355 -1
-1.766281 3.127713 -1
-1.766281 3.178070 -1
-1.766281 3.228428 -1
-1.766281 3.278786 -1
-1.766281 3.329143 -1
-1.766281 3.379501 -1
-1.766281 3.429859 -1
-1.766281 3.480216 -1
-1.766281 3.530574 -1
-1.766281 3.580932 -1
-1.766281 3.631289 -1
-1.766281 3.681647 -1
-1.766281 3.732005 -1
-1.766281 3.782362 -1
-1.766281 3.832720 -1
-1.766281 3.883077 -1
-1.766281 3.933435 -1
-1.766281 3.983793 -1
-1.766281 4.034150 -1
-1.766281 4.084508 -1
-1.766281 4.134866 -1
-1.766281 4.185223 -1
-1.766281 4.235581 -1
-1.766281 4.285939 -1
-1.766281 4.336296 -1
-1.766281 4.386654 -1
-1.766281 4.437012 -1
-1.766281 4.487369 -1
-1.766281 4.537727 -1
-1.766281 4.588085 -1
-1.766281 4.638442 -1
-1.766281 4.688800 -1
-1.766281 4.739158 -1
-1.766281 4.789515 -1
-1.766281 4.839873 -1
-1.766281 4.890231 -1
-1.766281 4.940588 -1
-1.766281 4.990946 -1
-1.766281 5.041303 -1
-1.766281 5.091661 -1
-1.766281 5.142019 -1
-1.766281 5.192376 -1
-1.766281 5.242734 -1
-1.766281 5.293092 -1
-1.766281 5.343449 -1
-1.766281 5.393807 -1
-1.766281 5.444165 -1
-1.766281 5.494522 -1
-1.766281 5.544880 -1
-1.766281 5.595238 -1
-1.766281 5.645595 -1
-1.766281 5.695953 -1
-1.766281 5.746311 -1
-1.766281 5.796668 -1
-1.766281 5.847026 -1
-1.766281 5.897384 -1
-1.766281 5.947741 -1
-1.766281 5.998099 -1
-1.766281 6.048457 -1
-1.766281 6.098814 -1
-1.766281 6.149172 -1
-1.766281 6.199530 -1
-1.766281 6.249887 -1
-1.766281 6.300245 -1
-1.766281 6.350602 -1
-1.716073 -1.354118 -1
-1.716073 -1.303761 -1
-1.716073 -1.253403 -1
-1.716073 -1.203046 -1
-1.716073 -1.152688 -1
-1.716073 -1.102330 -1
-1.716073 -1.051973 -1
-1.716073 -1.001615 -1
-1.716073 -0.951257 -1
-1.716073 -0.900900 -1
-1.716073 -0.850542 -1
-1.716073 -0.800184 -1
-1.716073 -0.749827 -1
-1.716073 -0.699469 -1
-1.716073 -0.649111 -1
-1.716073 -0.598754 -1
-1.716073 -0.548396 -1
-1.716073 -0.498038 -1
-1.716073 -0.447681 -1
-1.716073 -0.397323 -1
-1.716073 -0.346965 -1
-1.716073 -0.296608 -1
-1.716073 -0.246250 -1
-1.716073 -0.195892 -1
-1.716073 -0.145535 -1
-1.716073 -0.095177 -1
-1.716073 -0.044820 -1
-1.716073 0.005538 -1
-1.716073 0.055896 -1
-1.716073 0.106253 -1
-1.716073 0.156611 -1
-1.716073 0.206969 -1
-1.716073 0.257326 -1
-1.716073 0.307684 -1
-1.716073 0.358042 -1
-1.716073 0.408399 -1
-1.716073 0.458757 -1
-1.716073 0.509115 -1
-1.716073 0.559472 -1
-1.716073 0.609830 -1
-1.716073 0.660188 -1
-1.716073 0.710545 -1
-1.716073 0.760903 -1
-1.716073 0.811261 -1
-1.716073 0.861618 -1
-1.716073 0.911976 -1
-1.716073 0.962334 -1
-1.716073 1.012691 -1
-1.716073 1.063049 -1
-1.716073 1.113407 -1
-1.716073 1.163764 -1
-1.716073 1.214122 -1
-1.716073 1.264479 -1
-1.716073 1.314837 -1
-1.716073 1.365195 -1
-1.716073 1.415552 -1
-1.716073 1.465910 -1
-1.716073 1.516268 -1
-1.716073 1.566625 -1
-1.716073 1.616983 -1
-1.716073 1.667341 -1
-1.716073 1.717698 -1
-1.716073 1.768056 -1
-1.716073 1.818414 -1
-1.716073 1.868771 -1
-1.716073 1.919129 -1
-1.716073 1.969487 -1
-1.716073 2.019844 -1
-1.716073 2.070202 -1
-1.716073 2.120560 -1
-1.716073 2.170917 -1
-1.716073 2.221275 -1
-1.716073 2.271633 -1
-1.716073 2.321990 -1
-1.716073 2.372348 -1
-1.716073 2.422706 -1
-1.716073 2.473063 -1
-1.716073 2.523421 -1
-1.716073 2.573778 -1
-1.716073 2.624136 -1
-1.716073 2.674494 -1
-1.716073 2.724851 -1
-1.716073 2.775209 -1
-1.716073 2.825567 -1
-1.716073 2.875924 -1
-1.716073 2.926282 -1
-1.716073 2.976640 -1
-1.716073 3.026997 -1
-1.716073 3.077355 -1
-1.716073 3.127713 -1
-1.716073 3.178070 -1
-1.716073 3.228428 -1
-1.716073 3.278786 -1
-1.716073 3.329143 -1
-1.716073 3.379501 -1
-1.716073 3.429859 -1
-1.716073 3.480216 -1
-1.716073 3.530574 -1
-1.716073 3.580932 -1
-1.716073 3.631289 -1
-1.716073 3.681647 -1
-1.716073 3.732005 -1
-1.716073 3.782362 -1
-1.716073 3.832720 -1
-1.716073 3.883077 -1
-1.716073 3.933435 -1
-1.716073 3.983793 -1
-1.716073 4.034150 -1
-1.716073 4.084508 -1
-1.716073 4.134866 -1
-1.716073 4.185223 -1
-1.716073 4.235581 -1
-1.716073 4.285939 -1
-1.716073 4.336296 -1
-1.716073 4.386654 -1
-1.716073 4.437012 -1
-1.716073 4.487369 -1
-1.716073 4.537727 -1
-1.716073 4.588085 -1
-1.716073 4.638442 -1
-1.716073 4.688800 -1
-1.716073 4.739158 -1
-1.716073 4.789515 -1
-1.716073 4.839873 -1
-1.716073 4.890231 -1
-1.716073 4.940588 -1
-1.716073 4.990946 -1
-1.716073 5.041303 -1
-1.716073 5.091661 -1
-1.716073 5.142019 -1
-1.716073 5.192376 -1
-1.716073 5.242734 -1
-1.716073 5.293092 -1
-1.716073 5.343449 -1
-1.716073 5.393807 -1
-1.716073 5.444165 -1
-1.716073 5.494522 -1
-1.716073 5.544880 -1
-1.716073 5.595238 -1
-1.716073 5.645595 -1
-1.716073 5.695953 -1
-1.716073 5.746311 -1
-1.716073 5.796668 -1
-1.716073 5.847026 -1
-1.716073 5.897384 -1
-1.716073 5.947741 -1
-1.716073 5.998099 -1
-1.716073 6.048457 -1
-1.716073 6.098814 -1
-1.716073 6.149172 -1
-1.716073 6.199530 -1
-1.716073 6.249887 -1
-1.716073 6.300245 -1
-1.716073 6.350602 -1
-1.665865 -1.354118 -1
-1.665865 -1.303761 -1
-1.665865 -1.253403 -1
-1.665865 -1.203046 -1
-1.665865 -1.152688 -1
-1.665865 -1.102330 -1
-1.665865 -1.051973 -1
-1.665865 -1.001615 -1
-1.665865 -0.951257 -1
-1.665865 -0.900900 -1
-1.665865 -0.850542 -1
-1.665865 -0.800184 -1
-1.665865 -0.749827 -1
-1.665865 -0.699469 -1
-1.665865 -0.649111 -1
-1.665865 -0.598754 -1
-1.665865 -0.548396 -1
-1.665865 -0.498038 -1
-1.665865 -0.447681 -1
-1.665865 -0.397323 -1
-1.665865 -0.346965 -1
-1.665865 -0.296608 -1
-1.665865 -0.246250 -1
-1.665865 -0.195892 -1
-1.665865 -0.145535 -1
-1.665865 -0.095177 -1
-1.665865 -0.044820 -1
-1.665865 0.005538 -1
-1.665865 0.055896 -1
-1.665865 0.106253 -1
-1.665865 0.156611 -1
-1.665865 0.206969 -1
-1.665865 0.257326 -1
-1.665865 0.307684 -1
-1.665865 0.358042 -1
-1.665865 0.408399 -1
-1.665865 0.458757 -1
-1.665865 0.509115 -1
-1.665865 0.559472 -1
-1.665865 0.609830 -1
-1.665865 0.660188 -1
-1.665865 0.710545 -1
-1.665865 0.760903 -1
-1.665865 0.811261 -1
-1.665865 0.861618 -1
-1.665865 0.911976 -1
-1.665865 0.962334 -1
-1.665865 1.012691 -1
-1.665865 1.063049 -1
-1.665865 1.113407 -1
-1.665865 1.163764 -1
-1.665865 1.214122 -1
-1.665865 1.264479 -1
-1.665865 1.314837 -1
-1.665865 1.365195 -1
-1.665865 1.415552 -1
-1.665865 1.465910 -1
-1.665865 1.516268 -1
-1.665865 1.566625 -1
-1.665865 1.616983 -1
-1.665865 1.667341 -1
-1.665865 1.717698 -1
-1.665865 1.768056 -1
-1.665865 1.818414 -1
-1.665865 1.868771 -1
-1.665865 1.919129 -1
-1.665865 1.969487 -1
-1.665865 2.019844 -1
-1.665865 2.070202 -1
-1.665865 2.120560 -1
-1.665865 2.170917 -1
-1.665865 2.221275 -1
-1.665865 2.271633 -1
-1.665865 2.321990 -1
-1.665865 2.372348 -1
-1.665865 2.422706 -1
-1.665865 2.473063 -1
-1.665865 2.523421 -1
-1.665865 2.573778 -1
-1.665865 2.624136 -1
-1.665865 2.674494 -1
-1.665865 2.724851 -1
-1.665865 2.775209 -1
-1.665865 2.825567 -1
-1.665865 2.875924 -1
-1.665865 2.926282 -1
-1.665865 2.976640 -1
-1.665865 3.026997 -1
-1.665865 3.077355 -1
-1.665865 3.127713 -1
-1.665865 3.178070 -1
-1.665865 3.228428 -1
-1.665865 3.278786 -1
-1.665865 3.329143 -1
-1.665865 3.379501 -1
-1.665865 3.429859 -1
-1.665865 3.480216 -1
-1.665865 3.530574 -1
-1.665865 3.580932 -1
-1.665865 3.631289 -1
-1.665865 3.681647 -1
-1.665865 3.732005 -1
-1.665865 3.782362 -1
-1.665865 3.832720 -1
-1.665865 3.883077 -1
-1.665865 3.933435 -1
-1.665865 3.983793 -1
-1.665865 4.034150 -1
-1.665865 4.084508 -1
-1.665865 4.134866 -1
-1.665865 4.185223 -1
-1.665865 4.235581 -1
-1.665865 4.285939 -1
-1.665865 4.336296 -1
-1.665865 4.386654 -1
-1.665865 4.437012 -1
-1.665865 4.487369 -1
-1.665865 4.537727 -1
-1.665865 4.588085 -1
-1.665865 4.638442 -1
-1.665865 4.688800 -1
-1.665865 4.739158 -1
-1.665865 4.789515 -1
-1.665865 4.839873 -1
-1.665865 4.890231 -1
-1.665865 4.940588 -1
-1.665865 4.990946 -1
-1.665865 5.041303 -1
-1.665865 5.091661 -1
-1.665865 5.142019 -1
-1.665865 5.192376 -1
-1.665865 5.242734 -1
-1.665865 5.293092 -1
-1.665865 5.343449 -1
-1.665865 5.393807 -1
-1.665865 5.444165 -1
-1.665865 5.494522 -1
-1.665865 5.544880 -1
-1.665865 5.595238 -1
-1.665865 5.645595 -1
-1.665865 5.695953 -1
-1.665865 5.746311 -1
-1.665865 5.796668 -1
-1.665865 5.847026 -1
-1.665865 5.897384 -1
-1.665865 5.947741 -1
-1.665865 5.998099 -1
-1.665865 6.048457 -1
-1.665865 6.098814 -1
-1.665865 6.149172 -1
-1.665865 6.199530 -1
-1.665865 6.249887 -1
-1.665865 6.300245 -1
-1.665865 6.350602 -1
-1.615657 -1.354118 -1
-1.615657 -1.303761 -1
-1.615657 -1.253403 -1
-1.615657 -1.203046 -1
-1.615657 -1.152688 -1
-1.615657 -1.102330 -1
-1.615657 -1.051973 -1
-1.615657 -1.001615 -1
-1.615657 -0.951257 -1
-1.615657 -0.900900 -1
-1.615657 -0.850542 -1
-1.615657 -0.800184 -1
-1.615657 -0.749827 -1
-1.615657 -0.699469 -1
-1.615657 -0.649111 -1
-1.615657 -0.598754 -1
-1.615657 -0.548396 -1
-1.615657 -0.498038 -1
-1.615657 -0.447681 -1
-1.615657 -0.397323 -1
-1.615657 -0.346965 -1
-1.615657 -0.296608 -1
-1.615657 -0.246250 -1
-1.615657 -0.195892 -1
-1.615657 -0.145535 -1
-1.615657 -0.095177 -1
-1.615657 -0.044820 -1
-1.615657 0.005538 -1
-1.615657 0.055896 -1
-1.615657 0.106253 -1
-1.615657 0.156611 -1
-1.615657 0.206969 -1
-1.615657 0.257326 -1
-1.615657 0.307684 -1
-1.615657 0.358042 -1
-1.615657 0.408399 -1
-1.615657 0.458757 -1
-1.615657 0.509115 -1
-1.615657 0.559472 -1
-1.615657 0.609830 -1
-1.615657 0.660188 -1
-1.615657 0.710545 -1
-1.615657 0.760903 -1
-1.615657 0.811261 -1
-1.615657 0.861618 -1
-1.615657 0.911976 -1
-1.615657 0.962334 -1
-1.615657 1.012691 -1
-1.615657 1.063049 -1
-1.615657 1.113407 -1
-1.615657 1.163764 -1
-1.615657 1.214122 -1
-1.615657 1.264479 -1
-1.615657 1.314837 -1
-1.615657 1.365195 -1
-1.615657 1.415552 -1
-1.615657 1.465910 -1
-1.615657 1.516268 -1
-1.615657 1.566625 -1
-1.615657 1.616983 -1
-1.615657 1.667341 -1
-1.615657 1.717698 -1
-1.615657 1.768056 -1
-1.615657 1.818414 -1
-1.615657 1.868771 -1
-1.615657 1.919129 -1
-1.615657 1.969487 -1
-1.615657 2.019844 -1
-1.615657 2.070202 -1
-1.615657 2.120560 -1
-1.615657 2.170917 -1
-1.615657 2.221275 -1
-1.615657 2.271633 -1
-1.615657 2.321990 -1
-1.615657 2.372348 -1
-1.615657 2.422706 -1
-1.615657 2.473063 -1
-1.615657 2.523421 -1
-1.615657 2.573778 -1
-1.615657 2.624136 -1
-1.615657 2.674494 -1
-1.615657 2.724851 -1
-1.615657 2.775209 -1
-1.615657 2.825567 -1
-1.615657 2.875924 -1
-1.615657 2.926282 -1
-1.615657 2.976640 -1
-1.615657 3.026997 -1
-1.615657 3.077355 -1
-1.615657 3.127713 -1
-1.615657 3.178070 -1
-1.615657 3.228428 -1
-1.615657 3.278786 -1
-1.615657 3.329143 -1
-1.615657 3.379501 -1
-1.615657 3.429859 -1
-1.615657 3.480216 -1
-1.615657 3.530574 -1
-1.615657 3.580932 -1
-1.615657 3.631289 -1
-1.615657 3.681647 -1
-1.615657 3.732005 -1
-1.615657 3.782362 -1
-1.615657 3.832720 -1
-1.615657 3.883077 -1
-1.615657 3.933435 -1
-1.615657 3.983793 -1
-1.615657 4.034150 -1
-1.615657 4.084508 -1
-1.615657 4.134866 -1
-1.615657 4.185223 -1
-1.615657 4.235581 -1
-1.615657 4.285939 -1
-1.615657 4.336296 -1
-1.615657 4.386654 -1
-1.615657 4.437012 -1
-1.615657 4.487369 -1
-1.615657 4.537727 -1
-1.615657 4.588085 -1
-1.615657 4.638442 -1
-1.615657 4.688800 -1
-1.615657 4.739158 -1
-1.615657 4.789515 -1
-1.615657 4.839873 -1
-1.615657 4.890231 -1
-1.615657 4.940588 -1
-1.615657 4.990946 -1
-1.615657 5.041303 -1
-1.615657 5.091661 -1
-1.615657 5.142019 -1
-1.615657 5.192376 -1
-1.615657 5.242734 -1
-1.615657 5.293092 -1
-1.615657 5.343449 -1
-1.615657 5.393807 -1
-1.615657 5.444165 -1
-1.615657 5.494522 -1
-1.615657 5.544880 -1
-1.615657 5.595238 -1
-1.615657 5.645595 -1
-1.615657 5.695953 -1
-1.615657 5.746311 -1
-1.615657 5.796668 -1
-1.615657 5.847026 -1
-1.615657 5.897384 -1
-1.615657 5.947741 -1
-1.615657 5.998099 -1
-1.615657 6.048457 -1
-1.615657 6.098814 -1
-1.615657 6.149172 -1
-1.615657 6.199530 -1
-1.615657 6.249887 -1
-1.615657 6.300245 -1
-1.615657 6.350602 -1
-1.565449 -1.354118 -1
-1.565449 -1.303761 -1
-1.565449 -1.253403 -1
-1.565449 -1.203046 -1
-1.565449 -1.152688 -1
-1.565449 -1.102330 -1
-1.565449 -1.051973 -1
-1.565449 -1.001615 -1
-1.565449 -0.951257 -1
-1.565449 -0.900900 -1
-1.565449 -0.850542 -1
-1.565449 -0.800184 -1
-1.565449 -0.749827 -1
-1.565449 -0.699469 -1
-1.565449 -0.649111 -1
-1.565449 -0.598754 -1
-1.565449 -0.548396 -1
-1.565449 -0.498038 -1
-1.565449 -0.447681 -1
-1.565449 -0.397323 -1
-1.565449 -0.346965 -1
-1.565449 -0.296608 -1
-1.565449 -0.246250 -1
-1.565449 -0.195892 -1
-1.565449 -0.145535 -1
-1.565449 -0.095177 -1
-1.565449 -0.044820 -1
-1.565449 0.005538 -1
-1.565449 0.055896 -1
-1.565449 0.106253 -1
-1.565449 0.156611 -1
-1.565449 0.206969 -1
-1.565449 0.257326 -1
-1.565449 0.307684 -1
-1.565449 0.358042 -1
-1.565449 0.408399 -1
-1.565449 0.458757 -1
-1.565449 0.509115 -1
-1.565449 0.559472 -1
-1.565449 0.609830 -1
-1.565449 0.660188 -1
-1.565449 0.710545 -1
-1.565449 0.760903 -1
-1.565449 0.811261 -1
-1.565449 0.861618 -1
-1.565449 0.911976 -1
-1.565449 0.962334 -1
-1.565449 1.012691 -1
-1.565449 1.063049 -1
-1.565449 1.113407 -1
-1.565449 1.163764 -1
-1.565449 1.214122 -1
-1.565449 1.264479 -1
-1.565449 1.314837 -1
-1.565449 1.365195 -1
-1.565449 1.415552 -1
-1.565449 1.465910 -1
-1.565449 1.516268 -1
-1.565449 1.566625 -1
-1.565449 1.616983 -1
-1.565449 1.667341 -1
-1.565449 1.717698 -1
-1.565449 1.768056 -1
-1.565449 1.818414 -1
-1.565449 1.868771 -1
-1.565449 1.919129 -1
-1.565449 1.969487 -1
-1.565449 2.019844 -1
-1.565449 2.070202 -1
-1.565449 2.120560 -1
-1.565449 2.170917 -1
-1.565449 2.221275 -1
-1.565449 2.271633 -1
-1.565449 2.321990 -1
-1.565449 2.372348 -1
-1.565449 2.422706 -1
-1.565449 2.473063 -1
-1.565449 2.523421 -1
-1.565449 2.573778 -1
-1.565449 2.624136 -1
-1.565449 2.674494 -1
-1.565449 2.724851 -1
-1.565449 2.775209 -1
-1.565449 2.825567 -1
-1.565449 2.875924 -1
-1.565449 2.926282 -1
-1.565449 2.976640 -1
-1.565449 3.026997 -1
-1.565449 3.077355 -1
-1.565449 3.127713 -1
-1.565449 3.178070 -1
-1.565449 3.228428 -1
-1.565449 3.278786 -1
-1.565449 3.329143 -1
-1.565449 3.379501 -1
-1.565449 3.429859 -1
-1.565449 3.480216 -1
-1.565449 3.530574 -1
-1.565449 3.580932 -1
-1.565449 3.631289 -1
-1.565449 3.681647 -1
-1.565449 3.732005 -1
-1.565449 3.782362 -1
-1.565449 3.832720 -1
-1.565449 3.883077 -1
-1.565449 3.933435 -1
-1.565449 3.983793 -1
-1.565449 4.034150 -1
-1.565449 4.084508 -1
-1.565449 4.134866 -1
-1.565449 4.185223 -1
-1.565449 4.235581 -1
-1.565449 4.285939 -1
-1.565449 4.336296 -1
-1.565449 4.386654 -1
-1.565449 4.437012 -1
-1.565449 4.487369 -1
-1.565449 4.537727 -1
-1.565449 4.588085 -1
-1.565449 4.638442 -1
-1.565449 4.688800 -1
-1.565449 4.739158 -1
-1.565449 4.789515 -1
-1.565449 4.839873 -1
-1.565449 4.890231 -1
-1.565449 4.940588 -1
-1.565449 4.990946 -1
-1.565449 5.041303 -1
-1.565449 5.091661 -1
-1.565449 5.142019 -1
-1.565449 5.192376 -1
-1.565449 5.242734 -1
-1.565449 5.293092 -1
-1.565449 5.343449 -1
-1.565449 5.393807 -1
-1.565449 5.444165 -1
-1.565449 5.494522 -1
-1.565449 5.544880 -1
-1.565449 5.595238 -1
-1.565449 5.645595 -1
-1.565449 5.695953 -1
-1.565449 5.746311 -1
-1.565449 5.796668 -1
-1.565449 5.847026 -1
-1.565449 5.897384 -1
-1.565449 5.947741 -1
-1.565449 5.998099 -1
-1.565449 6.048457 -1
-1.565449 6.098814 -1
-1.565449 6.149172 -1
-1.565449 6.199530 -1
-1.565449 6.249887 -1
-1.565449 6.300245 -1
-1.565449 6.350602 -1
-1.515241 -1.354118 -1
-1.515241 -1.303761 -1
-1.515241 -1.253403 -1
-1.515241 -1.203046 -1
-1.515241 -1.152688 -1
-1.515241 -1.102330 -1
-1.515241 -1.051973 -1
-1.515241 -1.001615 -1
-1.515241 -0.951257 -1
-1.515241 -0.900900 -1
-1.515241 -0.850542 -1
-1.515241 -0.800184 -1
-1.515241 -0.749827 -1
-1.515241 -0.699469 -1
-1.515241 -0.649111 -1
-1.515241 -0.598754 -1
-1.515241 -0.548396 -1
-1.515241 -0.498038 -1
-1.515241 -0.447681 -1
-1.515241 -0.397323 -1
-1.515241 -0.346965 -1
-1.515241 -0.296608 -1
-1.515241 -0.246250 -1
-1.515241 -0.195892 -1
-1.515241 -0.145535 -1
-1.515241 -0.095177 -1
-1.515241 -0.044820 -1
-1.515241 0.005538 -1
-1.515241 0.055896 -1
-1.515241 0.106253 -1
-1.515241 0.156611 -1
-1.515241 0.206969 -1
-1.515241 0.257326 -1
-1.515241 0.307684 -1
-1.515241 0.358042 -1
-1.515241 0.408399 -1
-1.515241 0.458757 -1
-1.515241 0.509115 -1
-1.515241 0.559472 -1
-1.515241 0.609830 -1
-1.515241 0.660188 -1
-1.515241 0.710545 -1
-1.515241 0.760903 -1
-1.515241 0.811261 -1
-1.515241 0.861618 -1
-1.515241 0.911976 -1
-1.515241 0.962334 -1
-1.515241 1.012691 -1
-1.515241 1.063049 -1
-1.515241 1.113407 -1
-1.515241 1.163764 -1
-1.515241 1.214122 -1
-1.515241 1.264479 -1
-1.515241 1.314837 -1
-1.515241 1.365195 -1
-1.515241 1.415552 -1
-1.515241 1.465910 -1
-1.515241 1.516268 -1
-1.515241 1.566625 -1
-1.515241 1.616983 -1
-1.515241 1.667341 -1
-1.515241 1.717698 -1
-1.515241 1.768056 -1
-1.515241 1.818414 -1
-1.515241 1.868771 -1
-1.515241 1.919129 -1
-1.515241 1.969487 -1
-1.515241 2.019844 -1
-1.515241 2.070202 -1
-1.515241 2.120560 -1
-1.515241 2.170917 -1
-1.515241 2.221275 -1
-1.515241 2.271633 -1
-1.515241 2.321990 -1
-1.515241 2.372348 -1
-1.515241 2.422706 -1
-1.515241 2.473063 -1
-1.515241 2.523421 -1
-1.515241 2.573778 -1
-1.515241 2.624136 -1
-1.515241 2.674494 -1
-1.515241 2.724851 -1
-1.515241 2.775209 -1
-1.515241 2.825567 -1
-1.515241 2.875924 -1
-1.515241 2.926282 -1
-1.515241 2.976640 -1
-1.515241 3.026997 -1
-1.515241 3.077355 -1
-1.515241 3.127713 -1
-1.515241 3.178070 -1
-1.515241 3.228428 -1
-1.515241 3.278786 -1
-1.515241 3.329143 -1
-1.515241 3.379501 -1
-1.515241 3.429859 -1
-1.515241 3.480216 -1
-1.515241 3.530574 -1
-1.515241 3.580932 -1
-1.515241 3.631289 -1
-1.515241 3.681647 -1
-1.515241 3.732005 -1
-1.515241 3.782362 -1
-1.515241 3.832720 -1
-1.515241 3.883077 -1
-1.515241 3.933435 -1
-1.515241 3.983793 -1
-1.515241 4.034150 -1
-1.515241 4.084508 -1
-1.515241 4.134866 -1
-1.515241 4.185223 -1
-1.515241 4.235581 -1
-1.515241 4.285939 -1
-1.515241 4.336296 -1
-1.515241 4.386654 -1
-1.515241 4.437012 -1
-1.515241 4.487369 -1
-1.515241 4.537727 -1
-1.515241 4.588085 -1
-1.515241 4.638442 -1
-1.515241 4.688800 -1
-1.515241 4.739158 -1
-1.515241 4.789515 -1
-1.515241 4.839873 -1
-1.515241 4.890231 -1
-1.515241 4.940588 -1
-1.515241 4.990946 -1
-1.515241 5.041303 -1
-1.515241 5.091661 -1
-1.515241 5.142019 -1
-1.515241 5.192376 -1
-1.515241 5.242734 -1
-1.515241 5.293092 -1
-1.515241 5.343449 -1
-1.515241 5.393807 -1
-1.515241 5.444165 -1
-1.515241 5.494522 -1
-1.515241 5.544880 -1
-1.515241 5.595238 -1
-1.515241 5.645595 -1
-1.515241 5.695953 -1
-1.515241 5.746311 -1
-1.515241 5.796668 -1
-1.515241 5.847026 -1
-1.515241 5.897384 -1
-1.515241 5.947741 -1
-1.515241 5.998099 -1
-1.515241 6.048457 -1
-1.515241 6.098814 -1
-1.515241 6.149172 -1
-1.515241 6.199530 -1
-1.515241 6.249887 -1
-1.515241 6.300245 -1
-1.515241 6.350602 -1
-1.465033 -1.354118 -1
-1.465033 -1.303761 -1
-1.465033 -1.253403 -1
-1.465033 -1.203046 -1
-1.465033 -1.152688 -1
-1.465033 -1.102330 -1
-1.465033 -1.051973 -1
-1.465033 -1.001615 -1
-1.465033 -0.951257 -1
-1.465033 -0.900900 -1
-1.465033 -0.850542 -1
-1.465033 -0.800184 -1
-1.465033 -0.749827 -1
-1.465033 -0.699469 -1
-1.465033 -0.649111 -1
-1.465033 -0.598754 -1
-1.465033 -0.548396 -1
-1.465033 -0.498038 -1
-1.465033 -0.447681 -1
-1.465033 -0.397323 -1
-1.465033 -0.346965 -1
-1.465033 -0.296608 -1
-1.465033 -0.246250 -1
-1.465033 -0.195892 -1
-1.465033 -0.145535 -1
-1.465033 -0.095177 -1
-1.465033 -0.044820 -1
-1.465033 0.005538 -1
-1.465033 0.055896 -1
-1.465033 0.106253 -1
-1.465033 0.156611 -1
-1.465033 0.206969 -1
-1.465033 0.257326 -1
-1.465033 0.307684 -1
-1.465033 0.358042 -1
-1.465033 0.408399 -1
-1.465033 0.458757 -1
-1.465033 0.509115 -1
-1.465033 0.559472 -1
-1.465033 0.609830 -1
-1.465033 0.660188 -1
-1.465033 0.710545 -1
-1.465033 0.760903 -1
-1.465033 0.811261 -1
-1.465033 0.861618 -1
-1.465033 0.911976 -1
-1.465033 0.962334 -1
-1.465033 1.012691 -1
-1.465033 1.063049 -1
-1.465033 1.113407 -1
-1.465033 1.163764 -1
-1.465033 1.214122 -1
-1.465033 1.264479 -1
-1.465033 1.314837 -1
-1.465033 1.365195 -1
-1.465033 1.415552 -1
-1.465033 1.465910 -1
-1.465033 1.516268 -1
-1.465033 1.566625 -1
-1.465033 1.616983 -1
-1.465033 1.667341 -1
-1.465033 1.717698 -1
-1.465033 1.768056 -1
-1.465033 1.818414 -1
-1.465033 1.868771 -1
-1.465033 1.919129 -1
-1.465033 1.969487 -1
-1.465033 2.019844 -1
-1.465033 2.070202 -1
-1.465033 2.120560 -1
-1.465033 2.170917 -1
-1.465033 2.221275 -1
-1.465033 2.271633 -1
-1.465033 2.321990 -1
-1.465033 2.372348 -1
-1.465033 2.422706 -1
-1.465033 2.473063 -1
-1.465033 2.523421 -1
-1.465033 2.573778 -1
-1.465033 2.624136 -1
-1.465033 2.674494 -1
-1.465033 2.724851 -1
-1.465033 2.775209 -1
-1.465033 2.825567 -1
-1.465033 2.875924 -1
-1.465033 2.926282 -1
-1.465033 2.976640 -1
-1.465033 3.026997 -1
-1.465033 3.077355 -1
-1.465033 3.127713 -1
-1.465033 3.178070 -1
-1.465033 3.228428 -1
-1.465033 3.278786 -1
-1.465033 3.329143 -1
-1.465033 3.379501 -1
-1.465033 3.429859 -1
-1.465033 3.480216 -1
-1.465033 3.530574 -1
-1.465033 3.580932 -1
-1.465033 3.631289 -1
-1.465033 3.681647 -1
-1.465033 3.732005 -1
-1.465033 3.782362 -1
-1.465033 3.832720 -1
-1.465033 3.883077 -1
-1.465033 3.933435 -1
-1.465033 3.983793 -1
-1.465033 4.034150 -1
-1.465033 4.084508 -1
-1.465033 4.134866 -1
-1.465033 4.185223 -1
-1.465033 4.235581 -1
-1.465033 4.285939 -1
-1.465033 4.336296 -1
-1.465033 4.386654 -1
-1.465033 4.437012 -1
-1.465033 4.487369 -1
-1.465033 4.537727 -1
-1.465033 4.588085 -1
-1.465033 4.638442 -1
-1.465033 4.688800 -1
-1.465033 4.739158 -1
-1.465033 4.789515 -1
-1.465033 4.839873 -1
-1.465033 4.890231 -1
-1.465033 4.940588 -1
-1.465033 4.990946 -1
-1.465033 5.041303 -1
-1.465033 5.091661 -1
-1.465033 5.142019 -1
-1.465033 5.192376 -1
-1.465033 5.242734 -1
-1.465033 5.293092 -1
-1.465033 5.343449 -1
-1.465033 5.393807 -1
-1.465033 5.444165 -1
-1.465033 5.494522 -1
-1.465033 5.544880 -1
-1.465033 5.595238 -1
-1.465033 5.645595 -1
-1.465033 5.695953 -1
-1.465033 5.746311 -1
-1.465033 5.796668 -1
-1.465033 5.847026 -1
-1.465033 5.897384 -1
-1.465033 5.947741 -1
-1.465033 5.998099 -1
-1.465033 6.048457 -1
-1.465033 6.098814 -1
-1.465033 6.149172 -1
-1.465033 6.199530 -1
-1.465033 6.249887 -1
-1.465033 6.300245 -1
-1.465033 6.350602 -1
-1.414825 -1.354118 -1
-1.414825 -1.303761 -1
-1.414825 -1.253403 -1
-1.414825 -1.203046 -1
-1.414825 -1.152688 -1
-1.414825 -1.102330 -1
-1.414825 -1.051973 -1
-1.414825 -1.001615 -1
-1.414825 -0.951257 -1
-1.414825 -0.900900 -1
-1.414825 -0.850542 -1
-1.414825 -0.800184 -1
-1.414825 -0.749827 -1
-1.414825 -0.699469 -1
-1.414825 -0.649111 -1
-1.414825 -0.598754 -1
-1.414825 -0.548396 -1
-1.414825 -0.498038 -1
-1.414825 -0.447681 -1
-1.414825 -0.397323 -1
-1.414825 -0.346965 -1
-1.414825 -0.296608 -1
-1.414825 -0.246250 -1
-1.414825 -0.195892 -1
-1.414825 -0.145535 -1
-1.414825 -0.095177 -1
-1.414825 -0.044820 -1
-1.414825 0.005538 -1
-1.414825 0.055896 -1
-1.414825 0.106253 -1
-1.414825 0.156611 -1
-1.414825 0.206969 -1
-1.414825 0.257326 -1
-1.414825 0.307684 -1
-1.414825 0.358042 -1
-1.414825 0.408399 -1
-1.414825 0.458757 -1
-1.414825 0.509115 -1
-1.414825 0.559472 -1
-1.414825 0.609830 -1
-1.414825 0.660188 -1
-1.414825 0.710545 -1
-1.414825 0.760903 -1
-1.414825 0.811261 -1
-1.414825 0.861618 -1
-1.414825 0.911976 -1
-1.414825 0.962334 -1
-1.414825 1.012691 -1
-1.414825 1.063049 -1
-1.414825 1.113407 -1
-1.414825 1.163764 -1
-1.414825 1.214122 -1
-1.414825 1.264479 -1
-1.414825 1.314837 -1
-1.414825 1.365195 -1
-1.414825 1.415552 -1
-1.414825 1.465910 -1
-1.414825 1.516268 -1
-1.414825 1.566625 -1
-1.414825 1.616983 -1
-1.414825 1.667341 -1
-1.414825 1.717698 -1
-1.414825 1.768056 -1
-1.414825 1.818414 -1
-1.414825 1.868771 -1
-1.414825 1.919129 -1
-1.414825 1.969487 -1
-1.414825 2.019844 -1
-1.414825 2.070202 -1
-1.414825 2.120560 -1
-1.414825 2.170917 -1
-1.414825 2.221275 -1
-1.414825 2.271633 -1
-1.414825 2.321990 -1
-1.414825 2.372348 -1
-1.414825 2.422706 -1
-1.414825 2.473063 -1
-1.414825 2.523421 -1
-1.414825 2.573778 -1
-1.414825 2.624136 -1
-1.414825 2.674494 -1
-1.414825 2.724851 -1
-1.414825 2.775209 -1
-1.414825 2.825567 -1
-1.414825 2.875924 -1
-1.414825 2.926282 -1
-1.414825 2.976640 -1
-1.414825 3.026997 -1
-1.414825 3.077355 -1
-1.414825 3.127713 -1
-1.414825 3.178070 -1
-1.414825 3.228428 -1
-1.414825 3.278786 -1
-1.414825 3.329143 -1
-1.414825 3.379501 -1
-1.414825 3.429859 -1
-1.414825 3.480216 -1
-1.414825 3.530574 -1
-1.414825 3.580932 -1
-1.414825 3.631289 -1
-1.414825 3.681647 -1
-1.414825 3.732005 -1
-1.414825 3.782362 -1
-1.414825 3.832720 -1
-1.414825 3.883077 -1
-1.414825 3.933435 -1
-1.414825 3.983793 -1
-1.414825 4.034150 -1
-1.414825 4.084508 -1
-1.414825 4.134866 -1
-1.414825 4.185223 -1
-1.414825 4.235581 -1
-1.414825 4.285939 -1
-1.414825 4.336296 -1
-1.414825 4.386654 -1
-1.414825 4.437012 -1
-1.414825 4.487369 -1
-1.414825 4.537727 -1
-1.414825 4.588085 -1
-1.414825 4.638442 -1
-1.414825 4.688800 -1
-1.414825 4.739158 -1
-1.414825 4.789515 -1
-1.414825 4.839873 -1
-1.414825 4.890231 -1
-1.414825 4.940588 -1
-1.414825 4.990946 -1
-1.414825 5.041303 -1
-1.414825 5.091661 -1
-1.414825 5.142019 -1
-1.414825 5.192376 -1
-1.414825 5.242734 -1
-1.414825 5.293092 -1
-1.414825 5.343449 -1
-1.414825 5.393807 -1
-1.414825 5.444165 -1
-1.414825 5.494522 -1
-1.414825 5.544880 -1
-1.414825 5.595238 -1
-1.414825 5.645595 -1
-1.414825 5.695953 -1
-1.414825 5.746311 -1
-1.414825 5.796668 -1
-1.414825 5.847026 -1
-1.414825 5.897384 -1
-1.414825 5.947741 -1
-1.414825 5.998099 -1
-1.414825 6.048457 -1
-1.414825 6.098814 -1
-1.414825 6.149172 -1
-1.414825 6.199530 -1
-1.414825 6.249887 -1
-1.414825 6.300245 -1
-1.414825 6.350602 -1
-1.364617 -1.354118 -1
-1.364617 -1.303761 -1
-1.364617 -1.253403 -1
-1.364617 -1.203046 -1
-1.364617 -1.152688 -1
-1.364617 -1.102330 -1
-1.364617 -1.051973 -1
-1.364617 -1.001615 -1
-1.364617 -0.951257 -1
-1.364617 -0.900900 -1
-1.364617 -0.850542 -1
-1.364617 -0.800184 -1
-1.364617 -0.749827 -1
-1.364617 -0.699469 -1
-1.364617 -0.649111 -1
-1.364617 -0.598754 -1
-1.364617 -0.548396 -1
-1.364617 -0.498038 -1
-1.364617 -0.447681 -1
-1.364617 -0.397323 -1
-1.364617 -0.346965 -1
-1.364617 -0.296608 -1
-1.364617 -0.246250 -1
-1.364617 -0.195892 -1
-1.364617 -0.145535 -1
-1.364617 -0.095177 -1
-1.364617 -0.044820 -1
-1.364617 0.005538 -1
-1.364617 0.055896 -1
-1.364617 0.106253 -1
-1.364617 0.156611 -1
-1.364617 0.206969 -1
-1.364617 0.257326 -1
-1.364617 0.307684 -1
-1.364617 0.358042 -1
-1.364617 0.408399 -1
-1.364617 0.458757 -1
-1.364617 0.509115 -1
-1.364617 0.559472 -1
-1.364617 0.609830 -1
-1.364617 0.660188 -1
-1.364617 0.710545 -1
-1.364617 0.760903 -1
-1.364617 0.811261 -1
-1.364617 0.861618 -1
-1.364617 0.911976 -1
-1.364617 0.962334 -1
-1.364617 1.012691 -1
-1.364617 1.063049 -1
-1.364617 1.113407 -1
-1.364617 1.163764 -1
-1.364617 1.214122 -1
-1.364617 1.264479 -1
-1.364617 1.314837 -1
-1.364617 1.365195 -1
-1.364617 1.415552 -1
-1.364617 1.465910 -1
-1.364617 1.516268 -1
-1.364617 1.566625 -1
-1.364617 1.616983 -1
-1.364617 1.667341 -1
-1.364617 1.717698 -1
-1.364617 1.768056 -1
-1.364617 1.818414 -1
-1.364617 1.868771 -1
-1.364617 1.919129 -1
-1.364617 1.969487 -1
-1.364617 2.019844 -1
-1.364617 2.070202 -1
-1.364617 2.120560 -1
-1.364617 2.170917 -1
-1.364617 2.221275 -1
-1.364617 2.271633 -1
-1.364617 2.321990 -1
-1.364617 2.372348 -1
-1.364617 2.422706 -1
-1.364617 2.473063 -1
-1.364617 2.523421 -1
-1.364617 2.573778 -1
-1.364617 2.624136 -1
-1.364617 2.674494 -1
-1.364617 2.724851 -1
-1.364617 2.775209 -1
-1.364617 2.825567 -1
-1.364617 2.875924 -1
-1.364617 2.926282 -1
-1.364617 2.976640 -1
-1.364617 3.026997 -1
-1.364617 3.077355 -1
-1.364617 3.127713 -1
-1.364617 3.178070 -1
-1.364617 3.228428 -1
-1.364617 3.278786 -1
-1.364617 3.329143 -1
-1.364617 3.379501 -1
-1.364617 3.429859 -1
-1.364617 3.480216 -1
-1.364617 3.530574 -1
-1.364617 3.580932 -1
-1.364617 3.631289 -1
-1.364617 3.681647 -1
-1.364617 3.732005 -1
-1.364617 3.782362 -1
-1.364617 3.832720 -1
-1.364617 3.883077 -1
-1.364617 3.933435 -1
-1.364617 3.983793 -1
-1.364617 4.034150 -1
-1.364617 4.084508 -1
-1.364617 4.134866 -1
-1.364617 4.185223 -1
-1.364617 4.235581 -1
-1.364617 4.285939 -1
-1.364617 4.336296 -1
-1.364617 4.386654 -1
-1.364617 4.437012 -1
-1.364617 4.487369 -1
-1.364617 4.537727 -1
-1.364617 4.588085 -1
-1.364617 4.638442 -1
-1.364617 4.688800 -1
-1.364617 4.739158 -1
-1.364617 4.789515 -1
-1.364617 4.839873 -1
-1.364617 4.890231 -1
-1.364617 4.940588 -1
-1.364617 4.990946 -1
-1.364617 5.041303 -1
-1.364617 5.091661 -1
-1.364617 5.142019 -1
-1.364617 5.192376 -1
-1.364617 5.242734 -1
-1.364617 5.293092 -1
-1.364617 5.343449 -1
-1.364617 5.393807 -1
-1.364617 5.444165 -1
-1.364617 5.494522 -1
-1.364617 5.544880 -1
-1.364617 5.595238 -1
-1.364617 5.645595 -1
-1.364617 5.695953 -1
-1.364617 5.746311 -1
-1.364617 5.796668 -1
-1.364617 5.847026 -1
-1.364617 5.897384 -1
-1.364617 5.947741 -1
-1.364617 5.998099 -1
-1.364617 6.048457 -1
-1.364617 6.098814 -1
-1.364617 6.149172 -1
-1.364617 6.199530 -1
-1.364617 6.249887 -1
-1.364617 6.300245 -1
-1.364617 6.350602 -1
-1.314409 -1.354118 -1
-1.314409 -1.303761 -1
-1.314409 -1.253403 -1
-1.314409 -1.203046 -1
-1.314409 -1.152688 -1
-1.314409 -1.102330 -1
-1.314409 -1.051973 -1
-1.314409 -1.001615 -1
-1.314409 -0.951257 -1
-1.314409 -0.900900 -1
-1.314409 -0.850542 -1
-1.314409 -0.800184 -1
-1.314409 -0.749827 -1
-1.314409 -0.699469 -1
-1.314409 -0.649111 -1
-1.314409 -0.598754 -1
-1.314409 -0.548396 -1
-1.314409 -0.498038 -1
-1.314409 -0.447681 -1
-1.314409 -0.397323 -1
-1.314409 -0.346965 -1
-1.314409 -0.296608 -1
-1.314409 -0.246250 -1
-1.314409 -0.195892 -1
-1.314409 -0.145535 -1
-1.314409 -0.095177 -1
-1.314409 -0.044820 -1
-1.314409 0.005538 -1
-1.314409 0.055896 -1
-1.314409 0.106253 -1
-1.314409 0.156611 -1
-1.314409 0.206969 -1
-1.314409 0.257326 -1
-1.314409 0.307684 -1
-1.314409 0.358042 -1
-1.314409 0.408399 -1
-1.314409 0.458757 -1
-1.314409 0.509115 -1
-1.314409 0.559472 -1
-1.314409 0.609830 -1
-1.314409 0.660188 -1
-1.314409 0.710545 -1
-1.314409 0.760903 -1
-1.314409 0.811261 -1
-1.314409 0.861618 -1
-1.314409 0.911976 -1
-1.314409 0.962334 -1
-1.314409 1.012691 -1
-1.314409 1.063049 -1
-1.314409 1.113407 -1
-1.314409 1.163764 -1
-1.314409 1.214122 -1
-1.314409 1.264479 -1
-1.314409 1.314837 -1
-1.314409 1.365195 -1
-1.314409 1.415552 -1
-1.314409 1.465910 -1
-1.314409 1.516268 -1
-1.314409 1.566625 -1
-1.314409 1.616983 -1
-1.314409 1.667341 -1
-1.314409 1.717698 -1
-1.314409 1.768056 -1
-1.314409 1.818414 -1
-1.314409 1.868771 -1
-1.314409 1.919129 -1
-1.314409 1.969487 -1
-1.314409 2.019844 -1
-1.314409 2.070202 -1
-1.314409 2.120560 -1
-1.314409 2.170917 -1
-1.314409 2.221275 -1
-1.314409 2.271633 -1
-1.314409 2.321990 -1
-1.314409 2.372348 -1
-1.314409 2.422706 -1
-1.314409 2.473063 -1
-1.314409 2.523421 -1
-1.314409 2.573778 -1
-1.314409 2.624136 -1
-1.314409 2.674494 -1
-1.314409 2.724851 -1
-1.314409 2.775209 -1
-1.314409 2.825567 -1
-1.314409 2.875924 -1
-1.314409 2.926282 -1
-1.314409 2.976640 -1
-1.314409 3.026997 -1
-1.314409 3.077355 -1
-1.314409 3.127713 -1
-1.314409 3.178070 -1
-1.314409 3.228428 -1
-1.314409 3.278786 -1
-1.314409 3.329143 -1
-1.314409 3.379501 -1
-1.314409 3.429859 -1
-1.314409 3.480216 -1
-1.314409 3.530574 -1
-1.314409 3.580932 -1
-1.314409 3.631289 -1
-1.314409 3.681647 -1
-1.314409 3.732005 -1
-1.314409 3.782362 -1
-1.314409 3.832720 -1
-1.314409 3.883077 -1
-1.314409 3.933435 -1
-1.314409 3.983793 -1
-1.314409 4.034150 -1
-1.314409 4.084508 -1
-1.314409 4.134866 -1
-1.314409 4.185223 -1
-1.314409 4.235581 -1
-1.314409 4.285939 -1
-1.314409 4.336296 -1
-1.314409 4.386654 -1
-1.314409 4.437012 -1
-1.314409 4.487369 -1
-1.314409 4.537727 -1
-1.314409 4.588085 -1
-1.314409 4.638442 -1
-1.314409 4.688800 -1
-1.314409 4.739158 -1
-1.314409 4.789515 -1
-1.314409 4.839873 -1
-1.314409 4.890231 -1
-1.314409 4.940588 -1
-1.314409 4.990946 -1
-1.314409 5.041303 -1
-1.314409 5.091661 -1
-1.314409 5.142019 -1
-1.314409 5.192376 -1
-1.314409 5.242734 -1
-1.314409 5.293092 -1
-1.314409 5.343449 -1
-1.314409 5.393807 -1
-1.314409 5.444165 -1
-1.314409 5.494522 -1
-1.314409 5.544880 -1
-1.314409 5.595238 -1
-1.314409 5.645595 -1
-1.314409 5.695953 -1
-1.314409 5.746311 -1
-1.314409 5.796668 -1
-1.314409 5.847026 -1
-1.314409 5.897384 -1
-1.314409 5.947741 -1
-1.314409 5.998099 -1
-1.314409 6.048457 -1
-1.314409 6.098814 -1
-1.314409 6.149172 -1
-1.314409 6.199530 -1
-1.314409 6.249887 -1
-1.314409 6.300245 -1
-1.314409 6.350602 -1
-1.264201 -1.354118 -1
-1.264201 -1.303761 -1
-1.264201 -1.253403 -1
-1.264201 -1.203046 -1
-1.264201 -1.152688 -1
-1.264201 -1.102330 -1
-1.264201 -1.051973 -1
-1.264201 -1.001615 -1
-1.264201 -0.951257 -1
-1.264201 -0.900900 -1
-1.264201 -0.850542 -1
-1.264201 -0.800184 -1
-1.264201 -0.749827 -1
-1.264201 -0.699469 -1
-1.264201 -0.649111 -1
-1.264201 -0.598754 -1
-1.264201 -0.548396 -1
-1.264201 -0.498038 -1
-1.264201 -0.447681 -1
-1.264201 -0.397323 -1
-1.264201 -0.346965 -1
-1.264201 -0.296608 -1
-1.264201 -0.246250 -1
-1.264201 -0.195892 -1
-1.264201 -0.145535 -1
-1.264201 -0.095177 -1
-1.264201 -0.044820 -1
-1.264201 0.005538 -1
-1.264201 0.055896 -1
-1.264201 0.106253 -1
-1.264201 0.156611 -1
-1.264201 0.206969 -1
-1.264201 0.257326 -1
-1.264201 0.307684 -1
-1.264201 0.358042 -1
-1.264201 0.408399 -1
-1.264201 0.458757 -1
-1.264201 0.509115 -1
-1.264201 0.559472 -1
-1.264201 0.609830 -1
-1.264201 0.660188 -1
-1.264201 0.710545 -1
-1.264201 0.760903 -1
-1.264201 0.811261 -1
-1.264201 0.861618 -1
-1.264201 0.911976 -1
-1.264201 0.962334 -1
-1.264201 1.012691 -1
-1.264201 1.063049 -1
-1.264201 1.113407 -1
-1.264201 1.163764 -1
-1.264201 1.214122 -1
-1.264201 1.264479 -1
-1.264201 1.314837 -1
-1.264201 1.365195 -1
-1.264201 1.415552 -1
-1.264201 1.465910 -1
-1.264201 1.516268 -1
-1.264201 1.566625 -1
-1.264201 1.616983 -1
-1.264201 1.667341 -1
-1.264201 1.717698 -1
-1.264201 1.768056 -1
-1.264201 1.818414 -1
-1.264201 1.868771 -1
-1.264201 1.919129 -1
-1.264201 1.969487 -1
-1.264201 2.019844 -1
-1.264201 2.070202 -1
-1.264201 2.120560 -1
-1.264201 2.170917 -1
-1.264201 2.221275 -1
-1.264201 2.271633 -1
-1.264201 2.321990 -1
-1.264201 2.372348 -1
-1.264201 2.422706 -1
-1.264201 2.473063 -1
-1.264201 2.523421 -1
-1.264201 2.573778 -1
-1.264201 2.624136 -1
-1.264201 2.674494 -1
-1.264201 2.724851 -1
-1.264201 2.775209 -1
-1.264201 2.825567 -1
-1.264201 2.875924 -1
-1.264201 2.926282 -1
-1.264201 2.976640 -1
-1.264201 3.026997 -1
-1.264201 3.077355 -1
-1.264201 3.127713 -1
-1.264201 3.178070 -1
-1.264201 3.228428 -1
-1.264201 3.278786 -1
-1.264201 3.329143 -1
-1.264201 3.379501 -1
-1.264201 3.429859 -1
-1.264201 3.480216 -1
-1.264201 3.530574 -1
-1.264201 3.580932 -1
-1.264201 3.631289 -1
-1.264201 3.681647 -1
-1.264201 3.732005 -1
-1.264201 3.782362 -1
-1.264201 3.832720 -1
-1.264201 3.883077 -1
-1.264201 3.933435 -1
-1.264201 3.983793 -1
-1.264201 4.034150 -1
-1.264201 4.084508 -1
-1.264201 4.134866 -1
-1.264201 4.185223 -1
-1.264201 4.235581 -1
-1.264201 4.285939 -1
-1.264201 4.336296 -1
-1.264201 4.386654 -1
-1.264201 4.437012 -1
-1.264201 4.487369 -1
-1.264201 4.537727 -1
-1.264201 4.588085 -1
-1.264201 4.638442 -1
-1.264201 4.688800 -1
-1.264201 4.739158 -1
-1.264201 4.789515 -1
-1.264201 4.839873 -1
-1.264201 4.890231 -1
-1.264201 4.940588 -1
-1.264201 4.990946 -1
-1.264201 5.041303 -1
-1.264201 5.091661 -1
-1.264201 5.142019 -1
-1.264201 5.192376 -1
-1.264201 5.242734 -1
-1.264201 5.293092 -1
-1.264201 5.343449 -1
-1.264201 5.393807 -1
-1.264201 5.444165 -1
-1.264201 5.494522 -1
-1.264201 5.544880 -1
-1.264201 5.595238 -1
-1.264201 5.645595 -1
-1.264201 5.695953 -1
-1.264201 5.746311 -1
-1.264201 5.796668 -1
-1.264201 5.847026 -1
-1.264201 5.897384 -1
-1.264201 5.947741 -1
-1.264201 5.998099 -1
-1.264201 6.048457 -1
-1.264201 6.098814 -1
-1.264201 6.149172 -1
-1.264201 6.199530 -1
-1.264201 6.249887 -1
-1.264201 6.300245 -1
-1.264201 6.350602 -1
-1.213993 -1.354118 -1
-1.213993 -1.303761 -1
-1.213993 -1.253403 -1
-1.213993 -1.203046 -1
-1.213993 -1.152688 -1
-1.213993 -1.102330 -1
-1.213993 -1.051973 -1
-1.213993 -1.001615 -1
-1.213993 -0.951257 -1
-1.213993 -0.900900 -1
-1.213993 -0.850542 -1
-1.213993 -0.800184 -1
-1.213993 -0.749827 -1
-1.213993 -0.699469 -1
-1.213993 -0.649111 -1
-1.213993 -0.598754 -1
-1.213993 -0.548396 -1
-1.213993 -0.498038 -1
-1.213993 -0.447681 -1
-1.213993 -0.397323 -1
-1.213993 -0.346965 -1
-1.213993 -0.296608 -1
-1.213993 -0.246250 -1
-1.213993 -0.195892 -1
-1.213993 -0.145535 -1
-1.213993 -0.095177 -1
-1.213993 -0.044820 -1
-1.213993 0.005538 -1
-1.213993 0.055896 -1
-1.213993 0.106253 -1
-1.213993 0.156611 -1
-1.213993 0.206969 -1
-1.213993 0.257326 -1
-1.213993 0.307684 -1
-1.213993 0.358042 -1
-1.213993 0.408399 -1
-1.213993 0.458757 -1
-1.213993 0.509115 -1
-1.213993 0.559472 -1
-1.213993 0.609830 -1
-1.213993 0.660188 -1
-1.213993 0.710545 -1
-1.213993 0.760903 -1
-1.213993 0.811261 -1
-1.213993 0.861618 -1
-1.213993 0.911976 -1
-1.213993 0.962334 -1
-1.213993 1.012691 -1
-1.213993 1.063049 -1
-1.213993 1.113407 -1
-1.213993 1.163764 -1
-1.213993 1.214122 -1
-1.213993 1.264479 -1
-1.213993 1.314837 -1
-1.213993 1.365195 -1
-1.213993 1.415552 -1
-1.213993 1.465910 -1
-1.213993 1.516268 -1
-1.213993 1.566625 -1
-1.213993 1.616983 -1
-1.213993 1.667341 -1
-1.213993 1.717698 -1
-1.213993 1.768056 -1
-1.213993 1.818414 -1
-1.213993 1.868771 -1
-1.213993 1.919129 -1
-1.213993 1.969487 -1
-1.213993 2.019844 -1
-1.213993 2.070202 -1
-1.213993 2.120560 -1
-1.213993 2.170917 -1
-1.213993 2.221275 -1
-1.213993 2.271633 -1
-1.213993 2.321990 -1
-1.213993 2.372348 -1
-1.213993 2.422706 -1
-1.213993 2.473063 -1
-1.213993 2.523421 -1
-1.213993 2.573778 -1
-1.213993 2.624136 -1
-1.213993 2.674494 -1
-1.213993 2.724851 -1
-1.213993 2.775209 -1
-1.213993 2.825567 -1
-1.213993 2.875924 -1
-1.213993 2.926282 -1
-1.213993 2.976640 -1
-1.213993 3.026997 -1
-1.213993 3.077355 -1
-1.213993 3.127713 -1
-1.213993 3.178070 -1
-1.213993 3.228428 -1
-1.213993 3.278786 -1
-1.213993 3.329143 -1
-1.213993 3.379501 -1
-1.213993 3.429859 -1
-1.213993 3.480216 -1
-1.213993 3.530574 -1
-1.213993 3.580932 -1
-1.213993 3.631289 -1
-1.213993 3.681647 -1
-1.213993 3.732005 -1
-1.213993 3.782362 -1
-1.213993 3.832720 -1
-1.213993 3.883077 -1
-1.213993 3.933435 -1
-1.213993 3.983793 -1
-1.213993 4.034150 -1
-1.213993 4.084508 -1
-1.213993 4.134866 -1
-1.213993 4.185223 -1
-1.213993 4.235581 -1
-1.213993 4.285939 -1
-1.213993 4.336296 -1
-1.213993 4.386654 -1
-1.213993 4.437012 -1
-1.213993 4.487369 -1
-1.213993 4.537727 -1
-1.213993 4.588085 -1
-1.213993 4.638442 -1
-1.213993 4.688800 -1
-1.213993 4.739158 -1
-1.213993 4.789515 -1
-1.213993 4.839873 -1
-1.213993 4.890231 -1
-1.213993 4.940588 -1
-1.213993 4.990946 -1
-1.213993 5.041303 -1
-1.213993 5.091661 -1
-1.213993 5.142019 -1
-1.213993 5.192376 -1
-1.213993 5.242734 -1
-1.213993 5.293092 -1
-1.213993 5.343449 -1
-1.213993 5.393807 -1
-1.213993 5.444165 -1
-1.213993 5.494522 -1
-1.213993 5.544880 -1
-1.213993 5.595238 -1
-1.213993 5.645595 -1
-1.213993 5.695953 -1
-1.213993 5.746311 -1
-1.213993 5.796668 -1
-1.213993 5.847026 -1
-1.213993 5.897384 -1
-1.213993 5.947741 -1
-1.213993 5.998099 -1
-1.213993 6.048457 -1
-1.213993 6.098814 -1
-1.213993 6.149172 -1
-1.213993 6.199530 -1
-1.213993 6.249887 -1
-1.213993 6.300245 -1
-1.213993 6.350602 -1
-1.163785 -1.354118 -1
-1.163785 -1.303761 -1
-1.163785 -1.253403 -1
-1.163785 -1.203046 -1
-1.163785 -1.152688 -1
-1.163785 -1.102330 -1
-1.163785 -1.051973 -1
-1.163785 -1.001615 -1
-1.163785 -0.951257 -1
-1.163785 -0.900900 -1
-1.163785 -0.850542 -1
-1.163785 -0.800184 -1
-1.163785 -0.749827 -1
-1.163785 -0.699469 -1
-1.163785 -0.649111 -1
-1.163785 -0.598754 -1
-1.163785 -0.548396 -1
-1.163785 -0.498038 -1
-1.163785 -0.447681 -1
-1.163785 -0.397323 -1
-1.163785 -0.346965 -1
-1.163785 -0.296608 -1
-1.163785 -0.246250 -1
-1.163785 -0.195892 -1
-1.163785 -0.145535 -1
-1.163785 -0.095177 -1
-1.163785 -0.044820 -1
-1.163785 0.005538 -1
-1.163785 0.055896 -1
-1.163785 0.106253 -1
-1.163785 0.156611 -1
-1.163785 0.206969 -1
-1.163785 0.257326 -1
-1.163785 0.307684 -1
-1.163785 0.358042 -1
-1.163785 0.408399 -1
-1.163785 0.458757 -1
-1.163785 0.509115 -1
-1.163785 0.559472 -1
-1.163785 0.609830 -1
-1.163785 0.660188 -1
-1.163785 0.710545 -1
-1.163785 0.760903 -1
-1.163785 0.811261 -1
-1.163785 0.861618 -1
-1.163785 0.911976 -1
-1.163785 0.962334 -1
-1.163785 1.012691 -1
-1.163785 1.063049 -1
-1.163785 1.113407 -1
-1.163785 1.163764 -1
-1.163785 1.214122 -1
-1.163785 1.264479 -1
-1.163785 1.314837 -1
-1.163785 1.365195 -1
-1.163785 1.415552 -1
-1.163785 1.465910 -1
-1.163785 1.516268 -1
-1.163785 1.566625 -1
-1.163785 1.616983 -1
-1.163785 1.667341 -1
-1.163785 1.717698 -1
-1.163785 1.768056 -1
-1.163785 1.818414 -1
-1.163785 1.868771 -1
-1.163785 1.919129 -1
-1.163785 1.969487 -1
-1.163785 2.019844 -1
-1.163785 2.070202 -1
-1.163785 2.120560 -1
-1.163785 2.170917 -1
-1.163785 2.221275 -1
-1.163785 2.271633 -1
-1.163785 2.321990 -1
-1.163785 2.372348 -1
-1.163785 2.422706 -1
-1.163785 2.473063 -1
-1.163785 2.523421 -1
-1.163785 2.573778 -1
-1.163785 2.624136 -1
-1.163785 2.674494 -1
-1.163785 2.724851 -1
-1.163785 2.775209 -1
-1.163785 2.825567 -1
-1.163785 2.875924 -1
-1.163785 2.926282 -1
-1.163785 2.976640 -1
-1.163785 3.026997 -1
-1.163785 3.077355 -1
-1.163785 3.127713 -1
-1.163785 3.178070 -1
-1.163785 3.228428 -1
-1.163785 3.278786 -1
-1.163785 3.329143 -1
-1.163785 3.379501 -1
-1.163785 3.429859 -1
-1.163785 3.480216 -1
-1.163785 3.530574 -1
-1.163785 3.580932 -1
-1.163785 3.631289 -1
-1.163785 3.681647 -1
-1.163785 3.732005 -1
-1.163785 3.782362 -1
-1.163785 3.832720 -1
-1.163785 3.883077 -1
-1.163785 3.933435 -1
-1.163785 3.983793 -1
-1.163785 4.034150 -1
-1.163785 4.084508 -1
-1.163785 4.134866 -1
-1.163785 4.185223 -1
-1.163785 4.235581 -1
-1.163785 4.285939 -1
-1.163785 4.336296 -1
-1.163785 4.386654 -1
-1.163785 4.437012 -1
-1.163785 4.487369 -1
-1.163785 4.537727 -1
-1.163785 4.588085 -1
-1.163785 4.638442 -1
-1.163785 4.688800 -1
-1.163785 4.739158 -1
-1.163785 4.789515 -1
-1.163785 4.839873 -1
-1.163785 4.890231 -1
-1.163785 4.940588 -1
-1.163785 4.990946 -1
-1.163785 5.041303 -1
-1.163785 5.091661 -1
-1.163785 5.142019 -1
-1.163785 5.192376 -1
-1.163785 5.242734 -1
-1.163785 5.293092 -1
-1.163785 5.343449 -1
-1.163785 5.393807 -1
-1.163785 5.444165 -1
-1.163785 5.494522 -1
-1.163785 5.544880 -1
-1.163785 5.595238 -1
-1.163785 5.645595 -1
-1.163785 5.695953 -1
-1.163785 5.746311 -1
-1.163785 5.796668 -1
-1.163785 5.847026 -1
-1.163785 5.897384 -1
-1.163785 5.947741 -1
-1.163785 5.998099 -1
-1.163785 6.048457 -1
-1.163785 6.098814 -1
-1.163785 6.149172 -1
-1.163785 6.199530 -1
-1.163785 6.249887 -1
-1.163785 6.300245 -1
-1.163785 6.350602 -1
-1.113577 -1.354118 -1
-1.113577 -1.303761 -1
-1.113577 -1.253403 -1
-1.113577 -1.203046 -1
-1.113577 -1.152688 -1
-1.113577 -1.102330 -1
-1.113577 -1.051973 -1
-1.113577 -1.001615 -1
-1.113577 -0.951257 -1
-1.113577 -0.900900 -1
-1.113577 -0.850542 -1
-1.113577 -0.800184 -1
-1.113577 -0.749827 -1
-1.113577 -0.699469 -1
-1.113577 -0.649111 -1
-1.113577 -0.598754 -1
-1.113577 -0.548396 -1
-1.113577 -0.498038 -1
-1.113577 -0.447681 -1
-1.113577 -0.397323 -1
-1.113577 -0.346965 -1
-1.113577 -0.296608 -1
-1.113577 -0.246250 -1
-1.113577 -0.195892 -1
-1.113577 -0.145535 -1
-1.113577 -0.095177 -1
-1.113577 -0.044820 -1
-1.113577 0.005538 -1
-1.113577 0.055896 -1
-1.113577 0.106253 -1
-1.113577 0.156611 -1
-1.113577 0.206969 -1
-1.113577 0.257326 -1
-1.113577 0.307684 -1
-1.113577 0.358042 -1
-1.113577 0.408399 -1
-1.113577 0.458757 -1
-1.113577 0.509115 -1
-1.113577 0.559472 -1
-1.113577 0.609830 -1
-1.113577 0.660188 -1
-1.113577 0.710545 -1
-1.113577 0.760903 -1
-1.113577 0.811261 -1
-1.113577 0.861618 -1
-1.113577 0.911976 -1
-1.113577 0.962334 -1
-1.113577 1.012691 -1
-1.113577 1.063049 -1
-1.113577 1.113407 -1
-1.113577 1.163764 -1
-1.113577 1.214122 -1
-1.113577 1.264479 -1
-1.113577 1.314837 -1
-1.113577 1.365195 -1
-1.113577 1.415552 -1
-1.113577 1.465910 -1
-1.113577 1.516268 -1
-1.113577 1.566625 -1
-1.113577 1.616983 -1
-1.113577 1.667341 -1
-1.113577 1.717698 -1
-1.113577 1.768056 -1
-1.113577 1.818414 -1
-1.113577 1.868771 -1
-1.113577 1.919129 -1
-1.113577 1.969487 -1
-1.113577 2.019844 -1
-1.113577 2.070202 -1
-1.113577 2.120560 -1
-1.113577 2.170917 -1
-1.113577 2.221275 -1
-1.113577 2.271633 -1
-1.113577 2.321990 -1
-1.113577 2.372348 -1
-1.113577 2.422706 -1
-1.113577 2.473063 -1
-1.113577 2.523421 -1
-1.113577 2.573778 -1
-1.113577 2.624136 -1
-1.113577 2.674494 -1
-1.113577 2.724851 -1
-1.113577 2.775209 -1
-1.113577 2.825567 -1
-1.113577 2.875924 -1
-1.113577 2.926282 -1
-1.113577 2.976640 -1
-1.113577 3.026997 -1
-1.113577 3.077355 -1
-1.113577 3.127713 -1
-1.113577 3.178070 -1
-1.113577 3.228428 -1
-1.113577 3.278786 -1
-1.113577 3.329143 -1
-1.113577 3.379501 -1
-1.113577 3.429859 -1
-1.113577 3.480216 -1
-1.113577 3.530574 -1
-1.113577 3.580932 -1
-1.113577 3.631289 -1
-1.113577 3.681647 -1
-1.113577 3.732005 -1
-1.113577 3.782362 -1
-1.113577 3.832720 -1
-1.113577 3.883077 -1
-1.113577 3.933435 -1
-1.113577 3.983793 -1
-1.113577 4.034150 -1
-1.113577 4.084508 -1
-1.113577 4.134866 -1
-1.113577 4.185223 -1
-1.113577 4.235581 -1
-1.113577 4.285939 -1
-1.113577 4.336296 -1
-1.113577 4.386654 -1
-1.113577 4.437012 -1
-1.113577 4.487369 -1
-1.113577 4.537727 -1
-1.113577 4.588085 -1
-1.113577 4.638442 -1
-1.113577 4.688800 -1
-1.113577 4.739158 -1
-1.113577 4.789515 -1
-1.113577 4.839873 -1
-1.113577 4.890231 -1
-1.113577 4.940588 -1
-1.113577 4.990946 -1
-1.113577 5.041303 -1
-1.113577 5.091661 -1
-1.113577 5.142019 -1
-1.113577 5.192376 -1
-1.113577 5.242734 -1
-1.113577 5.293092 -1
-1.113577 5.343449 -1
-1.113577 5.393807 -1
-1.113577 5.444165 -1
-1.113577 5.494522 -1
-1.113577 5.544880 -1
-1.113577 5.595238 -1
-1.113577 5.645595 -1
-1.113577 5.695953 -1
-1.113577 5.746311 -1
-1.113577 5.796668 -1
-1.113577 5.847026 -1
-1.113577 5.897384 -1
-1.113577 5.947741 -1
-1.113577 5.998099 -1
-1.113577 6.048457 -1
-1.113577 6.098814 -1
-1.113577 6.149172 -1
-1.113577 6.199530 -1
-1.113577 6.249887 -1
-1.113577 6.300245 -1
-1.113577 6.350602 -1
-1.063369 -1.354118 -1
-1.063369 -1.303761 -1
-1.063369 -1.253403 -1
-1.063369 -1.203046 -1
-1.063369 -1.152688 -1
-1.063369 -1.102330 -1
-1.063369 -1.051973 -1
-1.063369 -1.001615 -1
-1.063369 -0.951257 -1
-1.063369 -0.900900 -1
-1.063369 -0.850542 -1
-1.063369 -0.800184 -1
-1.063369 -0.749827 -1
-1.063369 -0.699469 -1
-1.063369 -0.649111 -1
-1.063369 -0.598754 -1
-1.063369 -0.548396 -1
-1.063369 -0.498038 -1
-1.063369 -0.447681 -1
-1.063369 -0.397323 -1
-1.063369 -0.346965 -1
-1.063369 -0.296608 -1
-1.063369 -0.246250 -1
-1.063369 -0.195892 -1
-1.063369 -0.145535 -1
-1.063369 -0.095177 -1
-1.063369 -0.044820 -1
-1.063369 0.005538 -1
-1.063369 0.055896 -1
-1.063369 0.106253 -1
-1.063369 0.156611 -1
-1.063369 0.206969 -1
-1.063369 0.257326 -1
-1.063369 0.307684 -1
-1.063369 0.358042 -1
-1.063369 0.408399 -1
-1.063369 0.458757 -1
-1.063369 0.509115 -1
-1.063369 0.559472 -1
-1.063369 0.609830 -1
-1.063369 0.660188 -1
-1.063369 0.710545 -1
-1.063369 0.760903 -1
-1.063369 0.811261 -1
-1.063369 0.861618 -1
-1.063369 0.911976 -1
-1.063369 0.962334 -1
-1.063369 1.012691 -1
-1.063369 1.063049 -1
-1.063369 1.113407 -1
-1.063369 1.163764 -1
-1.063369 1.214122 -1
-1.063369 1.264479 -1
-1.063369 1.314837 -1
-1.063369 1.365195 -1
-1.063369 1.415552 -1
-1.063369 1.465910 -1
-1.063369 1.516268 -1
-1.063369 1.566625 -1
-1.063369 1.616983 -1
-1.063369 1.667341 -1
-1.063369 1.717698 -1
-1.063369 1.768056 -1
-1.063369 1.818414 -1
-1.063369 1.868771 -1
-1.063369 1.919129 -1
-1.063369 1.969487 -1
-1.063369 2.019844 -1
-1.063369 2.070202 -1
-1.063369 2.120560 -1
-1.063369 2.170917 -1
-1.063369 2.221275 -1
-1.063369 2.271633 -1
-1.063369 2.321990 -1
-1.063369 2.372348 -1
-1.063369 2.422706 -1
-1.063369 2.473063 -1
-1.063369 2.523421 -1
-1.063369 2.573778 -1
-1.063369 2.624136 -1
-1.063369 2.674494 -1
-1.063369 2.724851 -1
-1.063369 2.775209 -1
-1.063369 2.825567 -1
-1.063369 2.875924 -1
-1.063369 2.926282 -1
-1.063369 2.976640 -1
-1.063369 3.026997 -1
-1.063369 3.077355 -1
-1.063369 3.127713 -1
-1.063369 3.178070 -1
-1.063369 3.228428 -1
-1.063369 3.278786 -1
-1.063369 3.329143 -1
-1.063369 3.379501 -1
-1.063369 3.429859 -1
-1.063369 3.480216 -1
-1.063369 3.530574 -1
-1.063369 3.580932 -1
-1.063369 3.631289 -1
-1.063369 3.681647 -1
-1.063369 3.732005 -1
-1.063369 3.782362 -1
-1.063369 3.832720 -1
-1.063369 3.883077 -1
-1.063369 3.933435 -1
-1.063369 3.983793 -1
-1.063369 4.034150 -1
-1.063369 4.084508 -1
-1.063369 4.134866 -1
-1.063369 4.185223 -1
-1.063369 4.235581 -1
-1.063369 4.285939 -1
-1.063369 4.336296 -1
-1.063369 4.386654 -1
-1.063369 4.437012 -1
-1.063369 4.487369 -1
-1.063369 4.537727 -1
-1.063369 4.588085 -1
-1.063369 4.638442 -1
-1.063369 4.688800 -1
-1.063369 4.739158 -1
-1.063369 4.789515 -1
-1.063369 4.839873 -1
-1.063369 4.890231 -1
-1.063369 4.940588 -1
-1.063369 4.990946 -1
-1.063369 5.041303 -1
-1.063369 5.091661 -1
-1.063369 5.142019 -1
-1.063369 5.192376 -1
-1.063369 5.242734 -1
-1.063369 5.293092 -1
-1.063369 5.343449 -1
-1.063369 5.393807 -1
-1.063369 5.444165 -1
-1.063369 5.494522 -1
-1.063369 5.544880 -1
-1.063369 5.595238 -1
-1.063369 5.645595 -1
-1.063369 5.695953 -1
-1.063369 5.746311 -1
-1.063369 5.796668 -1
-1.063369 5.847026 -1
-1.063369 5.897384 -1
-1.063369 5.947741 -1
-1.063369 5.998099 -1
-1.063369 6.048457 -1
-1.063369 6.098814 -1
-1.063369 6.149172 -1
-1.063369 6.199530 -1
-1.063369 6.249887 -1
-1.063369 6.300245 -1
-1.063369 6.350602 -1
-1.013162 -1.354118 -1
-1.013162 -1.303761 -1
-1.013162 -1.253403 -1
-1.013162 -1.203046 -1
-1.013162 -1.152688 -1
-1.013162 -1.102330 -1
-1.013162 -1.051973 -1
-1.013162 -1.001615 -1
-1.013162 -0.951257 -1
-1.013162 -0.900900 -1
-1.013162 -0.850542 -1
-1.013162 -0.800184 -1
-1.013162 -0.749827 -1
-1.013162 -0.699469 -1
-1.013162 -0.649111 -1
-1.013162 -0.598754 -1
-1.013162 -0.548396 -1
-1.013162 -0.498038 -1
-1.013162 -0.447681 -1
-1.013162 -0.397323 -1
-1.013162 -0.346965 -1
-1.013162 -0.296608 -1
-1.013162 -0.246250 -1
-1.013162 -0.195892 -1
-1.013162 -0.145535 -1
-1.013162 -0.095177 -1
-1.013162 -0.044820 -1
-1.013162 0.005538 -1
-1.013162 0.055896 -1
-1.013162 0.106253 -1
-1.013162 0.156611 -1
-1.013162 0.206969 -1
-1.013162 0.257326 -1
-1.013162 0.307684 -1
-1.013162 0.358042 -1
-1.013162 0.408399 -1
-1.013162 0.458757 -1
-1.013162 0.509115 -1
-1.013162 0.559472 -1
-1.013162 0.609830 -1
-1.013162 0.660188 -1
-1.013162 0.710545 -1
-1.013162 0.760903 -1
-1.013162 0.811261 -1
-1.013162 0.861618 -1
-1.013162 0.911976 -1
-1.013162 0.962334 -1
-1.013162 1.012691 -1
-1.013162 1.063049 -1
-1.013162 1.113407 -1
-1.013162 1.163764 -1
-1.013162 1.214122 -1
-1.013162 1.264479 -1
-1.013162 1.314837 -1
-1.013162 1.365195 -1
-1.013162 1.415552 -1
-1.013162 1.465910 -1
-1.013162 1.516268 -1
-1.013162 1.566625 -1
-1.013162 1.616983 -1
-1.013162 1.667341 -1
-1.013162 1.717698 -1
-1.013162 1.768056 -1
-1.013162 1.818414 -1
-1.013162 1.868771 -1
-1.013162 1.919129 -1
-1.013162 1.969487 -1
-1.013162 2.019844 -1
-1.013162 2.070202 -1
-1.013162 2.120560 -1
-1.013162 2.170917 -1
-1.013162 2.221275 -1
-1.013162 2.271633 -1
-1.013162 2.321990 -1
-1.013162 2.372348 -1
-1.013162 2.422706 -1
-1.013162 2.473063 -1
-1.013162 2.523421 -1
-1.013162 2.573778 -1
-1.013162 2.624136 -1
-1.013162 2.674494 -1
-1.013162 2.724851 -1
-1.013162 2.775209 -1
-1.013162 2.825567 -1
-1.013162 2.875924 -1
-1.013162 2.926282 -1
-1.013162 2.976640 -1
-1.013162 3.026997 -1
-1.013162 3.077355 -1
-1.013162 3.127713 -1
-1.013162 3.178070 -1
-1.013162 3.228428 -1
-1.013162 3.278786 -1
-1.013162 3.329143 -1
-1.013162 3.379501 -1
-1.013162 3.429859 -1
-1.013162 3.480216 -1
-1.013162 3.530574 -1
-1.013162 3.580932 -1
-1.013162 3.631289 -1
-1.013162 3.681647 -1
-1.013162 3.732005 -1
-1.013162 3.782362 -1
-1.013162 3.832720 -1
-1.013162 3.883077 -1
-1.013162 3.933435 -1
-1.013162 3.983793 -1
-1.013162 4.034150 -1
-1.013162 4.084508 -1
-1.013162 4.134866 -1
-1.013162 4.185223 -1
-1.013162 4.235581 -1
-1.013162 4.285939 -1
-1.013162 4.336296 -1
-1.013162 4.386654 -1
-1.013162 4.437012 -1
-1.013162 4.487369 -1
-1.013162 4.537727 -1
-1.013162 4.588085 -1
-1.013162 4.638442 -1
-1.013162 4.688800 -1
-1.013162 4.739158 -1
-1.013162 4.789515 -1
-1.013162 4.839873 -1
-1.013162 4.890231 -1
-1.013162 4.940588 -1
-1.013162 4.990946 -1
-1.013162 5.041303 -1
-1.013162 5.091661 -1
-1.013162 5.142019 -1
-1.013162 5.192376 -1
-1.013162 5.242734 -1
-1.013162 5.293092 -1
-1.013162 5.343449 -1
-1.013162 5.393807 -1
-1.013162 5.444165 -1
-1.013162 5.494522 -1
-1.013162 5.544880 -1
-1.013162 5.595238 -1
-1.013162 5.645595 -1
-1.013162 5.695953 -1
-1.013162 5.746311 -1
-1.013162 5.796668 -1
-1.013162 5.847026 -1
-1.013162 5.897384 -1
-1.013162 5.947741 -1
-1.013162 5.998099 -1
-1.013162 6.048457 -1
-1.013162 6.098814 -1
-1.013162 6.149172 -1
-1.013162 6.199530 -1
-1.013162 6.249887 -1
-1.013162 6.300245 -1
-1.013162 6.350602 -1
-0.962954 -1.354118 -1
-0.962954 -1.303761 -1
-0.962954 -1.253403 -1
-0.962954 -1.203046 -1
-0.962954 -1.152688 -1
-0.962954 -1.102330 -1
-0.962954 -1.051973 -1
-0.962954 -1.001615 -1
-0.962954 -0.951257 -1
-0.962954 -0.900900 -1
-0.962954 -0.850542 -1
-0.962954 -0.800184 -1
-0.962954 -0.749827 -1
-0.962954 -0.699469 -1
-0.962954 -0.649111 -1
-0.962954 -0.598754 -1
-0.962954 -0.548396 -1
-0.962954 -0.498038 -1
-0.962954 -0.447681 -1
-0.962954 -0.397323 -1
-0.962954 -0.346965 -1
-0.962954 -0.296608 -1
-0.962954 -0.246250 -1
-0.962954 -0.195892 -1
-0.962954 -0.145535 -1
-0.962954 -0.095177 -1
-0.962954 -0.044820 -1
-0.962954 0.005538 -1
-0.962954 0.055896 -1
-0.962954 0.106253 -1
-0.962954 0.156611 -1
-0.962954 0.206969 -1
-0.962954 0.257326 -1
-0.962954 0.307684 -1
-0.962954 0.358042 -1
-0.962954 0.408399 -1
-0.962954 0.458757 -1
-0.962954 0.509115 -1
-0.962954 0.559472 -1
-0.962954 0.609830 -1
-0.962954 0.660188 -1
-0.962954 0.710545 -1
-0.962954 0.760903 -1
-0.962954 0.811261 -1
-0.962954 0.861618 -1
-0.962954 0.911976 -1
-0.962954 0.962334 -1
-0.962954 1.012691 -1
-0.962954 1.063049 -1
-0.962954 1.113407 -1
-0.962954 1.163764 -1
-0.962954 1.214122 -1
-0.962954 1.264479 -1
-0.962954 1.314837 -1
-0.962954 1.365195 -1
-0.962954 1.415552 -1
-0.962954 1.465910 -1
-0.962954 1.516268 -1
-0.962954 1.566625 -1
-0.962954 1.616983 -1
-0.962954 1.667341 -1
-0.962954 1.717698 -1
-0.962954 1.768056 -1
-0.962954 1.818414 -1
-0.962954 1.868771 -1
-0.962954 1.919129 -1
-0.962954 1.969487 -1
-0.962954 2.019844 -1
-0.962954 2.070202 -1
-0.962954 2.120560 -1
-0.962954 2.170917 -1
-0.962954 2.221275 -1
-0.962954 2.271633 -1
-0.962954 2.321990 -1
-0.962954 2.372348 -1
-0.962954 2.422706 -1
-0.962954 2.473063 -1
-0.962954 2.523421 -1
-0.962954 2.573778 -1
-0.962954 2.624136 -1
-0.962954 2.674494 -1
-0.962954 2.724851 -1
-0.962954 2.775209 -1
-0.962954 2.825567 -1
-0.962954 2.875924 -1
-0.962954 2.926282 -1
-0.962954 2.976640 -1
-0.962954 3.026997 -1
-0.962954 3.077355 -1
-0.962954 3.127713 -1
-0.962954 3.178070 -1
-0.962954 3.228428 -1
-0.962954 3.278786 -1
-0.962954 3.329143 -1
-0.962954 3.379501 -1
-0.962954 3.429859 -1
-0.962954 3.480216 -1
-0.962954 3.530574 -1
-0.962954 3.580932 -1
-0.962954 3.631289 -1
-0.962954 3.681647 -1
-0.962954 3.732005 -1
-0.962954 3.782362 -1
-0.962954 3.832720 -1
-0.962954 3.883077 -1
-0.962954 3.933435 -1
-0.962954 3.983793 -1
-0.962954 4.034150 -1
-0.962954 4.084508 -1
-0.962954 4.134866 -1
-0.962954 4.185223 -1
-0.962954 4.235581 -1
-0.962954 4.285939 -1
-0.962954 4.336296 -1
-0.962954 4.386654 -1
-0.962954 4.437012 -1
-0.962954 4.487369 -1
-0.962954 4.537727 -1
-0.962954 4.588085 -1
-0.962954 4.638442 -1
-0.962954 4.688800 -1
-0.962954 4.739158 -1
-0.962954 4.789515 -1
-0.962954 4.839873 -1
-0.962954 4.890231 -1
-0.962954 4.940588 -1
-0.962954 4.990946 -1
-0.962954 5.041303 -1
-0.962954 5.091661 -1
-0.962954 5.142019 -1
-0.962954 5.192376 -1
-0.962954 5.242734 -1
-0.962954 5.293092 -1
-0.962954 5.343449 -1
-0.962954 5.393807 -1
-0.962954 5.444165 -1
-0.962954 5.494522 -1
-0.962954 5.544880 -1
-0.962954 5.595238 -1
-0.962954 5.645595 -1
-0.962954 5.695953 -1
-0.962954 5.746311 -1
-0.962954 5.796668 -1
-0.962954 5.847026 -1
-0.962954 5.897384 -1
-0.962954 5.947741 -1
-0.962954 5.998099 -1
-0.962954 6.048457 -1
-0.962954 6.098814 -1
-0.962954 6.149172 -1
-0.962954 6.199530 -1
-0.962954 6.249887 -1
-0.962954 6.300245 -1
-0.962954 6.350602 -1
-0.912746 -1.354118 -1
-0.912746 -1.303761 -1
-0.912746 -1.253403 -1
-0.912746 -1.203046 -1
-0.912746 -1.152688 -1
-0.912746 -1.102330 -1
-0.912746 -1.051973 -1
-0.912746 -1.001615 -1
-0.912746 -0.951257 -1
-0.912746 -0.900900 -1
-0.912746 -0.850542 -1
-0.912746 -0.800184 -1
-0.912746 -0.749827 -1
-0.912746 -0.699469 -1
-0.912746 -0.649111 -1
-0.912746 -0.598754 -1
-0.912746 -0.548396 -1
-0.912746 -0.498038 -1
-0.912746 -0.447681 -1
-0.912746 -0.397323 -1
-0.912746 -0.346965 -1
-0.912746 -0.296608 -1
-0.912746 -0.246250 -1
-0.912746 -0.195892 -1
-0.912746 -0.145535 -1
-0.912746 -0.095177 -1
-0.912746 -0.044820 -1
-0.912746 0.005538 -1
-0.912746 0.055896 -1
-0.912746 0.106253 -1
-0.912746 0.156611 -1
-0.912746 0.206969 -1
-0.912746 0.257326 -1
-0.912746 0.307684 -1
-0.912746 0.358042 -1
-0.912746 0.408399 -1
-0.912746 0.458757 -1
-0.912746 0.509115 -1
-0.912746 0.559472 -1
-0.912746 0.609830 -1
-0.912746 0.660188 -1
-0.912746 0.710545 -1
-0.912746 0.760903 -1
-0.912746 0.811261 -1
-0.912746 0.861618 -1
-0.912746 0.911976 -1
-0.912746 0.962334 -1
-0.912746 1.012691 -1
-0.912746 1.063049 -1
-0.912746 1.113407 -1
-0.912746 1.163764 -1
-0.912746 1.214122 -1
-0.912746 1.264479 -1
-0.912746 1.314837 -1
-0.912746 1.365195 -1
-0.912746 1.415552 -1
-0.912746 1.465910 -1
-0.912746 1.516268 -1
-0.912746 1.566625 -1
-0.912746 1.616983 -1
-0.912746 1.667341 -1
-0.912746 1.717698 -1
-0.912746 1.768056 -1
-0.912746 1.818414 -1
-0.912746 1.868771 -1
-0.912746 1.919129 -1
-0.912746 1.969487 -1
-0.912746 2.019844 -1
-0.912746 2.070202 -1
-0.912746 2.120560 -1
-0.912746 2.170917 -1
-0.912746 2.221275 -1
-0.912746 2.271633 -1
-0.912746 2.321990 -1
-0.912746 2.372348 -1
-0.912746 2.422706 -1
-0.912746 2.473063 -1
-0.912746 2.523421 -1
-0.912746 2.573778 -1
-0.912746 2.624136 -1
-0.912746 2.674494 -1
-0.912746 2.724851 -1
-0.912746 2.775209 -1
-0.912746 2.825567 -1
-0.912746 2.875924 -1
-0.912746 2.926282 -1
-0.912746 2.976640 -1
-0.912746 3.026997 -1
-0.912746 3.077355 -1
-0.912746 3.127713 -1
-0.912746 3.178070 -1
-0.912746 3.228428 -1
-0.912746 3.278786 -1
-0.912746 3.329143 -1
-0.912746 3.379501 -1
-0.912746 3.429859 -1
-0.912746 3.480216 -1
-0.912746 3.530574 -1
-0.912746 3.580932 -1
-0.912746 3.631289 -1
-0.912746 3.681647 -1
-0.912746 3.732005 -1
-0.912746 3.782362 -1
-0.912746 3.832720 -1
-0.912746 3.883077 -1
-0.912746 3.933435 -1
-0.912746 3.983793 -1
-0.912746 4.034150 -1
-0.912746 4.084508 -1
-0.912746 4.134866 -1
-0.912746 4.185223 -1
-0.912746 4.235581 -1
-0.912746 4.285939 -1
-0.912746 4.336296 -1
-0.912746 4.386654 -1
-0.912746 4.437012 -1
-0.912746 4.487369 -1
-0.912746 4.537727 -1
-0.912746 4.588085 -1
-0.912746 4.638442 -1
-0.912746 4.688800 -1
-0.912746 4.739158 -1
-0.912746 4.789515 -1
-0.912746 4.839873 -1
-0.912746 4.890231 -1
-0.912746 4.940588 -1
-0.912746 4.990946 -1
-0.912746 5.041303 -1
-0.912746 5.091661 -1
-0.912746 5.142019 -1
-0.912746 5.192376 -1
-0.912746 5.242734 -1
-0.912746 5.293092 -1
-0.912746 5.343449 -1
-0.912746 5.393807 -1
-0.912746 5.444165 -1
-0.912746 5.494522 -1
-0.912746 5.544880 -1
-0.912746 5.595238 -1
-0.912746 5.645595 -1
-0.912746 5.695953 -1
-0.912746 5.746311 -1
-0.912746 5.796668 -1
-0.912746 5.847026 -1
-0.912746 5.897384 -1
-0.912746 5.947741 -1
-0.912746 5.998099 -1
-0.912746 6.048457 -1
-0.912746 6.098814 -1
-0.912746 6.149172 -1
-0.912746 6.199530 -1
-0.912746 6.249887 -1
-0.912746 6.300245 -1
-0.912746 6.350602 -1
-0.862538 -1.354118 -1
-0.862538 -1.303761 -1
-0.862538 -1.253403 -1
-0.862538 -1.203046 -1
-0.862538 -1.152688 -1
-0.862538 -1.102330 -1
-0.862538 -1.051973 -1
-0.862538 -1.001615 -1
-0.862538 -0.951257 -1
-0.862538 -0.900900 -1
-0.862538 -0.850542 -1
-0.862538 -0.800184 -1
-0.862538 -0.749827 -1
-0.862538 -0.699469 -1
-0.862538 -0.649111 -1
-0.862538 -0.598754 -1
-0.862538 -0.548396 -1
-0.862538 -0.498038 -1
-0.862538 -0.447681 -1
-0.862538 -0.397323 -1
-0.862538 -0.346965 -1
-0.862538 -0.296608 -1
-0.862538 -0.246250 -1
-0.862538 -0.195892 -1
-0.862538 -0.145535 -1
-0.862538 -0.095177 -1
-0.862538 -0.044820 -1
-0.862538 0.005538 -1
-0.862538 0.055896 -1
-0.862538 0.106253 -1
-0.862538 0.156611 -1
-0.862538 0.206969 -1
-0.862538 0.257326 -1
-0.862538 0.307684 -1
-0.862538 0.358042 -1
-0.862538 0.408399 -1
-0.862538 0.458757 -1
-0.862538 0.509115 -1
-0.862538 0.559472 -1
-0.862538 0.609830 -1
-0.862538 0.660188 -1
-0.862538 0.710545 -1
-0.862538 0.760903 -1
-0.862538 0.811261 -1
-0.862538 0.861618 -1
-0.862538 0.911976 -1
-0.862538 0.962334 -1
-0.862538 1.012691 -1
-0.862538 1.063049 -1
-0.862538 1.113407 -1
-0.862538 1.163764 -1
-0.862538 1.214122 -1
-0.862538 1.264479 -1
-0.862538 1.314837 -1
-0.862538 1.365195 -1
-0.862538 1.415552 -1
-0.862538 1.465910 -1
-0.862538 1.516268 -1
-0.862538 1.566625 -1
-0.862538 1.616983 -1
-0.862538 1.667341 -1
-0.862538 1.717698 -1
-0.862538 1.768056 -1
-0.862538 1.818414 -1
-0.862538 1.868771 -1
-0.862538 1.919129 -1
-0.862538 1.969487 -1
-0.862538 2.019844 -1
-0.862538 2.070202 -1
-0.862538 2.120560 -1
-0.862538 2.170917 -1
-0.862538 2.221275 -1
-0.862538 2.271633 -1
-0.862538 2.321990 -1
-0.862538 2.372348 -1
-0.862538 2.422706 -1
-0.862538 2.473063 -1
-0.862538 2.523421 -1
-0.862538 2.573778 -1
-0.862538 2.624136 -1
-0.862538 2.674494 -1
-0.862538 2.724851 -1
-0.862538 2.775209 -1
-0.862538 2.825567 -1
-0.862538 2.875924 -1
-0.862538 2.926282 -1
-0.862538 2.976640 -1
-0.862538 3.026997 -1
-0.862538 3.077355 -1
-0.862538 3.127713 -1
-0.862538 3.178070 -1
-0.862538 3.228428 -1
-0.862538 3.278786 -1
-0.862538 3.329143 -1
-0.862538 3.379501 -1
-0.862538 3.429859 -1
-0.862538 3.480216 -1
-0.862538 3.530574 -1
-0.862538 3.580932 -1
-0.862538 3.631289 -1
-0.862538 3.681647 -1
-0.862538 3.732005 -1
-0.862538 3.782362 -1
-0.862538 3.832720 -1
-0.862538 3.883077 -1
-0.862538 3.933435 -1
-0.862538 3.983793 -1
-0.862538 4.034150 -1
-0.862538 4.084508 -1
-0.862538 4.134866 -1
-0.862538 4.185223 -1
-0.862538 4.235581 -1
-0.862538 4.285939 -1
-0.862538 4.336296 -1
-0.862538 4.386654 -1
-0.862538 4.437012 -1
-0.862538 4.487369 -1
-0.862538 4.537727 -1
-0.862538 4.588085 -1
-0.862538 4.638442 -1
-0.862538 4.688800 -1
-0.862538 4.739158 -1
-0.862538 4.789515 -1
-0.862538 4.839873 -1
-0.862538 4.890231 -1
-0.862538 4.940588 -1
-0.862538 4.990946 -1
-0.862538 5.041303 -1
-0.862538 5.091661 -1
-0.862538 5.142019 -1
-0.862538 5.192376 -1
-0.862538 5.242734 -1
-0.862538 5.293092 -1
-0.862538 5.343449 -1
-0.862538 5.393807 -1
-0.862538 5.444165 -1
-0.862538 5.494522 -1
-0.862538 5.544880 -1
-0.862538 5.595238 -1
-0.862538 5.645595 -1
-0.862538 5.695953 -1
-0.862538 5.746311 -1
-0.862538 5.796668 -1
-0.862538 5.847026 -1
-0.862538 5.897384 -1
-0.862538 5.947741 -1
-0.862538 5.998099 -1
-0.862538 6.048457 -1
-0.862538 6.098814 -1
-0.862538 6.149172 -1
-0.862538 6.199530 -1
-0.862538 6.249887 -1
-0.862538 6.300245 -1
-0.862538 6.350602 -1
-0.812330 -1.354118 -1
-0.812330 -1.303761 -1
-0.812330 -1.253403 -1
-0.812330 -1.203046 -1
-0.812330 -1.152688 -1
-0.812330 -1.102330 -1
-0.812330 -1.051973 -1
-0.812330 -1.001615 -1
-0.812330 -0.951257 -1
-0.812330 -0.900900 -1
-0.812330 -0.850542 -1
-0.812330 -0.800184 -1
-0.812330 -0.749827 -1
-0.812330 -0.699469 -1
-0.812330 -0.649111 -1
-0.812330 -0.598754 -1
-0.812330 -0.548396 -1
-0.812330 -0.498038 -1
-0.812330 -0.447681 -1
-0.812330 -0.397323 -1
-0.812330 -0.346965 -1
-0.812330 -0.296608 -1
-0.812330 -0.246250 -1
-0.812330 -0.195892 -1
-0.812330 -0.145535 -1
-0.812330 -0.095177 -1
-0.812330 -0.044820 -1
-0.812330 0.005538 -1
-0.812330 0.055896 -1
-0.812330 0.106253 -1
-0.812330 0.156611 -1
-0.812330 0.206969 -1
-0.812330 0.257326 -1
-0.812330 0.307684 -1
-0.812330 0.358042 -1
-0.812330 0.408399 -1
-0.812330 0.458757 -1
-0.812330 0.509115 -1
-0.812330 0.559472 -1
-0.812330 0.609830 -1
-0.812330 0.660188 -1
-0.812330 0.710545 -1
-0.812330 0.760903 -1
-0.812330 0.811261 -1
-0.812330 0.861618 -1
-0.812330 0.911976 -1
-0.812330 0.962334 -1
-0.812330 1.012691 -1
-0.812330 1.063049 -1
-0.812330 1.113407 -1
-0.812330 1.163764 -1
-0.812330 1.214122 -1
-0.812330 1.264479 -1
-0.812330 1.314837 -1
-0.812330 1.365195 -1
-0.812330 1.415552 -1
-0.812330 1.465910 -1
-0.812330 1.516268 -1
-0.812330 1.566625 -1
-0.812330 1.616983 -1
-0.812330 1.667341 -1
-0.812330 1.717698 -1
-0.812330 1.768056 -1
-0.812330 1.818414 -1
-0.812330 1.868771 -1
-0.812330 1.919129 -1
-0.812330 1.969487 -1
-0.812330 2.019844 -1
-0.812330 2.070202 -1
-0.812330 2.120560 -1
-0.812330 2.170917 -1
-0.812330 2.221275 -1
-0.812330 2.271633 -1
-0.812330 2.321990 -1
-0.812330 2.372348 -1
-0.812330 2.422706 -1
-0.812330 2.473063 -1
-0.812330 2.523421 -1
-0.812330 2.573778 -1
-0.812330 2.624136 -1
-0.812330 2.674494 -1
-0.812330 2.724851 -1
-0.812330 2.775209 -1
-0.812330 2.825567 0.00020741
-0.812330 2.875924 -1
-0.812330 2.926282 -1
-0.812330 2.976640 -1
-0.812330 3.026997 -1
-0.812330 3.077355 -1
-0.812330 3.127713 -1
-0.812330 3.178070 -1
-0.812330 3.228428 -1
-0.812330 3.278786 0.000201129
-0.812330 3.329143 -1
-0.812330 3.379501 -1
-0.812330 3.429859 0.000202398
-0.812330 3.480216 -1
-0.812330 3.530574 -1
-0.812330 3.580932 -1
-0.812330 3.631289 -1
-0.812330 3.681647 -1
-0.812330 3.732005 -1
-0.812330 3.782362 0.000204619
-0.812330 3.832720 0.000203829
-0.812330 3.883077 0.000202417
-0.812330 3.933435 0.000200935
-0.812330 3.983793 0.000200318
-0.812330 4.034150 0.000199583
-0.812330 4.084508 0.000198329
-0.812330 4.134866 0.00019743
-0.812330 4.185223 0.000197636
-0.812330 4.235581 -1
-0.812330 4.285939 -1
-0.812330 4.336296 -1
-0.812330 4.386654 -1
-0.812330 4.437012 -1
-0.812330 4.487369 -1
-0.812330 4.537727 -1
-0.812330 4.588085 -1
-0.812330 4.638442 -1
-0.812330 4.688800 -1
-0.812330 4.739158 -1
-0.812330 4.789515 -1
-0.812330 4.839873 -1
-0.812330 4.890231 -1
-0.812330 4.940588 -1
-0.812330 4.990946 -1
-0.812330 5.041303 -1
-0.812330 5.091661 -1
-0.812330 5.142019 -1
-0.812330 5.192376 -1
-0.812330 5.242734 -1
-0.812330 5.293092 -1
-0.812330 5.343449 -1
-0.812330 5.393807 -1
-0.812330 5.444165 -1
-0.812330 5.494522 -1
-0.812330 5.544880 -1
-0.812330 5.595238 -1
-0.812330 5.645595 -1
-0.812330 5.695953 -1
-0.812330 5.746311 -1
-0.812330 5.796668 -1
-0.812330 5.847026 -1
-0.812330 5.897384 -1
-0.812330 5.947741 -1
-0.812330 5.998099 -1
-0.812330 6.048457 -1
-0.812330 6.098814 -1
-0.812330 6.149172 -1
-0.812330 6.199530 -1
-0.812330 6.249887 -1
-0.812330 6.300245 -1
-0.812330 6.350602 -1
-0.762122 -1.354118 -1
-0.762122 -1.303761 -1
-0.762122 -1.253403 -1
-0.762122 -1.203046 -1
-0.762122 -1.152688 -1
-0.762122 -1.102330 -1
-0.762122 -1.051973 -1
-0.762122 -1.001615 -1
-0.762122 -0.951257 -1
-0.762122 -0.900900 -1
-0.762122 -0.850542 -1
-0.762122 -0.800184 -1
-0.762122 -0.749827 -1
-0.762122 -0.699469 -1
-0.762122 -0.649111 -1
-0.762122 -0.598754 -1
-0.762122 -0.548396 -1
-0.762122 -0.498038 -1
-0.762122 -0.447681 -1
-0.762122 -0.397323 -1
-0.762122 -0.346965 -1
-0.762122 -0.296608 -1
-0.762122 -0.246250 -1
-0.762122 -0.195892 -1
-0.762122 -0.145535 -1
-0.762122 -0.095177 -1
-0.762122 -0.044820 -1
-0.762122 0.005538 -1
-0.762122 0.055896 -1
-0.762122 0.106253 -1
-0.762122 0.156611 -1
-0.762122 0.206969 -1
-0.762122 0.257326 -1
-0.762122 0.307684 -1
-0.762122 0.358042 -1
-0.762122 0.408399 -1
-0.762122 0.458757 -1
-0.762122 0.509115 -1
-0.762122 0.559472 -1
-0.762122 0.609830 -1
-0.762122 0.660188 -1
-0.762122 0.710545 -1
-0.762122 0.760903 -1
-0.762122 0.811261 -1
-0.762122 0.861618 -1
-0.762122 0.911976 -1
-0.762122 0.962334 -1
-0.762122 1.012691 -1
-0.762122 1.063049 -1
-0.762122 1.113407 -1
-0.762122 1.163764 -1
-0.762122 1.214122 -1
-0.762122 1.264479 -1
-0.762122 1.314837 -1
-0.762122 1.365195 -1
-0.762122 1.415552 -1
-0.762122 1.465910 -1
-0.762122 1.516268 -1
-0.762122 1.566625 -1
-0.762122 1.616983 -1
-0.762122 1.667341 -1
-0.762122 1.717698 -1
-0.762122 1.768056 -1
-0.762122 1.818414 -1
-0.762122 1.868771 -1
-0.762122 1.919129 -1
-0.762122 1.969487 -1
-0.762122 2.019844 -1
-0.762122 2.070202 -1
-0.762122 2.120560 -1
-0.762122 2.170917 -1
-0.762122 2.221275 -1
-0.762122 2.271633 -1
-0.762122 2.321990 -1
-0.762122 2.372348 0.000275357
-0.762122 2.422706 -1
-0.762122 2.473063 -1
-0.762122 2.523421 0.00360135
-0.762122 2.573778 0.00166609
-0.762122 2.624136 0.00028661
-0.762122 2.674494 0.000234198
-0.762122 2.724851 0.000220033
-0.762122 2.775209 0.000212876
-0.762122 2.825567 0.000208321
-0.762122 2.875924 0.000204491
-0.762122 2.926282 0.000202064
-0.762122 2.976640 0.000201667
-0.762122 3.026997 0.000201996
-0.762122 3.077355 0.000202264
-0.762122 3.127713 0.000201961
-0.762122 3.178070 0.000201468
-0.762122 3.228428 0.000201662
-0.762122 3.278786 0.00020138
-0.762122 3.329143 0.000201188
-0.762122 3.379501 0.000201864
-0.762122 3.429859 0.000203421
-0.762122 3.480216 0.000204744
-0.762122 3.530574 0.0002056
-0.762122 3.580932 0.000207708
-0.762122 3.631289 0.000209369
-0.762122 3.681647 0.00020952
-0.762122 3.732005 0.000208756
-0.762122 3.782362 0.000207296
-0.762122 3.832720 0.000205662
-0.762122 3.883077 0.000203906
-0.762122 3.933435 0.000201944
-0.762122 3.983793 0.000201279
-0.762122 4.034150 0.00020064
-0.762122 4.084508 0.000199513
-0.762122 4.134866 0.000198887
-0.762122 4.185223 0.000198669
-0.762122 4.235581 -1
-0.762122 4.285939 -1
-0.762122 4.336296 -1
-0.762122 4.386654 -1
-0.762122 4.437012 -1
-0.762122 4.487369 -1
-0.762122 4.537727 -1
-0.762122 4.588085 -1
-0.762122 4.638442 -1
-0.762122 4.688800 -1
-0.762122 4.739158 -1
-0.762122 4.789515 -1
-0.762122 4.839873 -1
-0.762122 4.890231 -1
-0.762122 4.940588 -1
-0.762122 4.990946 -1
-0.762122 5.041303 -1
-0.762122 5.091661 -1
-0.762122 5.142019 -1
-0.762122 5.192376 -1
-0.762122 5.242734 -1
-0.762122 5.293092 -1
-0.762122 5.343449 -1
-0.762122 5.393807 -1
-0.762122 5.444165 -1
-0.762122 5.494522 -1
-0.762122 5.544880 -1
-0.762122 5.595238 -1
-0.762122 5.645595 -1
-0.762122 5.695953 -1
-0.762122 5.746311 -1
-0.762122 5.796668 -1
-0.762122 5.847026 -1
-0.762122 5.897384 -1
-0.762122 5.947741 -1
-0.762122 5.998099 -1
-0.762122 6.048457 -1
-0.762122 6.098814 -1
-0.762122 6.149172 -1
-0.762122 6.199530 -1
-0.762122 6.249887 -1
-0.762122 6.300245 -1
-0.762122 6.350602 -1
-0.711914 -1.354118 -1
-0.711914 -1.303761 -1
-0.711914 -1.253403 -1
-0.711914 -1.203046 -1
-0.711914 -1.152688 -1
-0.711914 -1.102330 -1
-0.711914 -1.051973 -1
-0.711914 -1.001615 -1
-0.711914 -0.951257 -1
-0.711914 -0.900900 -1
-0.711914 -0.850542 -1
-0.711914 -0.800184 -1
-0.711914 -0.749827 -1
-0.711914 -0.699469 -1
-0.711914 -0.649111 -1
-0.711914 -0.598754 -1
-0.711914 -0.548396 -1
-0.711914 -0.498038 -1
-0.711914 -0.447681 -1
-0.711914 -0.397323 -1
-0.711914 -0.346965 -1
-0.711914 -0.296608 -1
-0.711914 -0.246250 -1
-0.711914 -0.195892 -1
-0.711914 -0.145535 -1
-0.711914 -0.095177 -1
-0.711914 -0.044820 -1
-0.711914 0.005538 -1
-0.711914 0.055896 -1
-0.711914 0.106253 -1
-0.711914 0.156611 -1
-0.711914 0.206969 -1
-0.711914 0.257326 -1
-0.711914 0.307684 -1
-0.711914 0.358042 -1
-0.711914 0.408399 -1
-0.711914 0.458757 -1
-0.711914 0.509115 -1
-0.711914 0.559472 -1
-0.711914 0.609830 -1
-0.711914 0.660188 -1
-0.711914 0.710545 -1
-0.711914 0.760903 -1
-0.711914 0.811261 -1
-0.711914 0.861618 -1
-0.711914 0.911976 -1
-0.711914 0.962334 -1
-0.711914 1.012691 -1
-0.711914 1.063049 -1
-0.711914 1.113407 -1
-0.711914 1.163764 -1
-0.711914 1.214122 -1
-0.711914 1.264479 -1
-0.711914 1.314837 -1
-0.711914 1.365195 -1
-0.711914 1.415552 -1
-0.711914 1.465910 -1
-0.711914 1.516268 -1
-0.711914 1.566625 -1
-0.711914 1.616983 -1
-0.711914 1.667341 -1
-0.711914 1.717698 0.000210429
-0.711914 1.768056 -1
-0.711914 1.818414 -1
-0.711914 1.868771 0.00021038
-0.711914 1.919129 -1
-0.711914 1.969487 -1
-0.711914 2.019844 0.00021264
-0.711914 2.070202 0.000212339
-0.711914 2.120560 -1
-0.711914 2.170917 -1
-0.711914 2.221275 0.000214175
-0.711914 2.271633 0.00022307
-0.711914 2.321990 0.000237782
-0.711914 2.372348 0.000277478
-0.711914 2.422706 0.000985233
-0.711914 2.473063 0.00568109
-0.711914 2.523421 0.00583775
-0.711914 2.573778 0.00254836
-0.711914 2.624136 0.000301718
-0.711914 2.674494 0.000234101
-0.711914 2.724851 0.000220167
-0.711914 2.775209 0.000212569
-0.711914 2.825567 0.000207778
-0.711914 2.875924 0.000204283
-0.711914 2.926282 0.00020233
-0.711914 2.976640 0.000201903
-0.711914 3.026997 0.000202568
-0.711914 3.077355 0.000202995
-0.711914 3.127713 0.000202919
-0.711914 3.178070 0.000202305
-0.711914 3.228428 0.000202076
-0.711914 3.278786 0.000202159
-0.711914 3.329143 0.00020229
-0.711914 3.379501 0.000203356
-0.711914 3.429859 0.000205724
-0.711914 3.480216 0.000207467
-0.711914 3.530574 0.000209468
-0.711914 3.580932 0.000213027
-0.711914 3.631289 0.000215647
-0.711914 3.681647 0.000216031
-0.711914 3.732005 0.000214456
-0.711914 3.782362 0.000211541
-0.711914 3.832720 0.000209076
-0.711914 3.883077 0.000206667
-0.711914 3.933435 0.000204005
-0.711914 3.983793 0.000202946
-0.711914 4.034150 0.000202568
-0.711914 4.084508 0.000201245
-0.711914 4.134866 0.00020007
-0.711914 4.185223 0.000199936
-0.711914 4.235581 -1
-0.711914 4.285939 -1
-0.711914 4.336296 -1
-0.711914 4.386654 -1
-0.711914 4.437012 -1
-0.711914 4.487369 -1
-0.711914 4.537727 -1
-0.711914 4.588085 -1
-0.711914 4.638442 -1
-0.711914 4.688800 -1
-0.711914 4.739158 -1
-0.711914 4.789515 -1
-0.711914 4.839873 -1
-0.711914 4.890231 -1
-0.711914 4.940588 -1
-0.711914 4.990946 -1
-0.711914 5.041303 -1
-0.711914 5.091661 -1
-0.711914 5.142019 -1
-0.711914 5.192376 -1
-0.711914 5.242734 -1
-0.711914 5.293092 -1
-0.711914 5.343449 -1
-0.711914 5.393807 -1
-0.711914 5.444165 -1
-0.711914 5.494522 -1
-0.711914 5.544880 -1
-0.711914 5.595238 -1
-0.711914 5.645595 -1
-0.711914 5.695953 -1
-0.711914 5.746311 -1
-0.711914 5.796668 -1
-0.711914 5.847026 -1
-0.711914 5.897384 -1
-0.711914 5.947741 -1
-0.711914 5.998099 -1
-0.711914 6.048457 -1
-0.711914 6.098814 -1
-0.711914 6.149172 -1
-0.711914 6.199530 -1
-0.711914 6.249887 -1
-0.711914 6.300245 -1
-0.711914 6.350602 -1
-0.661706 -1.354118 -1
-0.661706 -1.303761 -1
-0.661706 -1.253403 -1
-0.661706 -1.203046 -1
-0.661706 -1.152688 -1
-0.661706 -1.102330 -1
-0.661706 -1.051973 -1
-0.661706 -1.001615 -1
-0.661706 -0.951257 -1
-0.661706 -0.900900 -1
-0.661706 -0.850542 -1
-0.661706 -0.800184 -1
-0.661706 -0.749827 -1
-0.661706 -0.699469 -1
-0.661706 -0.649111 -1
-0.661706 -0.598754 -1
-0.661706 -0.548396 -1
-0.661706 -0.498038 -1
-0.661706 -0.447681 -1
-0.661706 -0.397323 -1
-0.661706 -0.346965 -1
-0.661706 -0.296608 -1
-0.661706 -0.246250 -1
-0.661706 -0.195892 -1
-0.661706 -0.145535 -1
-0.661706 -0.095177 -1
-0.661706 -0.044820 -1
-0.661706 0.005538 -1
-0.661706 0.055896 -1
-0.661706 0.106253 -1
-0.661706 0.156611 -1
-0.661706 0.206969 -1
-0.661706 0.257326 -1
-0.661706 0.307684 -1
-0.661706 0.358042 -1
-0.661706 0.408399 0.000209285
-0.661706 0.458757 -1
-0.661706 0.509115 -1
-0.661706 0.559472 -1
-0.661706 0.609830 0.000209127
-0.661706 0.660188 0.00020923
-0.661706 0.710545 -1
-0.661706 0.760903 -1
-0.661706 0.811261 0.000210472
-0.661706 0.861618 0.000211514
-0.661706 0.911976 -1
-0.661706 0.962334 0.000210546
-0.661706 1.012691 0.000211634
-0.661706 1.063049 -1
-0.661706 1.113407 -1
-0.661706 1.163764 -1
-0.661706 1.214122 0.000223282
-0.661706 1.264479 0.000224852
-0.661706 1.314837 0.000225488
-0.661706 1.365195 0.000224929
-0.661706 1.415552 0.000223315
-0.661706 1.465910 0.000220918
-0.661706 1.516268 0.000217519
-0.661706 1.566625 0.000214881
-0.661706 1.616983 0.000212872
-0.661706 1.667341 0.00021182
-0.661706 1.717698 0.00021164
-0.661706 1.768056 0.000211421
-0.661706 1.818414 0.000211143
-0.661706 1.868771 0.00021094
-0.661706 1.919129 0.000211196
-0.661706 1.969487 0.000212276
-0.661706 2.019844 0.000211967
-0.661706 2.070202 0.000211116
-0.661706 2.120560 0.000209339
-0.661706 2.170917 0.000209036
-0.661706 2.221275 0.000211814
-0.661706 2.271633 0.000220476
-0.661706 2.321990 0.000232133
-0.661706 2.372348 0.000256171
-0.661706 2.422706 0.000361739
-0.661706 2.473063 0.00283105
-0.661706 2.523421 0.0043922
-0.661706 2.573778 0.00170771
-0.661706 2.624136 0.000261314
-0.661706 2.674494 0.000229118
-0.661706 2.724851 0.000217868
-0.661706 2.775209 0.00021132
-0.661706 2.825567 0.000206561
-0.661706 2.875924 0.000203671
-0.661706 2.926282 0.000202687
-0.661706 2.976640 0.000202454
-0.661706 3.026997 0.000203061
-0.661706 3.077355 0.000203463
-0.661706 3.127713 0.000203682
-0.661706 3.178070 0.000203065
-0.661706 3.228428 0.000203025
-0.661706 3.278786 0.000203386
-0.661706 3.329143 0.00020422
-0.661706 3.379501 0.000205386
-0.661706 3.429859 0.000208294
-0.661706 3.480216 0.000211398
-0.661706 3.530574 0.000215968
-0.661706 3.580932 0.000222287
-0.661706 3.631289 0.000227525
-0.661706 3.681647 0.000230206
-0.661706 3.732005 0.000226201
-0.661706 3.782362 0.000219106
-0.661706 3.832720 0.000213918
-0.661706 3.883077 0.000209931
-0.661706 3.933435 0.000206788
-0.661706 3.983793 0.00020532
-0.661706 4.034150 0.000204795
-0.661706 4.084508 0.000202739
-0.661706 4.134866 0.000201304
-0.661706 4.185223 0.000201426
-0.661706 4.235581 -1
-0.661706 4.285939 -1
-0.661706 4.336296 -1
-0.661706 4.386654 -1
-0.661706 4.437012 -1
-0.661706 4.487369 -1
-0.661706 4.537727 -1
-0.661706 4.588085 -1
-0.661706 4.638442 -1
-0.661706 4.688800 -1
-0.661706 4.739158 -1
-0.661706 4.789515 -1
-0.661706 4.839873 -1
-0.661706 4.890231 -1
-0.661706 4.940588 -1
-0.661706 4.990946 -1
-0.661706 5.041303 -1
-0.661706 5.091661 -1
-0.661706 5.142019 -1
-0.661706 5.192376 -1
-0.661706 5.242734 -1
-0.661706 5.293092 -1
-0.661706 5.343449 -1
-0.661706 5.393807 -1
-0.661706 5.444165 -1
-0.661706 5.494522 -1
-0.661706 5.544880 -1
-0.661706 5.595238 -1
-0.661706 5.645595 -1
-0.661706 5.695953 -1
-0.661706 5.746311 -1
-0.661706 5.796668 -1
-0.661706 5.847026 -1
-0.661706 5.897384 -1
-0.661706 5.947741 -1
-0.661706 5.998099 -1
-0.661706 6.048457 -1
-0.661706 6.098814 -1
-0.661706 6.149172 -1
-0.661706 6.199530 -1
-0.661706 6.249887 -1
-0.661706 6.300245 -1
-0.661706 6.350602 -1
-0.611498 -1.354118 -1
-0.611498 -1.303761 -1
-0.611498 -1.253403 -1
-0.611498 -1.203046 -1
-0.611498 -1.152688 -1
-0.611498 -1.102330 -1
-0.611498 -1.051973 -1
-0.611498 -1.001615 -1
-0.611498 -0.951257 -1
-0.611498 -0.900900 -1
-0.611498 -0.850542 -1
-0.611498 -0.800184 -1
-0.611498 -0.749827 -1
-0.611498 -0.699469 -1
-0.611498 -0.649111 -1
-0.611498 -0.598754 -1
-0.611498 -0.548396 -1
-0.611498 -0.498038 -1
-0.611498 -0.447681 -1
-0.611498 -0.397323 -1
-0.611498 -0.346965 -1
-0.611498 -0.296608 -1
-0.611498 -0.246250 -1
-0.611498 -0.195892 -1
-0.611498 -0.145535 -1
-0.611498 -0.095177 -1
-0.611498 -0.044820 -1
-0.611498 0.005538 -1
-0.611498 0.055896 -1
-0.611498 0.106253 -1
-0.611498 0.156611 -1
-0.611498 0.206969 -1
-0.611498 0.257326 -1
-0.611498 0.307684 0.000212974
-0.611498 0.358042 0.000210984
-0.611498 0.408399 0.000209011
-0.611498 0.458757 0.000208698
-0.611498 0.509115 0.000207738
-0.611498 0.559472 0.000207671
-0.611498 0.609830 0.000209407
-0.611498 0.660188 0.000209871
-0.611498 0.710545 0.000209941
-0.611498 0.760903 0.000209796
-0.611498 0.811261 0.000211835
-0.611498 0.861618 0.000213317
-0.611498 0.911976 0.000212704
-0.611498 0.962334 0.000212396
-0.611498 1.012691 0.000213909
-0.611498 1.063049 0.000217093
-0.611498 1.113407 0.000220689
-0.611498 1.163764 0.000225702
-0.611498 1.214122 0.000231173
-0.611498 1.264479 0.000234492
-0.611498 1.314837 0.000234724
-0.611498 1.365195 0.000232727
-0.611498 1.415552 0.000228915
-0.611498 1.465910 0.000224929
-0.611498 1.516268 0.00022047
-0.611498 1.566625 0.000217121
-0.611498 1.616983 0.000214615
-0.611498 1.667341 0.000213211
-0.611498 1.717698 0.000212817
-0.611498 1.768056 0.000212709
-0.611498 1.818414 0.000212273
-0.611498 1.868771 0.000211928
-0.611498 1.919129 0.000211444
-0.611498 1.969487 0.000211715
-0.611498 2.019844 0.000210563
-0.611498 2.070202 0.000209831
-0.611498 2.120560 0.000208157
-0.611498 2.170917 0.000207451
-0.611498 2.221275 0.00021003
-0.611498 2.271633 0.000216844
-0.611498 2.321990 0.000224775
-0.611498 2.372348 0.00023503
-0.611498 2.422706 0.000258969
-0.611498 2.473063 0.000451551
-0.611498 2.523421 0.000514171
-0.611498 2.573778 0.000325355
-0.611498 2.624136 0.000235405
-0.611498 2.674494 0.000221976
-0.611498 2.724851 0.000215261
-0.611498 2.775209 0.000209649
-0.611498 2.825567 0.000205416
-0.611498 2.875924 0.00020302
-0.611498 2.926282 0.000202219
-0.611498 2.976640 0.000202603
-0.611498 3.026997 0.000202916
-0.611498 3.077355 0.000203389
-0.611498 3.127713 0.000203769
-0.611498 3.178070 0.000203328
-0.611498 3.228428 0.000203468
-0.611498 3.278786 0.000204318
-0.611498 3.329143 0.000205062
-0.611498 3.379501 0.00020649
-0.611498 3.429859 0.000210336
-0.611498 3.480216 0.000215236
-0.611498 3.530574 0.000223504
-0.611498 3.580932 0.000237141
-0.611498 3.631289 0.000254653
-0.611498 3.681647 0.000275106
-0.611498 3.732005 0.000248997
-0.611498 3.782362 0.000230812
-0.611498 3.832720 0.000220726
-0.611498 3.883077 0.000214376
-0.611498 3.933435 0.000210445
-0.611498 3.983793 0.000208576
-0.611498 4.034150 0.000207028
-0.611498 4.084508 0.000204653
-0.611498 4.134866 0.000203037
-0.611498 4.185223 0.000203175
-0.611498 4.235581 -1
-0.611498 4.285939 -1
-0.611498 4.336296 -1
-0.611498 4.386654 -1
-0.611498 4.437012 -1
-0.611498 4.487369 -1
-0.611498 4.537727 -1
-0.611498 4.588085 -1
-0.611498 4.638442 -1
-0.611498 4.688800 -1
-0.611498 4.739158 -1
-0.611498 4.789515 -1
-0.611498 4.839873 -1
-0.611498 4.890231 -1
-0.611498 4.940588 -1
-0.611498 4.990946 -1
-0.611498 5.041303 -1
-0.611498 5.091661 -1
-0.611498 5.142019 -1
-0.611498 5.192376 -1
-0.611498 5.242734 -1
-0.611498 5.293092 -1
-0.611498 5.343449 -1
-0.611498 5.393807 -1
-0.611498 5.444165 -1
-0.611498 5.494522 -1
-0.611498 5.544880 -1
-0.611498 5.595238 -1
-0.611498 5.645595 -1
-0.611498 5.695953 -1
-0.611498 5.746311 -1
-0.611498 5.796668 -1
-0.611498 5.847026 -1
-0.611498 5.897384 -1
-0.611498 5.947741 -1
-0.611498 5.998099 -1
-0.611498 6.048457 -1
-0.611498 6.098814 -1
-0.611498 6.149172 -1
-0.611498 6.199530 -1
-0.611498 6.249887 -1
-0.611498 6.300245 -1
-0.611498 6.350602 -1
-0.561290 -1.354118 -1
-0.561290 -1.303761 -1
-0.561290 -1.253403 -1
-0.561290 -1.203046 -1
-0.561290 -1.152688 -1
-0.561290 -1.102330 -1
-0.561290 -1.051973 -1
-0.561290 -1.001615 -1
-0.561290 -0.951257 -1
-0.561290 -0.900900 -1
-0.561290 -0.850542 -1
-0.561290 -0.800184 -1
-0.561290 -0.749827 -1
-0.561290 -0.699469 -1
-0.561290 -0.649111 -1
-0.561290 -0.598754 -1
-0.561290 -0.548396 -1
-0.561290 -0.498038 -1
-0.561290 -0.447681 -1
-0.561290 -0.397323 -1
-0.561290 -0.346965 -1
-0.561290 -0.296608 -1
-0.561290 -0.246250 -1
-0.561290 -0.195892 -1
-0.561290 -0.145535 -1
-0.561290 -0.095177 -1
-0.561290 -0.044820 -1
-0.561290 0.005538 -1
-0.561290 0.055896 -1
-0.561290 0.106253 -1
-0.561290 0.156611 -1
-0.561290 0.206969 -1
-0.561290 0.257326 -1
-0.561290 0.307684 0.000213763
-0.561290 0.358042 0.000211707
-0.561290 0.408399 0.000209507
-0.561290 0.458757 0.000209145
-0.561290 0.509115 0.00020813
-0.561290 0.559472 0.00020841
-0.561290 0.609830 0.000210096
-0.561290 0.660188 0.000210493
-0.561290 0.710545 0.000210394
-0.561290 0.760903 0.00021085
-0.561290 0.811261 0.000213508
-0.561290 0.861618 0.00021546
-0.561290 0.911976 0.00021512
-0.561290 0.962334 0.000215034
-0.561290 1.012691 0.00021774
-0.561290 1.063049 0.000222142
-0.561290 1.113407 0.000227974
-0.561290 1.163764 0.000236231
-0.561290 1.214122 0.000245731
-0.561290 1.264479 0.000253412
-0.561290 1.314837 0.000254754
-0.561290 1.365195 0.000246767
-0.561290 1.415552 0.000237537
-0.561290 1.465910 0.000230665
-0.561290 1.516268 0.000224548
-0.561290 1.566625 0.000219819
-0.561290 1.616983 0.000216708
-0.561290 1.667341 0.000214893
-0.561290 1.717698 0.000214108
-0.561290 1.768056 0.000214009
-0.561290 1.818414 0.000213626
-0.561290 1.868771 0.000213001
-0.561290 1.919129 0.000212168
-0.561290 1.969487 0.000211691
-0.561290 2.019844 0.000210341
-0.561290 2.070202 0.000209114
-0.561290 2.120560 0.000207569
-0.561290 2.170917 0.000206559
-0.561290 2.221275 0.000208836
-0.561290 2.271633 0.000213808
-0.561290 2.321990 0.000218339
-0.561290 2.372348 0.000222361
-0.561290 2.422706 0.000228954
-0.561290 2.473063 0.000236671
-0.561290 2.523421 0.000235739
-0.561290 2.573778 0.000228127
-0.561290 2.624136 0.000221388
-0.561290 2.674494 0.00021624
-0.561290 2.724851 0.000211893
-0.561290 2.775209 0.000207678
-0.561290 2.825567 0.000204305
-0.561290 2.875924 0.000202333
-0.561290 2.926282 0.000201516
-0.561290 2.976640 0.000202155
-0.561290 3.026997 0.000202695
-0.561290 3.077355 0.000203414
-0.561290 3.127713 0.00020351
-0.561290 3.178070 0.000203079
-0.561290 3.228428 0.000203304
-0.561290 3.278786 0.000204161
-0.561290 3.329143 0.000205611
-0.561290 3.379501 0.000207588
-0.561290 3.429859 0.00021163
-0.561290 3.480216 0.000218298
-0.561290 3.530574 0.000231091
-0.561290 3.580932 0.000272592
-0.561290 3.631289 0.000519066
-0.561290 3.681647 0.000855324
-0.561290 3.732005 0.000377142
-0.561290 3.782362 0.000253064
-0.561290 3.832720 0.000229559
-0.561290 3.883077 0.000219882
-0.561290 3.933435 0.000214165
-0.561290 3.983793 0.000211346
-0.561290 4.034150 0.000209251
-0.561290 4.084508 0.000206668
-0.561290 4.134866 0.000204778
-0.561290 4.185223 0.000204826
-0.561290 4.235581 -1
-0.561290 4.285939 -1
-0.561290 4.336296 -1
-0.561290 4.386654 -1
-0.561290 4.437012 -1
-0.561290 4.487369 -1
-0.561290 4.537727 -1
-0.561290 4.588085 -1
-0.561290 4.638442 -1
-0.561290 4.688800 -1
-0.561290 4.739158 -1
-0.561290 4.789515 -1
-0.561290 4.839873 -1
-0.561290 4.890231 -1
-0.561290 4.940588 -1
-0.561290 4.990946 -1
-0.561290 5.041303 -1
-0.561290 5.091661 -1
-0.561290 5.142019 -1
-0.561290 5.192376 -1
-0.561290 5.242734 -1
-0.561290 5.293092 -1
-0.561290 5.343449 -1
-0.561290 5.393807 -1
-0.561290 5.444165 -1
-0.561290 5.494522 -1
-0.561290 5.544880 -1
-0.561290 5.595238 -1
-0.561290 5.645595 -1
-0.561290 5.695953 -1
-0.561290 5.746311 -1
-0.561290 5.796668 -1
-0.561290 5.847026 -1
-0.561290 5.897384 -1
-0.561290 5.947741 -1
-0.561290 5.998099 -1
-0.561290 6.048457 -1
-0.561290 6.098814 -1
-0.561290 6.149172 -1
-0.561290 6.199530 -1
-0.561290 6.249887 -1
-0.561290 6.300245 -1
-0.561290 6.350602 -1
-0.511082 -1.354118 -1
-0.511082 -1.303761 -1
-0.511082 -1.253403 -1
-0.511082 -1.203046 -1
-0.511082 -1.152688 -1
-0.511082 -1.102330 -1
-0.511082 -1.051973 -1
-0.511082 -1.001615 -1
-0.511082 -0.951257 -1
-0.511082 -0.900900 -1
-0.511082 -0.850542 -1
-0.511082 -0.800184 -1
-0.511082 -0.749827 -1
-0.511082 -0.699469 -1
-0.511082 -0.649111 -1
-0.511082 -0.598754 -1
-0.511082 -0.548396 -1
-0.511082 -0.498038 -1
-0.511082 -0.447681 -1
-0.511082 -0.397323 -1
-0.511082 -0.346965 -1
-0.511082 -0.296608 -1
-0.511082 -0.246250 -1
-0.511082 -0.195892 -1
-0.511082 -0.145535 -1
-0.511082 -0.095177 -1
-0.511082 -0.044820 -1
-0.511082 0.005538 -1
-0.511082 0.055896 -1
-0.511082 0.106253 -1
-0.511082 0.156611 -1
-0.511082 0.206969 -1
-0.511082 0.257326 -1
-0.511082 0.307684 0.000214988
-0.511082 0.358042 0.000212786
-0.511082 0.408399 0.000210329
-0.511082 0.458757 0.000209674
-0.511082 0.509115 0.000208597
-0.511082 0.559472 0.000208838
-0.511082 0.609830 0.000210699
-0.511082 0.660188 0.00021136
-0.511082 0.710545 0.000211104
-0.511082 0.760903 0.00021185
-0.511082 0.811261 0.000215316
-0.511082 0.861618 0.000216706
-0.511082 0.911976 0.000217471
-0.511082 0.962334 0.000218149
-0.511082 1.012691 0.00022223
-0.511082 1.063049 0.000227531
-0.511082 1.113407 0.000236838
-0.511082 1.163764 0.000252739
-0.511082 1.214122 0.000275538
-0.511082 1.264479 0.000342763
-0.511082 1.314837 0.000418903
-0.511082 1.365195 0.000280201
-0.511082 1.415552 0.000251125
-0.511082 1.465910 0.000238128
-0.511082 1.516268 0.000229262
-0.511082 1.566625 0.000223121
-0.511082 1.616983 0.000219029
-0.511082 1.667341 0.000216694
-0.511082 1.717698 0.00021582
-0.511082 1.768056 0.000215171
-0.511082 1.818414 0.0002145
-0.511082 1.868771 0.000214023
-0.511082 1.919129 0.000212902
-0.511082 1.969487 0.000211967
-0.511082 2.019844 0.000210855
-0.511082 2.070202 0.000209079
-0.511082 2.120560 0.000207004
-0.511082 2.170917 0.000206315
-0.511082 2.221275 0.000207808
-0.511082 2.271633 0.000211334
-0.511082 2.321990 0.000213579
-0.511082 2.372348 0.000214683
-0.511082 2.422706 0.000216889
-0.511082 2.473063 0.000218434
-0.511082 2.523421 0.000218137
-0.511082 2.573778 0.000216324
-0.511082 2.624136 0.000213719
-0.511082 2.674494 0.000210735
-0.511082 2.724851 0.000208205
-0.511082 2.775209 0.000205686
-0.511082 2.825567 0.000203342
-0.511082 2.875924 0.000201723
-0.511082 2.926282 0.000201268
-0.511082 2.976640 0.000201763
-0.511082 3.026997 0.0002027
-0.511082 3.077355 0.000203153
-0.511082 3.127713 0.000203035
-0.511082 3.178070 0.000202624
-0.511082 3.228428 0.000203044
-0.511082 3.278786 0.000204037
-0.511082 3.329143 0.00020539
-0.511082 3.379501 0.000207877
-0.511082 3.429859 0.000212292
-0.511082 3.480216 0.000219797
-0.511082 3.530574 0.000237007
-0.511082 3.580932 0.00045999
-0.511082 3.631289 0.00440551
-0.511082 3.681647 0.00553545
-0.511082 3.732005 0.00190037
-0.511082 3.782362 0.000296197
-0.511082 3.832720 0.000238025
-0.511082 3.883077 0.00022568
-0.511082 3.933435 0.000217418
-0.511082 3.983793 0.000213871
-0.511082 4.034150 0.000211271
-0.511082 4.084508 0.000208478
-0.511082 4.134866 0.00020649
-0.511082 4.185223 0.000206188
-0.511082 4.235581 -1
-0.511082 4.285939 -1
-0.511082 4.336296 -1
-0.511082 4.386654 -1
-0.511082 4.437012 -1
-0.511082 4.487369 -1
-0.511082 4.537727 -1
-0.511082 4.588085 -1
-0.511082 4.638442 -1
-0.511082 4.688800 -1
-0.511082 4.739158 -1
-0.511082 4.789515 -1
-0.511082 4.839873 -1
-0.511082 4.890231 -1
-0.511082 4.940588 -1
-0.511082 4.990946 -1
-0.511082 5.041303 -1
-0.511082 5.091661 -1
-0.511082 5.142019 -1
-0.511082 5.192376 -1
-0.511082 5.242734 -1
-0.511082 5.293092 -1
-0.511082 5.343449 -1
-0.511082 5.393807 -1
-0.511082 5.444165 -1
-0.511082 5.494522 -1
-0.511082 5.544880 -1
-0.511082 5.595238 -1
-0.511082 5.645595 -1
-0.511082 5.695953 -1
-0.511082 5.746311 -1
-0.511082 5.796668 -1
-0.511082 5.847026 -1
-0.511082 5.897384 -1
-0.511082 5.947741 -1
-0.511082 5.998099 -1
-0.511082 6.048457 -1
-0.511082 6.098814 -1
-0.511082 6.149172 -1
-0.511082 6.199530 -1
-0.511082 6.249887 -1
-0.511082 6.300245 -1
-0.511082 6.350602 -1
-0.460874 -1.354118 -1
-0.460874 -1.303761 -1
-0.460874 -1.253403 -1
-0.460874 -1.203046 -1
-0.460874 -1.152688 -1
-0.460874 -1.102330 -1
-0.460874 -1.051973 -1
-0.460874 -1.001615 -1
-0.460874 -0.951257 -1
-0.460874 -0.900900 -1
-0.460874 -0.850542 -1
-0.460874 -0.800184 -1
-0.460874 -0.749827 -1
-0.460874 -0.699469 -1
-0.460874 -0.649111 -1
-0.460874 -0.598754 -1
-0.460874 -0.548396 -1
-0.460874 -0.498038 -1
-0.460874 -0.447681 -1
-0.460874 -0.397323 -1
-0.460874 -0.346965 -1
-0.460874 -0.296608 -1
-0.460874 -0.246250 -1
-0.460874 -0.195892 -1
-0.460874 -0.145535 -1
-0.460874 -0.095177 -1
-0.460874 -0.044820 -1
-0.460874 0.005538 -1
-0.460874 0.055896 -1
-0.460874 0.106253 -1
-0.460874 0.156611 -1
-0.460874 0.206969 -1
-0.460874 0.257326 -1
-0.460874 0.307684 0.000216644
-0.460874 0.358042 0.000214252
-0.460874 0.408399 0.000211392
-0.460874 0.458757 0.000210336
-0.460874 0.509115 0.00020946
-0.460874 0.559472 0.000209837
-0.460874 0.609830 0.000211701
-0.460874 0.660188 0.000212001
-0.460874 0.710545 0.00021184
-0.460874 0.760903 0.000212652
-0.460874 0.811261 0.000216454
-0.460874 0.861618 0.000218123
-0.460874 0.911976 0.000218986
-0.460874 0.962334 0.00022088
-0.460874 1.012691 0.000225218
-0.460874 1.063049 0.000232404
-0.460874 1.113407 0.000246219
-0.460874 1.163764 0.000280026
-0.460874 1.214122 0.000443415
-0.460874 1.264479 0.00234421
-0.460874 1.314837 0.00288643
-0.460874 1.365195 0.000532585
-0.460874 1.415552 0.000276431
-0.460874 1.465910 0.000246767
-0.460874 1.516268 0.000234214
-0.460874 1.566625 0.000226355
-0.460874 1.616983 0.000221232
-0.460874 1.667341 0.000218694
-0.460874 1.717698 0.000217035
-0.460874 1.768056 0.0002162
-0.460874 1.818414 0.00021532
-0.460874 1.868771 0.000214525
-0.460874 1.919129 0.0002135
-0.460874 1.969487 0.000212195
-0.460874 2.019844 0.000211091
-0.460874 2.070202 0.000209467
-0.460874 2.120560 0.00020726
-0.460874 2.170917 0.000205966
-0.460874 2.221275 0.000206745
-0.460874 2.271633 0.000209069
-0.460874 2.321990 0.000209964
-0.460874 2.372348 0.000209617
-0.460874 2.422706 0.000210541
-0.460874 2.473063 0.000211567
-0.460874 2.523421 0.000211201
-0.460874 2.573778 0.000210323
-0.460874 2.624136 0.00020904
-0.460874 2.674494 0.000207169
-0.460874 2.724851 0.000205751
-0.460874 2.775209 0.000203913
-0.460874 2.825567 0.000202337
-0.460874 2.875924 0.00020095
-0.460874 2.926282 0.00020097
-0.460874 2.976640 0.000201669
-0.460874 3.026997 0.000202369
-0.460874 3.077355 0.000202782
-0.460874 3.127713 0.000202769
-0.460874 3.178070 0.000202547
-0.460874 3.228428 0.00020296
-0.460874 3.278786 0.00020396
-0.460874 3.329143 0.000205119
-0.460874 3.379501 0.00020748
-0.460874 3.429859 0.00021201
-0.460874 3.480216 0.000219562
-0.460874 3.530574 0.000238329
-0.460874 3.580932 0.000468615
-0.460874 3.631289 0.0044656
-0.460874 3.681647 0.00805326
-0.460874 3.732005 0.00549974
-0.460874 3.782362 0.000338265
-0.460874 3.832720 0.00024471
-0.460874 3.883077 0.000229139
-0.460874 3.933435 0.000219585
-0.460874 3.983793 0.000215548
-0.460874 4.034150 0.000212757
-0.460874 4.084508 0.00020978
-0.460874 4.134866 0.000207857
-0.460874 4.185223 0.000207677
-0.460874 4.235581 -1
-0.460874 4.285939 -1
-0.460874 4.336296 -1
-0.460874 4.386654 -1
-0.460874 4.437012 -1
-0.460874 4.487369 -1
-0.460874 4.537727 -1
-0.460874 4.588085 -1
-0.460874 4.638442 -1
-0.460874 4.688800 -1
-0.460874 4.739158 -1
-0.460874 4.789515 -1
-0.460874 4.839873 -1
-0.460874 4.890231 -1
-0.460874 4.940588 -1
-0.460874 4.990946 -1
-0.460874 5.041303 -1
-0.460874 5.091661 -1
-0.460874 5.142019 -1
-0.460874 5.192376 -1
-0.460874 5.242734 -1
-0.460874 5.293092 -1
-0.460874 5.343449 -1
-0.460874 5.393807 -1
-0.460874 5.444165 -1
-0.460874 5.494522 -1
-0.460874 5.544880 -1
-0.460874 5.595238 -1
-0.460874 5.645595 -1
-0.460874 5.695953 -1
-0.460874 5.746311 -1
-0.460874 5.796668 -1
-0.460874 5.847026 -1
-0.460874 5.897384 -1
-0.460874 5.947741 -1
-0.460874 5.998099 -1
-0.460874 6.048457 -1
-0.460874 6.098814 -1
-0.460874 6.149172 -1
-0.460874 6.199530 -1
-0.460874 6.249887 -1
-0.460874 6.300245 -1
-0.460874 6.350602 -1
-0.410666 -1.354118 -1
-0.410666 -1.303761 -1
-0.410666 -1.253403 -1
-0.410666 -1.203046 -1
-0.410666 -1.152688 -1
-0.410666 -1.102330 -1
-0.410666 -1.051973 -1
-0.410666 -1.001615 -1
-0.410666 -0.951257 -1
-0.410666 -0.900900 -1
-0.410666 -0.850542 -1
-0.410666 -0.800184 -1
-0.410666 -0.749827 -1
-0.410666 -0.699469 -1
-0.410666 -0.649111 -1
-0.410666 -0.598754 -1
-0.410666 -0.548396 -1
-0.410666 -0.498038 -1
-0.410666 -0.447681 -1
-0.410666 -0.397323 -1
-0.410666 -0.346965 -1
-0.410666 -0.296608 -1
-0.410666 -0.246250 -1
-0.410666 -0.195892 -1
-0.410666 -0.145535 -1
-0.410666 -0.095177 -1
-0.410666 -0.044820 -1
-0.410666 0.005538 -1
-0.410666 0.055896 -1
-0.410666 0.106253 -1
-0.410666 0.156611 -1
-0.410666 0.206969 -1
-0.410666 0.257326 -1
-0.410666 0.307684 0.000218592
-0.410666 0.358042 0.00021579
-0.410666 0.408399 0.000212825
-0.410666 0.458757 0.000211624
-0.410666 0.509115 0.000210498
-0.410666 0.559472 0.00021122
-0.410666 0.609830 0.000212582
-0.410666 0.660188 0.000212682
-0.410666 0.710545 0.000212708
-0.410666 0.760903 0.000213614
-0.410666 0.811261 0.000217083
-0.410666 0.861618 0.00021899
-0.410666 0.911976 0.00021989
-0.410666 0.962334 0.000222457
-0.410666 1.012691 0.000226849
-0.410666 1.063049 0.000235881
-0.410666 1.113407 0.000256305
-0.410666 1.163764 0.000319087
-0.410666 1.214122 0.00171652
-0.410666 1.264479 0.0189362
-0.410666 1.314837 0.0130499
-0.410666 1.365195 0.00114456
-0.410666 1.415552 0.000301899
-0.410666 1.465910 0.000254526
-0.410666 1.516268 0.000237705
-0.410666 1.566625 0.000228123
-0.410666 1.616983 0.000222527
-0.410666 1.667341 0.000219553
-0.410666 1.717698 0.00021792
-0.410666 1.768056 0.000217166
-0.410666 1.818414 0.000216294
-0.410666 1.868771 0.0002153
-0.410666 1.919129 0.000213889
-0.410666 1.969487 0.000212619
-0.410666 2.019844 0.000210897
-0.410666 2.070202 0.000209638
-0.410666 2.120560 0.000207317
-0.410666 2.170917 0.00020591
-0.410666 2.221275 0.000206081
-0.410666 2.271633 0.000207741
-0.410666 2.321990 0.000207956
-0.410666 2.372348 0.000207012
-0.410666 2.422706 0.0002072
-0.410666 2.473063 0.000208279
-0.410666 2.523421 0.000208062
-0.410666 2.573778 0.000207239
-0.410666 2.624136 0.000206571
-0.410666 2.674494 0.000205378
-0.410666 2.724851 0.000204272
-0.410666 2.775209 0.000203077
-0.410666 2.825567 0.000201682
-0.410666 2.875924 0.000200507
-0.410666 2.926282 0.000200547
-0.410666 2.976640 0.00020132
-0.410666 3.026997 0.000201727
-0.410666 3.077355 0.000202289
-0.410666 3.127713 0.000202402
-0.410666 3.178070 0.000202138
-0.410666 3.228428 0.000202544
-0.410666 3.278786 0.000203648
-0.410666 3.329143 0.00020533
-0.410666 3.379501 0.000207216
-0.410666 3.429859 0.000211597
-0.410666 3.480216 0.000218574
-0.410666 3.530574 0.000233205
-0.410666 3.580932 0.00030416
-0.410666 3.631289 0.000988087
-0.410666 3.681647 0.00340805
-0.410666 3.732005 0.00365377
-0.410666 3.782362 0.000312905
-0.410666 3.832720 0.00024429
-0.410666 3.883077 0.000229016
-0.410666 3.933435 0.000220176
-0.410666 3.983793 0.000215893
-0.410666 4.034150 0.000213151
-0.410666 4.084508 0.000210337
-0.410666 4.134866 0.000208529
-0.410666 4.185223 0.000208316
-0.410666 4.235581 0.00020789
-0.410666 4.285939 -1
-0.410666 4.336296 -1
-0.410666 4.386654 -1
-0.410666 4.437012 -1
-0.410666 4.487369 -1
-0.410666 4.537727 -1
-0.410666 4.588085 -1
-0.410666 4.638442 -1
-0.410666 4.688800 -1
-0.410666 4.739158 -1
-0.410666 4.789515 -1
-0.410666 4.839873 -1
-0.410666 4.890231 -1
-0.410666 4.940588 -1
-0.410666 4.990946 -1
-0.410666 5.041303 -1
-0.410666 5.091661 -1
-0.410666 5.142019 -1
-0.410666 5.192376 -1
-0.410666 5.242734 -1
-0.410666 5.293092 -1
-0.410666 5.343449 -1
-0.410666 5.393807 -1
-0.410666 5.444165 -1
-0.410666 5.494522 -1
-0.410666 5.544880 -1
-0.410666 5.595238 -1
-0.410666 5.645595 -1
-0.410666 5.695953 -1
-0.410666 5.746311 -1
-0.410666 5.796668 -1
-0.410666 5.847026 -1
-0.410666 5.897384 -1
-0.410666 5.947741 -1
-0.410666 5.998099 -1
-0.410666 6.048457 -1
-0.410666 6.098814 -1
-0.410666 6.149172 -1
-0.410666 6.199530 -1
-0.410666 6.249887 -1
-0.410666 6.300245 -1
-0.410666 6.350602 -1
-0.360458 -1.354118 -1
-0.360458 -1.303761 -1
-0.360458 -1.253403 -1
-0.360458 -1.203046 -1
-0.360458 -1.152688 -1
-0.360458 -1.102330 -1
-0.360458 -1.051973 -1
-0.360458 -1.001615 -1
-0.360458 -0.951257 -1
-0.360458 -0.900900 -1
-0.360458 -0.850542 -1
-0.360458 -0.800184 -1
-0.360458 -0.749827 -1
-0.360458 -0.699469 -1
-0.360458 -0.649111 -1
-0.360458 -0.598754 -1
-0.360458 -0.548396 -1
-0.360458 -0.498038 -1
-0.360458 -0.447681 -1
-0.360458 -0.397323 -1
-0.360458 -0.346965 -1
-0.360458 -0.296608 -1
-0.360458 -0.246250 -1
-0.360458 -0.195892 -1
-0.360458 -0.145535 -1
-0.360458 -0.095177 -1
-0.360458 -0.044820 -1
-0.360458 0.005538 -1
-0.360458 0.055896 -1
-0.360458 0.106253 -1
-0.360458 0.156611 -1
-0.360458 0.206969 -1
-0.360458 0.257326 -1
-0.360458 0.307684 0.00022151
-0.360458 0.358042 0.000218073
-0.360458 0.408399 0.000214912
-0.360458 0.458757 0.000213442
-0.360458 0.509115 0.000211762
-0.360458 0.559472 0.000212183
-0.360458 0.609830 0.000213422
-0.360458 0.660188 0.000213388
-0.360458 0.710545 0.000213599
-0.360458 0.760903 0.000214344
-0.360458 0.811261 0.000217748
-0.360458 0.861618 0.000218954
-0.360458 0.911976 0.000219604
-0.360458 0.962334 0.000222083
-0.360458 1.012691 0.000226659
-0.360458 1.063049 0.000237196
-0.360458 1.113407 0.000259434
-0.360458 1.163764 0.000328401
-0.360458 1.214122 0.00171104
-0.360458 1.264479 0.0159338
-0.360458 1.314837 0.0113608
-0.360458 1.365195 0.00337387
-0.360458 1.415552 0.000394577
-0.360458 1.465910 0.000254325
-0.360458 1.516268 0.000237703
-0.360458 1.566625 0.0002283
-0.360458 1.616983 0.000222478
-0.360458 1.667341 0.00021964
-0.360458 1.717698 0.000218165
-0.360458 1.768056 0.000217199
-0.360458 1.818414 0.000216726
-0.360458 1.868771 0.000215686
-0.360458 1.919129 0.000214411
-0.360458 1.969487 0.000212994
-0.360458 2.019844 0.00021124
-0.360458 2.070202 0.000209875
-0.360458 2.120560 0.000207493
-0.360458 2.170917 0.000206066
-0.360458 2.221275 0.00020579
-0.360458 2.271633 0.000207174
-0.360458 2.321990 0.000207145
-0.360458 2.372348 0.000205648
-0.360458 2.422706 0.000205828
-0.360458 2.473063 0.000206586
-0.360458 2.523421 0.000206467
-0.360458 2.573778 0.000205989
-0.360458 2.624136 0.000205593
-0.360458 2.674494 0.000204772
-0.360458 2.724851 0.000203838
-0.360458 2.775209 0.000203095
-0.360458 2.825567 0.000201624
-0.360458 2.875924 0.000200697
-0.360458 2.926282 0.000200593
-0.360458 2.976640 0.000201443
-0.360458 3.026997 0.000201386
-0.360458 3.077355 0.00020191
-0.360458 3.127713 0.000202056
-0.360458 3.178070 0.000202073
-0.360458 3.228428 0.000202529
-0.360458 3.278786 0.000203621
-0.360458 3.329143 0.000205183
-0.360458 3.379501 0.0002072
-0.360458 3.429859 0.00021115
-0.360458 3.480216 0.000216737
-0.360458 3.530574 0.000226217
-0.360458 3.580932 0.000248506
-0.360458 3.631289 0.000425434
-0.360458 3.681647 0.000455504
-0.360458 3.732005 0.000408879
-0.360458 3.782362 0.000259042
-0.360458 3.832720 0.000237149
-0.360458 3.883077 0.00022561
-0.360458 3.933435 0.000218531
-0.360458 3.983793 0.0002152
-0.360458 4.034150 0.000212509
-0.360458 4.084508 0.000209904
-0.360458 4.134866 0.000208493
-0.360458 4.185223 0.000208332
-0.360458 4.235581 0.000208014
-0.360458 4.285939 0.000207819
-0.360458 4.336296 0.000208198
-0.360458 4.386654 -1
-0.360458 4.437012 -1
-0.360458 4.487369 -1
-0.360458 4.537727 -1
-0.360458 4.588085 -1
-0.360458 4.638442 -1
-0.360458 4.688800 -1
-0.360458 4.739158 -1
-0.360458 4.789515 -1
-0.360458 4.839873 -1
-0.360458 4.890231 -1
-0.360458 4.940588 -1
-0.360458 4.990946 -1
-0.360458 5.041303 -1
-0.360458 5.091661 -1
-0.360458 5.142019 -1
-0.360458 5.192376 -1
-0.360458 5.242734 -1
-0.360458 5.293092 -1
-0.360458 5.343449 -1
-0.360458 5.393807 -1
-0.360458 5.444165 -1
-0.360458 5.494522 -1
-0.360458 5.544880 -1
-0.360458 5.595238 -1
-0.360458 5.645595 -1
-0.360458 5.695953 -1
-0.360458 5.746311 -1
-0.360458 5.796668 -1
-0.360458 5.847026 -1
-0.360458 5.897384 -1
-0.360458 5.947741 -1
-0.360458 5.998099 -1
-0.360458 6.048457 -1
-0.360458 6.098814 -1
-0.360458 6.149172 -1
-0.360458 6.199530 -1
-0.360458 6.249887 -1
-0.360458 6.300245 -1
-0.360458 6.350602 -1
-0.310250 -1.354118 -1
-0.310250 -1.303761 -1
-0.310250 -1.253403 -1
-0.310250 -1.203046 -1
-0.310250 -1.152688 -1
-0.310250 -1.102330 -1
-0.310250 -1.051973 -1
-0.310250 -1.001615 -1
-0.310250 -0.951257 -1
-0.310250 -0.900900 -1
-0.310250 -0.850542 -1
-0.310250 -0.800184 -1
-0.310250 -0.749827 -1
-0.310250 -0.699469 -1
-0.310250 -0.649111 -1
-0.310250 -0.598754 -1
-0.310250 -0.548396 -1
-0.310250 -0.498038 -1
-0.310250 -0.447681 -1
-0.310250 -0.397323 -1
-0.310250 -0.346965 -1
-0.310250 -0.296608 -1
-0.310250 -0.246250 -1
-0.310250 -0.195892 -1
-0.310250 -0.145535 -1
-0.310250 -0.095177 -1
-0.310250 -0.044820 -1
-0.310250 0.005538 -1
-0.310250 0.055896 -1
-0.310250 0.106253 -1
-0.310250 0.156611 -1
-0.310250 0.206969 -1
-0.310250 0.257326 -1
-0.310250 0.307684 0.000225173
-0.310250 0.358042 0.000221477
-0.310250 0.408399 0.00021759
-0.310250 0.458757 0.000215789
-0.310250 0.509115 0.000213699
-0.310250 0.559472 0.000213885
-0.310250 0.609830 0.000214856
-0.310250 0.660188 0.00021468
-0.310250 0.710545 0.000214413
-0.310250 0.760903 0.000214915
-0.310250 0.811261 0.000217727
-0.310250 0.861618 0.000218596
-0.310250 0.911976 0.000218833
-0.310250 0.962334 0.000220578
-0.310250 1.012691 0.000224999
-0.310250 1.063049 0.000234696
-0.310250 1.113407 0.000253291
-0.310250 1.163764 0.00029838
-0.310250 1.214122 0.000590006
-0.310250 1.264479 0.00233919
-0.310250 1.314837 0.00270031
-0.310250 1.365195 0.00219058
-0.310250 1.415552 0.000343722
-0.310250 1.465910 0.000248799
-0.310250 1.516268 0.000235153
-0.310250 1.566625 0.00022681
-0.310250 1.616983 0.000221878
-0.310250 1.667341 0.000219043
-0.310250 1.717698 0.00021809
-0.310250 1.768056 0.000216709
-0.310250 1.818414 0.0002165
-0.310250 1.868771 0.000215557
-0.310250 1.919129 0.000214578
-0.310250 1.969487 0.000212991
-0.310250 2.019844 0.000211491
-0.310250 2.070202 0.000210358
-0.310250 2.120560 0.000207944
-0.310250 2.170917 0.000206631
-0.310250 2.221275 0.000206705
-0.310250 2.271633 0.000207409
-0.310250 2.321990 0.000206709
-0.310250 2.372348 0.000205425
-0.310250 2.422706 0.00020522
-0.310250 2.473063 0.000205819
-0.310250 2.523421 0.000205691
-0.310250 2.573778 0.000205629
-0.310250 2.624136 0.000205236
-0.310250 2.674494 0.000204919
-0.310250 2.724851 0.000204117
-0.310250 2.775209 0.000203758
-0.310250 2.825567 0.000202304
-0.310250 2.875924 0.000201634
-0.310250 2.926282 0.000201402
-0.310250 2.976640 0.00020217
-0.310250 3.026997 0.000201698
-0.310250 3.077355 0.000202185
-0.310250 3.127713 0.000202477
-0.310250 3.178070 0.000202628
-0.310250 3.228428 0.00020322
-0.310250 3.278786 0.00020392
-0.310250 3.329143 0.000205099
-0.310250 3.379501 0.000206891
-0.310250 3.429859 0.000210525
-0.310250 3.480216 0.00021463
-0.310250 3.530574 0.000220393
-0.310250 3.580932 0.000228892
-0.310250 3.631289 0.000236768
-0.310250 3.681647 0.000245699
-0.310250 3.732005 0.000245347
-0.310250 3.782362 0.000236328
-0.310250 3.832720 0.000228613
-0.310250 3.883077 0.000221367
-0.310250 3.933435 0.000216675
-0.310250 3.983793 0.000213865
-0.310250 4.034150 0.000211774
-0.310250 4.084508 0.000209239
-0.310250 4.134866 0.000207939
-0.310250 4.185223 0.000208383
-0.310250 4.235581 0.000208303
-0.310250 4.285939 0.000208448
-0.310250 4.336296 0.00020891
-0.310250 4.386654 0.000209681
-0.310250 4.437012 -1
-0.310250 4.487369 -1
-0.310250 4.537727 -1
-0.310250 4.588085 -1
-0.310250 4.638442 -1
-0.310250 4.688800 -1
-0.310250 4.739158 -1
-0.310250 4.789515 -1
-0.310250 4.839873 -1
-0.310250 4.890231 -1
-0.310250 4.940588 -1
-0.310250 4.990946 -1
-0.310250 5.041303 -1
-0.310250 5.091661 -1
-0.310250 5.142019 -1
-0.310250 5.192376 -1
-0.310250 5.242734 -1
-0.310250 5.293092 -1
-0.310250 5.343449 -1
-0.310250 5.393807 -1
-0.310250 5.444165 -1
-0.310250 5.494522 -1
-0.310250 5.544880 -1
-0.310250 5.595238 -1
-0.310250 5.645595 -1
-0.310250 5.695953 -1
-0.310250 5.746311 -1
-0.310250 5.796668 -1
-0.310250 5.847026 -1
-0.310250 5.897384 -1
-0.310250 5.947741 -1
-0.310250 5.998099 -1
-0.310250 6.048457 -1
-0.310250 6.098814 -1
-0.310250 6.149172 -1
-0.310250 6.199530 -1
-0.310250 6.249887 -1
-0.310250 6.300245 -1
-0.310250 6.350602 -1
-0.260042 -1.354118 -1
-0.260042 -1.303761 -1
-0.260042 -1.253403 -1
-0.260042 -1.203046 -1
-0.260042 -1.152688 -1
-0.260042 -1.102330 -1
-0.260042 -1.051973 -1
-0.260042 -1.001615 -1
-0.260042 -0.951257 -1
-0.260042 -0.900900 -1
-0.260042 -0.850542 -1
-0.260042 -0.800184 -1
-0.260042 -0.749827 -1
-0.260042 -0.699469 -1
-0.260042 -0.649111 -1
-0.260042 -0.598754 -1
-0.260042 -0.548396 -1
-0.260042 -0.498038 -1
-0.260042 -0.447681 -1
-0.260042 -0.397323 -1
-0.260042 -0.346965 -1
-0.260042 -0.296608 -1
-0.260042 -0.246250 -1
-0.260042 -0.195892 -1
-0.260042 -0.145535 -1
-0.260042 -0.095177 -1
-0.260042 -0.044820 -1
-0.260042 0.005538 -1
-0.260042 0.055896 -1
-0.260042 0.106253 -1
-0.260042 0.156611 -1
-0.260042 0.206969 -1
-0.260042 0.257326 -1
-0.260042 0.307684 0.000229415
-0.260042 0.358042 0.000225426
-0.260042 0.408399 0.000220979
-0.260042 0.458757 0.000218295
-0.260042 0.509115 0.000215898
-0.260042 0.559472 0.000215837
-0.260042 0.609830 0.000216482
-0.260042 0.660188 0.000216044
-0.260042 0.710545 0.000215125
-0.260042 0.760903 0.000215298
-0.260042 0.811261 0.000217523
-0.260042 0.861618 0.000217868
-0.260042 0.911976 0.000217964
-0.260042 0.962334 0.000219146
-0.260042 1.012691 0.000223239
-0.260042 1.063049 0.000230509
-0.260042 1.113407 0.00024403
-0.260042 1.163764 0.000269198
-0.260042 1.214122 0.000307702
-0.260042 1.264479 0.000410969
-0.260042 1.314837 0.000399508
-0.260042 1.365195 0.000292346
-0.260042 1.415552 0.000258141
-0.260042 1.465910 0.000241143
-0.260042 1.516268 0.000231255
-0.260042 1.566625 0.000224304
-0.260042 1.616983 0.000220276
-0.260042 1.667341 0.000218328
-0.260042 1.717698 0.00021756
-0.260042 1.768056 0.000216426
-0.260042 1.818414 0.000216125
-0.260042 1.868771 0.000215544
-0.260042 1.919129 0.000214664
-0.260042 1.969487 0.000213289
-0.260042 2.019844 0.000212035
-0.260042 2.070202 0.000210493
-0.260042 2.120560 0.000208392
-0.260042 2.170917 0.000207117
-0.260042 2.221275 0.000206989
-0.260042 2.271633 0.000207236
-0.260042 2.321990 0.000206609
-0.260042 2.372348 0.000205243
-0.260042 2.422706 0.000205615
-0.260042 2.473063 0.000206394
-0.260042 2.523421 0.000206231
-0.260042 2.573778 0.000205941
-0.260042 2.624136 0.00020625
-0.260042 2.674494 0.000205741
-0.260042 2.724851 0.000204832
-0.260042 2.775209 0.000204504
-0.260042 2.825567 0.000203353
-0.260042 2.875924 0.000202887
-0.260042 2.926282 0.000202836
-0.260042 2.976640 0.000203389
-0.260042 3.026997 0.000202578
-0.260042 3.077355 0.000203047
-0.260042 3.127713 0.000203895
-0.260042 3.178070 0.000203415
-0.260042 3.228428 0.000204156
-0.260042 3.278786 0.000204339
-0.260042 3.329143 0.00020541
-0.260042 3.379501 0.000207209
-0.260042 3.429859 0.000209989
-0.260042 3.480216 0.000212911
-0.260042 3.530574 0.000216389
-0.260042 3.580932 0.000220801
-0.260042 3.631289 0.000224242
-0.260042 3.681647 0.000226072
-0.260042 3.732005 0.00022553
-0.260042 3.782362 0.000225262
-0.260042 3.832720 0.000222037
-0.260042 3.883077 0.000217462
-0.260042 3.933435 0.000214117
-0.260042 3.983793 0.000212537
-0.260042 4.034150 0.000211133
-0.260042 4.084508 0.000208553
-0.260042 4.134866 0.000207705
-0.260042 4.185223 0.000208556
-0.260042 4.235581 0.000208454
-0.260042 4.285939 0.000208724
-0.260042 4.336296 0.000209745
-0.260042 4.386654 -1
-0.260042 4.437012 -1
-0.260042 4.487369 -1
-0.260042 4.537727 -1
-0.260042 4.588085 -1
-0.260042 4.638442 -1
-0.260042 4.688800 -1
-0.260042 4.739158 -1
-0.260042 4.789515 -1
-0.260042 4.839873 -1
-0.260042 4.890231 -1
-0.260042 4.940588 -1
-0.260042 4.990946 -1
-0.260042 5.041303 -1
-0.260042 5.091661 -1
-0.260042 5.142019 -1
-0.260042 5.192376 -1
-0.260042 5.242734 -1
-0.260042 5.293092 -1
-0.260042 5.343449 -1
-0.260042 5.393807 -1
-0.260042 5.444165 -1
-0.260042 5.494522 -1
-0.260042 5.544880 -1
-0.260042 5.595238 -1
-0.260042 5.645595 -1
-0.260042 5.695953 -1
-0.260042 5.746311 -1
-0.260042 5.796668 -1
-0.260042 5.847026 -1
-0.260042 5.897384 -1
-0.260042 5.947741 -1
-0.260042 5.998099 -1
-0.260042 6.048457 -1
-0.260042 6.098814 -1
-0.260042 6.149172 -1
-0.260042 6.199530 -1
-0.260042 6.249887 -1
-0.260042 6.300245 -1
-0.260042 6.350602 -1
-0.209835 -1.354118 -1
-0.209835 -1.303761 -1
-0.209835 -1.253403 -1
-0.209835 -1.203046 -1
-0.209835 -1.152688 -1
-0.209835 -1.102330 -1
-0.209835 -1.051973 -1
-0.209835 -1.001615 -1
-0.209835 -0.951257 -1
-0.209835 -0.900900 -1
-0.209835 -0.850542 -1
-0.209835 -0.800184 -1
-0.209835 -0.749827 -1
-0.209835 -0.699469 -1
-0.209835 -0.649111 -1
-0.209835 -0.598754 -1
-0.209835 -0.548396 -1
-0.209835 -0.498038 -1
-0.209835 -0.447681 -1
-0.209835 -0.397323 -1
-0.209835 -0.346965 -1
-0.209835 -0.296608 -1
-0.209835 -0.246250 -1
-0.209835 -0.195892 -1
-0.209835 -0.145535 -1
-0.209835 -0.095177 -1
-0.209835 -0.044820 -1
-0.209835 0.005538 -1
-0.209835 0.055896 -1
-0.209835 0.106253 -1
-0.209835 0.156611 -1
-0.209835 0.206969 -1
-0.209835 0.257326 -1
-0.209835 0.307684 0.000235358
-0.209835 0.358042 0.00023013
-0.209835 0.408399 0.000224753
-0.209835 0.458757 0.000221554
-0.209835 0.509115 0.000218659
-0.209835 0.559472 0.000218009
-0.209835 0.609830 0.000218287
-0.209835 0.660188 0.000217231
-0.209835 0.710545 0.000216173
-0.209835 0.760903 0.000216297
-0.209835 0.811261 0.000217443
-0.209835 0.861618 0.000217363
-0.209835 0.911976 0.000217222
-0.209835 0.962334 0.000218241
-0.209835 1.012691 0.000221182
-0.209835 1.063049 0.000226247
-0.209835 1.113407 0.000235357
-0.209835 1.163764 0.000250237
-0.209835 1.214122 0.000265357
-0.209835 1.264479 0.000276881
-0.209835 1.314837 0.000272799
-0.209835 1.365195 0.000259284
-0.209835 1.415552 0.000244379
-0.209835 1.465910 0.000234579
-0.209835 1.516268 0.000227623
-0.209835 1.566625 0.000222324
-0.209835 1.616983 0.000219247
-0.209835 1.667341 0.000217769
-0.209835 1.717698 0.000217065
-0.209835 1.768056 0.000216193
-0.209835 1.818414 0.000216163
-0.209835 1.868771 0.000215644
-0.209835 1.919129 0.000214831
-0.209835 1.969487 0.000213699
-0.209835 2.019844 0.000212531
-0.209835 2.070202 0.000211085
-0.209835 2.120560 0.000208644
-0.209835 2.170917 0.000207556
-0.209835 2.221275 0.000207106
-0.209835 2.271633 0.000207672
-0.209835 2.321990 0.000206545
-0.209835 2.372348 0.000205167
-0.209835 2.422706 0.000205958
-0.209835 2.473063 0.000207252
-0.209835 2.523421 0.000207049
-0.209835 2.573778 0.000206559
-0.209835 2.624136 0.000207207
-0.209835 2.674494 0.00020693
-0.209835 2.724851 0.000206034
-0.209835 2.775209 0.000205396
-0.209835 2.825567 0.000204347
-0.209835 2.875924 0.000203647
-0.209835 2.926282 0.000203585
-0.209835 2.976640 0.00020384
-0.209835 3.026997 0.000203628
-0.209835 3.077355 0.000203665
-0.209835 3.127713 0.00020402
-0.209835 3.178070 0.000204049
-0.209835 3.228428 0.000204429
-0.209835 3.278786 0.000204987
-0.209835 3.329143 0.000205421
-0.209835 3.379501 0.000206745
-0.209835 3.429859 0.00020886
-0.209835 3.480216 0.000210849
-0.209835 3.530574 0.000212756
-0.209835 3.580932 0.000215208
-0.209835 3.631289 0.000217687
-0.209835 3.681647 0.000218775
-0.209835 3.732005 0.000218656
-0.209835 3.782362 0.000218623
-0.209835 3.832720 0.0002176
-0.209835 3.883077 0.000214603
-0.209835 3.933435 0.000212459
-0.209835 3.983793 0.000211519
-0.209835 4.034150 0.00021011
-0.209835 4.084508 0.000208149
-0.209835 4.134866 0.000207498
-0.209835 4.185223 0.000208633
-0.209835 4.235581 0.000208669
-0.209835 4.285939 -1
-0.209835 4.336296 0.000210475
-0.209835 4.386654 0.000211219
-0.209835 4.437012 -1
-0.209835 4.487369 -1
-0.209835 4.537727 -1
-0.209835 4.588085 -1
-0.209835 4.638442 -1
-0.209835 4.688800 -1
-0.209835 4.739158 -1
-0.209835 4.789515 -1
-0.209835 4.839873 -1
-0.209835 4.890231 -1
-0.209835 4.940588 -1
-0.209835 4.990946 -1
-0.209835 5.041303 -1
-0.209835 5.091661 -1
-0.209835 5.142019 -1
-0.209835 5.192376 -1
-0.209835 5.242734 -1
-0.209835 5.293092 -1
-0.209835 5.343449 -1
-0.209835 5.393807 -1
-0.209835 5.444165 -1
-0.209835 5.494522 -1
-0.209835 5.544880 -1
-0.209835 5.595238 -1
-0.209835 5.645595 -1
-0.209835 5.695953 -1
-0.209835 5.746311 -1
-0.209835 5.796668 -1
-0.209835 5.847026 -1
-0.209835 5.897384 -1
-0.209835 5.947741 -1
-0.209835 5.998099 -1
-0.209835 6.048457 -1
-0.209835 6.098814 -1
-0.209835 6.149172 -1
-0.209835 6.199530 -1
-0.209835 6.249887 -1
-0.209835 6.300245 -1
-0.209835 6.350602 -1
-0.159627 -1.354118 -1
-0.159627 -1.303761 -1
-0.159627 -1.253403 -1
-0.159627 -1.203046 -1
-0.159627 -1.152688 -1
-0.159627 -1.102330 -1
-0.159627 -1.051973 -1
-0.159627 -1.001615 -1
-0.159627 -0.951257 -1
-0.159627 -0.900900 -1
-0.159627 -0.850542 -1
-0.159627 -0.800184 -1
-0.159627 -0.749827 -1
-0.159627 -0.699469 -1
-0.159627 -0.649111 -1
-0.159627 -0.598754 -1
-0.159627 -0.548396 -1
-0.159627 -0.498038 -1
-0.159627 -0.447681 -1
-0.159627 -0.397323 -1
-0.159627 -0.346965 -1
-0.159627 -0.296608 -1
-0.159627 -0.246250 -1
-0.159627 -0.195892 -1
-0.159627 -0.145535 -1
-0.159627 -0.095177 -1
-0.159627 -0.044820 -1
-0.159627 0.005538 -1
-0.159627 0.055896 -1
-0.159627 0.106253 -1
-0.159627 0.156611 -1
-0.159627 0.206969 -1
-0.159627 0.257326 -1
-0.159627 0.307684 0.000243436
-0.159627 0.358042 0.000236024
-0.159627 0.408399 0.000229568
-0.159627 0.458757 0.000225515
-0.159627 0.509115 0.000221592
-0.159627 0.559472 0.000219937
-0.159627 0.609830 0.000220127
-0.159627 0.660188 0.000218589
-0.159627 0.710545 0.000217387
-0.159627 0.760903 0.000217288
-0.159627 0.811261 0.000218002
-0.159627 0.861618 0.000217719
-0.159627 0.911976 0.000217061
-0.159627 0.962334 0.000217279
-0.159627 1.012691 0.000218914
-0.159627 1.063049 0.000222798
-0.159627 1.113407 0.00022891
-0.159627 1.163764 0.000236635
-0.159627 1.214122 0.000244311
-0.159627 1.264479 0.000249098
-0.159627 1.314837 0.000247264
-0.159627 1.365195 0.00024215
-0.159627 1.415552 0.000235615
-0.159627 1.465910 0.000229073
-0.159627 1.516268 0.000224418
-0.159627 1.566625 0.000220712
-0.159627 1.616983 0.000218016
-0.159627 1.667341 0.000216969
-0.159627 1.717698 0.000216704
-0.159627 1.768056 0.000216168
-0.159627 1.818414 0.000216231
-0.159627 1.868771 0.000215586
-0.159627 1.919129 0.00021449
-0.159627 1.969487 0.000213441
-0.159627 2.019844 0.000212376
-0.159627 2.070202 0.000211396
-0.159627 2.120560 0.00020933
-0.159627 2.170917 0.000208162
-0.159627 2.221275 0.000207814
-0.159627 2.271633 0.00020809
-0.159627 2.321990 0.000206822
-0.159627 2.372348 0.000205727
-0.159627 2.422706 0.00020677
-0.159627 2.473063 0.000207886
-0.159627 2.523421 0.000207195
-0.159627 2.573778 0.000206898
-0.159627 2.624136 0.000207362
-0.159627 2.674494 0.000207293
-0.159627 2.724851 0.000206772
-0.159627 2.775209 0.000206313
-0.159627 2.825567 0.000205316
-0.159627 2.875924 0.000204115
-0.159627 2.926282 0.000203694
-0.159627 2.976640 0.000204073
-0.159627 3.026997 0.000204168
-0.159627 3.077355 0.000203436
-0.159627 3.127713 0.000203342
-0.159627 3.178070 0.000203696
-0.159627 3.228428 0.00020394
-0.159627 3.278786 0.000204461
-0.159627 3.329143 0.000204719
-0.159627 3.379501 0.000205468
-0.159627 3.429859 0.000207351
-0.159627 3.480216 0.000208889
-0.159627 3.530574 0.00020992
-0.159627 3.580932 0.000212027
-0.159627 3.631289 0.000214263
-0.159627 3.681647 0.000214979
-0.159627 3.732005 0.000214943
-0.159627 3.782362 0.000215337
-0.159627 3.832720 0.000214789
-0.159627 3.883077 0.000213229
-0.159627 3.933435 0.000211492
-0.159627 3.983793 0.000210634
-0.159627 4.034150 0.000209543
-0.159627 4.084508 0.000207764
-0.159627 4.134866 0.000207371
-0.159627 4.185223 0.00020824
-0.159627 4.235581 0.000208651
-0.159627 4.285939 0.00020936
-0.159627 4.336296 0.000210701
-0.159627 4.386654 -1
-0.159627 4.437012 -1
-0.159627 4.487369 -1
-0.159627 4.537727 -1
-0.159627 4.588085 -1
-0.159627 4.638442 -1
-0.159627 4.688800 -1
-0.159627 4.739158 -1
-0.159627 4.789515 -1
-0.159627 4.839873 -1
-0.159627 4.890231 -1
-0.159627 4.940588 -1
-0.159627 4.990946 -1
-0.159627 5.041303 -1
-0.159627 5.091661 -1
-0.159627 5.142019 -1
-0.159627 5.192376 -1
-0.159627 5.242734 -1
-0.159627 5.293092 -1
-0.159627 5.343449 -1
-0.159627 5.393807 -1
-0.159627 5.444165 -1
-0.159627 5.494522 -1
-0.159627 5.544880 -1
-0.159627 5.595238 -1
-0.159627 5.645595 -1
-0.159627 5.695953 -1
-0.159627 5.746311 -1
-0.159627 5.796668 -1
-0.159627 5.847026 -1
-0.159627 5.897384 -1
-0.159627 5.947741 -1
-0.159627 5.998099 -1
-0.159627 6.048457 -1
-0.159627 6.098814 -1
-0.159627 6.149172 -1
-0.159627 6.199530 -1
-0.159627 6.249887 -1
-0.159627 6.300245 -1
-0.159627 6.350602 -1
-0.109419 -1.354118 -1
-0.109419 -1.303761 -1
-0.109419 -1.253403 -1
-0.109419 -1.203046 -1
-0.109419 -1.152688 -1
-0.109419 -1.102330 -1
-0.109419 -1.051973 -1
-0.109419 -1.001615 -1
-0.109419 -0.951257 -1
-0.109419 -0.900900 -1
-0.109419 -0.850542 -1
-0.109419 -0.800184 -1
-0.109419 -0.749827 -1
-0.109419 -0.699469 -1
-0.109419 -0.649111 -1
-0.109419 -0.598754 -1
-0.109419 -0.548396 -1
-0.109419 -0.498038 -1
-0.109419 -0.447681 -1
-0.109419 -0.397323 -1
-0.109419 -0.346965 -1
-0.109419 -0.296608 -1
-0.109419 -0.246250 -1
-0.109419 -0.195892 -1
-0.109419 -0.145535 -1
-0.109419 -0.095177 -1
-0.109419 -0.044820 -1
-0.109419 0.005538 -1
-0.109419 0.055896 -1
-0.109419 0.106253 -1
-0.109419 0.156611 -1
-0.109419 0.206969 -1
-0.109419 0.257326 -1
-0.109419 0.307684 0.000253775
-0.109419 0.358042 0.000243185
-0.109419 0.408399 0.000234539
-0.109419 0.458757 0.000229083
-0.109419 0.509115 0.000224313
-0.109419 0.559472 0.000222442
-0.109419 0.609830 0.000221792
-0.109419 0.660188 0.000219669
-0.109419 0.710545 0.000218209
-0.109419 0.760903 0.00021788
-0.109419 0.811261 0.000218914
-0.109419 0.861618 0.000217792
-0.109419 0.911976 0.000216469
-0.109419 0.962334 0.00021636
-0.109419 1.012691 0.000217516
-0.109419 1.063049 0.000220166
-0.109419 1.113407 0.000223988
-0.109419 1.163764 0.000228908
-0.109419 1.214122 0.000233066
-0.109419 1.264479 0.000235225
-0.109419 1.314837 0.000235026
-0.109419 1.365195 0.000233022
-0.109419 1.415552 0.000229567
-0.109419 1.465910 0.000225693
-0.109419 1.516268 0.000222106
-0.109419 1.566625 0.000219285
-0.109419 1.616983 0.00021716
-0.109419 1.667341 0.000216473
-0.109419 1.717698 0.000216396
-0.109419 1.768056 0.000215915
-0.109419 1.818414 0.000215896
-0.109419 1.868771 0.000215434
-0.109419 1.919129 0.000214655
-0.109419 1.969487 0.000213549
-0.109419 2.019844 0.000212497
-0.109419 2.070202 0.000211532
-0.109419 2.120560 0.000209558
-0.109419 2.170917 0.000208841
-0.109419 2.221275 0.000208519
-0.109419 2.271633 0.000208577
-0.109419 2.321990 0.000207445
-0.109419 2.372348 0.000206486
-0.109419 2.422706 0.000207393
-0.109419 2.473063 0.00020784
-0.109419 2.523421 0.000207035
-0.109419 2.573778 0.000207041
-0.109419 2.624136 0.00020694
-0.109419 2.674494 0.000206862
-0.109419 2.724851 0.000206406
-0.109419 2.775209 0.000205925
-0.109419 2.825567 0.00020482
-0.109419 2.875924 0.000203417
-0.109419 2.926282 0.000202842
-0.109419 2.976640 0.000203256
-0.109419 3.026997 0.00020336
-0.109419 3.077355 0.00020323
-0.109419 3.127713 0.000202793
-0.109419 3.178070 0.000202774
-0.109419 3.228428 0.000203262
-0.109419 3.278786 0.000203582
-0.109419 3.329143 0.000203836
-0.109419 3.379501 0.000204268
-0.109419 3.429859 0.000206505
-0.109419 3.480216 0.000207935
-0.109419 3.530574 0.000208631
-0.109419 3.580932 0.000210845
-0.109419 3.631289 0.000212639
-0.109419 3.681647 0.000213257
-0.109419 3.732005 0.000213227
-0.109419 3.782362 0.000213472
-0.109419 3.832720 0.00021305
-0.109419 3.883077 0.000212042
-0.109419 3.933435 0.000210548
-0.109419 3.983793 0.000210129
-0.109419 4.034150 0.000209311
-0.109419 4.084508 0.000207792
-0.109419 4.134866 0.000207612
-0.109419 4.185223 0.000208288
-0.109419 4.235581 0.000208802
-0.109419 4.285939 -1
-0.109419 4.336296 0.000211174
-0.109419 4.386654 0.000212204
-0.109419 4.437012 -1
-0.109419 4.487369 -1
-0.109419 4.537727 -1
-0.109419 4.588085 -1
-0.109419 4.638442 -1
-0.109419 4.688800 -1
-0.109419 4.739158 -1
-0.109419 4.789515 -1
-0.109419 4.839873 -1
-0.109419 4.890231 -1
-0.109419 4.940588 -1
-0.109419 4.990946 -1
-0.109419 5.041303 -1
-0.109419 5.091661 -1
-0.109419 5.142019 -1
-0.109419 5.192376 -1
-0.109419 5.242734 -1
-0.109419 5.293092 -1
-0.109419 5.343449 -1
-0.109419 5.393807 -1
-0.109419 5.444165 -1
-0.109419 5.494522 -1
-0.109419 5.544880 -1
-0.109419 5.595238 -1
-0.109419 5.645595 -1
-0.109419 5.695953 -1
-0.109419 5.746311 -1
-0.109419 5.796668 -1
-0.109419 5.847026 -1
-0.109419 5.897384 -1
-0.109419 5.947741 -1
-0.109419 5.998099 -1
-0.109419 6.048457 -1
-0.109419 6.098814 -1
-0.109419 6.149172 -1
-0.109419 6.199530 -1
-0.109419 6.249887 -1
-0.109419 6.300245 -1
-0.109419 6.350602 -1
-0.059211 -1.354118 -1
-0.059211 -1.303761 -1
-0.059211 -1.253403 -1
-0.059211 -1.203046 -1
-0.059211 -1.152688 -1
-0.059211 -1.102330 -1
-0.059211 -1.051973 -1
-0.059211 -1.001615 -1
-0.059211 -0.951257 -1
-0.059211 -0.900900 -1
-0.059211 -0.850542 -1
-0.059211 -0.800184 -1
-0.059211 -0.749827 -1
-0.059211 -0.699469 -1
-0.059211 -0.649111 -1
-0.059211 -0.598754 -1
-0.059211 -0.548396 -1
-0.059211 -0.498038 -1
-0.059211 -0.447681 -1
-0.059211 -0.397323 -1
-0.059211 -0.346965 -1
-0.059211 -0.296608 -1
-0.059211 -0.246250 -1
-0.059211 -0.195892 -1
-0.059211 -0.145535 -1
-0.059211 -0.095177 -1
-0.059211 -0.044820 -1
-0.059211 0.005538 -1
-0.059211 0.055896 -1
-0.059211 0.106253 -1
-0.059211 0.156611 -1
-0.059211 0.206969 -1
-0.059211 0.257326 -1
-0.059211 0.307684 0.000267002
-0.059211 0.358042 0.000252034
-0.059211 0.408399 0.000240205
-0.059211 0.458757 0.000233091
-0.059211 0.509115 0.000227449
-0.059211 0.559472 0.000224669
-0.059211 0.609830 0.000222897
-0.059211 0.660188 0.000220587
-0.059211 0.710545 0.000218816
-0.059211 0.760903 0.000218177
-0.059211 0.811261 0.000218829
-0.059211 0.861618 0.000217583
-0.059211 0.911976 0.000216037
-0.059211 0.962334 0.000215779
-0.059211 1.012691 0.000216524
-0.059211 1.063049 0.000218169
-0.059211 1.113407 0.00022088
-0.059211 1.163764 0.000224382
-0.059211 1.214122 0.000227161
-0.059211 1.264479 0.000228113
-0.059211 1.314837 0.000228299
-0.059211 1.365195 0.000227931
-0.059211 1.415552 0.000226246
-0.059211 1.465910 0.000223537
-0.059211 1.516268 0.000220468
-0.059211 1.566625 0.000218857
-0.059211 1.616983 0.000216774
-0.059211 1.667341 0.000216466
-0.059211 1.717698 0.000216107
-0.059211 1.768056 0.000215845
-0.059211 1.818414 0.000215952
-0.059211 1.868771 0.000215352
-0.059211 1.919129 0.000214877
-0.059211 1.969487 0.000213882
-0.059211 2.019844 0.000212386
-0.059211 2.070202 0.000211358
-0.059211 2.120560 0.000209755
-0.059211 2.170917 0.000209204
-0.059211 2.221275 0.000209047
-0.059211 2.271633 0.000209185
-0.059211 2.321990 0.000208143
-0.059211 2.372348 0.000206765
-0.059211 2.422706 0.000207425
-0.059211 2.473063 0.000207851
-0.059211 2.523421 0.000207027
-0.059211 2.573778 0.00020634
-0.059211 2.624136 0.000206337
-0.059211 2.674494 0.000206261
-0.059211 2.724851 0.000205663
-0.059211 2.775209 0.000204879
-0.059211 2.825567 0.000204214
-0.059211 2.875924 0.000203004
-0.059211 2.926282 0.000202286
-0.059211 2.976640 0.000202534
-0.059211 3.026997 0.000202677
-0.059211 3.077355 0.000202976
-0.059211 3.127713 0.000202977
-0.059211 3.178070 0.000203095
-0.059211 3.228428 0.000203316
-0.059211 3.278786 0.00020385
-0.059211 3.329143 0.000204127
-0.059211 3.379501 0.000204418
-0.059211 3.429859 0.000206528
-0.059211 3.480216 0.000207675
-0.059211 3.530574 0.000208481
-0.059211 3.580932 0.000210741
-0.059211 3.631289 0.000212454
-0.059211 3.681647 0.000213031
-0.059211 3.732005 0.00021301
-0.059211 3.782362 0.00021299
-0.059211 3.832720 0.000212537
-0.059211 3.883077 0.000211843
-0.059211 3.933435 0.000210506
-0.059211 3.983793 0.00021004
-0.059211 4.034150 0.000209444
-0.059211 4.084508 0.000207992
-0.059211 4.134866 0.000207849
-0.059211 4.185223 0.000208851
-0.059211 4.235581 0.000209119
-0.059211 4.285939 0.000209985
-0.059211 4.336296 0.000211729
-0.059211 4.386654 -1
-0.059211 4.437012 -1
-0.059211 4.487369 -1
-0.059211 4.537727 -1
-0.059211 4.588085 -1
-0.059211 4.638442 -1
-0.059211 4.688800 -1
-0.059211 4.739158 -1
-0.059211 4.789515 -1
-0.059211 4.839873 -1
-0.059211 4.890231 -1
-0.059211 4.940588 -1
-0.059211 4.990946 -1
-0.059211 5.041303 -1
-0.059211 5.091661 -1
-0.059211 5.142019 -1
-0.059211 5.192376 -1
-0.059211 5.242734 -1
-0.059211 5.293092 -1
-0.059211 5.343449 -1
-0.059211 5.393807 -1
-0.059211 5.444165 -1
-0.059211 5.494522 -1
-0.059211 5.544880 -1
-0.059211 5.595238 -1
-0.059211 5.645595 -1
-0.059211 5.695953 -1
-0.059211 5.746311 -1
-0.059211 5.796668 -1
-0.059211 5.847026 -1
-0.059211 5.897384 -1
-0.059211 5.947741 -1
-0.059211 5.998099 -1
-0.059211 6.048457 -1
-0.059211 6.098814 -1
-0.059211 6.149172 -1
-0.059211 6.199530 -1
-0.059211 6.249887 -1
-0.059211 6.300245 -1
-0.059211 6.350602 -1
-0.009003 -1.354118 -1
-0.009003 -1.303761 -1
-0.009003 -1.253403 -1
-0.009003 -1.203046 -1
-0.009003 -1.152688 -1
-0.009003 -1.102330 -1
-0.009003 -1.051973 -1
-0.009003 -1.001615 -1
-0.009003 -0.951257 -1
-0.009003 -0.900900 -1
-0.009003 -0.850542 -1
-0.009003 -0.800184 -1
-0.009003 -0.749827 -1
-0.009003 -0.699469 -1
-0.009003 -0.649111 -1
-0.009003 -0.598754 -1
-0.009003 -0.548396 -1
-0.009003 -0.498038 -1
-0.009003 -0.447681 -1
-0.009003 -0.397323 -1
-0.009003 -0.346965 -1
-0.009003 -0.296608 -1
-0.009003 -0.246250 -1
-0.009003 -0.195892 -1
-0.009003 -0.145535 -1
-0.009003 -0.095177 -1
-0.009003 -0.044820 -1
-0.009003 0.005538 -1
-0.009003 0.055896 -1
-0.009003 0.106253 -1
-0.009003 0.156611 -1
-0.009003 0.206969 -1
-0.009003 0.257326 0.000314549
-0.009003 0.307684 0.000283443
-0.009003 0.358042 0.000262526
-0.009003 0.408399 0.000247152
-0.009003 0.458757 0.000236894
-0.009003 0.509115 0.000229914
-0.009003 0.559472 0.000226734
-0.009003 0.609830 0.000224075
-0.009003 0.660188 0.000221445
-0.009003 0.710545 0.000219179
-0.009003 0.760903 0.000218384
-0.009003 0.811261 0.000218754
-0.009003 0.861618 0.000217308
-0.009003 0.911976 0.000215618
-0.009003 0.962334 0.00021543
-0.009003 1.012691 0.000215358
-0.009003 1.063049 0.000216865
-0.009003 1.113407 0.000219193
-0.009003 1.163764 0.000222125
-0.009003 1.214122 0.000224071
-0.009003 1.264479 0.00022502
-0.009003 1.314837 0.000225357
-0.009003 1.365195 0.00022552
-0.009003 1.415552 0.000224481
-0.009003 1.465910 0.000222256
-0.009003 1.516268 0.000220068
-0.009003 1.566625 0.00021827
-0.009003 1.616983 0.000216415
-0.009003 1.667341 0.000216149
-0.009003 1.717698 0.00021629
-0.009003 1.768056 0.000216125
-0.009003 1.818414 0.000216728
-0.009003 1.868771 0.000216235
-0.009003 1.919129 0.000215339
-0.009003 1.969487 0.000214409
-0.009003 2.019844 0.000212977
-0.009003 2.070202 0.00021175
-0.009003 2.120560 0.000209596
-0.009003 2.170917 0.000209051
-0.009003 2.221275 0.000208804
-0.009003 2.271633 0.000209049
-0.009003 2.321990 0.000208033
-0.009003 2.372348 0.000207143
-0.009003 2.422706 0.000207466
-0.009003 2.473063 0.000209251
-0.009003 2.523421 0.000207469
-0.009003 2.573778 0.000206572
-0.009003 2.624136 0.000206523
-0.009003 2.674494 0.000206116
-0.009003 2.724851 0.000205651
-0.009003 2.775209 0.000204668
-0.009003 2.825567 0.000203663
-0.009003 2.875924 0.000202888
-0.009003 2.926282 0.0002025
-0.009003 2.976640 0.000202802
-0.009003 3.026997 0.000202858
-0.009003 3.077355 0.000203062
-0.009003 3.127713 0.000203129
-0.009003 3.178070 0.000203077
-0.009003 3.228428 0.000203371
-0.009003 3.278786 0.00020424
-0.009003 3.329143 0.000204775
-0.009003 3.379501 0.000205454
-0.009003 3.429859 0.000207219
-0.009003 3.480216 0.000208253
-0.009003 3.530574 0.000209704
-0.009003 3.580932 0.000211857
-0.009003 3.631289 0.000213588
-0.009003 3.681647 0.000214
-0.009003 3.732005 0.000213667
-0.009003 3.782362 0.000213796
-0.009003 3.832720 0.000213179
-0.009003 3.883077 0.000211469
-0.009003 3.933435 0.000210906
-0.009003 3.983793 0.000210725
-0.009003 4.034150 0.000209894
-0.009003 4.084508 0.000208866
-0.009003 4.134866 0.000208479
-0.009003 4.185223 0.000208991
-0.009003 4.235581 0.000209839
-0.009003 4.285939 -1
-0.009003 4.336296 0.000212346
-0.009003 4.386654 0.000213291
-0.009003 4.437012 -1
-0.009003 4.487369 -1
-0.009003 4.537727 -1
-0.009003 4.588085 -1
-0.009003 4.638442 -1
-0.009003 4.688800 -1
-0.009003 4.739158 -1
-0.009003 4.789515 -1
-0.009003 4.839873 -1
-0.009003 4.890231 -1
-0.009003 4.940588 -1
-0.009003 4.990946 -1
-0.009003 5.041303 -1
-0.009003 5.091661 -1
-0.009003 5.142019 -1
-0.009003 5.192376 -1
-0.009003 5.242734 -1
-0.009003 5.293092 -1
-0.009003 5.343449 -1
-0.009003 5.393807 -1
-0.009003 5.444165 -1
-0.009003 5.494522 -1
-0.009003 5.544880 -1
-0.009003 5.595238 -1
-0.009003 5.645595 -1
-0.009003 5.695953 -1
-0.009003 5.746311 -1
-0.009003 5.796668 -1
-0.009003 5.847026 -1
-0.009003 5.897384 -1
-0.009003 5.947741 -1
-0.009003 5.998099 -1
-0.009003 6.048457 -1
-0.009003 6.098814 -1
-0.009003 6.149172 -1
-0.009003 6.199530 -1
-0.009003 6.249887 -1
-0.009003 6.300245 -1
-0.009003 6.350602 -1
0.041205 -1.354118 -1
0.041205 -1.303761 -1
0.041205 -1.253403 -1
0.041205 -1.203046 -1
0.041205 -1.152688 -1
0.041205 -1.102330 -1
0.041205 -1.051973 -1
0.041205 -1.001615 -1
0.041205 -0.951257 -1
0.041205 -0.900900 -1
0.041205 -0.850542 -1
0.041205 -0.800184 -1
0.041205 -0.749827 -1
0.041205 -0.699469 -1
0.041205 -0.649111 -1
0.041205 -0.598754 -1
0.041205 -0.548396 -1
0.041205 -0.498038 -1
0.041205 -0.447681 -1
0.041205 -0.397323 -1
0.041205 -0.346965 -1
0.041205 -0.296608 -1
0.041205 -0.246250 -1
0.041205 -0.195892 -1
0.041205 -0.145535 -1
0.041205 -0.095177 -1
0.041205 -0.044820 -1
0.041205 0.005538 -1
0.041205 0.055896 -1
0.041205 0.106253 -1
0.041205 0.156611 -1
0.041205 0.206969 -1
0.041205 0.257326 0.000357849
0.041205 0.307684 0.000304409
0.041205 0.358042 0.000271786
0.041205 0.408399 0.00025242
0.041205 0.458757 0.00024039
0.041205 0.509115 0.00023127
0.041205 0.559472 0.000227644
0.041205 0.609830 0.000225317
0.041205 0.660188 0.000222591
0.041205 0.710545 0.000219738
0.041205 0.760903 0.000218812
0.041205 0.811261 0.000219067
0.041205 0.861618 0.000217346
0.041205 0.911976 0.000215471
0.041205 0.962334 0.000214878
0.041205 1.012691 0.000214931
0.041205 1.063049 0.00021669
0.041205 1.113407 0.000218563
0.041205 1.163764 0.000221036
0.041205 1.214122 0.000222903
0.041205 1.264479 0.000224233
0.041205 1.314837 0.000224512
0.041205 1.365195 0.000224777
0.041205 1.415552 0.000224124
0.041205 1.465910 0.000222321
0.041205 1.516268 0.000220024
0.041205 1.566625 0.000218121
0.041205 1.616983 0.000216675
0.041205 1.667341 0.000216503
0.041205 1.717698 0.000216573
0.041205 1.768056 0.000216526
0.041205 1.818414 0.000216782
0.041205 1.868771 0.000216478
0.041205 1.919129 0.000215518
0.041205 1.969487 0.000214317
0.041205 2.019844 0.000213027
0.041205 2.070202 0.000211414
0.041205 2.120560 0.000210112
0.041205 2.170917 0.000209382
0.041205 2.221275 0.000209008
0.041205 2.271633 0.000208988
0.041205 2.321990 0.000208123
0.041205 2.372348 0.000206796
0.041205 2.422706 0.000207466
0.041205 2.473063 0.000208484
0.041205 2.523421 0.000207078
0.041205 2.573778 0.000206637
0.041205 2.624136 0.000206623
0.041205 2.674494 0.00020603
0.041205 2.724851 0.000205433
0.041205 2.775209 0.000204691
0.041205 2.825567 0.000204299
0.041205 2.875924 0.000203297
0.041205 2.926282 0.000202927
0.041205 2.976640 0.000203651
0.041205 3.026997 0.000203533
0.041205 3.077355 0.000203988
0.041205 3.127713 0.00020382
0.041205 3.178070 0.000203806
0.041205 3.228428 0.000204102
0.041205 3.278786 0.000205021
0.041205 3.329143 0.000205864
0.041205 3.379501 0.000206659
0.041205 3.429859 0.00020839
0.041205 3.480216 0.000210102
0.041205 3.530574 0.000211526
0.041205 3.580932 0.00021367
0.041205 3.631289 0.000215554
0.041205 3.681647 0.000215817
0.041205 3.732005 0.000216131
0.041205 3.782362 0.000215678
0.041205 3.832720 0.000214511
0.041205 3.883077 0.000212226
0.041205 3.933435 0.000211679
0.041205 3.983793 0.000211354
0.041205 4.034150 0.000210895
0.041205 4.084508 0.000209728
0.041205 4.134866 0.000209266
0.041205 4.185223 0.000210358
0.041205 4.235581 0.00021089
0.041205 4.285939 0.000211632
0.041205 4.336296 0.000212846
0.041205 4.386654 -1
0.041205 4.437012 -1
0.041205 4.487369 -1
0.041205 4.537727 -1
0.041205 4.588085 -1
0.041205 4.638442 -1
0.041205 4.688800 -1
0.041205 4.739158 -1
0.041205 4.789515 -1
0.041205 4.839873 -1
0.041205 4.890231 -1
0.041205 4.940588 -1
0.041205 4.990946 -1
0.041205 5.041303 -1
0.041205 5.091661 -1
0.041205 5.142019 -1
0.041205 5.192376 -1
0.041205 5.242734 -1
0.041205 5.293092 -1
0.041205 5.343449 -1
0.041205 5.393807 -1
0.041205 5.444165 -1
0.041205 5.494522 -1
0.041205 5.544880 -1
0.041205 5.595238 -1
0.041205 5.645595 -1
0.041205 5.695953 -1
0.041205 5.746311 -1
0.041205 5.796668 -1
0.041205 5.847026 -1
0.041205 5.897384 -1
0.041205 5.947741 -1
0.041205 5.998099 -1
0.041205 6.048457 -1
0.041205 6.098814 -1
0.041205 6.149172 -1
0.041205 6.199530 -1
0.041205 6.249887 -1
0.041205 6.300245 -1
0.041205 6.350602 -1
0.091413 -1.354118 -1
0.091413 -1.303761 -1
0.091413 -1.253403 -1
0.091413 -1.203046 -1
0.091413 -1.152688 -1
0.091413 -1.102330 -1
0.091413 -1.051973 -1
0.091413 -1.001615 -1
0.091413 -0.951257 -1
0.091413 -0.900900 -1
0.091413 -0.850542 -1
0.091413 -0.800184 -1
0.091413 -0.749827 -1
0.091413 -0.699469 -1
0.091413 -0.649111 -1
0.091413 -0.598754 -1
0.091413 -0.548396 -1
0.091413 -0.498038 -1
0.091413 -0.447681 -1
0.091413 -0.397323 -1
0.091413 -0.346965 -1
0.091413 -0.296608 -1
0.091413 -0.246250 -1
0.091413 -0.195892 -1
0.091413 -0.145535 -1
0.091413 -0.095177 -1
0.091413 -0.044820 -1
0.091413 0.005538 -1
0.091413 0.055896 -1
0.091413 0.106253 -1
0.091413 0.156611 -1
0.091413 0.206969 -1
0.091413 0.257326 0.000402816
0.091413 0.307684 0.000321334
0.091413 0.358042 0.000280257
0.091413 0.408399 0.000257167
0.091413 0.458757 0.000242849
0.091413 0.509115 0.000232743
0.091413 0.559472 0.000228758
0.091413 0.609830 0.000226341
0.091413 0.660188 0.000223627
0.091413 0.710545 0.00022052
0.091413 0.760903 0.000219428
0.091413 0.811261 0.000219398
0.091413 0.861618 0.000217746
0.091413 0.911976 0.000215918
0.091413 0.962334 0.000215089
0.091413 1.012691 0.000215436
0.091413 1.063049 0.000216627
0.091413 1.113407 0.000218608
0.091413 1.163764 0.000221538
0.091413 1.214122 0.000223195
0.091413 1.264479 0.000224135
0.091413 1.314837 0.00022451
0.091413 1.365195 0.000225202
0.091413 1.415552 0.000224528
0.091413 1.465910 0.000222511
0.091413 1.516268 0.000220513
0.091413 1.566625 0.000218397
0.091413 1.616983 0.000217385
0.091413 1.667341 0.000217015
0.091413 1.717698 0.000217535
0.091413 1.768056 0.000217061
0.091413 1.818414 0.00021719
0.091413 1.868771 0.000216812
0.091413 1.919129 0.000215835
0.091413 1.969487 0.000214649
0.091413 2.019844 0.00021349
0.091413 2.070202 0.000212126
0.091413 2.120560 0.000210544
0.091413 2.170917 0.000209546
0.091413 2.221275 0.000209667
0.091413 2.271633 0.000209695
0.091413 2.321990 0.000208508
0.091413 2.372348 0.000207161
0.091413 2.422706 0.000207994
0.091413 2.473063 0.000209656
0.091413 2.523421 0.00020787
0.091413 2.573778 0.00020698
0.091413 2.624136 0.000206507
0.091413 2.674494 0.000205881
0.091413 2.724851 0.000205377
0.091413 2.775209 0.000204617
0.091413 2.825567 0.00020375
0.091413 2.875924 0.000203877
0.091413 2.926282 0.000203307
0.091413 2.976640 0.000203889
0.091413 3.026997 0.000204162
0.091413 3.077355 0.000204641
0.091413 3.127713 0.00020458
0.091413 3.178070 0.000204655
0.091413 3.228428 0.000205078
0.091413 3.278786 0.000206237
0.091413 3.329143 0.000206974
0.091413 3.379501 0.000207915
0.091413 3.429859 0.000210501
0.091413 3.480216 0.000212602
0.091413 3.530574 0.000214729
0.091413 3.580932 0.000217888
0.091413 3.631289 0.00022029
0.091413 3.681647 0.000220868
0.091413 3.732005 0.000219992
0.091413 3.782362 0.000219081
0.091413 3.832720 0.000217525
0.091413 3.883077 0.000215139
0.091413 3.933435 0.000213739
0.091413 3.983793 0.000213201
0.091413 4.034150 0.000212524
0.091413 4.084508 0.000211071
0.091413 4.134866 0.000210202
0.091413 4.185223 0.000211329
0.091413 4.235581 0.000211251
0.091413 4.285939 -1
0.091413 4.336296 0.000212911
0.091413 4.386654 0.000214154
0.091413 4.437012 -1
0.091413 4.487369 -1
0.091413 4.537727 -1
0.091413 4.588085 -1
0.091413 4.638442 -1
0.091413 4.688800 -1
0.091413 4.739158 -1
0.091413 4.789515 -1
0.091413 4.839873 -1
0.091413 4.890231 -1
0.091413 4.940588 -1
0.091413 4.990946 -1
0.091413 5.041303 -1
0.091413 5.091661 -1
0.091413 5.142019 -1
0.091413 5.192376 -1
0.091413 5.242734 -1
0.091413 5.293092 -1
0.091413 5.343449 -1
0.091413 5.393807 -1
0.091413 5.444165 -1
0.091413 5.494522 -1
0.091413 5.544880 -1
0.091413 5.595238 -1
0.091413 5.645595 -1
0.091413 5.695953 -1
0.091413 5.746311 -1
0.091413 5.796668 -1
0.091413 5.847026 -1
0.091413 5.897384 -1
0.091413 5.947741 -1
0.091413 5.998099 -1
0.091413 6.048457 -1
0.091413 6.098814 -1
0.091413 6.149172 -1
0.091413 6.199530 -1
0.091413 6.249887 -1
0.091413 6.300245 -1
0.091413 6.350602 -1
0.141621 -1.354118 -1
0.141621 -1.303761 -1
0.141621 -1.253403 -1
0.141621 -1.203046 -1
0.141621 -1.152688 -1
0.141621 -1.102330 -1
0.141621 -1.051973 -1
0.141621 -1.001615 -1
0.141621 -0.951257 -1
0.141621 -0.900900 -1
0.141621 -0.850542 -1
0.141621 -0.800184 -1
0.141621 -0.749827 -1
0.141621 -0.699469 -1
0.141621 -0.649111 -1
0.141621 -0.598754 -1
0.141621 -0.548396 -1
0.141621 -0.498038 -1
0.141621 -0.447681 -1
0.141621 -0.397323 -1
0.141621 -0.346965 -1
0.141621 -0.296608 -1
0.141621 -0.246250 -1
0.141621 -0.195892 -1
0.141621 -0.145535 -1
0.141621 -0.095177 -1
0.141621 -0.044820 -1
0.141621 0.005538 -1
0.141621 0.055896 -1
0.141621 0.106253 -1
0.141621 0.156611 -1
0.141621 0.206969 -1
0.141621 0.257326 0.000432833
0.141621 0.307684 0.000331822
0.141621 0.358042 0.000282738
0.141621 0.408399 0.000257713
0.141621 0.458757 0.000243846
0.141621 0.509115 0.000233914
0.141621 0.559472 0.000229523
0.141621 0.609830 0.000226559
0.141621 0.660188 0.000223908
0.141621 0.710545 0.00022148
0.141621 0.760903 0.000220015
0.141621 0.811261 0.000219662
0.141621 0.861618 0.000218144
0.141621 0.911976 0.000216599
0.141621 0.962334 0.000215652
0.141621 1.012691 0.000215822
0.141621 1.063049 0.00021716
0.141621 1.113407 0.000219595
0.141621 1.163764 0.00022259
0.141621 1.214122 0.000224647
0.141621 1.264479 0.000225877
0.141621 1.314837 0.000226274
0.141621 1.365195 0.000226854
0.141621 1.415552 0.000225825
0.141621 1.465910 0.000223615
0.141621 1.516268 0.000221477
0.141621 1.566625 0.000219575
0.141621 1.616983 0.000218233
0.141621 1.667341 0.000217728
0.141621 1.717698 0.00021749
0.141621 1.768056 0.00021751
0.141621 1.818414 0.000218247
0.141621 1.868771 0.000217659
0.141621 1.919129 0.000216619
0.141621 1.969487 0.000215156
0.141621 2.019844 0.000213555
0.141621 2.070202 0.000212081
0.141621 2.120560 0.000210787
0.141621 2.170917 0.000209874
0.141621 2.221275 0.000209836
0.141621 2.271633 0.000209772
0.141621 2.321990 0.000208561
0.141621 2.372348 0.000206671
0.141621 2.422706 0.000207777
0.141621 2.473063 0.000210193
0.141621 2.523421 0.00020791
0.141621 2.573778 0.000206594
0.141621 2.624136 0.00020639
0.141621 2.674494 0.000205702
0.141621 2.724851 0.000205231
0.141621 2.775209 0.000204836
0.141621 2.825567 0.000204233
0.141621 2.875924 0.000204195
0.141621 2.926282 0.000203717
0.141621 2.976640 0.000204506
0.141621 3.026997 0.000204858
0.141621 3.077355 0.00020541
0.141621 3.127713 0.000205675
0.141621 3.178070 0.000205809
0.141621 3.228428 0.000206643
0.141621 3.278786 0.000208219
0.141621 3.329143 0.00020988
0.141621 3.379501 0.000211509
0.141621 3.429859 0.000214151
0.141621 3.480216 0.000217368
0.141621 3.530574 0.000220194
0.141621 3.580932 0.000224954
0.141621 3.631289 0.000228678
0.141621 3.681647 0.000228928
0.141621 3.732005 0.000227707
0.141621 3.782362 0.000225091
0.141621 3.832720 0.000221859
0.141621 3.883077 0.000218025
0.141621 3.933435 0.000215691
0.141621 3.983793 0.000215336
0.141621 4.034150 0.000214227
0.141621 4.084508 0.000212504
0.141621 4.134866 0.000211918
0.141621 4.185223 0.000212249
0.141621 4.235581 0.00021205
0.141621 4.285939 0.000212559
0.141621 4.336296 0.000213588
0.141621 4.386654 -1
0.141621 4.437012 -1
0.141621 4.487369 -1
0.141621 4.537727 -1
0.141621 4.588085 -1
0.141621 4.638442 -1
0.141621 4.688800 -1
0.141621 4.739158 -1
0.141621 4.789515 -1
0.141621 4.839873 -1
0.141621 4.890231 -1
0.141621 4.940588 -1
0.141621 4.990946 -1
0.141621 5.041303 -1
0.141621 5.091661 -1
0.141621 5.142019 -1
0.141621 5.192376 -1
0.141621 5.242734 -1
0.141621 5.293092 -1
0.141621 5.343449 -1
0.141621 5.393807 -1
0.141621 5.444165 -1
0.141621 5.494522 -1
0.141621 5.544880 -1
0.141621 5.595238 -1
0.141621 5.645595 -1
0.141621 5.695953 -1
0.141621 5.746311 -1
0.141621 5.796668 -1
0.141621 5.847026 -1
0.141621 5.897384 -1
0.141621 5.947741 -1
0.141621 5.998099 -1
0.141621 6.048457 -1
0.141621 6.098814 -1
0.141621 6.149172 -1
0.141621 6.199530 -1
0.141621 6.249887 -1
0.141621 6.300245 -1
0.141621 6.350602 -1
0.191829 -1.354118 -1
0.191829 -1.303761 -1
0.191829 -1.253403 -1
0.191829 -1.203046 -1
0.191829 -1.152688 -1
0.191829 -1.102330 -1
0.191829 -1.051973 -1
0.191829 -1.001615 -1
0.191829 -0.951257 -1
0.191829 -0.900900 -1
0.191829 -0.850542 -1
0.191829 -0.800184 -1
0.191829 -0.749827 -1
0.191829 -0.699469 -1
0.191829 -0.649111 -1
0.191829 -0.598754 -1
0.191829 -0.548396 -1
0.191829 -0.498038 -1
0.191829 -0.447681 -1
0.191829 -0.397323 -1
0.191829 -0.346965 -1
0.191829 -0.296608 -1
0.191829 -0.246250 -1
0.191829 -0.195892 -1
0.191829 -0.145535 -1
0.191829 -0.095177 -1
0.191829 -0.044820 -1
0.191829 0.005538 -1
0.191829 0.055896 -1
0.191829 0.106253 -1
0.191829 0.156611 -1
0.191829 0.206969 -1
0.191829 0.257326 0.000414173
0.191829 0.307684 0.000322204
0.191829 0.358042 0.000279052
0.191829 0.408399 0.000256256
0.191829 0.458757 0.000243262
0.191829 0.509115 0.000233541
0.191829 0.559472 0.000229816
0.191829 0.609830 0.000226803
0.191829 0.660188 0.000223884
0.191829 0.710545 0.000221586
0.191829 0.760903 0.000220417
0.191829 0.811261 0.000220623
0.191829 0.861618 0.000218929
0.191829 0.911976 0.000217254
0.191829 0.962334 0.000216501
0.191829 1.012691 0.000216662
0.191829 1.063049 0.000218181
0.191829 1.113407 0.000221176
0.191829 1.163764 0.000224809
0.191829 1.214122 0.00022793
0.191829 1.264479 0.000229835
0.191829 1.314837 0.00023042
0.191829 1.365195 0.000230539
0.191829 1.415552 0.000228991
0.191829 1.465910 0.000226308
0.191829 1.516268 0.000223617
0.191829 1.566625 0.000221339
0.191829 1.616983 0.000219735
0.191829 1.667341 0.000218923
0.191829 1.717698 0.000219024
0.191829 1.768056 0.000218901
0.191829 1.818414 0.000219005
0.191829 1.868771 0.000218377
0.191829 1.919129 0.000217512
0.191829 1.969487 0.000215552
0.191829 2.019844 0.000213667
0.191829 2.070202 0.000212345
0.191829 2.120560 0.000210748
0.191829 2.170917 0.000209538
0.191829 2.221275 0.000209629
0.191829 2.271633 0.000209506
0.191829 2.321990 0.000208093
0.191829 2.372348 0.00020645
0.191829 2.422706 0.000206713
0.191829 2.473063 0.000208121
0.191829 2.523421 0.000206978
0.191829 2.573778 0.000206517
0.191829 2.624136 0.000206402
0.191829 2.674494 0.000205576
0.191829 2.724851 0.000205088
0.191829 2.775209 0.000204548
0.191829 2.825567 0.000204242
0.191829 2.875924 0.000204365
0.191829 2.926282 0.000204263
0.191829 2.976640 0.000204854
0.191829 3.026997 0.000205389
0.191829 3.077355 0.000205887
0.191829 3.127713 0.000206693
0.191829 3.178070 0.000207039
0.191829 3.228428 0.00020771
0.191829 3.278786 0.000210409
0.191829 3.329143 0.000212446
0.191829 3.379501 0.000215063
0.191829 3.429859 0.000219534
0.191829 3.480216 0.000223465
0.191829 3.530574 0.000229652
0.191829 3.580932 0.000237013
0.191829 3.631289 0.000243494
0.191829 3.681647 0.000245787
0.191829 3.732005 0.000240496
0.191829 3.782362 0.000233511
0.191829 3.832720 0.000227701
0.191829 3.883077 0.000222031
0.191829 3.933435 0.000218605
0.191829 3.983793 0.000217462
0.191829 4.034150 0.000216236
0.191829 4.084508 0.00021412
0.191829 4.134866 0.000213144
0.191829 4.185223 0.00021349
0.191829 4.235581 0.000213042
0.191829 4.285939 -1
0.191829 4.336296 0.000214437
0.191829 4.386654 0.000216451
0.191829 4.437012 -1
0.191829 4.487369 -1
0.191829 4.537727 -1
0.191829 4.588085 -1
0.191829 4.638442 -1
0.191829 4.688800 -1
0.191829 4.739158 -1
0.191829 4.789515 -1
0.191829 4.839873 -1
0.191829 4.890231 -1
0.191829 4.940588 -1
0.191829 4.990946 -1
0.191829 5.041303 -1
0.191829 5.091661 -1
0.191829 5.142019 -1
0.191829 5.192376 -1
0.191829 5.242734 -1
0.191829 5.293092 -1
0.191829 5.343449 -1
0.191829 5.393807 -1
0.191829 5.444165 -1
0.191829 5.494522 -1
0.191829 5.544880 -1
0.191829 5.595238 -1
0.191829 5.645595 -1
0.191829 5.695953 -1
0.191829 5.746311 -1
0.191829 5.796668 -1
0.191829 5.847026 -1
0.191829 5.897384 -1
0.191829 5.947741 -1
0.191829 5.998099 -1
0.191829 6.048457 -1
0.191829 6.098814 -1
0.191829 6.149172 -1
0.191829 6.199530 -1
0.191829 6.249887 -1
0.191829 6.300245 -1
0.191829 6.350602 -1
0.242037 -1.354118 -1
0.242037 -1.303761 -1
0.242037 -1.253403 -1
0.242037 -1.203046 -1
0.242037 -1.152688 -1
0.242037 -1.102330 -1
0.242037 -1.051973 -1
0.242037 -1.001615 -1
0.242037 -0.951257 -1
0.242037 -0.900900 -1
0.242037 -0.850542 -1
0.242037 -0.800184 -1
0.242037 -0.749827 -1
0.242037 -0.699469 -1
0.242037 -0.649111 -1
0.242037 -0.598754 -1
0.242037 -0.548396 -1
0.242037 -0.498038 -1
0.242037 -0.447681 -1
0.242037 -0.397323 -1
0.242037 -0.346965 -1
0.242037 -0.296608 -1
0.242037 -0.246250 -1
0.242037 -0.195892 -1
0.242037 -0.145535 -1
0.242037 -0.095177 -1
0.242037 -0.044820 -1
0.242037 0.005538 -1
0.242037 0.055896 -1
0.242037 0.106253 -1
0.242037 0.156611 -1
0.242037 0.206969 -1
0.242037 0.257326 0.000359783
0.242037 0.307684 0.000304308
0.242037 0.358042 0.000271594
0.242037 0.408399 0.000252591
0.242037 0.458757 0.000241001
0.242037 0.509115 0.000232957
0.242037 0.559472 0.000229313
0.242037 0.609830 0.000226613
0.242037 0.660188 0.000224076
0.242037 0.710545 0.000221549
0.242037 0.760903 0.000220419
0.242037 0.811261 0.000220708
0.242037 0.861618 0.000219912
0.242037 0.911976 0.000217927
0.242037 0.962334 0.000217675
0.242037 1.012691 0.000218366
0.242037 1.063049 0.000219952
0.242037 1.113407 0.000224294
0.242037 1.163764 0.000229364
0.242037 1.214122 0.00023394
0.242037 1.264479 0.000237191
0.242037 1.314837 0.000238274
0.242037 1.365195 0.000238045
0.242037 1.415552 0.000234689
0.242037 1.465910 0.000230283
0.242037 1.516268 0.000226938
0.242037 1.566625 0.000223734
0.242037 1.616983 0.000222038
0.242037 1.667341 0.000221099
0.242037 1.717698 0.000220666
0.242037 1.768056 0.000220619
0.242037 1.818414 0.000220505
0.242037 1.868771 0.000219171
0.242037 1.919129 0.000218487
0.242037 1.969487 0.000216105
0.242037 2.019844 0.000214206
0.242037 2.070202 0.000212413
0.242037 2.120560 0.000210489
0.242037 2.170917 0.000209206
0.242037 2.221275 0.000209059
0.242037 2.271633 0.000209241
0.242037 2.321990 0.000207899
0.242037 2.372348 0.000205922
0.242037 2.422706 0.000206174
0.242037 2.473063 0.000206515
0.242037 2.523421 0.000206117
0.242037 2.573778 0.000205882
0.242037 2.624136 0.000206085
0.242037 2.674494 0.000205597
0.242037 2.724851 0.000205399
0.242037 2.775209 0.000204704
0.242037 2.825567 0.000204286
0.242037 2.875924 0.000204284
0.242037 2.926282 0.000204405
0.242037 2.976640 0.000205448
0.242037 3.026997 0.000205857
0.242037 3.077355 0.000206494
0.242037 3.127713 0.000207416
0.242037 3.178070 0.000207742
0.242037 3.228428 0.000209493
0.242037 3.278786 0.000213249
0.242037 3.329143 0.000214913
0.242037 3.379501 0.000218
0.242037 3.429859 0.000223976
0.242037 3.480216 0.000230556
0.242037 3.530574 0.00024068
0.242037 3.580932 0.000256097
0.242037 3.631289 0.000287495
0.242037 3.681647 0.000308027
0.242037 3.732005 0.000273772
0.242037 3.782362 0.000245978
0.242037 3.832720 0.000234184
0.242037 3.883077 0.000226627
0.242037 3.933435 0.000222283
0.242037 3.983793 0.000219886
0.242037 4.034150 0.00021817
0.242037 4.084508 0.000215847
0.242037 4.134866 0.000214598
0.242037 4.185223 0.000214906
0.242037 4.235581 0.000214151
0.242037 4.285939 0.000214326
0.242037 4.336296 0.000215462
0.242037 4.386654 -1
0.242037 4.437012 -1
0.242037 4.487369 -1
0.242037 4.537727 -1
0.242037 4.588085 -1
0.242037 4.638442 -1
0.242037 4.688800 -1
0.242037 4.739158 -1
0.242037 4.789515 -1
0.242037 4.839873 -1
0.242037 4.890231 -1
0.242037 4.940588 -1
0.242037 4.990946 -1
0.242037 5.041303 -1
0.242037 5.091661 -1
0.242037 5.142019 -1
0.242037 5.192376 -1
0.242037 5.242734 -1
0.242037 5.293092 -1
0.242037 5.343449 -1
0.242037 5.393807 -1
0.242037 5.444165 -1
0.242037 5.494522 -1
0.242037 5.544880 -1
0.242037 5.595238 -1
0.242037 5.645595 -1
0.242037 5.695953 -1
0.242037 5.746311 -1
0.242037 5.796668 -1
0.242037 5.847026 -1
0.242037 5.897384 -1
0.242037 5.947741 -1
0.242037 5.998099 -1
0.242037 6.048457 -1
0.242037 6.098814 -1
0.242037 6.149172 -1
0.242037 6.199530 -1
0.242037 6.249887 -1
0.242037 6.300245 -1
0.242037 6.350602 -1
0.292245 -1.354118 -1
0.292245 -1.303761 -1
0.292245 -1.253403 -1
0.292245 -1.203046 -1
0.292245 -1.152688 -1
0.292245 -1.102330 -1
0.292245 -1.051973 -1
0.292245 -1.001615 -1
0.292245 -0.951257 -1
0.292245 -0.900900 -1
0.292245 -0.850542 -1
0.292245 -0.800184 -1
0.292245 -0.749827 -1
0.292245 -0.699469 -1
0.292245 -0.649111 -1
0.292245 -0.598754 -1
0.292245 -0.548396 -1
0.292245 -0.498038 -1
0.292245 -0.447681 -1
0.292245 -0.397323 -1
0.292245 -0.346965 -1
0.292245 -0.296608 -1
0.292245 -0.246250 -1
0.292245 -0.195892 -1
0.292245 -0.145535 -1
0.292245 -0.095177 -1
0.292245 -0.044820 -1
0.292245 0.005538 -1
0.292245 0.055896 -1
0.292245 0.106253 -1
0.292245 0.156611 -1
0.292245 0.206969 -1
0.292245 0.257326 0.000314887
0.292245 0.307684 0.000283251
0.292245 0.358042 0.000261681
0.292245 0.408399 0.000247537
0.292245 0.458757 0.000237574
0.292245 0.509115 0.000231104
0.292245 0.559472 0.000228588
0.292245 0.609830 0.000226622
0.292245 0.660188 0.000224036
0.292245 0.710545 0.000221552
0.292245 0.760903 0.000220973
0.292245 0.811261 0.000220953
0.292245 0.861618 0.000220607
0.292245 0.911976 0.000219112
0.292245 0.962334 0.000219085
0.292245 1.012691 0.000220762
0.292245 1.063049 0.000223787
0.292245 1.113407 0.000229026
0.292245 1.163764 0.000236365
0.292245 1.214122 0.000245053
0.292245 1.264479 0.000252216
0.292245 1.314837 0.000254554
0.292245 1.365195 0.000251341
0.292245 1.415552 0.000244236
0.292245 1.465910 0.000237251
0.292245 1.516268 0.00023158
0.292245 1.566625 0.000227506
0.292245 1.616983 0.000225108
0.292245 1.667341 0.000223925
0.292245 1.717698 0.000223577
0.292245 1.768056 0.000222909
0.292245 1.818414 0.00022229
0.292245 1.868771 0.000220801
0.292245 1.919129 0.000219803
0.292245 1.969487 0.000217026
0.292245 2.019844 0.00021462
0.292245 2.070202 0.000212335
0.292245 2.120560 0.00020997
0.292245 2.170917 0.000209024
0.292245 2.221275 0.000209147
0.292245 2.271633 0.000209204
0.292245 2.321990 0.000207863
0.292245 2.372348 0.000206222
0.292245 2.422706 0.000206281
0.292245 2.473063 0.000206396
0.292245 2.523421 0.000205999
0.292245 2.573778 0.00020602
0.292245 2.624136 0.000205684
0.292245 2.674494 0.000205538
0.292245 2.724851 0.000205538
0.292245 2.775209 0.000204582
0.292245 2.825567 0.000204097
0.292245 2.875924 0.000204615
0.292245 2.926282 0.00020484
0.292245 2.976640 0.000206014
0.292245 3.026997 0.000206732
0.292245 3.077355 0.000207442
0.292245 3.127713 0.000208222
0.292245 3.178070 0.000209025
0.292245 3.228428 0.000211851
0.292245 3.278786 0.000215061
0.292245 3.329143 0.000217146
0.292245 3.379501 0.000220414
0.292245 3.429859 0.000227543
0.292245 3.480216 0.000237256
0.292245 3.530574 0.000255935
0.292245 3.580932 0.000611027
0.292245 3.631289 0.00250447
0.292245 3.681647 0.00122251
0.292245 3.732005 0.00101344
0.292245 3.782362 0.00026668
0.292245 3.832720 0.000242532
0.292245 3.883077 0.000231943
0.292245 3.933435 0.000225658
0.292245 3.983793 0.00022216
0.292245 4.034150 0.000219907
0.292245 4.084508 0.000217489
0.292245 4.134866 0.000215768
0.292245 4.185223 0.000215621
0.292245 4.235581 0.00021507
0.292245 4.285939 -1
0.292245 4.336296 0.000216147
0.292245 4.386654 0.000216941
0.292245 4.437012 -1
0.292245 4.487369 -1
0.292245 4.537727 -1
0.292245 4.588085 -1
0.292245 4.638442 -1
0.292245 4.688800 -1
0.292245 4.739158 -1
0.292245 4.789515 -1
0.292245 4.839873 -1
0.292245 4.890231 -1
0.292245 4.940588 -1
0.292245 4.990946 -1
0.292245 5.041303 -1
0.292245 5.091661 -1
0.292245 5.142019 -1
0.292245 5.192376 -1
0.292245 5.242734 -1
0.292245 5.293092 -1
0.292245 5.343449 -1
0.292245 5.393807 -1
0.292245 5.444165 -1
0.292245 5.494522 -1
0.292245 5.544880 -1
0.292245 5.595238 -1
0.292245 5.645595 -1
0.292245 5.695953 -1
0.292245 5.746311 -1
0.292245 5.796668 -1
0.292245 5.847026 -1
0.292245 5.897384 -1
0.292245 5.947741 -1
0.292245 5.998099 -1
0.292245 6.048457 -1
0.292245 6.098814 -1
0.292245 6.149172 -1
0.292245 6.199530 -1
0.292245 6.249887 -1
0.292245 6.300245 -1
0.292245 6.350602 -1
0.342453 -1.354118 -1
0.342453 -1.303761 -1
0.342453 -1.253403 -1
0.342453 -1.203046 -1
0.342453 -1.152688 -1
0.342453 -1.102330 -1
0.342453 -1.051973 -1
0.342453 -1.001615 -1
0.342453 -0.951257 -1
0.342453 -0.900900 -1
0.342453 -0.850542 -1
0.342453 -0.800184 -1
0.342453 -0.749827 -1
0.342453 -0.699469 -1
0.342453 -0.649111 -1
0.342453 -0.598754 -1
0.342453 -0.548396 -1
0.342453 -0.498038 -1
0.342453 -0.447681 -1
0.342453 -0.397323 -1
0.342453 -0.346965 -1
0.342453 -0.296608 -1
0.342453 -0.246250 -1
0.342453 -0.195892 -1
0.342453 -0.145535 -1
0.342453 -0.095177 -1
0.342453 -0.044820 -1
0.342453 0.005538 -1
0.342453 0.055896 -1
0.342453 0.106253 -1
0.342453 0.156611 -1
0.342453 0.206969 -1
0.342453 0.257326 0.000285633
0.342453 0.307684 0.000268015
0.342453 0.358042 0.000252123
0.342453 0.408399 0.000241373
0.342453 0.458757 0.00023398
0.342453 0.509115 0.000228727
0.342453 0.559472 0.000226973
0.342453 0.609830 0.000225574
0.342453 0.660188 0.000223424
0.342453 0.710545 0.000221542
0.342453 0.760903 0.000220726
0.342453 0.811261 0.000221808
0.342453 0.861618 0.000221902
0.342453 0.911976 0.000220707
0.342453 0.962334 0.00022136
0.342453 1.012691 0.000223633
0.342453 1.063049 0.000227482
0.342453 1.113407 0.000235215
0.342453 1.163764 0.000248106
0.342453 1.214122 0.000264206
0.342453 1.264479 0.000281696
0.342453 1.314837 0.000290036
0.342453 1.365195 0.000279682
0.342453 1.415552 0.00026059
0.342453 1.465910 0.00024737
0.342453 1.516268 0.000238427
0.342453 1.566625 0.00023281
0.342453 1.616983 0.000229058
0.342453 1.667341 0.000227593
0.342453 1.717698 0.000226075
0.342453 1.768056 0.000225138
0.342453 1.818414 0.000224445
0.342453 1.868771 0.000222479
0.342453 1.919129 0.000220944
0.342453 1.969487 0.000217162
0.342453 2.019844 0.000214642
0.342453 2.070202 0.000212604
0.342453 2.120560 0.000210374
0.342453 2.170917 0.000209339
0.342453 2.221275 0.000209017
0.342453 2.271633 0.000208936
0.342453 2.321990 0.000207394
0.342453 2.372348 0.000206074
0.342453 2.422706 0.00020665
0.342453 2.473063 0.000206846
0.342453 2.523421 0.000205873
0.342453 2.573778 0.000206296
0.342453 2.624136 0.000206397
0.342453 2.674494 0.000205663
0.342453 2.724851 0.000205537
0.342453 2.775209 0.000204971
0.342453 2.825567 0.000204731
0.342453 2.875924 0.00020547
0.342453 2.926282 0.000205469
0.342453 2.976640 0.00020636
0.342453 3.026997 0.000207489
0.342453 3.077355 0.000208383
0.342453 3.127713 0.000208997
0.342453 3.178070 0.000210515
0.342453 3.228428 0.000213019
0.342453 3.278786 0.000216221
0.342453 3.329143 0.000218836
0.342453 3.379501 0.000222524
0.342453 3.429859 0.000230545
0.342453 3.480216 0.000242875
0.342453 3.530574 0.000273036
0.342453 3.580932 0.00230095
0.342453 3.631289 0.0102682
0.342453 3.681647 0.00608497
0.342453 3.732005 0.00372925
0.342453 3.782362 0.000349496
0.342453 3.832720 0.000250983
0.342453 3.883077 0.000236922
0.342453 3.933435 0.000228771
0.342453 3.983793 0.000224771
0.342453 4.034150 0.000221729
0.342453 4.084508 0.000218917
0.342453 4.134866 0.000217137
0.342453 4.185223 0.000216621
0.342453 4.235581 0.000215598
0.342453 4.285939 0.000215464
0.342453 4.336296 0.000215561
0.342453 4.386654 -1
0.342453 4.437012 -1
0.342453 4.487369 -1
0.342453 4.537727 -1
0.342453 4.588085 -1
0.342453 4.638442 -1
0.342453 4.688800 -1
0.342453 4.739158 -1
0.342453 4.789515 -1
0.342453 4.839873 -1
0.342453 4.890231 -1
0.342453 4.940588 -1
0.342453 4.990946 -1
0.342453 5.041303 -1
0.342453 5.091661 -1
0.342453 5.142019 -1
0.342453 5.192376 -1
0.342453 5.242734 -1
0.342453 5.293092 -1
0.342453 5.343449 -1
0.342453 5.393807 -1
0.342453 5.444165 -1
0.342453 5.494522 -1
0.342453 5.544880 -1
0.342453 5.595238 -1
0.342453 5.645595 -1
0.342453 5.695953 -1
0.342453 5.746311 -1
0.342453 5.796668 -1
0.342453 5.847026 -1
0.342453 5.897384 -1
0.342453 5.947741 -1
0.342453 5.998099 -1
0.342453 6.048457 -1
0.342453 6.098814 -1
0.342453 6.149172 -1
0.342453 6.199530 -1
0.342453 6.249887 -1
0.342453 6.300245 -1
0.342453 6.350602 -1
0.392661 -1.354118 -1
0.392661 -1.303761 -1
0.392661 -1.253403 -1
0.392661 -1.203046 -1
0.392661 -1.152688 -1
0.392661 -1.102330 -1
0.392661 -1.051973 -1
0.392661 -1.001615 -1
0.392661 -0.951257 -1
0.392661 -0.900900 -1
0.392661 -0.850542 -1
0.392661 -0.800184 -1
0.392661 -0.749827 -1
0.392661 -0.699469 -1
0.392661 -0.649111 -1
0.392661 -0.598754 -1
0.392661 -0.548396 -1
0.392661 -0.498038 -1
0.392661 -0.447681 -1
0.392661 -0.397323 -1
0.392661 -0.346965 -1
0.392661 -0.296608 -1
0.392661 -0.246250 -1
0.392661 -0.195892 -1
0.392661 -0.145535 -1
0.392661 -0.095177 -1
0.392661 -0.044820 -1
0.392661 0.005538 -1
0.392661 0.055896 -1
0.392661 0.106253 -1
0.392661 0.156611 -1
0.392661 0.206969 -1
0.392661 0.257326 0.000265979
0.392661 0.307684 0.000254058
0.392661 0.358042 0.000243916
0.392661 0.408399 0.000235963
0.392661 0.458757 0.000230432
0.392661 0.509115 0.000225922
0.392661 0.559472 0.000225331
0.392661 0.609830 0.000224321
0.392661 0.660188 0.000222559
0.392661 0.710545 0.00022101
0.392661 0.760903 0.000221215
0.392661 0.811261 0.00022305
0.392661 0.861618 0.000223417
0.392661 0.911976 0.000222502
0.392661 0.962334 0.000223057
0.392661 1.012691 0.000225557
0.392661 1.063049 0.000231031
0.392661 1.113407 0.000241225
0.392661 1.163764 0.000258959
0.392661 1.214122 0.000307545
0.392661 1.264479 0.000439213
0.392661 1.314837 0.000442476
0.392661 1.365195 0.00034489
0.392661 1.415552 0.000284188
0.392661 1.465910 0.000260161
0.392661 1.516268 0.00024716
0.392661 1.566625 0.000238194
0.392661 1.616983 0.000232935
0.392661 1.667341 0.000230126
0.392661 1.717698 0.000227648
0.392661 1.768056 0.000226632
0.392661 1.818414 0.000226095
0.392661 1.868771 0.000223897
0.392661 1.919129 0.000221136
0.392661 1.969487 0.000216785
0.392661 2.019844 0.000214541
0.392661 2.070202 0.000212537
0.392661 2.120560 0.000211048
0.392661 2.170917 0.00021015
0.392661 2.221275 0.000209828
0.392661 2.271633 0.000209078
0.392661 2.321990 0.000207333
0.392661 2.372348 0.000206669
0.392661 2.422706 0.000206867
0.392661 2.473063 0.000207372
0.392661 2.523421 0.000206451
0.392661 2.573778 0.000206604
0.392661 2.624136 0.000206879
0.392661 2.674494 0.000205993
0.392661 2.724851 0.000205809
0.392661 2.775209 0.00020532
0.392661 2.825567 0.000205444
0.392661 2.875924 0.000206166
0.392661 2.926282 0.000206544
0.392661 2.976640 0.000207014
0.392661 3.026997 0.000207984
0.392661 3.077355 0.000209172
0.392661 3.127713 0.00021014
0.392661 3.178070 0.00021274
0.392661 3.228428 0.000214453
0.392661 3.278786 0.000216105
0.392661 3.329143 0.000218909
0.392661 3.379501 0.000223242
0.392661 3.429859 0.000231581
0.392661 3.480216 0.00024525
0.392661 3.530574 0.000278828
0.392661 3.580932 0.000986895
0.392661 3.631289 0.0108353
0.392661 3.681647 0.00969827
0.392661 3.732005 0.00311098
0.392661 3.782362 0.000390939
0.392661 3.832720 0.000256323
0.392661 3.883077 0.000239068
0.392661 3.933435 0.000230311
0.392661 3.983793 0.000226072
0.392661 4.034150 0.00022259
0.392661 4.084508 0.000219157
0.392661 4.134866 0.000217068
0.392661 4.185223 0.000216476
0.392661 4.235581 0.000216106
0.392661 4.285939 -1
0.392661 4.336296 0.000214937
0.392661 4.386654 0.000214761
0.392661 4.437012 -1
0.392661 4.487369 -1
0.392661 4.537727 -1
0.392661 4.588085 -1
0.392661 4.638442 -1
0.392661 4.688800 -1
0.392661 4.739158 -1
0.392661 4.789515 -1
0.392661 4.839873 -1
0.392661 4.890231 -1
0.392661 4.940588 -1
0.392661 4.990946 -1
0.392661 5.041303 -1
0.392661 5.091661 -1
0.392661 5.142019 -1
0.392661 5.192376 -1
0.392661 5.242734 -1
0.392661 5.293092 -1
0.392661 5.343449 -1
0.392661 5.393807 -1
0.392661 5.444165 -1
0.392661 5.494522 -1
0.392661 5.544880 -1
0.392661 5.595238 -1
0.392661 5.645595 -1
0.392661 5.695953 -1
0.392661 5.746311 -1
0.392661 5.796668 -1
0.392661 5.847026 -1
0.392661 5.897384 -1
0.392661 5.947741 -1
0.392661 5.998099 -1
0.392661 6.048457 -1
0.392661 6.098814 -1
0.392661 6.149172 -1
0.392661 6.199530 -1
0.392661 6.249887 -1
0.392661 6.300245 -1
0.392661 6.350602 -1
0.442869 -1.354118 -1
0.442869 -1.303761 -1
0.442869 -1.253403 -1
0.442869 -1.203046 -1
0.442869 -1.152688 -1
0.442869 -1.102330 -1
0.442869 -1.051973 -1
0.442869 -1.001615 -1
0.442869 -0.951257 -1
0.442869 -0.900900 -1
0.442869 -0.850542 -1
0.442869 -0.800184 -1
0.442869 -0.749827 -1
0.442869 -0.699469 -1
0.442869 -0.649111 -1
0.442869 -0.598754 -1
0.442869 -0.548396 -1
0.442869 -0.498038 -1
0.442869 -0.447681 -1
0.442869 -0.397323 -1
0.442869 -0.346965 -1
0.442869 -0.296608 -1
0.442869 -0.246250 -1
0.442869 -0.195892 -1
0.442869 -0.145535 -1
0.442869 -0.095177 -1
0.442869 -0.044820 -1
0.442869 0.005538 -1
0.442869 0.055896 -1
0.442869 0.106253 -1
0.442869 0.156611 -1
0.442869 0.206969 -1
0.442869 0.257326 0.000252387
0.442869 0.307684 0.000244747
0.442869 0.358042 0.000236692
0.442869 0.408399 0.000230944
0.442869 0.458757 0.000227178
0.442869 0.509115 0.000223722
0.442869 0.559472 0.000223247
0.442869 0.609830 0.000222573
0.442869 0.660188 0.00022165
0.442869 0.710545 0.000220478
0.442869 0.760903 0.000221444
0.442869 0.811261 0.000223469
0.442869 0.861618 0.000223402
0.442869 0.911976 0.000222805
0.442869 0.962334 0.000224242
0.442869 1.012691 0.000227235
0.442869 1.063049 0.000232667
0.442869 1.113407 0.000245038
0.442869 1.163764 0.000271723
0.442869 1.214122 0.000404198
0.442869 1.264479 0.00199582
0.442869 1.314837 0.00671321
0.442869 1.365195 0.00372613
0.442869 1.415552 0.000340632
0.442869 1.465910 0.000273206
0.442869 1.516268 0.000253789
0.442869 1.566625 0.000241673
0.442869 1.616983 0.000235268
0.442869 1.667341 0.000232205
0.442869 1.717698 0.000228913
0.442869 1.768056 0.00022741
0.442869 1.818414 0.000226522
0.442869 1.868771 0.000224949
0.442869 1.919129 0.000221232
0.442869 1.969487 0.000216703
0.442869 2.019844 0.000214994
0.442869 2.070202 0.000212858
0.442869 2.120560 0.000210956
0.442869 2.170917 0.000210176
0.442869 2.221275 0.000210022
0.442869 2.271633 0.000209383
0.442869 2.321990 0.000207789
0.442869 2.372348 0.000207268
0.442869 2.422706 0.000207711
0.442869 2.473063 0.000208064
0.442869 2.523421 0.00020739
0.442869 2.573778 0.000207264
0.442869 2.624136 0.000207463
0.442869 2.674494 0.000206934
0.442869 2.724851 0.000206798
0.442869 2.775209 0.000206065
0.442869 2.825567 0.000206277
0.442869 2.875924 0.000207096
0.442869 2.926282 0.000207188
0.442869 2.976640 0.00020795
0.442869 3.026997 0.000208946
0.442869 3.077355 0.000209565
0.442869 3.127713 0.000211304
0.442869 3.178070 0.000213486
0.442869 3.228428 0.000215055
0.442869 3.278786 0.000216464
0.442869 3.329143 0.000219161
0.442869 3.379501 0.000224022
0.442869 3.429859 0.000231977
0.442869 3.480216 0.000242774
0.442869 3.530574 0.000269569
0.442869 3.580932 0.00038336
0.442869 3.631289 0.00280945
0.442869 3.681647 0.00283574
0.442869 3.732005 0.000887678
0.442869 3.782362 0.000353581
0.442869 3.832720 0.000254267
0.442869 3.883077 0.000238747
0.442869 3.933435 0.000229551
0.442869 3.983793 0.000225034
0.442869 4.034150 0.000222691
0.442869 4.084508 0.000219135
0.442869 4.134866 0.000216888
0.442869 4.185223 0.000216468
0.442869 4.235581 0.000215536
0.442869 4.285939 0.000215221
0.442869 4.336296 0.000214774
0.442869 4.386654 -1
0.442869 4.437012 -1
0.442869 4.487369 -1
0.442869 4.537727 -1
0.442869 4.588085 -1
0.442869 4.638442 -1
0.442869 4.688800 -1
0.442869 4.739158 -1
0.442869 4.789515 -1
0.442869 4.839873 -1
0.442869 4.890231 -1
0.442869 4.940588 -1
0.442869 4.990946 -1
0.442869 5.041303 -1
0.442869 5.091661 -1
0.442869 5.142019 -1
0.442869 5.192376 -1
0.442869 5.242734 -1
0.442869 5.293092 -1
0.442869 5.343449 -1
0.442869 5.393807 -1
0.442869 5.444165 -1
0.442869 5.494522 -1
0.442869 5.544880 -1
0.442869 5.595238 -1
0.442869 5.645595 -1
0.442869 5.695953 -1
0.442869 5.746311 -1
0.442869 5.796668 -1
0.442869 5.847026 -1
0.442869 5.897384 -1
0.442869 5.947741 -1
0.442869 5.998099 -1
0.442869 6.048457 -1
0.442869 6.098814 -1
0.442869 6.149172 -1
0.442869 6.199530 -1
0.442869 6.249887 -1
0.442869 6.300245 -1
0.442869 6.350602 -1
0.493077 -1.354118 -1
0.493077 -1.303761 -1
0.493077 -1.253403 -1
0.493077 -1.203046 -1
0.493077 -1.152688 -1
0.493077 -1.102330 -1
0.493077 -1.051973 -1
0.493077 -1.001615 -1
0.493077 -0.951257 -1
0.493077 -0.900900 -1
0.493077 -0.850542 -1
0.493077 -0.800184 -1
0.493077 -0.749827 -1
0.493077 -0.699469 -1
0.493077 -0.649111 -1
0.493077 -0.598754 -1
0.493077 -0.548396 -1
0.493077 -0.498038 -1
0.493077 -0.447681 -1
0.493077 -0.397323 -1
0.493077 -0.346965 -1
0.493077 -0.296608 -1
0.493077 -0.246250 -1
0.493077 -0.195892 -1
0.493077 -0.145535 -1
0.493077 -0.095177 -1
0.493077 -0.044820 -1
0.493077 0.005538 -1
0.493077 0.055896 -1
0.493077 0.106253 -1
0.493077 0.156611 -1
0.493077 0.206969 -1
0.493077 0.257326 0.000242853
0.493077 0.307684 0.000236789
0.493077 0.358042 0.0002308
0.493077 0.408399 0.000226577
0.493077 0.458757 0.000224231
0.493077 0.509115 0.000221203
0.493077 0.559472 0.000221528
0.493077 0.609830 0.000221489
0.493077 0.660188 0.000220605
0.493077 0.710545 0.000219985
0.493077 0.760903 0.000221355
0.493077 0.811261 0.000223294
0.493077 0.861618 0.000222724
0.493077 0.911976 0.000221655
0.493077 0.962334 0.000223418
0.493077 1.012691 0.00022767
0.493077 1.063049 0.000234416
0.493077 1.113407 0.000246981
0.493077 1.163764 0.000278075
0.493077 1.214122 0.000509482
0.493077 1.264479 0.00518411
0.493077 1.314837 0.0191824
0.493077 1.365195 0.0103939
0.493077 1.415552 0.000457454
0.493077 1.465910 0.000280295
0.493077 1.516268 0.000256141
0.493077 1.566625 0.000242676
0.493077 1.616983 0.000235737
0.493077 1.667341 0.000232656
0.493077 1.717698 0.000230313
0.493077 1.768056 0.000228277
0.493077 1.818414 0.000226153
0.493077 1.868771 0.000224836
0.493077 1.919129 0.000219822
0.493077 1.969487 0.000216912
0.493077 2.019844 0.000215163
0.493077 2.070202 0.000213274
0.493077 2.120560 0.000211155
0.493077 2.170917 0.000210744
0.493077 2.221275 0.00021116
0.493077 2.271633 0.000210477
0.493077 2.321990 0.000208715
0.493077 2.372348 0.000208379
0.493077 2.422706 0.000209136
0.493077 2.473063 0.00020915
0.493077 2.523421 0.000208801
0.493077 2.573778 0.000208419
0.493077 2.624136 0.000208415
0.493077 2.674494 0.000208017
0.493077 2.724851 0.000207802
0.493077 2.775209 0.000207267
0.493077 2.825567 0.000207536
0.493077 2.875924 0.000207739
0.493077 2.926282 0.000207941
0.493077 2.976640 0.000208909
0.493077 3.026997 0.000209798
0.493077 3.077355 0.000210825
0.493077 3.127713 0.00021228
0.493077 3.178070 0.000213666
0.493077 3.228428 0.000215695
0.493077 3.278786 0.000217477
0.493077 3.329143 0.000219935
0.493077 3.379501 0.00022369
0.493077 3.429859 0.000231245
0.493077 3.480216 0.000240046
0.493077 3.530574 0.00025621
0.493077 3.580932 0.000286664
0.493077 3.631289 0.000395617
0.493077 3.681647 0.000449903
0.493077 3.732005 0.000310197
0.493077 3.782362 0.000275557
0.493077 3.832720 0.000245333
0.493077 3.883077 0.000234241
0.493077 3.933435 0.00022763
0.493077 3.983793 0.000223954
0.493077 4.034150 0.000221114
0.493077 4.084508 0.00021816
0.493077 4.134866 0.000216582
0.493077 4.185223 0.000215895
0.493077 4.235581 0.000215134
0.493077 4.285939 -1
0.493077 4.336296 0.000215085
0.493077 4.386654 0.000214705
0.493077 4.437012 -1
0.493077 4.487369 -1
0.493077 4.537727 -1
0.493077 4.588085 -1
0.493077 4.638442 -1
0.493077 4.688800 -1
0.493077 4.739158 -1
0.493077 4.789515 -1
0.493077 4.839873 -1
0.493077 4.890231 -1
0.493077 4.940588 -1
0.493077 4.990946 -1
0.493077 5.041303 -1
0.493077 5.091661 -1
0.493077 5.142019 -1
0.493077 5.192376 -1
0.493077 5.242734 -1
0.493077 5.293092 -1
0.493077 5.343449 -1
0.493077 5.393807 -1
0.493077 5.444165 -1
0.493077 5.494522 -1
0.493077 5.544880 -1
0.493077 5.595238 -1
0.493077 5.645595 -1
0.493077 5.695953 -1
0.493077 5.746311 -1
0.493077 5.796668 -1
0.493077 5.847026 -1
0.493077 5.897384 -1
0.493077 5.947741 -1
0.493077 5.998099 -1
0.493077 6.048457 -1
0.493077 6.098814 -1
0.493077 6.149172 -1
0.493077 6.199530 -1
0.493077 6.249887 -1
0.493077 6.300245 -1
0.493077 6.350602 -1
0.543284 -1.354118 -1
0.543284 -1.303761 -1
0.543284 -1.253403 -1
0.543284 -1.203046 -1
0.543284 -1.152688 -1
0.543284 -1.102330 -1
0.543284 -1.051973 -1
0.543284 -1.001615 -1
0.543284 -0.951257 -1
0.543284 -0.900900 -1
0.543284 -0.850542 -1
0.543284 -0.800184 -1
0.543284 -0.749827 -1
0.543284 -0.699469 -1
0.543284 -0.649111 -1
0.543284 -0.598754 -1
0.543284 -0.548396 -1
0.543284 -0.498038 -1
0.543284 -0.447681 -1
0.543284 -0.397323 -1
0.543284 -0.346965 -1
0.543284 -0.296608 -1
0.543284 -0.246250 -1
0.543284 -0.195892 -1
0.543284 -0.145535 -1
0.543284 -0.095177 -1
0.543284 -0.044820 -1
0.543284 0.005538 -1
0.543284 0.055896 -1
0.543284 0.106253 -1
0.543284 0.156611 -1
0.543284 0.206969 -1
0.543284 0.257326 0.000236015
0.543284 0.307684 0.000231579
0.543284 0.358042 0.000226838
0.543284 0.408399 0.000223345
0.543284 0.458757 0.00022136
0.543284 0.509115 0.000219357
0.543284 0.559472 0.000220496
0.543284 0.609830 0.000220415
0.543284 0.660188 0.000219636
0.543284 0.710545 0.000219087
0.543284 0.760903 0.000220541
0.543284 0.811261 0.000221628
0.543284 0.861618 0.000221291
0.543284 0.911976 0.000220894
0.543284 0.962334 0.000222553
0.543284 1.012691 0.000226892
0.543284 1.063049 0.000232865
0.543284 1.113407 0.000245552
0.543284 1.163764 0.000276949
0.543284 1.214122 0.000389672
0.543284 1.264479 0.00152721
0.543284 1.314837 0.00519048
0.543284 1.365195 0.00424039
0.543284 1.415552 0.000481317
0.543284 1.465910 0.000275789
0.543284 1.516268 0.00025145
0.543284 1.566625 0.00024049
0.543284 1.616983 0.000233733
0.543284 1.667341 0.000230567
0.543284 1.717698 0.00022879
0.543284 1.768056 0.000226038
0.543284 1.818414 0.000224489
0.543284 1.868771 0.000223402
0.543284 1.919129 0.000219371
0.543284 1.969487 0.000216587
0.543284 2.019844 0.000215161
0.543284 2.070202 0.000213069
0.543284 2.120560 0.000211293
0.543284 2.170917 0.000211472
0.543284 2.221275 0.000211728
0.543284 2.271633 0.000211166
0.543284 2.321990 0.000210041
0.543284 2.372348 0.000209573
0.543284 2.422706 0.000210876
0.543284 2.473063 0.000211156
0.543284 2.523421 0.000210496
0.543284 2.573778 0.000210614
0.543284 2.624136 0.000210406
0.543284 2.674494 0.000209604
0.543284 2.724851 0.000208849
0.543284 2.775209 0.000208259
0.543284 2.825567 0.000208782
0.543284 2.875924 0.000208779
0.543284 2.926282 0.000208898
0.543284 2.976640 0.000209575
0.543284 3.026997 0.000211014
0.543284 3.077355 0.00021216
0.543284 3.127713 0.000213604
0.543284 3.178070 0.000214137
0.543284 3.228428 0.00021612
0.543284 3.278786 0.000218126
0.543284 3.329143 0.000219942
0.543284 3.379501 0.000222856
0.543284 3.429859 0.000228218
0.543284 3.480216 0.000234206
0.543284 3.530574 0.000244227
0.543284 3.580932 0.000256721
0.543284 3.631289 0.000265679
0.543284 3.681647 0.000264302
0.543284 3.732005 0.000257332
0.543284 3.782362 0.000247394
0.543284 3.832720 0.000237379
0.543284 3.883077 0.000229185
0.543284 3.933435 0.00022438
0.543284 3.983793 0.000221863
0.543284 4.034150 0.00021932
0.543284 4.084508 0.000216987
0.543284 4.134866 0.000215837
0.543284 4.185223 0.000215278
0.543284 4.235581 0.000214419
0.543284 4.285939 0.000214529
0.543284 4.336296 0.000214762
0.543284 4.386654 -1
0.543284 4.437012 -1
0.543284 4.487369 -1
0.543284 4.537727 -1
0.543284 4.588085 -1
0.543284 4.638442 -1
0.543284 4.688800 -1
0.543284 4.739158 -1
0.543284 4.789515 -1
0.543284 4.839873 -1
0.543284 4.890231 -1
0.543284 4.940588 -1
0.543284 4.990946 -1
0.543284 5.041303 -1
0.543284 5.091661 -1
0.543284 5.142019 -1
0.543284 5.192376 -1
0.543284 5.242734 -1
0.543284 5.293092 -1
0.543284 5.343449 -1
0.543284 5.393807 -1
0.543284 5.444165 -1
0.543284 5.494522 -1
0.543284 5.544880 -1
0.543284 5.595238 -1
0.543284 5.645595 -1
0.543284 5.695953 -1
0.543284 5.746311 -1
0.543284 5.796668 -1
0.543284 5.847026 -1
0.543284 5.897384 -1
0.543284 5.947741 -1
0.543284 5.998099 -1
0.543284 6.048457 -1
0.543284 6.098814 -1
0.543284 6.149172 -1
0.543284 6.199530 -1
0.543284 6.249887 -1
0.543284 6.300245 -1
0.543284 6.350602 -1
0.593492 -1.354118 -1
0.593492 -1.303761 -1
0.593492 -1.253403 -1
0.593492 -1.203046 -1
0.593492 -1.152688 -1
0.593492 -1.102330 -1
0.593492 -1.051973 -1
0.593492 -1.001615 -1
0.593492 -0.951257 -1
0.593492 -0.900900 -1
0.593492 -0.850542 -1
0.593492 -0.800184 -1
0.593492 -0.749827 -1
0.593492 -0.699469 -1
0.593492 -0.649111 -1
0.593492 -0.598754 -1
0.593492 -0.548396 -1
0.593492 -0.498038 -1
0.593492 -0.447681 -1
0.593492 -0.397323 -1
0.593492 -0.346965 -1
0.593492 -0.296608 -1
0.593492 -0.246250 -1
0.593492 -0.195892 -1
0.593492 -0.145535 -1
0.593492 -0.095177 -1
0.593492 -0.044820 -1
0.593492 0.005538 -1
0.593492 0.055896 -1
0.593492 0.106253 -1
0.593492 0.156611 -1
0.593492 0.206969 -1
0.593492 0.257326 0.000231125
0.593492 0.307684 0.000227105
0.593492 0.358042 0.000223388
0.593492 0.408399 0.000220884
0.593492 0.458757 0.000218933
0.593492 0.509115 0.000217719
0.593492 0.559472 0.000219242
0.593492 0.609830 0.000219359
0.593492 0.660188 0.000218649
0.593492 0.710545 0.000218438
0.593492 0.760903 0.000219674
0.593492 0.811261 0.000220623
0.593492 0.861618 0.000220054
0.593492 0.911976 0.000219458
0.593492 0.962334 0.000220686
0.593492 1.012691 0.000223962
0.593492 1.063049 0.000229853
0.593492 1.113407 0.000240574
0.593492 1.163764 0.000257601
0.593492 1.214122 0.000296798
0.593492 1.264479 0.000494381
0.593492 1.314837 0.00101857
0.593492 1.365195 0.000979372
0.593492 1.415552 0.000317626
0.593492 1.465910 0.000261453
0.593492 1.516268 0.000244728
0.593492 1.566625 0.000235373
0.593492 1.616983 0.000230858
0.593492 1.667341 0.000227987
0.593492 1.717698 0.000226029
0.593492 1.768056 0.000224432
0.593492 1.818414 0.000223236
0.593492 1.868771 0.000221653
0.593492 1.919129 0.000218992
0.593492 1.969487 0.000216715
0.593492 2.019844 0.00021578
0.593492 2.070202 0.000213854
0.593492 2.120560 0.000212321
0.593492 2.170917 0.00021235
0.593492 2.221275 0.000212887
0.593492 2.271633 0.000212766
0.593492 2.321990 0.000211834
0.593492 2.372348 0.000211788
0.593492 2.422706 0.000213366
0.593492 2.473063 0.000214134
0.593492 2.523421 0.000213109
0.593492 2.573778 0.0002129
0.593492 2.624136 0.000212454
0.593492 2.674494 0.000211331
0.593492 2.724851 0.00021048
0.593492 2.775209 0.000210089
0.593492 2.825567 0.000210241
0.593492 2.875924 0.000210062
0.593492 2.926282 0.000209604
0.593492 2.976640 0.000210336
0.593492 3.026997 0.000212038
0.593492 3.077355 0.000213879
0.593492 3.127713 0.00021438
0.593492 3.178070 0.000214572
0.593492 3.228428 0.00021617
0.593492 3.278786 0.000217701
0.593492 3.329143 0.000219061
0.593492 3.379501 0.000221234
0.593492 3.429859 0.0002246
0.593492 3.480216 0.000229277
0.593492 3.530574 0.000234466
0.593492 3.580932 0.000240085
0.593492 3.631289 0.000243167
0.593492 3.681647 0.000241776
0.593492 3.732005 0.000240262
0.593492 3.782362 0.000236544
0.593492 3.832720 0.000230648
0.593492 3.883077 0.000225048
0.593492 3.933435 0.000221582
0.593492 3.983793 0.000220305
0.593492 4.034150 0.000217849
0.593492 4.084508 0.000215515
0.593492 4.134866 0.000215032
0.593492 4.185223 0.000214343
0.593492 4.235581 -1
0.593492 4.285939 -1
0.593492 4.336296 -1
0.593492 4.386654 -1
0.593492 4.437012 -1
0.593492 4.487369 -1
0.593492 4.537727 -1
0.593492 4.588085 -1
0.593492 4.638442 -1
0.593492 4.688800 -1
0.593492 4.739158 -1
0.593492 4.789515 -1
0.593492 4.839873 -1
0.593492 4.890231 -1
0.593492 4.940588 -1
0.593492 4.990946 -1
0.593492 5.041303 -1
0.593492 5.091661 -1
0.593492 5.142019 -1
0.593492 5.192376 -1
0.593492 5.242734 -1
0.593492 5.293092 -1
0.593492 5.343449 -1
0.593492 5.393807 -1
0.593492 5.444165 -1
0.593492 5.494522 -1
0.593492 5.544880 -1
0.593492 5.595238 -1
0.593492 5.645595 -1
0.593492 5.695953 -1
0.593492 5.746311 -1
0.593492 5.796668 -1
0.593492 5.847026 -1
0.593492 5.897384 -1
0.593492 5.947741 -1
0.593492 5.998099 -1
0.593492 6.048457 -1
0.593492 6.098814 -1
0.593492 6.149172 -1
0.593492 6.199530 -1
0.593492 6.249887 -1
0.593492 6.300245 -1
0.593492 6.350602 -1
0.643700 -1.354118 -1
0.643700 -1.303761 -1
0.643700 -1.253403 -1
0.643700 -1.203046 -1
0.643700 -1.152688 -1
0.643700 -1.102330 -1
0.643700 -1.051973 -1
0.643700 -1.001615 -1
0.643700 -0.951257 -1
0.643700 -0.900900 -1
0.643700 -0.850542 -1
0.643700 -0.800184 -1
0.643700 -0.749827 -1
0.643700 -0.699469 -1
0.643700 -0.649111 -1
0.643700 -0.598754 -1
0.643700 -0.548396 -1
0.643700 -0.498038 -1
0.643700 -0.447681 -1
0.643700 -0.397323 -1
0.643700 -0.346965 -1
0.643700 -0.296608 -1
0.643700 -0.246250 -1
0.643700 -0.195892 -1
0.643700 -0.145535 -1
0.643700 -0.095177 -1
0.643700 -0.044820 -1
0.643700 0.005538 -1
0.643700 0.055896 -1
0.643700 0.106253 -1
0.643700 0.156611 -1
0.643700 0.206969 -1
0.643700 0.257326 0.000227078
0.643700 0.307684 0.000223973
0.643700 0.358042 0.000220802
0.643700 0.408399 0.000218831
0.643700 0.458757 0.000217444
0.643700 0.509115 0.000216578
0.643700 0.559472 0.000218399
0.643700 0.609830 0.000218675
0.643700 0.660188 0.000218254
0.643700 0.710545 0.000217649
0.643700 0.760903 0.000218435
0.643700 0.811261 0.000219301
0.643700 0.861618 0.00021899
0.643700 0.911976 0.000218394
0.643700 0.962334 0.000219338
0.643700 1.012691 0.000222365
0.643700 1.063049 0.000227307
0.643700 1.113407 0.000235094
0.643700 1.163764 0.000247152
0.643700 1.214122 0.000261907
0.643700 1.264479 0.000290885
0.643700 1.314837 0.000348849
0.643700 1.365195 0.00032803
0.643700 1.415552 0.000268761
0.643700 1.465910 0.000248306
0.643700 1.516268 0.000237404
0.643700 1.566625 0.000231238
0.643700 1.616983 0.000227897
0.643700 1.667341 0.000226145
0.643700 1.717698 0.000224428
0.643700 1.768056 0.000223299
0.643700 1.818414 0.000222576
0.643700 1.868771 0.000220592
0.643700 1.919129 0.000218525
0.643700 1.969487 0.000216626
0.643700 2.019844 0.000216025
0.643700 2.070202 0.000214272
0.643700 2.120560 0.000213305
0.643700 2.170917 0.000213797
0.643700 2.221275 0.000214484
0.643700 2.271633 0.000214753
0.643700 2.321990 0.000214273
0.643700 2.372348 0.000215112
0.643700 2.422706 0.000217591
0.643700 2.473063 0.000218725
0.643700 2.523421 0.000217523
0.643700 2.573778 0.000216793
0.643700 2.624136 0.000216237
0.643700 2.674494 0.000214407
0.643700 2.724851 0.000213074
0.643700 2.775209 0.000212174
0.643700 2.825567 0.000211779
0.643700 2.875924 0.000211603
0.643700 2.926282 0.000211071
0.643700 2.976640 0.000211053
0.643700 3.026997 0.00021254
0.643700 3.077355 0.00021443
0.643700 3.127713 0.000214353
0.643700 3.178070 0.000214811
0.643700 3.228428 0.000215363
0.643700 3.278786 0.000216651
0.643700 3.329143 0.000217698
0.643700 3.379501 0.000219617
0.643700 3.429859 0.000222409
0.643700 3.480216 0.000224017
0.643700 3.530574 0.000226375
0.643700 3.580932 0.000229366
0.643700 3.631289 0.000230785
0.643700 3.681647 0.000230378
0.643700 3.732005 0.000230162
0.643700 3.782362 0.000228548
0.643700 3.832720 0.000225578
0.643700 3.883077 0.000222107
0.643700 3.933435 0.000219487
0.643700 3.983793 0.000218638
0.643700 4.034150 0.000216405
0.643700 4.084508 0.000214025
0.643700 4.134866 0.000213653
0.643700 4.185223 0.000213821
0.643700 4.235581 0.000213246
0.643700 4.285939 -1
0.643700 4.336296 -1
0.643700 4.386654 -1
0.643700 4.437012 -1
0.643700 4.487369 -1
0.643700 4.537727 -1
0.643700 4.588085 -1
0.643700 4.638442 -1
0.643700 4.688800 -1
0.643700 4.739158 -1
0.643700 4.789515 -1
0.643700 4.839873 -1
0.643700 4.890231 -1
0.643700 4.940588 -1
0.643700 4.990946 -1
0.643700 5.041303 -1
0.643700 5.091661 -1
0.643700 5.142019 -1
0.643700 5.192376 -1
0.643700 5.242734 -1
0.643700 5.293092 -1
0.643700 5.343449 -1
0.643700 5.393807 -1
0.643700 5.444165 -1
0.643700 5.494522 -1
0.643700 5.544880 -1
0.643700 5.595238 -1
0.643700 5.645595 -1
0.643700 5.695953 -1
0.643700 5.746311 -1
0.643700 5.796668 -1
0.643700 5.847026 -1
0.643700 5.897384 -1
0.643700 5.947741 -1
0.643700 5.998099 -1
0.643700 6.048457 -1
0.643700 6.098814 -1
0.643700 6.149172 -1
0.643700 6.199530 -1
0.643700 6.249887 -1
0.643700 6.300245 -1
0.643700 6.350602 -1
0.693908 -1.354118 -1
0.693908 -1.303761 -1
0.693908 -1.253403 -1
0.693908 -1.203046 -1
0.693908 -1.152688 -1
0.693908 -1.102330 -1
0.693908 -1.051973 -1
0.693908 -1.001615 -1
0.693908 -0.951257 -1
0.693908 -0.900900 -1
0.693908 -0.850542 -1
0.693908 -0.800184 -1
0.693908 -0.749827 -1
0.693908 -0.699469 -1
0.693908 -0.649111 -1
0.693908 -0.598754 -1
0.693908 -0.548396 -1
0.693908 -0.498038 -1
0.693908 -0.447681 -1
0.693908 -0.397323 -1
0.693908 -0.346965 -1
0.693908 -0.296608 -1
0.693908 -0.246250 -1
0.693908 -0.195892 -1
0.693908 -0.145535 -1
0.693908 -0.095177 -1
0.693908 -0.044820 -1
0.693908 0.005538 -1
0.693908 0.055896 -1
0.693908 0.106253 -1
0.693908 0.156611 -1
0.693908 0.206969 -1
0.693908 0.257326 0.000224716
0.693908 0.307684 0.000221558
0.693908 0.358042 0.000218579
0.693908 0.408399 0.000217024
0.693908 0.458757 0.000216003
0.693908 0.509115 0.000215752
0.693908 0.559472 0.000217929
0.693908 0.609830 0.000218192
0.693908 0.660188 0.000217951
0.693908 0.710545 0.000217394
0.693908 0.760903 0.000218046
0.693908 0.811261 0.000218688
0.693908 0.861618 0.000218283
0.693908 0.911976 0.000218246
0.693908 0.962334 0.000218904
0.693908 1.012691 0.000221184
0.693908 1.063049 0.000225416
0.693908 1.113407 0.000231345
0.693908 1.163764 0.000238706
0.693908 1.214122 0.000246403
0.693908 1.264479 0.000252264
0.693908 1.314837 0.000254948
0.693908 1.365195 0.000253488
0.693908 1.415552 0.000247032
0.693908 1.465910 0.000238914
0.693908 1.516268 0.000232454
0.693908 1.566625 0.000227597
0.693908 1.616983 0.000225301
0.693908 1.667341 0.000224438
0.693908 1.717698 0.000223113
0.693908 1.768056 0.000222603
0.693908 1.818414 0.000221447
0.693908 1.868771 0.000220002
0.693908 1.919129 0.000218337
0.693908 1.969487 0.000216847
0.693908 2.019844 0.000216016
0.693908 2.070202 0.000214649
0.693908 2.120560 0.000214152
0.693908 2.170917 0.000215302
0.693908 2.221275 0.000216642
0.693908 2.271633 0.000217148
0.693908 2.321990 0.000217523
0.693908 2.372348 0.000220334
0.693908 2.422706 0.000224454
0.693908 2.473063 0.000227097
0.693908 2.523421 0.000224159
0.693908 2.573778 0.000222367
0.693908 2.624136 0.000220672
0.693908 2.674494 0.00021806
0.693908 2.724851 0.000216065
0.693908 2.775209 0.000213997
0.693908 2.825567 0.000213193
0.693908 2.875924 0.000212584
0.693908 2.926282 0.000211585
0.693908 2.976640 0.000211529
0.693908 3.026997 0.000212699
0.693908 3.077355 0.000213922
0.693908 3.127713 0.000213013
0.693908 3.178070 0.000213273
0.693908 3.228428 0.000213474
0.693908 3.278786 0.000213783
0.693908 3.329143 0.000214947
0.693908 3.379501 0.000216597
0.693908 3.429859 0.000218786
0.693908 3.480216 0.000219793
0.693908 3.530574 0.000221156
0.693908 3.580932 0.000223327
0.693908 3.631289 0.000224348
0.693908 3.681647 0.000223901
0.693908 3.732005 0.000224042
0.693908 3.782362 0.00022387
0.693908 3.832720 0.000221934
0.693908 3.883077 0.000219575
0.693908 3.933435 0.00021808
0.693908 3.983793 0.000217216
0.693908 4.034150 0.000215228
0.693908 4.084508 0.000213458
0.693908 4.134866 0.000213011
0.693908 4.185223 0.0002137
0.693908 4.235581 -1
0.693908 4.285939 -1
0.693908 4.336296 -1
0.693908 4.386654 -1
0.693908 4.437012 -1
0.693908 4.487369 -1
0.693908 4.537727 -1
0.693908 4.588085 -1
0.693908 4.638442 -1
0.693908 4.688800 -1
0.693908 4.739158 -1
0.693908 4.789515 -1
0.693908 4.839873 -1
0.693908 4.890231 -1
0.693908 4.940588 -1
0.693908 4.990946 -1
0.693908 5.041303 -1
0.693908 5.091661 -1
0.693908 5.142019 -1
0.693908 5.192376 -1
0.693908 5.242734 -1
0.693908 5.293092 -1
0.693908 5.343449 -1
0.693908 5.393807 -1
0.693908 5.444165 -1
0.693908 5.494522 -1
0.693908 5.544880 -1
0.693908 5.595238 -1
0.693908 5.645595 -1
0.693908 5.695953 -1
0.693908 5.746311 -1
0.693908 5.796668 -1
0.693908 5.847026 -1
0.693908 5.897384 -1
0.693908 5.947741 -1
0.693908 5.998099 -1
0.693908 6.048457 -1
0.693908 6.098814 -1
0.693908 6.149172 -1
0.693908 6.199530 -1
0.693908 6.249887 -1
0.693908 6.300245 -1
0.693908 6.350602 -1
0.744116 -1.354118 -1
0.744116 -1.303761 -1
0.744116 -1.253403 -1
0.744116 -1.203046 -1
0.744116 -1.152688 -1
0.744116 -1.102330 -1
0.744116 -1.051973 -1
0.744116 -1.001615 -1
0.744116 -0.951257 -1
0.744116 -0.900900 -1
0.744116 -0.850542 -1
0.744116 -0.800184 -1
0.744116 -0.749827 -1
0.744116 -0.699469 -1
0.744116 -0.649111 -1
0.744116 -0.598754 -1
0.744116 -0.548396 -1
0.744116 -0.498038 -1
0.744116 -0.447681 -1
0.744116 -0.397323 -1
0.744116 -0.346965 -1
0.744116 -0.296608 -1
0.744116 -0.246250 -1
0.744116 -0.195892 -1
0.744116 -0.145535 -1
0.744116 -0.095177 -1
0.744116 -0.044820 -1
0.744116 0.005538 -1
0.744116 0.055896 -1
0.744116 0.106253 -1
0.744116 0.156611 -1
0.744116 0.206969 -1
0.744116 0.257326 0.000222665
0.744116 0.307684 0.00021991
0.744116 0.358042 0.00021715
0.744116 0.408399 0.000215896
0.744116 0.458757 0.000215152
0.744116 0.509115 0.000215155
0.744116 0.559472 0.000217175
0.744116 0.609830 0.00021746
0.744116 0.660188 0.000217071
0.744116 0.710545 0.000217437
0.744116 0.760903 0.000218056
0.744116 0.811261 0.000218545
0.744116 0.861618 0.000217482
0.744116 0.911976 0.000217321
0.744116 0.962334 0.000218331
0.744116 1.012691 0.000220279
0.744116 1.063049 0.000222949
0.744116 1.113407 0.000227682
0.744116 1.163764 0.000232916
0.744116 1.214122 0.000237008
0.744116 1.264479 0.000239483
0.744116 1.314837 0.000240848
0.744116 1.365195 0.000240402
0.744116 1.415552 0.000237232
0.744116 1.465910 0.000232757
0.744116 1.516268 0.000228293
0.744116 1.566625 0.000224899
0.744116 1.616983 0.000223211
0.744116 1.667341 0.000222918
0.744116 1.717698 0.00022227
0.744116 1.768056 0.000221664
0.744116 1.818414 0.000220462
0.744116 1.868771 0.000220003
0.744116 1.919129 0.000218309
0.744116 1.969487 0.000217277
0.744116 2.019844 0.000216783
0.744116 2.070202 0.000215686
0.744116 2.120560 0.000215432
0.744116 2.170917 0.000217357
0.744116 2.221275 0.000219527
0.744116 2.271633 0.000220229
0.744116 2.321990 0.000222176
0.744116 2.372348 0.000227437
0.744116 2.422706 0.000236774
0.744116 2.473063 0.000341346
0.744116 2.523421 0.000274879
0.744116 2.573778 0.000232561
0.744116 2.624136 0.000226808
0.744116 2.674494 0.000221955
0.744116 2.724851 0.000218788
0.744116 2.775209 0.000215879
0.744116 2.825567 0.000214413
0.744116 2.875924 0.000212791
0.744116 2.926282 0.000212085
0.744116 2.976640 0.000211638
0.744116 3.026997 0.000212113
0.744116 3.077355 0.000212366
0.744116 3.127713 0.000211992
0.744116 3.178070 0.000212174
0.744116 3.228428 0.000212145
0.744116 3.278786 0.000212816
0.744116 3.329143 0.000213253
0.744116 3.379501 0.000214584
0.744116 3.429859 0.00021654
0.744116 3.480216 0.000217115
0.744116 3.530574 0.000218268
0.744116 3.580932 0.000220011
0.744116 3.631289 0.000220855
0.744116 3.681647 0.000220835
0.744116 3.732005 0.000221129
0.744116 3.782362 0.000220985
0.744116 3.832720 0.000219851
0.744116 3.883077 0.000218011
0.744116 3.933435 0.000216807
0.744116 3.983793 0.000216186
0.744116 4.034150 0.000214497
0.744116 4.084508 0.00021296
0.744116 4.134866 0.000213164
0.744116 4.185223 0.000213759
0.744116 4.235581 0.000213511
0.744116 4.285939 -1
0.744116 4.336296 -1
0.744116 4.386654 -1
0.744116 4.437012 -1
0.744116 4.487369 -1
0.744116 4.537727 -1
0.744116 4.588085 -1
0.744116 4.638442 -1
0.744116 4.688800 -1
0.744116 4.739158 -1
0.744116 4.789515 -1
0.744116 4.839873 -1
0.744116 4.890231 -1
0.744116 4.940588 -1
0.744116 4.990946 -1
0.744116 5.041303 -1
0.744116 5.091661 -1
0.744116 5.142019 -1
0.744116 5.192376 -1
0.744116 5.242734 -1
0.744116 5.293092 -1
0.744116 5.343449 -1
0.744116 5.393807 -1
0.744116 5.444165 -1
0.744116 5.494522 -1
0.744116 5.544880 -1
0.744116 5.595238 -1
0.744116 5.645595 -1
0.744116 5.695953 -1
0.744116 5.746311 -1
0.744116 5.796668 -1
0.744116 5.847026 -1
0.744116 5.897384 -1
0.744116 5.947741 -1
0.744116 5.998099 -1
0.744116 6.048457 -1
0.744116 6.098814 -1
0.744116 6.149172 -1
0.744116 6.199530 -1
0.744116 6.249887 -1
0.744116 6.300245 -1
0.744116 6.350602 -1
0.794324 -1.354118 -1
0.794324 -1.303761 -1
0.794324 -1.253403 -1
0.794324 -1.203046 -1
0.794324 -1.152688 -1
0.794324 -1.102330 -1
0.794324 -1.051973 -1
0.794324 -1.001615 -1
0.794324 -0.951257 -1
0.794324 -0.900900 -1
0.794324 -0.850542 -1
0.794324 -0.800184 -1
0.794324 -0.749827 -1
0.794324 -0.699469 -1
0.794324 -0.649111 -1
0.794324 -0.598754 -1
0.794324 -0.548396 -1
0.794324 -0.498038 -1
0.794324 -0.447681 -1
0.794324 -0.397323 -1
0.794324 -0.346965 -1
0.794324 -0.296608 -1
0.794324 -0.246250 -1
0.794324 -0.195892 -1
0.794324 -0.145535 -1
0.794324 -0.095177 -1
0.794324 -0.044820 -1
0.794324 0.005538 -1
0.794324 0.055896 -1
0.794324 0.106253 -1
0.794324 0.156611 -1
0.794324 0.206969 -1
0.794324 0.257326 0.000221398
0.794324 0.307684 0.000218634
0.794324 0.358042 0.000216794
0.794324 0.408399 0.00021589
0.794324 0.458757 0.000215312
0.794324 0.509115 0.000215262
0.794324 0.559472 0.00021749
0.794324 0.609830 0.000217819
0.794324 0.660188 0.000217274
0.794324 0.710545 0.000217049
0.794324 0.760903 0.000217854
0.794324 0.811261 0.000217931
0.794324 0.861618 0.000216805
0.794324 0.911976 0.000216684
0.794324 0.962334 0.000217263
0.794324 1.012691 0.000218554
0.794324 1.063049 0.000221068
0.794324 1.113407 0.000224868
0.794324 1.163764 0.000228551
0.794324 1.214122 0.000231247
0.794324 1.264479 0.000232805
0.794324 1.314837 0.000233739
0.794324 1.365195 0.00023338
0.794324 1.415552 0.000231839
0.794324 1.465910 0.000228902
0.794324 1.516268 0.00022562
0.794324 1.566625 0.000222954
0.794324 1.616983 0.000221923
0.794324 1.667341 0.000221331
0.794324 1.717698 0.000221393
0.794324 1.768056 0.000221496
0.794324 1.818414 0.000220636
0.794324 1.868771 0.000219562
0.794324 1.919129 0.000218616
0.794324 1.969487 0.000218462
0.794324 2.019844 0.00021854
0.794324 2.070202 0.000217932
0.794324 2.120560 0.000217736
0.794324 2.170917 0.000219915
0.794324 2.221275 0.000223052
0.794324 2.271633 0.000224669
0.794324 2.321990 0.000228317
0.794324 2.372348 0.000243748
0.794324 2.422706 0.000412469
0.794324 2.473063 0.00126526
0.794324 2.523421 0.00105091
0.794324 2.573778 0.000316691
0.794324 2.624136 0.00023633
0.794324 2.674494 0.000226914
0.794324 2.724851 0.000221544
0.794324 2.775209 0.000217527
0.794324 2.825567 0.000215277
0.794324 2.875924 0.000213222
0.794324 2.926282 0.000212328
0.794324 2.976640 0.000211909
0.794324 3.026997 0.000211821
0.794324 3.077355 0.000211633
0.794324 3.127713 0.000211207
0.794324 3.178070 0.000211264
0.794324 3.228428 0.000211754
0.794324 3.278786 0.000212433
0.794324 3.329143 0.000212539
0.794324 3.379501 0.000213722
0.794324 3.429859 0.000215262
0.794324 3.480216 0.000215821
0.794324 3.530574 0.000217064
0.794324 3.580932 0.000218624
0.794324 3.631289 0.000219975
0.794324 3.681647 0.000219935
0.794324 3.732005 0.000219673
0.794324 3.782362 0.000219805
0.794324 3.832720 0.000218622
0.794324 3.883077 0.000217196
0.794324 3.933435 0.000216371
0.794324 3.983793 0.000215868
0.794324 4.034150 0.000214621
0.794324 4.084508 0.000213107
0.794324 4.134866 0.000213361
0.794324 4.185223 0.000213422
0.794324 4.235581 0.000213236
0.794324 4.285939 -1
0.794324 4.336296 -1
0.794324 4.386654 -1
0.794324 4.437012 -1
0.794324 4.487369 -1
0.794324 4.537727 -1
0.794324 4.588085 -1
0.794324 4.638442 -1
0.794324 4.688800 -1
0.794324 4.739158 -1
0.794324 4.789515 -1
0.794324 4.839873 -1
0.794324 4.890231 -1
0.794324 4.940588 -1
0.794324 4.990946 -1
0.794324 5.041303 -1
0.794324 5.091661 -1
0.794324 5.142019 -1
0.794324 5.192376 -1
0.794324 5.242734 -1
0.794324 5.293092 -1
0.794324 5.343449 -1
0.794324 5.393807 -1
0.794324 5.444165 -1
0.794324 5.494522 -1
0.794324 5.544880 -1
0.794324 5.595238 -1
0.794324 5.645595 -1
0.794324 5.695953 -1
0.794324 5.746311 -1
0.794324 5.796668 -1
0.794324 5.847026 -1
0.794324 5.897384 -1
0.794324 5.947741 -1
0.794324 5.998099 -1
0.794324 6.048457 -1
0.794324 6.098814 -1
0.794324 6.149172 -1
0.794324 6.199530 -1
0.794324 6.249887 -1
0.794324 6.300245 -1
0.794324 6.350602 -1
0.844532 -1.354118 -1
0.844532 -1.303761 -1
0.844532 -1.253403 -1
0.844532 -1.203046 -1
0.844532 -1.152688 -1
0.844532 -1.102330 -1
0.844532 -1.051973 -1
0.844532 -1.001615 -1
0.844532 -0.951257 -1
0.844532 -0.900900 -1
0.844532 -0.850542 -1
0.844532 -0.800184 -1
0.844532 -0.749827 -1
0.844532 -0.699469 -1
0.844532 -0.649111 -1
0.844532 -0.598754 -1
0.844532 -0.548396 -1
0.844532 -0.498038 -1
0.844532 -0.447681 -1
0.844532 -0.397323 -1
0.844532 -0.346965 -1
0.844532 -0.296608 -1
0.844532 -0.246250 -1
0.844532 -0.195892 -1
0.844532 -0.145535 -1
0.844532 -0.095177 -1
0.844532 -0.044820 -1
0.844532 0.005538 -1
0.844532 0.055896 -1
0.844532 0.106253 -1
0.844532 0.156611 -1
0.844532 0.206969 -1
0.844532 0.257326 0.000221529
0.844532 0.307684 0.000218873
0.844532 0.358042 0.000217108
0.844532 0.408399 0.000216504
0.844532 0.458757 0.000216485
0.844532 0.509115 0.000216293
0.844532 0.559472 0.000218237
0.844532 0.609830 0.000218663
0.844532 0.660188 0.000218354
0.844532 0.710545 0.000217388
0.844532 0.760903 0.000217408
0.844532 0.811261 0.000217471
0.844532 0.861618 0.000216523
0.844532 0.911976 0.000215858
0.844532 0.962334 0.000216194
0.844532 1.012691 0.000217319
0.844532 1.063049 0.000219235
0.844532 1.113407 0.000222524
0.844532 1.163764 0.000225687
0.844532 1.214122 0.000227915
0.844532 1.264479 0.00022912
0.844532 1.314837 0.00022965
0.844532 1.365195 0.000229773
0.844532 1.415552 0.00022864
0.844532 1.465910 0.000226176
0.844532 1.516268 0.000223491
0.844532 1.566625 0.000221949
0.844532 1.616983 0.000221
0.844532 1.667341 0.000220712
0.844532 1.717698 0.000220999
0.844532 1.768056 0.000221143
0.844532 1.818414 0.000220394
0.844532 1.868771 0.000219832
0.844532 1.919129 0.000219436
0.844532 1.969487 0.000220241
0.844532 2.019844 0.000220743
0.844532 2.070202 0.000220236
0.844532 2.120560 0.000220284
0.844532 2.170917 0.000223008
0.844532 2.221275 0.000225894
0.844532 2.271633 0.000228973
0.844532 2.321990 0.000235932
0.844532 2.372348 0.000263398
0.844532 2.422706 0.000579994
0.844532 2.473063 0.00203232
0.844532 2.523421 0.00253092
0.844532 2.573778 0.000762451
0.844532 2.624136 0.000251696
0.844532 2.674494 0.000232786
0.844532 2.724851 0.000224279
0.844532 2.775209 0.000219218
0.844532 2.825567 0.000216071
0.844532 2.875924 0.000213491
0.844532 2.926282 0.00021263
0.844532 2.976640 0.000211812
0.844532 3.026997 0.000211945
0.844532 3.077355 0.000211811
0.844532 3.127713 0.000211197
0.844532 3.178070 0.000211274
0.844532 3.228428 0.000211703
0.844532 3.278786 0.000212199
0.844532 3.329143 0.000212766
0.844532 3.379501 0.000213499
0.844532 3.429859 0.000214868
0.844532 3.480216 0.000215565
0.844532 3.530574 0.000216826
0.844532 3.580932 0.00021868
0.844532 3.631289 0.000219712
0.844532 3.681647 0.000219339
0.844532 3.732005 0.000219859
0.844532 3.782362 0.00021991
0.844532 3.832720 0.000218651
0.844532 3.883077 0.000217542
0.844532 3.933435 0.000217236
0.844532 3.983793 0.000216825
0.844532 4.034150 0.000215397
0.844532 4.084508 0.000213965
0.844532 4.134866 0.000214054
0.844532 4.185223 0.000213771
0.844532 4.235581 -1
0.844532 4.285939 -1
0.844532 4.336296 -1
0.844532 4.386654 -1
0.844532 4.437012 -1
0.844532 4.487369 -1
0.844532 4.537727 -1
0.844532 4.588085 -1
0.844532 4.638442 -1
0.844532 4.688800 -1
0.844532 4.739158 -1
0.844532 4.789515 -1
0.844532 4.839873 -1
0.844532 4.890231 -1
0.844532 4.940588 -1
0.844532 4.990946 -1
0.844532 5.041303 -1
0.844532 5.091661 -1
0.844532 5.142019 -1
0.844532 5.192376 -1
0.844532 5.242734 -1
0.844532 5.293092 -1
0.844532 5.343449 -1
0.844532 5.393807 -1
0.844532 5.444165 -1
0.844532 5.494522 -1
0.844532 5.544880 -1
0.844532 5.595238 -1
0.844532 5.645595 -1
0.844532 5.695953 -1
0.844532 5.746311 -1
0.844532 5.796668 -1
0.844532 5.847026 -1
0.844532 5.897384 -1
0.844532 5.947741 -1
0.844532 5.998099 -1
0.844532 6.048457 -1
0.844532 6.098814 -1
0.844532 6.149172 -1
0.844532 6.199530 -1
0.844532 6.249887 -1
0.844532 6.300245 -1
0.844532 6.350602 -1
0.894740 -1.354118 -1
0.894740 -1.303761 -1
0.894740 -1.253403 -1
0.894740 -1.203046 -1
0.894740 -1.152688 -1
0.894740 -1.102330 -1
0.894740 -1.051973 -1
0.894740 -1.001615 -1
0.894740 -0.951257 -1
0.894740 -0.900900 -1
0.894740 -0.850542 -1
0.894740 -0.800184 -1
0.894740 -0.749827 -1
0.894740 -0.699469 -1
0.894740 -0.649111 -1
0.894740 -0.598754 -1
0.894740 -0.548396 -1
0.894740 -0.498038 -1
0.894740 -0.447681 -1
0.894740 -0.397323 -1
0.894740 -0.346965 -1
0.894740 -0.296608 -1
0.894740 -0.246250 -1
0.894740 -0.195892 -1
0.894740 -0.145535 -1
0.894740 -0.095177 -1
0.894740 -0.044820 -1
0.894740 0.005538 -1
0.894740 0.055896 -1
0.894740 0.106253 -1
0.894740 0.156611 -1
0.894740 0.206969 -1
0.894740 0.257326 0.000220599
0.894740 0.307684 0.000218476
0.894740 0.358042 0.000217074
0.894740 0.408399 0.000216381
0.894740 0.458757 0.000216301
0.894740 0.509115 0.000216901
0.894740 0.559472 0.000218483
0.894740 0.609830 0.000218161
0.894740 0.660188 0.000217611
0.894740 0.710545 0.00021679
0.894740 0.760903 0.000216855
0.894740 0.811261 0.000216612
0.894740 0.861618 0.000215466
0.894740 0.911976 0.000215161
0.894740 0.962334 0.000215192
0.894740 1.012691 0.000215993
0.894740 1.063049 0.000217784
0.894740 1.113407 0.000221277
0.894740 1.163764 0.000223947
0.894740 1.214122 0.000226194
0.894740 1.264479 0.000227564
0.894740 1.314837 0.000227969
0.894740 1.365195 0.000227875
0.894740 1.415552 0.000226838
0.894740 1.465910 0.000225207
0.894740 1.516268 0.000222626
0.894740 1.566625 0.000221194
0.894740 1.616983 0.000220742
0.894740 1.667341 0.000220703
0.894740 1.717698 0.000220534
0.894740 1.768056 0.000220689
0.894740 1.818414 0.000220486
0.894740 1.868771 0.000220343
0.894740 1.919129 0.000220489
0.894740 1.969487 0.000221867
0.894740 2.019844 0.000221951
0.894740 2.070202 0.00022131
0.894740 2.120560 0.00022085
0.894740 2.170917 0.000223793
0.894740 2.221275 0.00022816
0.894740 2.271633 0.0002335
0.894740 2.321990 0.000243754
0.894740 2.372348 0.000279711
0.894740 2.422706 0.000496401
0.894740 2.473063 0.00146454
0.894740 2.523421 0.00202517
0.894740 2.573778 0.000948623
0.894740 2.624136 0.000265944
0.894740 2.674494 0.000238146
0.894740 2.724851 0.000227608
0.894740 2.775209 0.00022078
0.894740 2.825567 0.000216654
0.894740 2.875924 0.00021335
0.894740 2.926282 0.000212376
0.894740 2.976640 0.000211421
0.894740 3.026997 0.000211661
0.894740 3.077355 0.000211947
0.894740 3.127713 0.000211123
0.894740 3.178070 0.000211382
0.894740 3.228428 0.000211677
0.894740 3.278786 0.000212349
0.894740 3.329143 0.000212635
0.894740 3.379501 0.000213597
0.894740 3.429859 0.000215532
0.894740 3.480216 0.000216146
0.894740 3.530574 0.000217725
0.894740 3.580932 0.000219401
0.894740 3.631289 0.000220644
0.894740 3.681647 0.000220559
0.894740 3.732005 0.000221072
0.894740 3.782362 0.000221266
0.894740 3.832720 0.000219777
0.894740 3.883077 0.000218332
0.894740 3.933435 0.000218336
0.894740 3.983793 0.000217787
0.894740 4.034150 0.000216198
0.894740 4.084508 0.000214798
0.894740 4.134866 0.00021474
0.894740 4.185223 0.000214429
0.894740 4.235581 -1
0.894740 4.285939 -1
0.894740 4.336296 -1
0.894740 4.386654 -1
0.894740 4.437012 -1
0.894740 4.487369 -1
0.894740 4.537727 -1
0.894740 4.588085 -1
0.894740 4.638442 -1
0.894740 4.688800 -1
0.894740 4.739158 -1
0.894740 4.789515 -1
0.894740 4.839873 -1
0.894740 4.890231 -1
0.894740 4.940588 -1
0.894740 4.990946 -1
0.894740 5.041303 -1
0.894740 5.091661 -1
0.894740 5.142019 -1
0.894740 5.192376 -1
0.894740 5.242734 -1
0.894740 5.293092 -1
0.894740 5.343449 -1
0.894740 5.393807 -1
0.894740 5.444165 -1
0.894740 5.494522 -1
0.894740 5.544880 -1
0.894740 5.595238 -1
0.894740 5.645595 -1
0.894740 5.695953 -1
0.894740 5.746311 -1
0.894740 5.796668 -1
0.894740 5.847026 -1
0.894740 5.897384 -1
0.894740 5.947741 -1
0.894740 5.998099 -1
0.894740 6.048457 -1
0.894740 6.098814 -1
0.894740 6.149172 -1
0.894740 6.199530 -1
0.894740 6.249887 -1
0.894740 6.300245 -1
0.894740 6.350602 -1
0.944948 -1.354118 -1
0.944948 -1.303761 -1
0.944948 -1.253403 -1
0.944948 -1.203046 -1
0.944948 -1.152688 -1
0.944948 -1.102330 -1
0.944948 -1.051973 -1
0.944948 -1.001615 -1
0.944948 -0.951257 -1
0.944948 -0.900900 -1
0.944948 -0.850542 -1
0.944948 -0.800184 -1
0.944948 -0.749827 -1
0.944948 -0.699469 -1
0.944948 -0.649111 -1
0.944948 -0.598754 -1
0.944948 -0.548396 -1
0.944948 -0.498038 -1
0.944948 -0.447681 -1
0.944948 -0.397323 -1
0.944948 -0.346965 -1
0.944948 -0.296608 -1
0.944948 -0.246250 -1
0.944948 -0.195892 -1
0.944948 -0.145535 -1
0.944948 -0.095177 -1
0.944948 -0.044820 -1
0.944948 0.005538 -1
0.944948 0.055896 -1
0.944948 0.106253 -1
0.944948 0.156611 -1
0.944948 0.206969 -1
0.944948 0.257326 0.000219039
0.944948 0.307684 0.000216888
0.944948 0.358042 0.000215414
0.944948 0.408399 0.000215032
0.944948 0.458757 0.000214464
0.944948 0.509115 0.000215412
0.944948 0.559472 0.000217439
0.944948 0.609830 0.000217064
0.944948 0.660188 0.000216661
0.944948 0.710545 0.000215832
0.944948 0.760903 0.000216252
0.944948 0.811261 0.000216159
0.944948 0.861618 0.00021469
0.944948 0.911976 0.000214345
0.944948 0.962334 0.000214299
0.944948 1.012691 0.000215529
0.944948 1.063049 0.000217391
0.944948 1.113407 0.000220676
0.944948 1.163764 0.000223538
0.944948 1.214122 0.000225559
0.944948 1.264479 0.000226872
0.944948 1.314837 0.000227117
0.944948 1.365195 0.000227568
0.944948 1.415552 0.00022672
0.944948 1.465910 0.000224912
0.944948 1.516268 0.00022261
0.944948 1.566625 0.000221151
0.944948 1.616983 0.000220608
0.944948 1.667341 0.000220518
0.944948 1.717698 0.000220666
0.944948 1.768056 0.000220822
0.944948 1.818414 0.000220861
0.944948 1.868771 0.000221007
0.944948 1.919129 0.000221465
0.944948 1.969487 0.000222563
0.944948 2.019844 0.000222091
0.944948 2.070202 0.000221174
0.944948 2.120560 0.000220817
0.944948 2.170917 0.000222861
0.944948 2.221275 0.000228809
0.944948 2.271633 0.000237686
0.944948 2.321990 0.000252399
0.944948 2.372348 0.000331075
0.944948 2.422706 0.00122841
0.944948 2.473063 0.00511826
0.944948 2.523421 0.00310525
0.944948 2.573778 0.000855866
0.944948 2.624136 0.000269518
0.944948 2.674494 0.000241834
0.944948 2.724851 0.000229836
0.944948 2.775209 0.00022275
0.944948 2.825567 0.000216753
0.944948 2.875924 0.000213099
0.944948 2.926282 0.000211957
0.944948 2.976640 0.000211317
0.944948 3.026997 0.000211285
0.944948 3.077355 0.000211539
0.944948 3.127713 0.000211467
0.944948 3.178070 0.000211776
0.944948 3.228428 0.000212556
0.944948 3.278786 0.000212796
0.944948 3.329143 0.000213015
0.944948 3.379501 0.00021419
0.944948 3.429859 0.000216487
0.944948 3.480216 0.00021752
0.944948 3.530574 0.000219526
0.944948 3.580932 0.000221843
0.944948 3.631289 0.000223443
0.944948 3.681647 0.000223881
0.944948 3.732005 0.00022385
0.944948 3.782362 0.000223469
0.944948 3.832720 0.000221717
0.944948 3.883077 0.000220557
0.944948 3.933435 0.000220287
0.944948 3.983793 0.000219387
0.944948 4.034150 0.000217439
0.944948 4.084508 0.000216007
0.944948 4.134866 0.000216137
0.944948 4.185223 0.000215742
0.944948 4.235581 -1
0.944948 4.285939 -1
0.944948 4.336296 -1
0.944948 4.386654 -1
0.944948 4.437012 -1
0.944948 4.487369 -1
0.944948 4.537727 -1
0.944948 4.588085 -1
0.944948 4.638442 -1
0.944948 4.688800 -1
0.944948 4.739158 -1
0.944948 4.789515 -1
0.944948 4.839873 -1
0.944948 4.890231 -1
0.944948 4.940588 -1
0.944948 4.990946 -1
0.944948 5.041303 -1
0.944948 5.091661 -1
0.944948 5.142019 -1
0.944948 5.192376 -1
0.944948 5.242734 -1
0.944948 5.293092 -1
0.944948 5.343449 -1
0.944948 5.393807 -1
0.944948 5.444165 -1
0.944948 5.494522 -1
0.944948 5.544880 -1
0.944948 5.595238 -1
0.944948 5.645595 -1
0.944948 5.695953 -1
0.944948 5.746311 -1
0.944948 5.796668 -1
0.944948 5.847026 -1
0.944948 5.897384 -1
0.944948 5.947741 -1
0.944948 5.998099 -1
0.944948 6.048457 -1
0.944948 6.098814 -1
0.944948 6.149172 -1
0.944948 6.199530 -1
0.944948 6.249887 -1
0.944948 6.300245 -1
0.944948 6.350602 -1
0.995156 -1.354118 -1
0.995156 -1.303761 -1
0.995156 -1.253403 -1
0.995156 -1.203046 -1
0.995156 -1.152688 -1
0.995156 -1.102330 -1
0.995156 -1.051973 -1
0.995156 -1.001615 -1
0.995156 -0.951257 -1
0.995156 -0.900900 -1
0.995156 -0.850542 -1
0.995156 -0.800184 -1
0.995156 -0.749827 -1
0.995156 -0.699469 -1
0.995156 -0.649111 -1
0.995156 -0.598754 -1
0.995156 -0.548396 -1
0.995156 -0.498038 -1
0.995156 -0.447681 -1
0.995156 -0.397323 -1
0.995156 -0.346965 -1
0.995156 -0.296608 -1
0.995156 -0.246250 -1
0.995156 -0.195892 -1
0.995156 -0.145535 -1
0.995156 -0.095177 -1
0.995156 -0.044820 -1
0.995156 0.005538 -1
0.995156 0.055896 -1
0.995156 0.106253 -1
0.995156 0.156611 -1
0.995156 0.206969 -1
0.995156 0.257326 0.0002177
0.995156 0.307684 0.000215425
0.995156 0.358042 0.000213896
0.995156 0.408399 0.000213249
0.995156 0.458757 0.000212829
0.995156 0.509115 0.000214429
0.995156 0.559472 0.000216135
0.995156 0.609830 0.000215849
0.995156 0.660188 0.000215403
0.995156 0.710545 0.000214975
0.995156 0.760903 0.00021536
0.995156 0.811261 0.000215365
0.995156 0.861618 0.000214042
0.995156 0.911976 0.000213852
0.995156 0.962334 0.000214154
0.995156 1.012691 0.000215211
0.995156 1.063049 0.000217525
0.995156 1.113407 0.000221025
0.995156 1.163764 0.000224097
0.995156 1.214122 0.000226351
0.995156 1.264479 0.000227999
0.995156 1.314837 0.000228123
0.995156 1.365195 0.000228285
0.995156 1.415552 0.00022768
0.995156 1.465910 0.000225958
0.995156 1.516268 0.000223764
0.995156 1.566625 0.000221931
0.995156 1.616983 0.000221404
0.995156 1.667341 0.000221431
0.995156 1.717698 0.000221362
0.995156 1.768056 0.000221279
0.995156 1.818414 0.000221469
0.995156 1.868771 0.000221453
0.995156 1.919129 0.000221305
0.995156 1.969487 0.000221248
0.995156 2.019844 0.000220688
0.995156 2.070202 0.000219202
0.995156 2.120560 0.00021941
0.995156 2.170917 0.000221104
0.995156 2.221275 0.000229334
0.995156 2.271633 0.000240198
0.995156 2.321990 0.000257886
0.995156 2.372348 0.000413822
0.995156 2.422706 0.00248859
0.995156 2.473063 0.0103311
0.995156 2.523421 0.00551311
0.995156 2.573778 0.00125288
0.995156 2.624136 0.000272848
0.995156 2.674494 0.000240829
0.995156 2.724851 0.000229093
0.995156 2.775209 0.000222108
0.995156 2.825567 0.00021551
0.995156 2.875924 0.000212524
0.995156 2.926282 0.000211693
0.995156 2.976640 0.000211279
0.995156 3.026997 0.0002114
0.995156 3.077355 0.000211656
0.995156 3.127713 0.000211603
0.995156 3.178070 0.000211829
0.995156 3.228428 0.000212834
0.995156 3.278786 0.000213448
0.995156 3.329143 0.000213866
0.995156 3.379501 0.000215575
0.995156 3.429859 0.000217922
0.995156 3.480216 0.000219624
0.995156 3.530574 0.000222688
0.995156 3.580932 0.000226158
0.995156 3.631289 0.000228547
0.995156 3.681647 0.000229656
0.995156 3.732005 0.000228948
0.995156 3.782362 0.000227345
0.995156 3.832720 0.000224882
0.995156 3.883077 0.000223171
0.995156 3.933435 0.000222413
0.995156 3.983793 0.000221481
0.995156 4.034150 0.000219597
0.995156 4.084508 0.000218176
0.995156 4.134866 0.000218017
0.995156 4.185223 0.000217306
0.995156 4.235581 -1
0.995156 4.285939 -1
0.995156 4.336296 -1
0.995156 4.386654 -1
0.995156 4.437012 -1
0.995156 4.487369 -1
0.995156 4.537727 -1
0.995156 4.588085 -1
0.995156 4.638442 -1
0.995156 4.688800 -1
0.995156 4.739158 -1
0.995156 4.789515 -1
0.995156 4.839873 -1
0.995156 4.890231 -1
0.995156 4.940588 -1
0.995156 4.990946 -1
0.995156 5.041303 -1
0.995156 5.091661 -1
0.995156 5.142019 -1
0.995156 5.192376 -1
0.995156 5.242734 -1
0.995156 5.293092 -1
0.995156 5.343449 -1
0.995156 5.393807 -1
0.995156 5.444165 -1
0.995156 5.494522 -1
0.995156 5.544880 -1
0.995156 5.595238 -1
0.995156 5.645595 -1
0.995156 5.695953 -1
0.995156 5.746311 -1
0.995156 5.796668 -1
0.995156 5.847026 -1
0.995156 5.897384 -1
0.995156 5.947741 -1
0.995156 5.998099 -1
0.995156 6.048457 -1
0.995156 6.098814 -1
0.995156 6.149172 -1
0.995156 6.199530 -1
0.995156 6.249887 -1
0.995156 6.300245 -1
0.995156 6.350602 -1
1.045364 -1.354118 -1
1.045364 -1.303761 -1
1.045364 -1.253403 -1
1.045364 -1.203046 -1
1.045364 -1.152688 -1
1.045364 -1.102330 -1
1.045364 -1.051973 -1
1.045364 -1.001615 -1
1.045364 -0.951257 -1
1.045364 -0.900900 -1
1.045364 -0.850542 -1
1.045364 -0.800184 -1
1.045364 -0.749827 -1
1.045364 -0.699469 -1
1.045364 -0.649111 -1
1.045364 -0.598754 -1
1.045364 -0.548396 -1
1.045364 -0.498038 -1
1.045364 -0.447681 -1
1.045364 -0.397323 -1
1.045364 -0.346965 -1
1.045364 -0.296608 -1
1.045364 -0.246250 -1
1.045364 -0.195892 -1
1.045364 -0.145535 -1
1.045364 -0.095177 -1
1.045364 -0.044820 -1
1.045364 0.005538 -1
1.045364 0.055896 -1
1.045364 0.106253 -1
1.045364 0.156611 -1
1.045364 0.206969 -1
1.045364 0.257326 0.00021689
1.045364 0.307684 0.000214175
1.045364 0.358042 0.000212738
1.045364 0.408399 0.000212481
1.045364 0.458757 0.000211859
1.045364 0.509115 0.000212633
1.045364 0.559472 0.000214384
1.045364 0.609830 0.000214708
1.045364 0.660188 0.000214448
1.045364 0.710545 0.00021425
1.045364 0.760903 0.000214664
1.045364 0.811261 0.000214775
1.045364 0.861618 0.000213392
1.045364 0.911976 0.000213307
1.045364 0.962334 0.00021419
1.045364 1.012691 0.000215472
1.045364 1.063049 0.000218136
1.045364 1.113407 0.000222384
1.045364 1.163764 0.000226381
1.045364 1.214122 0.000229084
1.045364 1.264479 0.000230668
1.045364 1.314837 0.000231204
1.045364 1.365195 0.000231389
1.045364 1.415552 0.000230492
1.045364 1.465910 0.000228266
1.045364 1.516268 0.00022563
1.045364 1.566625 0.000223488
1.045364 1.616983 0.000222123
1.045364 1.667341 0.000222114
1.045364 1.717698 0.000222083
1.045364 1.768056 0.000221832
1.045364 1.818414 0.000221702
1.045364 1.868771 0.000221308
1.045364 1.919129 0.00022051
1.045364 1.969487 0.000219649
1.045364 2.019844 0.000219114
1.045364 2.070202 0.000217395
1.045364 2.120560 0.000217264
1.045364 2.170917 0.00022016
1.045364 2.221275 0.000228787
1.045364 2.271633 0.000238875
1.045364 2.321990 0.000253734
1.045364 2.372348 0.000384014
1.045364 2.422706 0.00193708
1.045364 2.473063 0.00670701
1.045364 2.523421 0.0028891
1.045364 2.573778 0.000841469
1.045364 2.624136 0.000266927
1.045364 2.674494 0.000237075
1.045364 2.724851 0.000226393
1.045364 2.775209 0.00021898
1.045364 2.825567 0.000213815
1.045364 2.875924 0.000211816
1.045364 2.926282 0.000211276
1.045364 2.976640 0.000211242
1.045364 3.026997 0.000211652
1.045364 3.077355 0.000212091
1.045364 3.127713 0.000212204
1.045364 3.178070 0.000212439
1.045364 3.228428 0.000213155
1.045364 3.278786 0.000214305
1.045364 3.329143 0.000214686
1.045364 3.379501 0.00021697
1.045364 3.429859 0.000219682
1.045364 3.480216 0.000222225
1.045364 3.530574 0.000227448
1.045364 3.580932 0.000233337
1.045364 3.631289 0.000238326
1.045364 3.681647 0.000240796
1.045364 3.732005 0.000238052
1.045364 3.782362 0.000233129
1.045364 3.832720 0.000229226
1.045364 3.883077 0.00022622
1.045364 3.933435 0.00022467
1.045364 3.983793 0.000223635
1.045364 4.034150 0.000221643
1.045364 4.084508 0.000219912
1.045364 4.134866 0.000219768
1.045364 4.185223 0.000219187
1.045364 4.235581 -1
1.045364 4.285939 -1
1.045364 4.336296 -1
1.045364 4.386654 -1
1.045364 4.437012 -1
1.045364 4.487369 -1
1.045364 4.537727 -1
1.045364 4.588085 -1
1.045364 4.638442 -1
1.045364 4.688800 -1
1.045364 4.739158 -1
1.045364 4.789515 -1
1.045364 4.839873 -1
1.045364 4.890231 -1
1.045364 4.940588 -1
1.045364 4.990946 -1
1.045364 5.041303 -1
1.045364 5.091661 -1
1.045364 5.142019 -1
1.045364 5.192376 -1
1.045364 5.242734 -1
1.045364 5.293092 -1
1.045364 5.343449 -1
1.045364 5.393807 -1
1.045364 5.444165 -1
1.045364 5.494522 -1
1.045364 5.544880 -1
1.045364 5.595238 -1
1.045364 5.645595 -1
1.045364 5.695953 -1
1.045364 5.746311 -1
1.045364 5.796668 -1
1.045364 5.847026 -1
1.045364 5.897384 -1
1.045364 5.947741 -1
1.045364 5.998099 -1
1.045364 6.048457 -1
1.045364 6.098814 -1
1.045364 6.149172 -1
1.045364 6.199530 -1
1.045364 6.249887 -1
1.045364 6.300245 -1
1.045364 6.350602 -1
1.095572 -1.354118 -1
1.095572 -1.303761 -1
1.095572 -1.253403 -1
1.095572 -1.203046 -1
1.095572 -1.152688 -1
1.095572 -1.102330 -1
1.095572 -1.051973 -1
1.095572 -1.001615 -1
1.095572 -0.951257 -1
1.095572 -0.900900 -1
1.095572 -0.850542 -1
1.095572 -0.800184 -1
1.095572 -0.749827 -1
1.095572 -0.699469 -1
1.095572 -0.649111 -1
1.095572 -0.598754 -1
1.095572 -0.548396 -1
1.095572 -0.498038 -1
1.095572 -0.447681 -1
1.095572 -0.397323 -1
1.095572 -0.346965 -1
1.095572 -0.296608 -1
1.095572 -0.246250 -1
1.095572 -0.195892 -1
1.095572 -0.145535 -1
1.095572 -0.095177 -1
1.095572 -0.044820 -1
1.095572 0.005538 -1
1.095572 0.055896 -1
1.095572 0.106253 -1
1.095572 0.156611 -1
1.095572 0.206969 -1
1.095572 0.257326 0.000216144
1.095572 0.307684 0.000213531
1.095572 0.358042 0.00021166
1.095572 0.408399 0.000211177
1.095572 0.458757 0.000210374
1.095572 0.509115 0.000211167
1.095572 0.559472 0.000212814
1.095572 0.609830 0.000213268
1.095572 0.660188 0.000213456
1.095572 0.710545 0.000213011
1.095572 0.760903 0.000213951
1.095572 0.811261 0.000214574
1.095572 0.861618 0.000213242
1.095572 0.911976 0.000213272
1.095572 0.962334 0.000214323
1.095572 1.012691 0.000216404
1.095572 1.063049 0.000219686
1.095572 1.113407 0.000225028
1.095572 1.163764 0.00022992
1.095572 1.214122 0.000233682
1.095572 1.264479 0.000236006
1.095572 1.314837 0.000237423
1.095572 1.365195 0.000236979
1.095572 1.415552 0.000235107
1.095572 1.465910 0.000231706
1.095572 1.516268 0.000228161
1.095572 1.566625 0.000225408
1.095572 1.616983 0.000223729
1.095572 1.667341 0.000223485
1.095572 1.717698 0.000223258
1.095572 1.768056 0.000222545
1.095572 1.818414 0.000222107
1.095572 1.868771 0.000221344
1.095572 1.919129 0.000220194
1.095572 1.969487 0.000219054
1.095572 2.019844 0.000217974
1.095572 2.070202 0.000216401
1.095572 2.120560 0.000216441
1.095572 2.170917 0.000220075
1.095572 2.221275 0.000226447
1.095572 2.271633 0.000233891
1.095572 2.321990 0.000243053
1.095572 2.372348 0.000269633
1.095572 2.422706 0.000331484
1.095572 2.473063 0.000918994
1.095572 2.523421 0.000617078
1.095572 2.573778 0.000333262
1.095572 2.624136 0.000243704
1.095572 2.674494 0.000231871
1.095572 2.724851 0.000222903
1.095572 2.775209 0.000216338
1.095572 2.825567 0.000212797
1.095572 2.875924 0.000210958
1.095572 2.926282 0.000210609
1.095572 2.976640 0.000211061
1.095572 3.026997 0.000212064
1.095572 3.077355 0.000212169
1.095572 3.127713 0.000212272
1.095572 3.178070 0.000213011
1.095572 3.228428 0.000213939
1.095572 3.278786 0.000214957
1.095572 3.329143 0.00021549
1.095572 3.379501 0.000218412
1.095572 3.429859 0.000221393
1.095572 3.480216 0.000225582
1.095572 3.530574 0.000233327
1.095572 3.580932 0.000244133
1.095572 3.631289 0.000255755
1.095572 3.681647 0.000263143
1.095572 3.732005 0.000256159
1.095572 3.782362 0.000242896
1.095572 3.832720 0.000236231
1.095572 3.883077 0.000231209
1.095572 3.933435 0.000228652
1.095572 3.983793 0.000226526
1.095572 4.034150 0.000224074
1.095572 4.084508 0.000222122
1.095572 4.134866 0.000221532
1.095572 4.185223 0.000220813
1.095572 4.235581 -1
1.095572 4.285939 -1
1.095572 4.336296 -1
1.095572 4.386654 -1
1.095572 4.437012 -1
1.095572 4.487369 -1
1.095572 4.537727 -1
1.095572 4.588085 -1
1.095572 4.638442 -1
1.095572 4.688800 -1
1.095572 4.739158 -1
1.095572 4.789515 -1
1.095572 4.839873 -1
1.095572 4.890231 -1
1.095572 4.940588 -1
1.095572 4.990946 -1
1.095572 5.041303 -1
1.095572 5.091661 -1
1.095572 5.142019 -1
1.095572 5.192376 -1
1.095572 5.242734 -1
1.095572 5.293092 -1
1.095572 5.343449 -1
1.095572 5.393807 -1
1.095572 5.444165 -1
1.095572 5.494522 -1
1.095572 5.544880 -1
1.095572 5.595238 -1
1.095572 5.645595 -1
1.095572 5.695953 -1
1.095572 5.746311 -1
1.095572 5.796668 -1
1.095572 5.847026 -1
1.095572 5.897384 -1
1.095572 5.947741 -1
1.095572 5.998099 -1
1.095572 6.048457 -1
1.095572 6.098814 -1
1.095572 6.149172 -1
1.095572 6.199530 -1
1.095572 6.249887 -1
1.095572 6.300245 -1
1.095572 6.350602 -1
1.145780 -1.354118 -1
1.145780 -1.303761 -1
1.145780 -1.253403 -1
1.145780 -1.203046 -1
1.145780 -1.152688 -1
1.145780 -1.102330 -1
1.145780 -1.051973 -1
1.145780 -1.001615 -1
1.145780 -0.951257 -1
1.145780 -0.900900 -1
1.145780 -0.850542 -1
1.145780 -0.800184 -1
1.145780 -0.749827 -1
1.145780 -0.699469 -1
1.145780 -0.649111 -1
1.145780 -0.598754 -1
1.145780 -0.548396 -1
1.145780 -0.498038 -1
1.145780 -0.447681 -1
1.145780 -0.397323 -1
1.145780 -0.346965 -1
1.145780 -0.296608 -1
1.145780 -0.246250 -1
1.145780 -0.195892 -1
1.145780 -0.145535 -1
1.145780 -0.095177 -1
1.145780 -0.044820 -1
1.145780 0.005538 -1
1.145780 0.055896 -1
1.145780 0.106253 -1
1.145780 0.156611 -1
1.145780 0.206969 -1
1.145780 0.257326 0.000215051
1.145780 0.307684 0.000212581
1.145780 0.358042 0.000210543
1.145780 0.408399 0.000210192
1.145780 0.458757 0.000209197
1.145780 0.509115 0.000210197
1.145780 0.559472 0.000211779
1.145780 0.609830 0.000212038
1.145780 0.660188 0.0002122
1.145780 0.710545 0.000212142
1.145780 0.760903 0.000213686
1.145780 0.811261 0.000214394
1.145780 0.861618 0.000213246
1.145780 0.911976 0.000213489
1.145780 0.962334 0.000215286
1.145780 1.012691 0.000217848
1.145780 1.063049 0.000221951
1.145780 1.113407 0.000228627
1.145780 1.163764 0.000235989
1.145780 1.214122 0.000243064
1.145780 1.264479 0.000247659
1.145780 1.314837 0.000249316
1.145780 1.365195 0.000247353
1.145780 1.415552 0.000242814
1.145780 1.465910 0.000236936
1.145780 1.516268 0.000231789
1.145780 1.566625 0.000228038
1.145780 1.616983 0.000226064
1.145780 1.667341 0.00022539
1.145780 1.717698 0.000224513
1.145780 1.768056 0.000223527
1.145780 1.818414 0.000222861
1.145780 1.868771 0.000222018
1.145780 1.919129 0.000220477
1.145780 1.969487 0.000218889
1.145780 2.019844 0.000217422
1.145780 2.070202 0.000215846
1.145780 2.120560 0.00021626
1.145780 2.170917 0.000218839
1.145780 2.221275 0.000224061
1.145780 2.271633 0.000228193
1.145780 2.321990 0.000232408
1.145780 2.372348 0.000241951
1.145780 2.422706 0.000251683
1.145780 2.473063 0.000268597
1.145780 2.523421 0.000263536
1.145780 2.573778 0.000242938
1.145780 2.624136 0.000232531
1.145780 2.674494 0.000225983
1.145780 2.724851 0.000219785
1.145780 2.775209 0.000214816
1.145780 2.825567 0.00021197
1.145780 2.875924 0.00021035
1.145780 2.926282 0.000210335
1.145780 2.976640 0.000210916
1.145780 3.026997 0.000211757
1.145780 3.077355 0.000212313
1.145780 3.127713 0.00021282
1.145780 3.178070 0.000213519
1.145780 3.228428 0.000214333
1.145780 3.278786 0.000215466
1.145780 3.329143 0.000216523
1.145780 3.379501 0.000219613
1.145780 3.429859 0.000223097
1.145780 3.480216 0.000228612
1.145780 3.530574 0.000239606
1.145780 3.580932 0.000260537
1.145780 3.631289 0.000296916
1.145780 3.681647 0.000521206
1.145780 3.732005 0.000306276
1.145780 3.782362 0.000259939
1.145780 3.832720 0.000245934
1.145780 3.883077 0.000237703
1.145780 3.933435 0.000233499
1.145780 3.983793 0.000230025
1.145780 4.034150 0.000226599
1.145780 4.084508 0.000224389
1.145780 4.134866 0.000223129
1.145780 4.185223 0.000222064
1.145780 4.235581 -1
1.145780 4.285939 -1
1.145780 4.336296 -1
1.145780 4.386654 -1
1.145780 4.437012 -1
1.145780 4.487369 -1
1.145780 4.537727 -1
1.145780 4.588085 -1
1.145780 4.638442 -1
1.145780 4.688800 -1
1.145780 4.739158 -1
1.145780 4.789515 -1
1.145780 4.839873 -1
1.145780 4.890231 -1
1.145780 4.940588 -1
1.145780 4.990946 -1
1.145780 5.041303 -1
1.145780 5.091661 -1
1.145780 5.142019 -1
1.145780 5.192376 -1
1.145780 5.242734 -1
1.145780 5.293092 -1
1.145780 5.343449 -1
1.145780 5.393807 -1
1.145780 5.444165 -1
1.145780 5.494522 -1
1.145780 5.544880 -1
1.145780 5.595238 -1
1.145780 5.645595 -1
1.145780 5.695953 -1
1.145780 5.746311 -1
1.145780 5.796668 -1
1.145780 5.847026 -1
1.145780 5.897384 -1
1.145780 5.947741 -1
1.145780 5.998099 -1
1.145780 6.048457 -1
1.145780 6.098814 -1
1.145780 6.149172 -1
1.145780 6.199530 -1
1.145780 6.249887 -1
1.145780 6.300245 -1
1.145780 6.350602 -1
1.195988 -1.354118 -1
1.195988 -1.303761 -1
1.195988 -1.253403 -1
1.195988 -1.203046 -1
1.195988 -1.152688 -1
1.195988 -1.102330 -1
1.195988 -1.051973 -1
1.195988 -1.001615 -1
1.195988 -0.951257 -1
1.195988 -0.900900 -1
1.195988 -0.850542 -1
1.195988 -0.800184 -1
1.195988 -0.749827 -1
1.195988 -0.699469 -1
1.195988 -0.649111 -1
1.195988 -0.598754 -1
1.195988 -0.548396 -1
1.195988 -0.498038 -1
1.195988 -0.447681 -1
1.195988 -0.397323 -1
1.195988 -0.346965 -1
1.195988 -0.296608 -1
1.195988 -0.246250 -1
1.195988 -0.195892 -1
1.195988 -0.145535 -1
1.195988 -0.095177 -1
1.195988 -0.044820 -1
1.195988 0.005538 -1
1.195988 0.055896 -1
1.195988 0.106253 -1
1.195988 0.156611 -1
1.195988 0.206969 -1
1.195988 0.257326 0.000214255
1.195988 0.307684 0.000211545
1.195988 0.358042 0.000209181
1.195988 0.408399 0.000209025
1.195988 0.458757 0.000208191
1.195988 0.509115 0.00020892
1.195988 0.559472 0.000210879
1.195988 0.609830 0.000211065
1.195988 0.660188 0.000211106
1.195988 0.710545 0.000211536
1.195988 0.760903 0.000213993
1.195988 0.811261 0.000215002
1.195988 0.861618 0.000213844
1.195988 0.911976 0.000214545
1.195988 0.962334 0.000217137
1.195988 1.012691 0.000220303
1.195988 1.063049 0.000225684
1.195988 1.113407 0.000234916
1.195988 1.163764 0.00024652
1.195988 1.214122 0.000260227
1.195988 1.264479 0.000281946
1.195988 1.314837 0.000286506
1.195988 1.365195 0.000269481
1.195988 1.415552 0.000255553
1.195988 1.465910 0.000244519
1.195988 1.516268 0.000236832
1.195988 1.566625 0.000231529
1.195988 1.616983 0.000228558
1.195988 1.667341 0.000227361
1.195988 1.717698 0.000225597
1.195988 1.768056 0.000224378
1.195988 1.818414 0.00022317
1.195988 1.868771 0.000221892
1.195988 1.919129 0.000220293
1.195988 1.969487 0.000218622
1.195988 2.019844 0.000217457
1.195988 2.070202 0.000215799
1.195988 2.120560 0.000215301
1.195988 2.170917 0.000216549
1.195988 2.221275 0.000220353
1.195988 2.271633 0.000222627
1.195988 2.321990 0.000224433
1.195988 2.372348 0.000228461
1.195988 2.422706 0.000231949
1.195988 2.473063 0.000233614
1.195988 2.523421 0.000231934
1.195988 2.573778 0.000228317
1.195988 2.624136 0.00022423
1.195988 2.674494 0.000220844
1.195988 2.724851 0.00021663
1.195988 2.775209 0.000213239
1.195988 2.825567 0.000211113
1.195988 2.875924 0.00020993
1.195988 2.926282 0.000210024
1.195988 2.976640 0.000210658
1.195988 3.026997 0.000211455
1.195988 3.077355 0.000212371
1.195988 3.127713 0.00021292
1.195988 3.178070 0.000213591
1.195988 3.228428 0.000214531
1.195988 3.278786 0.000215616
1.195988 3.329143 0.000217302
1.195988 3.379501 0.000220477
1.195988 3.429859 0.000224271
1.195988 3.480216 0.000230907
1.195988 3.530574 0.000244731
1.195988 3.580932 0.000317422
1.195988 3.631289 0.00133956
1.195988 3.681647 0.0042853
1.195988 3.732005 0.00106208
1.195988 3.782362 0.00032881
1.195988 3.832720 0.000256836
1.195988 3.883077 0.000244249
1.195988 3.933435 0.000238027
1.195988 3.983793 0.00023325
1.195988 4.034150 0.000228807
1.195988 4.084508 0.000226278
1.195988 4.134866 -1
1.195988 4.185223 0.000223329
1.195988 4.235581 -1
1.195988 4.285939 -1
1.195988 4.336296 -1
1.195988 4.386654 -1
1.195988 4.437012 -1
1.195988 4.487369 -1
1.195988 4.537727 -1
1.195988 4.588085 -1
1.195988 4.638442 -1
1.195988 4.688800 -1
1.195988 4.739158 -1
1.195988 4.789515 -1
1.195988 4.839873 -1
1.195988 4.890231 -1
1.195988 4.940588 -1
1.195988 4.990946 -1
1.195988 5.041303 -1
1.195988 5.091661 -1
1.195988 5.142019 -1
1.195988 5.192376 -1
1.195988 5.242734 -1
1.195988 5.293092 -1
1.195988 5.343449 -1
1.195988 5.393807 -1
1.195988 5.444165 -1
1.195988 5.494522 -1
1.195988 5.544880 -1
1.195988 5.595238 -1
1.195988 5.645595 -1
1.195988 5.695953 -1
1.195988 5.746311 -1
1.195988 5.796668 -1
1.195988 5.847026 -1
1.195988 5.897384 -1
1.195988 5.947741 -1
1.195988 5.998099 -1
1.195988 6.048457 -1
1.195988 6.098814 -1
1.195988 6.149172 -1
1.195988 6.199530 -1
1.195988 6.249887 -1
1.195988 6.300245 -1
1.195988 6.350602 -1
1.246196 -1.354118 -1
1.246196 -1.303761 -1
1.246196 -1.253403 -1
1.246196 -1.203046 -1
1.246196 -1.152688 -1
1.246196 -1.102330 -1
1.246196 -1.051973 -1
1.246196 -1.001615 -1
1.246196 -0.951257 -1
1.246196 -0.900900 -1
1.246196 -0.850542 -1
1.246196 -0.800184 -1
1.246196 -0.749827 -1
1.246196 -0.699469 -1
1.246196 -0.649111 -1
1.246196 -0.598754 -1
1.246196 -0.548396 -1
1.246196 -0.498038 -1
1.246196 -0.447681 -1
1.246196 -0.397323 -1
1.246196 -0.346965 -1
1.246196 -0.296608 -1
1.246196 -0.246250 -1
1.246196 -0.195892 -1
1.246196 -0.145535 -1
1.246196 -0.095177 -1
1.246196 -0.044820 -1
1.246196 0.005538 -1
1.246196 0.055896 -1
1.246196 0.106253 -1
1.246196 0.156611 -1
1.246196 0.206969 -1
1.246196 0.257326 0.000213218
1.246196 0.307684 0.000210385
1.246196 0.358042 0.000208468
1.246196 0.408399 0.000208181
1.246196 0.458757 0.000206972
1.246196 0.509115 0.000207867
1.246196 0.559472 0.000210001
1.246196 0.609830 0.000210514
1.246196 0.660188 0.000210399
1.246196 0.710545 0.000211123
1.246196 0.760903 0.000214633
1.246196 0.811261 0.000216268
1.246196 0.861618 0.000215744
1.246196 0.911976 0.00021638
1.246196 0.962334 0.000219986
1.246196 1.012691 0.000224217
1.246196 1.063049 0.000231362
1.246196 1.113407 0.000243273
1.246196 1.163764 0.000264228
1.246196 1.214122 0.000303613
1.246196 1.264479 0.0010685
1.246196 1.314837 0.000603657
1.246196 1.365195 0.000375225
1.246196 1.415552 0.000281536
1.246196 1.465910 0.000254775
1.246196 1.516268 0.000242392
1.246196 1.566625 0.00023544
1.246196 1.616983 0.000230621
1.246196 1.667341 0.000228358
1.246196 1.717698 0.000226304
1.246196 1.768056 0.000225147
1.246196 1.818414 0.000223596
1.246196 1.868771 0.000221711
1.246196 1.919129 0.000220025
1.246196 1.969487 0.000218561
1.246196 2.019844 0.000217257
1.246196 2.070202 0.000215122
1.246196 2.120560 0.000214128
1.246196 2.170917 0.000215086
1.246196 2.221275 0.000217624
1.246196 2.271633 0.000218856
1.246196 2.321990 0.000219475
1.246196 2.372348 0.000221612
1.246196 2.422706 0.000223372
1.246196 2.473063 0.000223731
1.246196 2.523421 0.000222864
1.246196 2.573778 0.000221754
1.246196 2.624136 0.000219129
1.246196 2.674494 0.000217238
1.246196 2.724851 0.000214627
1.246196 2.775209 0.000212131
1.246196 2.825567 0.000210384
1.246196 2.875924 0.000209553
1.246196 2.926282 0.000209743
1.246196 2.976640 0.000210858
1.246196 3.026997 0.000211963
1.246196 3.077355 0.000212219
1.246196 3.127713 0.000213234
1.246196 3.178070 0.000214236
1.246196 3.228428 0.000215267
1.246196 3.278786 0.000216118
1.246196 3.329143 0.000217908
1.246196 3.379501 0.000221405
1.246196 3.429859 0.000225465
1.246196 3.480216 0.000232729
1.246196 3.530574 0.000251264
1.246196 3.580932 0.000339322
1.246196 3.631289 0.00158414
1.246196 3.681647 0.00996472
1.246196 3.732005 0.0063421
1.246196 3.782362 0.00152507
1.246196 3.832720 0.00026832
1.246196 3.883077 0.000250515
1.246196 3.933435 0.000241671
1.246196 3.983793 -1
1.246196 4.034150 0.000230051
1.246196 4.084508 0.000227167
1.246196 4.134866 -1
1.246196 4.185223 -1
1.246196 4.235581 -1
1.246196 4.285939 -1
1.246196 4.336296 -1
1.246196 4.386654 -1
1.246196 4.437012 -1
1.246196 4.487369 -1
1.246196 4.537727 -1
1.246196 4.588085 -1
1.246196 4.638442 -1
1.246196 4.688800 -1
1.246196 4.739158 -1
1.246196 4.789515 -1
1.246196 4.839873 -1
1.246196 4.890231 -1
1.246196 4.940588 -1
1.246196 4.990946 -1
1.246196 5.041303 -1
1.246196 5.091661 -1
1.246196 5.142019 -1
1.246196 5.192376 -1
1.246196 5.242734 -1
1.246196 5.293092 -1
1.246196 5.343449 -1
1.246196 5.393807 -1
1.246196 5.444165 -1
1.246196 5.494522 -1
1.246196 5.544880 -1
1.246196 5.595238 -1
1.246196 5.645595 -1
1.246196 5.695953 -1
1.246196 5.746311 -1
1.246196 5.796668 -1
1.246196 5.847026 -1
1.246196 5.897384 -1
1.246196 5.947741 -1
1.246196 5.998099 -1
1.246196 6.048457 -1
1.246196 6.098814 -1
1.246196 6.149172 -1
1.246196 6.199530 -1
1.246196 6.249887 -1
1.246196 6.300245 -1
1.246196 6.350602 -1
1.296404 -1.354118 -1
1.296404 -1.303761 -1
1.296404 -1.253403 -1
1.296404 -1.203046 -1
1.296404 -1.152688 -1
1.296404 -1.102330 -1
1.296404 -1.051973 -1
1.296404 -1.001615 -1
1.296404 -0.951257 -1
1.296404 -0.900900 -1
1.296404 -0.850542 -1
1.296404 -0.800184 -1
1.296404 -0.749827 -1
1.296404 -0.699469 -1
1.296404 -0.649111 -1
1.296404 -0.598754 -1
1.296404 -0.548396 -1
1.296404 -0.498038 -1
1.296404 -0.447681 -1
1.296404 -0.397323 -1
1.296404 -0.346965 -1
1.296404 -0.296608 -1
1.296404 -0.246250 -1
1.296404 -0.195892 -1
1.296404 -0.145535 -1
1.296404 -0.095177 -1
1.296404 -0.044820 -1
1.296404 0.005538 -1
1.296404 0.055896 -1
1.296404 0.106253 -1
1.296404 0.156611 -1
1.296404 0.206969 -1
1.296404 0.257326 0.000212797
1.296404 0.307684 0.000210246
1.296404 0.358042 0.000208157
1.296404 0.408399 0.000207525
1.296404 0.458757 0.000206214
1.296404 0.509115 0.000207456
1.296404 0.559472 0.000209399
1.296404 0.609830 0.000210125
1.296404 0.660188 0.000210067
1.296404 0.710545 0.000211235
1.296404 0.760903 0.000215424
1.296404 0.811261 0.000217161
1.296404 0.861618 0.000217445
1.296404 0.911976 0.000218114
1.296404 0.962334 0.000222035
1.296404 1.012691 0.000227441
1.296404 1.063049 0.000235882
1.296404 1.113407 0.000252415
1.296404 1.163764 0.00028746
1.296404 1.214122 0.00168567
1.296404 1.264479 0.0103763
1.296404 1.314837 0.0042187
1.296404 1.365195 0.00188454
1.296404 1.415552 0.000380951
1.296404 1.465910 0.00026568
1.296404 1.516268 0.000247323
1.296404 1.566625 0.000237892
1.296404 1.616983 0.000232014
1.296404 1.667341 0.000228695
1.296404 1.717698 0.000226478
1.296404 1.768056 0.000225178
1.296404 1.818414 0.000223601
1.296404 1.868771 0.000221353
1.296404 1.919129 0.000220062
1.296404 1.969487 0.000218567
1.296404 2.019844 0.00021704
1.296404 2.070202 0.000214664
1.296404 2.120560 0.000213668
1.296404 2.170917 0.000214456
1.296404 2.221275 0.000216273
1.296404 2.271633 0.000216458
1.296404 2.321990 0.000216332
1.296404 2.372348 0.000217703
1.296404 2.422706 0.000218606
1.296404 2.473063 0.000218808
1.296404 2.523421 0.00021805
1.296404 2.573778 0.000217787
1.296404 2.624136 0.000216294
1.296404 2.674494 0.000215257
1.296404 2.724851 0.000213038
1.296404 2.775209 0.000211177
1.296404 2.825567 0.000209749
1.296404 2.875924 0.000209445
1.296404 2.926282 0.000209906
1.296404 2.976640 0.00021105
1.296404 3.026997 0.000212248
1.296404 3.077355 0.000212166
1.296404 3.127713 0.000213327
1.296404 3.178070 0.000214465
1.296404 3.228428 0.000215984
1.296404 3.278786 0.000216953
1.296404 3.329143 0.000218636
1.296404 3.379501 0.000222533
1.296404 3.429859 0.000226545
1.296404 3.480216 0.000234056
1.296404 3.530574 0.000252624
1.296404 3.580932 0.000305997
1.296404 3.631289 0.000696741
1.296404 3.681647 0.00640391
1.296404 3.732005 0.00548192
1.296404 3.782362 0.00149062
1.296404 3.832720 0.000273935
1.296404 3.883077 0.000252288
1.296404 3.933435 0.000242234
1.296404 3.983793 -1
1.296404 4.034150 0.000230711
1.296404 4.084508 0.000227418
1.296404 4.134866 -1
1.296404 4.185223 -1
1.296404 4.235581 -1
1.296404 4.285939 -1
1.296404 4.336296 -1
1.296404 4.386654 -1
1.296404 4.437012 -1
1.296404 4.487369 -1
1.296404 4.537727 -1
1.296404 4.588085 -1
1.296404 4.638442 -1
1.296404 4.688800 -1
1.296404 4.739158 -1
1.296404 4.789515 -1
1.296404 4.839873 -1
1.296404 4.890231 -1
1.296404 4.940588 -1
1.296404 4.990946 -1
1.296404 5.041303 -1
1.296404 5.091661 -1
1.296404 5.142019 -1
1.296404 5.192376 -1
1.296404 5.242734 -1
1.296404 5.293092 -1
1.296404 5.343449 -1
1.296404 5.393807 -1
1.296404 5.444165 -1
1.296404 5.494522 -1
1.296404 5.544880 -1
1.296404 5.595238 -1
1.296404 5.645595 -1
1.296404 5.695953 -1
1.296404 5.746311 -1
1.296404 5.796668 -1
1.296404 5.847026 -1
1.296404 5.897384 -1
1.296404 5.947741 -1
1.296404 5.998099 -1
1.296404 6.048457 -1
1.296404 6.098814 -1
1.296404 6.149172 -1
1.296404 6.199530 -1
1.296404 6.249887 -1
1.296404 6.300245 -1
1.296404 6.350602 -1
1.346611 -1.354118 -1
1.346611 -1.303761 -1
1.346611 -1.253403 -1
1.346611 -1.203046 -1
1.346611 -1.152688 -1
1.346611 -1.102330 -1
1.346611 -1.051973 -1
1.346611 -1.001615 -1
1.346611 -0.951257 -1
1.346611 -0.900900 -1
1.346611 -0.850542 -1
1.346611 -0.800184 -1
1.346611 -0.749827 -1
1.346611 -0.699469 -1
1.346611 -0.649111 -1
1.346611 -0.598754 -1
1.346611 -0.548396 -1
1.346611 -0.498038 -1
1.346611 -0.447681 -1
1.346611 -0.397323 -1
1.346611 -0.346965 -1
1.346611 -0.296608 -1
1.346611 -0.246250 -1
1.346611 -0.195892 -1
1.346611 -0.145535 -1
1.346611 -0.095177 -1
1.346611 -0.044820 -1
1.346611 0.005538 -1
1.346611 0.055896 -1
1.346611 0.106253 -1
1.346611 0.156611 -1
1.346611 0.206969 -1
1.346611 0.257326 0.000213203
1.346611 0.307684 0.00021044
1.346611 0.358042 0.000207743
1.346611 0.408399 0.000207325
1.346611 0.458757 0.000206447
1.346611 0.509115 0.000207387
1.346611 0.559472 0.000209018
1.346611 0.609830 0.000209505
1.346611 0.660188 0.000209953
1.346611 0.710545 0.000211806
1.346611 0.760903 -1
1.346611 0.811261 0.000217499
1.346611 0.861618 0.000217136
1.346611 0.911976 0.000217572
1.346611 0.962334 -1
1.346611 1.012691 0.000227787
1.346611 1.063049 0.000236991
1.346611 1.113407 0.000257885
1.346611 1.163764 0.000303589
1.346611 1.214122 0.00161118
1.346611 1.264479 0.0158289
1.346611 1.314837 0.0116248
1.346611 1.365195 0.0043061
1.346611 1.415552 0.000526706
1.346611 1.465910 0.000271544
1.346611 1.516268 0.000248388
1.346611 1.566625 0.00023768
1.346611 1.616983 0.000232019
1.346611 1.667341 0.00022834
1.346611 1.717698 0.000226027
1.346611 1.768056 0.00022461
1.346611 1.818414 0.000223129
1.346611 1.868771 0.00022097
1.346611 1.919129 0.000219451
1.346611 1.969487 0.000217426
1.346611 2.019844 0.000216422
1.346611 2.070202 0.00021425
1.346611 2.120560 0.000213331
1.346611 2.170917 0.000213831
1.346611 2.221275 0.000215279
1.346611 2.271633 0.000214663
1.346611 2.321990 0.000214011
1.346611 2.372348 0.000215387
1.346611 2.422706 0.000215969
1.346611 2.473063 0.000215708
1.346611 2.523421 0.000215525
1.346611 2.573778 0.000215267
1.346611 2.624136 0.000214434
1.346611 2.674494 0.000213777
1.346611 2.724851 0.000211789
1.346611 2.775209 -1
1.346611 2.825567 -1
1.346611 2.875924 -1
1.346611 2.926282 -1
1.346611 2.976640 -1
1.346611 3.026997 -1
1.346611 3.077355 -1
1.346611 3.127713 -1
1.346611 3.178070 -1
1.346611 3.228428 -1
1.346611 3.278786 0.000217901
1.346611 3.329143 0.00021963
1.346611 3.379501 -1
1.346611 3.429859 0.00022753
1.346611 3.480216 0.000234347
1.346611 3.530574 0.000247605
1.346611 3.580932 0.000278686
1.346611 3.631289 0.000398515
1.346611 3.681647 0.000907133
1.346611 3.732005 0.000617837
1.346611 3.782362 0.000367482
1.346611 3.832720 0.000267571
1.346611 3.883077 0.00024881
1.346611 3.933435 0.000239995
1.346611 3.983793 -1
1.346611 4.034150 -1
1.346611 4.084508 0.000226907
1.346611 4.134866 -1
1.346611 4.185223 -1
1.346611 4.235581 -1
1.346611 4.285939 -1
1.346611 4.336296 -1
1.346611 4.386654 -1
1.346611 4.437012 -1
1.346611 4.487369 -1
1.346611 4.537727 -1
1.346611 4.588085 -1
1.346611 4.638442 -1
1.346611 4.688800 -1
1.346611 4.739158 -1
1.346611 4.789515 -1
1.346611 4.839873 -1
1.346611 4.890231 -1
1.346611 4.940588 -1
1.346611 4.990946 -1
1.346611 5.041303 -1
1.346611 5.091661 -1
1.346611 5.142019 -1
1.346611 5.192376 -1
1.346611 5.242734 -1
1.346611 5.293092 -1
1.346611 5.343449 -1
1.346611 5.393807 -1
1.346611 5.444165 -1
1.346611 5.494522 -1
1.346611 5.544880 -1
1.346611 5.595238 -1
1.346611 5.645595 -1
1.346611 5.695953 -1
1.346611 5.746311 -1
1.346611 5.796668 -1
1.346611 5.847026 -1
1.346611 5.897384 -1
1.346611 5.947741 -1
1.346611 5.998099 -1
1.346611 6.048457 -1
1.346611 6.098814 -1
1.346611 6.149172 -1
1.346611 6.199530 -1
1.346611 6.249887 -1
1.346611 6.300245 -1
1.346611 6.350602 -1
1.396819 -1.354118 -1
1.396819 -1.303761 -1
1.396819 -1.253403 -1
1.396819 -1.203046 -1
1.396819 -1.152688 -1
1.396819 -1.102330 -1
1.396819 -1.051973 -1
1.396819 -1.001615 -1
1.396819 -0.951257 -1
1.396819 -0.900900 -1
1.396819 -0.850542 -1
1.396819 -0.800184 -1
1.396819 -0.749827 -1
1.396819 -0.699469 -1
1.396819 -0.649111 -1
1.396819 -0.598754 -1
1.396819 -0.548396 -1
1.396819 -0.498038 -1
1.396819 -0.447681 -1
1.396819 -0.397323 -1
1.396819 -0.346965 -1
1.396819 -0.296608 -1
1.396819 -0.246250 -1
1.396819 -0.195892 -1
1.396819 -0.145535 -1
1.396819 -0.095177 -1
1.396819 -0.044820 -1
1.396819 0.005538 -1
1.396819 0.055896 -1
1.396819 0.106253 -1
1.396819 0.156611 -1
1.396819 0.206969 -1
1.396819 0.257326 0.000213254
1.396819 0.307684 0.000209939
1.396819 0.358042 -1
1.396819 0.408399 -1
1.396819 0.458757 0.000205991
1.396819 0.509115 0.000206996
1.396819 0.559472 0.00020859
1.396819 0.609830 -1
1.396819 0.660188 -1
1.396819 0.710545 -1
1.396819 0.760903 -1
1.396819 0.811261 0.000216036
1.396819 0.861618 -1
1.396819 0.911976 -1
1.396819 0.962334 -1
1.396819 1.012691 0.000225475
1.396819 1.063049 0.000235213
1.396819 1.113407 -1
1.396819 1.163764 -1
1.396819 1.214122 0.000443875
1.396819 1.264479 0.00667843
1.396819 1.314837 -1
1.396819 1.365195 -1
1.396819 1.415552 -1
1.396819 1.465910 0.00026828
1.396819 1.516268 -1
1.396819 1.566625 -1
1.396819 1.616983 -1
1.396819 1.667341 0.000227
1.396819 1.717698 -1
1.396819 1.768056 -1
1.396819 1.818414 0.000222627
1.396819 1.868771 -1
1.396819 1.919129 -1
1.396819 1.969487 -1
1.396819 2.019844 -1
1.396819 2.070202 -1
1.396819 2.120560 -1
1.396819 2.170917 -1
1.396819 2.221275 -1
1.396819 2.271633 -1
1.396819 2.321990 -1
1.396819 2.372348 -1
1.396819 2.422706 -1
1.396819 2.473063 -1
1.396819 2.523421 -1
1.396819 2.573778 -1
1.396819 2.624136 -1
1.396819 2.674494 -1
1.396819 2.724851 -1
1.396819 2.775209 -1
1.396819 2.825567 -1
1.396819 2.875924 -1
1.396819 2.926282 -1
1.396819 2.976640 -1
1.396819 3.026997 -1
1.396819 3.077355 -1
1.396819 3.127713 -1
1.396819 3.178070 -1
1.396819 3.228428 -1
1.396819 3.278786 -1
1.396819 3.329143 -1
1.396819 3.379501 -1
1.396819 3.429859 -1
1.396819 3.480216 -1
1.396819 3.530574 -1
1.396819 3.580932 -1
1.396819 3.631289 -1
1.396819 3.681647 -1
1.396819 3.732005 0.000310838
1.396819 3.782362 -1
1.396819 3.832720 -1
1.396819 3.883077 -1
1.396819 3.933435 -1
1.396819 3.983793 -1
1.396819 4.034150 -1
1.396819 4.084508 -1
1.396819 4.134866 -1
1.396819 4.185223 -1
1.396819 4.235581 -1
1.396819 4.285939 -1
1.396819 4.336296 -1
1.396819 4.386654 -1
1.396819 4.437012 -1
1.396819 4.487369 -1
1.396819 4.537727 -1
1.396819 4.588085 -1
1.396819 4.638442 -1
1.396819 4.688800 -1
1.396819 4.739158 -1
1.396819 4.789515 -1
1.396819 4.839873 -1
1.396819 4.890231 -1
1.396819 4.940588 -1
1.396819 4.990946 -1
1.396819 5.041303 -1
1.396819 5.091661 -1
1.396819 5.142019 -1
1.396819 5.192376 -1
1.396819 5.242734 -1
1.396819 5.293092 -1
1.396819 5.343449 -1
1.396819 5.393807 -1
1.396819 5.444165 -1
1.396819 5.494522 -1
1.396819 5.544880 -1
1.396819 5.595238 -1
1.396819 5.645595 -1
1.396819 5.695953 -1
1.396819 5.746311 -1
1.396819 5.796668 -1
1.396819 5.847026 -1
1.396819 5.897384 -1
1.396819 5.947741 -1
1.396819 5.998099 -1
1.396819 6.048457 -1
1.396819 6.098814 -1
1.396819 6.149172 -1
1.396819 6.199530 -1
1.396819 6.249887 -1
1.396819 6.300245 -1
1.396819 6.350602 -1
1.447027 -1.354118 -1
1.447027 -1.303761 -1
1.447027 -1.253403 -1
1.447027 -1.203046 -1
1.447027 -1.152688 -1
1.447027 -1.102330 -1
1.447027 -1.051973 -1
1.447027 -1.001615 -1
1.447027 -0.951257 -1
1.447027 -0.900900 -1
1.447027 -0.850542 -1
1.447027 -0.800184 -1
1.447027 -0.749827 -1
1.447027 -0.699469 -1
1.447027 -0.649111 -1
1.447027 -0.598754 -1
1.447027 -0.548396 -1
1.447027 -0.498038 -1
1.447027 -0.447681 -1
1.447027 -0.397323 -1
1.447027 -0.346965 -1
1.447027 -0.296608 -1
1.447027 -0.246250 -1
1.447027 -0.195892 -1
1.447027 -0.145535 -1
1.447027 -0.095177 -1
1.447027 -0.044820 -1
1.447027 0.005538 -1
1.447027 0.055896 -1
1.447027 0.106253 -1
1.447027 0.156611 -1
1.447027 0.206969 -1
1.447027 0.257326 -1
1.447027 0.307684 -1
1.447027 0.358042 -1
1.447027 0.408399 -1
1.447027 0.458757 -1
1.447027 0.509115 -1
1.447027 0.559472 -1
1.447027 0.609830 -1
1.447027 0.660188 -1
1.447027 0.710545 -1
1.447027 0.760903 -1
1.447027 0.811261 -1
1.447027 0.861618 -1
1.447027 0.911976 -1
1.447027 0.962334 -1
1.447027 1.012691 -1
1.447027 1.063049 -1
1.447027 1.113407 -1
1.447027 1.163764 -1
1.447027 1.214122 -1
1.447027 1.264479 -1
1.447027 1.314837 -1
1.447027 1.365195 -1
1.447027 1.415552 -1
1.447027 1.465910 -1
1.447027 1.516268 -1
1.447027 1.566625 -1
1.447027 1.616983 -1
1.447027 1.667341 -1
1.447027 1.717698 -1
1.447027 1.768056 -1
1.447027 1.818414 -1
1.447027 1.868771 -1
1.447027 1.919129 -1
1.447027 1.969487 -1
1.447027 2.019844 -1
1.447027 2.070202 -1
1.447027 2.120560 -1
1.447027 2.170917 -1
1.447027 2.221275 -1
1.447027 2.271633 -1
1.447027 2.321990 -1
1.447027 2.372348 -1
1.447027 2.422706 -1
1.447027 2.473063 -1
1.447027 2.523421 -1
1.447027 2.573778 -1
1.447027 2.624136 -1
1.447027 2.674494 -1
1.447027 2.724851 -1
1.447027 2.775209 -1
1.447027 2.825567 -1
1.447027 2.875924 -1
1.447027 2.926282 -1
1.447027 2.976640 -1
1.447027 3.026997 -1
1.447027 3.077355 -1
1.447027 3.127713 -1
1.447027 3.178070 -1
1.447027 3.228428 -1
1.447027 3.278786 -1
1.447027 3.329143 -1
1.447027 3.379501 -1
1.447027 3.429859 -1
1.447027 3.480216 -1
1.447027 3.530574 -1
1.447027 3.580932 -1
1.447027 3.631289 -1
1.447027 3.681647 -1
1.447027 3.732005 -1
1.447027 3.782362 -1
1.447027 3.832720 -1
1.447027 3.883077 -1
1.447027 3.933435 -1
1.447027 3.983793 -1
1.447027 4.034150 -1
1.447027 4.084508 -1
1.447027 4.134866 -1
1.447027 4.185223 -1
1.447027 4.235581 -1
1.447027 4.285939 -1
1.447027 4.336296 -1
1.447027 4.386654 -1
1.447027 4.437012 -1
1.447027 4.487369 -1
1.447027 4.537727 -1
1.447027 4.588085 -1
1.447027 4.638442 -1
1.447027 4.688800 -1
1.447027 4.739158 -1
1.447027 4.789515 -1
1.447027 4.839873 -1
1.447027 4.890231 -1
1.447027 4.940588 -1
1.447027 4.990946 -1
1.447027 5.041303 -1
1.447027 5.091661 -1
1.447027 5.142019 -1
1.447027 5.192376 -1
1.447027 5.242734 -1
1.447027 5.293092 -1
1.447027 5.343449 -1
1.447027 5.393807 -1
1.447027 5.444165 -1
1.447027 5.494522 -1
1.447027 5.544880 -1
1.447027 5.595238 -1
1.447027 5.645595 -1
1.447027 5.695953 -1
1.447027 5.746311 -1
1.447027 5.796668 -1
1.447027 5.847026 -1
1.447027 5.897384 -1
1.447027 5.947741 -1
1.447027 5.998099 -1
1.447027 6.048457 -1
1.447027 6.098814 -1
1.447027 6.149172 -1
1.447027 6.199530 -1
1.447027 6.249887 -1
1.447027 6.300245 -1
1.447027 6.350602 -1
1.497235 -1.354118 -1
1.497235 -1.303761 -1
1.497235 -1.253403 -1
1.497235 -1.203046 -1
1.497235 -1.152688 -1
1.497235 -1.102330 -1
1.497235 -1.051973 -1
1.497235 -1.001615 -1
1.497235 -0.951257 -1
1.497235 -0.900900 -1
1.497235 -0.850542 -1
1.497235 -0.800184 -1
1.497235 -0.749827 -1
1.497235 -0.699469 -1
1.497235 -0.649111 -1
1.497235 -0.598754 -1
1.497235 -0.548396 -1
1.497235 -0.498038 -1
1.497235 -0.447681 -1
1.497235 -0.397323 -1
1.497235 -0.346965 -1
1.497235 -0.296608 -1
1.497235 -0.246250 -1
1.497235 -0.195892 -1
1.497235 -0.145535 -1
1.497235 -0.095177 -1
1.497235 -0.044820 -1
1.497235 0.005538 -1
1.497235 0.055896 -1
1.497235 0.106253 -1
1.497235 0.156611 -1
1.497235 0.206969 -1
1.497235 0.257326 -1
1.497235 0.307684 -1
1.497235 0.358042 -1
1.497235 0.408399 -1
1.497235 0.458757 -1
1.497235 0.509115 -1
1.497235 0.559472 -1
1.497235 0.609830 -1
1.497235 0.660188 -1
1.497235 0.710545 -1
1.497235 0.760903 -1
1.497235 0.811261 -1
1.497235 0.861618 -1
1.497235 0.911976 -1
1.497235 0.962334 -1
1.497235 1.012691 -1
1.497235 1.063049 -1
1.497235 1.113407 -1
1.497235 1.163764 -1
1.497235 1.214122 -1
1.497235 1.264479 -1
1.497235 1.314837 -1
1.497235 1.365195 -1
1.497235 1.415552 -1
1.497235 1.465910 -1
1.497235 1.516268 -1
1.497235 1.566625 -1
1.497235 1.616983 -1
1.497235 1.667341 -1
1.497235 1.717698 -1
1.497235 1.768056 -1
1.497235 1.818414 -1
1.497235 1.868771 -1
1.497235 1.919129 -1
1.497235 1.969487 -1
1.497235 2.019844 -1
1.497235 2.070202 -1
1.497235 2.120560 -1
1.497235 2.170917 -1
1.497235 2.221275 -1
1.497235 2.271633 -1
1.497235 2.321990 -1
1.497235 2.372348 -1
1.497235 2.422706 -1
1.497235 2.473063 -1
1.497235 2.523421 -1
1.497235 2.573778 -1
1.497235 2.624136 -1
1.497235 2.674494 -1
1.497235 2.724851 -1
1.497235 2.775209 -1
1.497235 2.825567 -1
1.497235 2.875924 -1
1.497235 2.926282 -1
1.497235 2.976640 -1
1.497235 3.026997 -1
1.497235 3.077355 -1
1.497235 3.127713 -1
1.497235 3.178070 -1
1.497235 3.228428 -1
1.497235 3.278786 -1
1.497235 3.329143 -1
1.497235 3.379501 -1
1.497235 3.429859 -1
1.497235 3.480216 -1
1.497235 3.530574 -1
1.497235 3.580932 -1
1.497235 3.631289 -1
1.497235 3.681647 -1
1.497235 3.732005 -1
1.497235 3.782362 -1
1.497235 3.832720 -1
1.497235 3.883077 -1
1.497235 3.933435 -1
1.497235 3.983793 -1
1.497235 4.034150 -1
1.497235 4.084508 -1
1.497235 4.134866 -1
1.497235 4.185223 -1
1.497235 4.235581 -1
1.497235 4.285939 -1
1.497235 4.336296 -1
1.497235 4.386654 -1
1.497235 4.437012 -1
1.497235 4.487369 -1
1.497235 4.537727 -1
1.497235 4.588085 -1
1.497235 4.638442 -1
1.497235 4.688800 -1
1.497235 4.739158 -1
1.497235 4.789515 -1
1.497235 4.839873 -1
1.497235 4.890231 -1
1.497235 4.940588 -1
1.497235 4.990946 -1
1.497235 5.041303 -1
1.497235 5.091661 -1
1.497235 5.142019 -1
1.497235 5.192376 -1
1.497235 5.242734 -1
1.497235 5.293092 -1
1.497235 5.343449 -1
1.497235 5.393807 -1
1.497235 5.444165 -1
1.497235 5.494522 -1
1.497235 5.544880 -1
1.497235 5.595238 -1
1.497235 5.645595 -1
1.497235 5.695953 -1
1.497235 5.746311 -1
1.497235 5.796668 -1
1.497235 5.847026 -1
1.497235 5.897384 -1
1.497235 5.947741 -1
1.497235 5.998099 -1
1.497235 6.048457 -1
1.497235 6.098814 -1
1.497235 6.149172 -1
1.497235 6.199530 -1
1.497235 6.249887 -1
1.497235 6.300245 -1
1.497235 6.350602 -1
1.547443 -1.354118 -1
1.547443 -1.303761 -1
1.547443 -1.253403 -1
1.547443 -1.203046 -1
1.547443 -1.152688 -1
1.547443 -1.102330 -1
1.547443 -1.051973 -1
1.547443 -1.001615 -1
1.547443 -0.951257 -1
1.547443 -0.900900 -1
1.547443 -0.850542 -1
1.547443 -0.800184 -1
1.547443 -0.749827 -1
1.547443 -0.699469 -1
1.547443 -0.649111 -1
1.547443 -0.598754 -1
1.547443 -0.548396 -1
1.547443 -0.498038 -1
1.547443 -0.447681 -1
1.547443 -0.397323 -1
1.547443 -0.346965 -1
1.547443 -0.296608 -1
1.547443 -0.246250 -1
1.547443 -0.195892 -1
1.547443 -0.145535 -1
1.547443 -0.095177 -1
1.547443 -0.044820 -1
1.547443 0.005538 -1
1.547443 0.055896 -1
1.547443 0.106253 -1
1.547443 0.156611 -1
1.547443 0.206969 -1
1.547443 0.257326 -1
1.547443 0.307684 -1
1.547443 0.358042 -1
1.547443 0.408399 -1
1.547443 0.458757 -1
1.547443 0.509115 -1
1.547443 0.559472 -1
1.547443 0.609830 -1
1.547443 0.660188 -1
1.547443 0.710545 -1
1.547443 0.760903 -1
1.547443 0.811261 -1
1.547443 0.861618 -1
1.547443 0.911976 -1
1.547443 0.962334 -1
1.547443 1.012691 -1
1.547443 1.063049 -1
1.547443 1.113407 -1
1.547443 1.163764 -1
1.547443 1.214122 -1
1.547443 1.264479 -1
1.547443 1.314837 -1
1.547443 1.365195 -1
1.547443 1.415552 -1
1.547443 1.465910 -1
1.547443 1.516268 -1
1.547443 1.566625 -1
1.547443 1.616983 -1
1.547443 1.667341 -1
1.547443 1.717698 -1
1.547443 1.768056 -1
1.547443 1.818414 -1
1.547443 1.868771 -1
1.547443 1.919129 -1
1.547443 1.969487 -1
1.547443 2.019844 -1
1.547443 2.070202 -1
1.547443 2.120560 -1
1.547443 2.170917 -1
1.547443 2.221275 -1
1.547443 2.271633 -1
1.547443 2.321990 -1
1.547443 2.372348 -1
1.547443 2.422706 -1
1.547443 2.473063 -1
1.547443 2.523421 -1
1.547443 2.573778 -1
1.547443 2.624136 -1
1.547443 2.674494 -1
1.547443 2.724851 -1
1.547443 2.775209 -1
1.547443 2.825567 -1
1.547443 2.875924 -1
1.547443 2.926282 -1
1.547443 2.976640 -1
1.547443 3.026997 -1
1.547443 3.077355 -1
1.547443 3.127713 -1
1.547443 3.178070 -1
1.547443 3.228428 -1
1.547443 3.278786 -1
1.547443 3.329143 -1
1.547443 3.379501 -1
1.547443 3.429859 -1
1.547443 3.480216 -1
1.547443 3.530574 -1
1.547443 3.580932 -1
1.547443 3.631289 -1
1.547443 3.681647 -1
1.547443 3.732005 -1
1.547443 3.782362 -1
1.547443 3.832720 -1
1.547443 3.883077 -1
1.547443 3.933435 -1
1.547443 3.983793 -1
1.547443 4.034150 -1
1.547443 4.084508 -1
1.547443 4.134866 -1
1.547443 4.185223 -1
1.547443 4.235581 -1
1.547443 4.285939 -1
1.547443 4.336296 -1
1.547443 4.386654 -1
1.547443 4.437012 -1
1.547443 4.487369 -1
1.547443 4.537727 -1
1.547443 4.588085 -1
1.547443 4.638442 -1
1.547443 4.688800 -1
1.547443 4.739158 -1
1.547443 4.789515 -1
1.547443 4.839873 -1
1.547443 4.890231 -1
1.547443 4.940588 -1
1.547443 4.990946 -1
1.547443 5.041303 -1
1.547443 5.091661 -1
1.547443 5.142019 -1
1.547443 5.192376 -1
1.547443 5.242734 -1
1.547443 5.293092 -1
1.547443 5.343449 -1
1.547443 5.393807 -1
1.547443 5.444165 -1
1.547443 5.494522 -1
1.547443 5.544880 -1
1.547443 5.595238 -1
1.547443 5.645595 -1
1.547443 5.695953 -1
1.547443 5.746311 -1
1.547443 5.796668 -1
1.547443 5.847026 -1
1.547443 5.897384 -1
1.547443 5.947741 -1
1.547443 5.998099 -1
1.547443 6.048457 -1
1.547443 6.098814 -1
1.547443 6.149172 -1
1.547443 6.199530 -1
1.547443 6.249887 -1
1.547443 6.300245 -1
1.547443 6.350602 -1
1.597651 -1.354118 -1
1.597651 -1.303761 -1
1.597651 -1.253403 -1
1.597651 -1.203046 -1
1.597651 -1.152688 -1
1.597651 -1.102330 -1
1.597651 -1.051973 -1
1.597651 -1.001615 -1
1.597651 -0.951257 -1
1.597651 -0.900900 -1
1.597651 -0.850542 -1
1.597651 -0.800184 -1
1.597651 -0.749827 -1
1.597651 -0.699469 -1
1.597651 -0.649111 -1
1.597651 -0.598754 -1
1.597651 -0.548396 -1
1.597651 -0.498038 -1
1.597651 -0.447681 -1
1.597651 -0.397323 -1
1.597651 -0.346965 -1
1.597651 -0.296608 -1
1.597651 -0.246250 -1
1.597651 -0.195892 -1
1.597651 -0.145535 -1
1.597651 -0.095177 -1
1.597651 -0.044820 -1
1.597651 0.005538 -1
1.597651 0.055896 -1
1.597651 0.106253 -1
1.597651 0.156611 -1
1.597651 0.206969 -1
1.597651 0.257326 -1
1.597651 0.307684 -1
1.597651 0.358042 -1
1.597651 0.408399 -1
1.597651 0.458757 -1
1.597651 0.509115 -1
1.597651 0.559472 -1
1.597651 0.609830 -1
1.597651 0.660188 -1
1.597651 0.710545 -1
1.597651 0.760903 -1
1.597651 0.811261 -1
1.597651 0.861618 -1
1.597651 0.911976 -1
1.597651 0.962334 -1
1.597651 1.012691 -1
1.597651 1.063049 -1
1.597651 1.113407 -1
1.597651 1.163764 -1
1.597651 1.214122 -1
1.597651 1.264479 -1
1.597651 1.314837 -1
1.597651 1.365195 -1
1.597651 1.415552 -1
1.597651 1.465910 -1
1.597651 1.516268 -1
1.597651 1.566625 -1
1.597651 1.616983 -1
1.597651 1.667341 -1
1.597651 1.717698 -1
1.597651 1.768056 -1
1.597651 1.818414 -1
1.597651 1.868771 -1
1.597651 1.919129 -1
1.597651 1.969487 -1
1.597651 2.019844 -1
1.597651 2.070202 -1
1.597651 2.120560 -1
1.597651 2.170917 -1
1.597651 2.221275 -1
1.597651 2.271633 -1
1.597651 2.321990 -1
1.597651 2.372348 -1
1.597651 2.422706 -1
1.597651 2.473063 -1
1.597651 2.523421 -1
1.597651 2.573778 -1
1.597651 2.624136 -1
1.597651 2.674494 -1
1.597651 2.724851 -1
1.597651 2.775209 -1
1.597651 2.825567 -1
1.597651 2.875924 -1
1.597651 2.926282 -1
1.597651 2.976640 -1
1.597651 3.026997 -1
1.597651 3.077355 -1
1.597651 3.127713 -1
1.597651 3.178070 -1
1.597651 3.228428 -1
1.597651 3.278786 -1
1.597651 3.329143 -1
1.597651 3.379501 -1
1.597651 3.429859 -1
1.597651 3.480216 -1
1.597651 3.530574 -1
1.597651 3.580932 -1
1.597651 3.631289 -1
1.597651 3.681647 -1
1.597651 3.732005 -1
1.597651 3.782362 -1
1.597651 3.832720 -1
1.597651 3.883077 -1
1.597651 3.933435 -1
1.597651 3.983793 -1
1.597651 4.034150 -1
1.597651 4.084508 -1
1.597651 4.134866 -1
1.597651 4.185223 -1
1.597651 4.235581 -1
1.597651 4.285939 -1
1.597651 4.336296 -1
1.597651 4.386654 -1
1.597651 4.437012 -1
1.597651 4.487369 -1
1.597651 4.537727 -1
1.597651 4.588085 -1
1.597651 4.638442 -1
1.597651 4.688800 -1
1.597651 4.739158 -1
1.597651 4.789515 -1
1.597651 4.839873 -1
1.597651 4.890231 -1
1.597651 4.940588 -1
1.597651 4.990946 -1
1.597651 5.041303 -1
1.597651 5.091661 -1
1.597651 5.142019 -1
1.597651 5.192376 -1
1.597651 5.242734 -1
1.597651 5.293092 -1
1.597651 5.343449 -1
1.597651 5.393807 -1
1.597651 5.444165 -1
1.597651 5.494522 -1
1.597651 5.544880 -1
1.597651 5.595238 -1
1.597651 5.645595 -1
1.597651 5.695953 -1
1.597651 5.746311 -1
1.597651 5.796668 -1
1.597651 5.847026 -1
1.597651 5.897384 -1
1.597651 5.947741 -1
1.597651 5.998099 -1
1.597651 6.048457 -1
1.597651 6.098814 -1
1.597651 6.149172 -1
1.597651 6.199530 -1
1.597651 6.249887 -1
1.597651 6.300245 -1
1.597651 6.350602 -1
1.647859 -1.354118 -1
1.647859 -1.303761 -1
1.647859 -1.253403 -1
1.647859 -1.203046 -1
1.647859 -1.152688 -1
1.647859 -1.102330 -1
1.647859 -1.051973 -1
1.647859 -1.001615 -1
1.647859 -0.951257 -1
1.647859 -0.900900 -1
1.647859 -0.850542 -1
1.647859 -0.800184 -1
1.647859 -0.749827 -1
1.647859 -0.699469 -1
1.647859 -0.649111 -1
1.647859 -0.598754 -1
1.647859 -0.548396 -1
1.647859 -0.498038 -1
1.647859 -0.447681 -1
1.647859 -0.397323 -1
1.647859 -0.346965 -1
1.647859 -0.296608 -1
1.647859 -0.246250 -1
1.647859 -0.195892 -1
1.647859 -0.145535 -1
1.647859 -0.095177 -1
1.647859 -0.044820 -1
1.647859 0.005538 -1
1.647859 0.055896 -1
1.647859 0.106253 -1
1.647859 0.156611 -1
1.647859 0.206969 -1
1.647859 0.257326 -1
1.647859 0.307684 -1
1.647859 0.358042 -1
1.647859 0.408399 -1
1.647859 0.458757 -1
1.647859 0.509115 -1
1.647859 0.559472 -1
1.647859 0.609830 -1
1.647859 0.660188 -1
1.647859 0.710545 -1
1.647859 0.760903 -1
1.647859 0.811261 -1
1.647859 0.861618 -1
1.647859 0.911976 -1
1.647859 0.962334 -1
1.647859 1.012691 -1
1.647859 1.063049 -1
1.647859 1.113407 -1
1.647859 1.163764 -1
1.647859 1.214122 -1
1.647859 1.264479 -1
1.647859 1.314837 -1
1.647859 1.365195 -1
1.647859 1.415552 -1
1.647859 1.465910 -1
1.647859 1.516268 -1
1.647859 1.566625 -1
1.647859 1.616983 -1
1.647859 1.667341 -1
1.647859 1.717698 -1
1.647859 1.768056 -1
1.647859 1.818414 -1
1.647859 1.868771 -1
1.647859 1.919129 -1
1.647859 1.969487 -1
1.647859 2.019844 -1
1.647859 2.070202 -1
1.647859 2.120560 -1
1.647859 2.170917 -1
1.647859 2.221275 -1
1.647859 2.271633 -1
1.647859 2.321990 -1
1.647859 2.372348 -1
1.647859 2.422706 -1
1.647859 2.473063 -1
1.647859 2.523421 -1
1.647859 2.573778 -1
1.647859 2.624136 -1
1.647859 2.674494 -1
1.647859 2.724851 -1
1.647859 2.775209 -1
1.647859 2.825567 -1
1.647859 2.875924 -1
1.647859 2.926282 -1
1.647859 2.976640 -1
1.647859 3.026997 -1
1.647859 3.077355 -1
1.647859 3.127713 -1
1.647859 3.178070 -1
1.647859 3.228428 -1
1.647859 3.278786 -1
1.647859 3.329143 -1
1.647859 3.379501 -1
1.647859 3.429859 -1
1.647859 3.480216 -1
1.647859 3.530574 -1
1.647859 3.580932 -1
1.647859 3.631289 -1
1.647859 3.681647 -1
1.647859 3.732005 -1
1.647859 3.782362 -1
1.647859 3.832720 -1
1.647859 3.883077 -1
1.647859 3.933435 -1
1.647859 3.983793 -1
1.647859 4.034150 -1
1.647859 4.084508 -1
1.647859 4.134866 -1
1.647859 4.185223 -1
1.647859 4.235581 -1
1.647859 4.285939 -1
1.647859 4.336296 -1
1.647859 4.386654 -1
1.647859 4.437012 -1
1.647859 4.487369 -1
1.647859 4.537727 -1
1.647859 4.588085 -1
1.647859 4.638442 -1
1.647859 4.688800 -1
1.647859 4.739158 -1
1.647859 4.789515 -1
1.647859 4.839873 -1
1.647859 4.890231 -1
1.647859 4.940588 -1
1.647859 4.990946 -1
1.647859 5.041303 -1
1.647859 5.091661 -1
1.647859 5.142019 -1
1.647859 5.192376 -1
1.647859 5.242734 -1
1.647859 5.293092 -1
1.647859 5.343449 -1
1.647859 5.393807 -1
1.647859 5.444165 -1
1.647859 5.494522 -1
1.647859 5.544880 -1
1.647859 5.595238 -1
1.647859 5.645595 -1
1.647859 5.695953 -1
1.647859 5.746311 -1
1.647859 5.796668 -1
1.647859 5.847026 -1
1.647859 5.897384 -1
1.647859 5.947741 -1
1.647859 5.998099 -1
1.647859 6.048457 -1
1.647859 6.098814 -1
1.647859 6.149172 -1
1.647859 6.199530 -1
1.647859 6.249887 -1
1.647859 6.300245 -1
1.647859 6.350602 -1
1.698067 -1.354118 -1
1.698067 -1.303761 -1
1.698067 -1.253403 -1
1.698067 -1.203046 -1
1.698067 -1.152688 -1
1.698067 -1.102330 -1
1.698067 -1.051973 -1
1.698067 -1.001615 -1
1.698067 -0.951257 -1
1.698067 -0.900900 -1
1.698067 -0.850542 -1
1.698067 -0.800184 -1
1.698067 -0.749827 -1
1.698067 -0.699469 -1
1.698067 -0.649111 -1
1.698067 -0.598754 -1
1.698067 -0.548396 -1
1.698067 -0.498038 -1
1.698067 -0.447681 -1
1.698067 -0.397323 -1
1.698067 -0.346965 -1
1.698067 -0.296608 -1
1.698067 -0.246250 -1
1.698067 -0.195892 -1
1.698067 -0.145535 -1
1.698067 -0.095177 -1
1.698067 -0.044820 -1
1.698067 0.005538 -1
1.698067 0.055896 -1
1.698067 0.106253 -1
1.698067 0.156611 -1
1.698067 0.206969 -1
1.698067 0.257326 -1
1.698067 0.307684 -1
1.698067 0.358042 -1
1.698067 0.408399 -1
1.698067 0.458757 -1
1.698067 0.509115 -1
1.698067 0.559472 -1
1.698067 0.609830 -1
1.698067 0.660188 -1
1.698067 0.710545 -1
1.698067 0.760903 -1
1.698067 0.811261 -1
1.698067 0.861618 -1
1.698067 0.911976 -1
1.698067 0.962334 -1
1.698067 1.012691 -1
1.698067 1.063049 -1
1.698067 1.113407 -1
1.698067 1.163764 -1
1.698067 1.214122 -1
1.698067 1.264479 -1
1.698067 1.314837 -1
1.698067 1.365195 -1
1.698067 1.415552 -1
1.698067 1.465910 -1
1.698067 1.516268 -1
1.698067 1.566625 -1
1.698067 1.616983 -1
1.698067 1.667341 -1
1.698067 1.717698 -1
1.698067 1.768056 -1
1.698067 1.818414 -1
1.698067 1.868771 -1
1.698067 1.919129 -1
1.698067 1.969487 -1
1.698067 2.019844 -1
1.698067 2.070202 -1
1.698067 2.120560 -1
1.698067 2.170917 -1
1.698067 2.221275 -1
1.698067 2.271633 -1
1.698067 2.321990 -1
1.698067 2.372348 -1
1.698067 2.422706 -1
1.698067 2.473063 -1
1.698067 2.523421 -1
1.698067 2.573778 -1
1.698067 2.624136 -1
1.698067 2.674494 -1
1.698067 2.724851 -1
1.698067 2.775209 -1
1.698067 2.825567 -1
1.698067 2.875924 -1
1.698067 2.926282 -1
1.698067 2.976640 -1
1.698067 3.026997 -1
1.698067 3.077355 -1
1.698067 3.127713 -1
1.698067 3.178070 -1
1.698067 3.228428 -1
1.698067 3.278786 -1
1.698067 3.329143 -1
1.698067 3.379501 -1
1.698067 3.429859 -1
1.698067 3.480216 -1
1.698067 3.530574 -1
1.698067 3.580932 -1
1.698067 3.631289 -1
1.698067 3.681647 -1
1.698067 3.732005 -1
1.698067 3.782362 -1
1.698067 3.832720 -1
1.698067 3.883077 -1
1.698067 3.933435 -1
1.698067 3.983793 -1
1.698067 4.034150 -1
1.698067 4.084508 -1
1.698067 4.134866 -1
1.698067 4.185223 -1
1.698067 4.235581 -1
1.698067 4.285939 -1
1.698067 4.336296 -1
1.698067 4.386654 -1
1.698067 4.437012 -1
1.698067 4.487369 -1
1.698067 4.537727 -1
1.698067 4.588085 -1
1.698067 4.638442 -1
1.698067 4.688800 -1
1.698067 4.739158 -1
1.698067 4.789515 -1
1.698067 4.839873 -1
1.698067 4.890231 -1
1.698067 4.940588 -1
1.698067 4.990946 -1
1.698067 5.041303 -1
1.698067 5.091661 -1
1.698067 5.142019 -1
1.698067 5.192376 -1
1.698067 5.242734 -1
1.698067 5.293092 -1
1.698067 5.343449 -1
1.698067 5.393807 -1
1.698067 5.444165 -1
1.698067 5.494522 -1
1.698067 5.544880 -1
1.698067 5.595238 -1
1.698067 5.645595 -1
1.698067 5.695953 -1
1.698067 5.746311 -1
1.698067 5.796668 -1
1.698067 5.847026 -1
1.698067 5.897384 -1
1.698067 5.947741 -1
1.698067 5.998099 -1
1.698067 6.048457 -1
1.698067 6.098814 -1
1.698067 6.149172 -1
1.698067 6.199530 -1
1.698067 6.249887 -1
1.698067 6.300245 -1
1.698067 6.350602 -1
1.748275 -1.354118 -1
1.748275 -1.303761 -1
1.748275 -1.253403 -1
1.748275 -1.203046 -1
1.748275 -1.152688 -1
1.748275 -1.102330 -1
1.748275 -1.051973 -1
1.748275 -1.001615 -1
1.748275 -0.951257 -1
1.748275 -0.900900 -1
1.748275 -0.850542 -1
1.748275 -0.800184 -1
1.748275 -0.749827 -1
1.748275 -0.699469 -1
1.748275 -0.649111 -1
1.748275 -0.598754 -1
1.748275 -0.548396 -1
1.748275 -0.498038 -1
1.748275 -0.447681 -1
1.748275 -0.397323 -1
1.748275 -0.346965 -1
1.748275 -0.296608 -1
1.748275 -0.246250 -1
1.748275 -0.195892 -1
1.748275 -0.145535 -1
1.748275 -0.095177 -1
1.748275 -0.044820 -1
1.748275 0.005538 -1
1.748275 0.055896 -1
1.748275 0.106253 -1
1.748275 0.156611 -1
1.748275 0.206969 -1
1.748275 0.257326 -1
1.748275 0.307684 -1
1.748275 0.358042 -1
1.748275 0.408399 -1
1.748275 0.458757 -1
1.748275 0.509115 -1
1.748275 0.559472 -1
1.748275 0.609830 -1
1.748275 0.660188 -1
1.748275 0.710545 -1
1.748275 0.760903 -1
1.748275 0.811261 -1
1.748275 0.861618 -1
1.748275 0.911976 -1
1.748275 0.962334 -1
1.748275 1.012691 -1
1.748275 1.063049 -1
1.748275 1.113407 -1
1.748275 1.163764 -1
1.748275 1.214122 -1
1.748275 1.264479 -1
1.748275 1.314837 -1
1.748275 1.365195 -1
1.748275 1.415552 -1
1.748275 1.465910 -1
1.748275 1.516268 -1
1.748275 1.566625 -1
1.748275 1.616983 -1
1.748275 1.667341 -1
1.748275 1.717698 -1
1.748275 1.768056 -1
1.748275 1.818414 -1
1.748275 1.868771 -1
1.748275 1.919129 -1
1.748275 1.969487 -1
1.748275 2.019844 -1
1.748275 2.070202 -1
1.748275 2.120560 -1
1.748275 2.170917 -1
1.748275 2.221275 -1
1.748275 2.271633 -1
1.748275 2.321990 -1
1.748275 2.372348 -1
1.748275 2.422706 -1
1.748275 2.473063 -1
1.748275 2.523421 -1
1.748275 2.573778 -1
1.748275 2.624136 -1
1.748275 2.674494 -1
1.748275 2.724851 -1
1.748275 2.775209 -1
1.748275 2.825567 -1
1.748275 2.875924 -1
1.748275 2.926282 -1
1.748275 2.976640 -1
1.748275 3.026997 -1
1.748275 3.077355 -1
1.748275 3.127713 -1
1.748275 3.178070 -1
1.748275 3.228428 -1
1.748275 3.278786 -1
1.748275 3.329143 -1
1.748275 3.379501 -1
1.748275 3.429859 -1
1.748275 3.480216 -1
1.748275 3.530574 -1
1.748275 3.580932 -1
1.748275 3.631289 -1
1.748275 3.681647 -1
1.748275 3.732005 -1
1.748275 3.782362 -1
1.748275 3.832720 -1
1.748275 3.883077 -1
1.748275 3.933435 -1
1.748275 3.983793 -1
1.748275 4.034150 -1
1.748275 4.084508 -1
1.748275 4.134866 -1
1.748275 4.185223 -1
1.748275 4.235581 -1
1.748275 4.285939 -1
1.748275 4.336296 -1
1.748275 4.386654 -1
1.748275 4.437012 -1
1.748275 4.487369 -1
1.748275 4.537727 -1
1.748275 4.588085 -1
1.748275 4.638442 -1
1.748275 4.688800 -1
1.748275 4.739158 -1
1.748275 4.789515 -1
1.748275 4.839873 -1
1.748275 4.890231 -1
1.748275 4.940588 -1
1.748275 4.990946 -1
1.748275 5.041303 -1
1.748275 5.091661 -1
1.748275 5.142019 -1
1.748275 5.192376 -1
1.748275 5.242734 -1
1.748275 5.293092 -1
1.748275 5.343449 -1
1.748275 5.393807 -1
1.748275 5.444165 -1
1.748275 5.494522 -1
1.748275 5.544880 -1
1.748275 5.595238 -1
1.748275 5.645595 -1
1.748275 5.695953 -1
1.748275 5.746311 -1
1.748275 5.796668 -1
1.748275 5.847026 -1
1.748275 5.897384 -1
1.748275 5.947741 -1
1.748275 5.998099 -1
1.748275 6.048457 -1
1.748275 6.098814 -1
1.748275 6.149172 -1
1.748275 6.199530 -1
1.748275 6.249887 -1
1.748275 6.300245 -1
1.748275 6.350602 -1
1.798483 -1.354118 -1
1.798483 -1.303761 -1
1.798483 -1.253403 -1
1.798483 -1.203046 -1
1.798483 -1.152688 -1
1.798483 -1.102330 -1
1.798483 -1.051973 -1
1.798483 -1.001615 -1
1.798483 -0.951257 -1
1.798483 -0.900900 -1
1.798483 -0.850542 -1
1.798483 -0.800184 -1
1.798483 -0.749827 -1
1.798483 -0.699469 -1
1.798483 -0.649111 -1
1.798483 -0.598754 -1
1.798483 -0.548396 -1
1.798483 -0.498038 -1
1.798483 -0.447681 -1
1.798483 -0.397323 -1
1.798483 -0.346965 -1
1.798483 -0.296608 -1
1.798483 -0.246250 -1
1.798483 -0.195892 -1
1.798483 -0.145535 -1
1.798483 -0.095177 -1
1.798483 -0.044820 -1
1.798483 0.005538 -1
1.798483 0.055896 -1
1.798483 0.106253 -1
1.798483 0.156611 -1
1.798483 0.206969 -1
1.798483 0.257326 -1
1.798483 0.307684 -1
1.798483 0.358042 -1
1.798483 0.408399 -1
1.798483 0.458757 -1
1.798483 0.509115 -1
1.798483 0.559472 -1
1.798483 0.609830 -1
1.798483 0.660188 -1
1.798483 0.710545 -1
1.798483 0.760903 -1
1.798483 0.811261 -1
1.798483 0.861618 -1
1.798483 0.911976 -1
1.798483 0.962334 -1
1.798483 1.012691 -1
1.798483 1.063049 -1
1.798483 1.113407 -1
1.798483 1.163764 -1
1.798483 1.214122 -1
1.798483 1.264479 -1
1.798483 1.314837 -1
1.798483 1.365195 -1
1.798483 1.415552 -1
1.798483 1.465910 -1
1.798483 1.516268 -1
1.798483 1.566625 -1
1.798483 1.616983 -1
1.798483 1.667341 -1
1.798483 1.717698 -1
1.798483 1.768056 -1
1.798483 1.818414 -1
1.798483 1.868771 -1
1.798483 1.919129 -1
1.798483 1.969487 -1
1.798483 2.019844 -1
1.798483 2.070202 -1
1.798483 2.120560 -1
1.798483 2.170917 -1
1.798483 2.221275 -1
1.798483 2.271633 -1
1.798483 2.321990 -1
1.798483 2.372348 -1
1.798483 2.422706 -1
1.798483 2.473063 -1
1.798483 2.523421 -1
1.798483 2.573778 -1
1.798483 2.624136 -1
1.798483 2.674494 -1
1.798483 2.724851 -1
1.798483 2.775209 -1
1.798483 2.825567 -1
1.798483 2.875924 -1
1.798483 2.926282 -1
1.798483 2.976640 -1
1.798483 3.026997 -1
1.798483 3.077355 -1
1.798483 3.127713 -1
1.798483 3.178070 -1
1.798483 3.228428 -1
1.798483 3.278786 -1
1.798483 3.329143 -1
1.798483 3.379501 -1
1.798483 3.429859 -1
1.798483 3.480216 -1
1.798483 3.530574 -1
1.798483 3.580932 -1
1.798483 3.631289 -1
1.798483 3.681647 -1
1.798483 3.732005 -1
1.798483 3.782362 -1
1.798483 3.832720 -1
1.798483 3.883077 -1
1.798483 3.933435 -1
1.798483 3.983793 -1
1.798483 4.034150 -1
1.798483 4.084508 -1
1.798483 4.134866 -1
1.798483 4.185223 -1
1.798483 4.235581 -1
1.798483 4.285939 -1
1.798483 4.336296 -1
1.798483 4.386654 -1
1.798483 4.437012 -1
1.798483 4.487369 -1
1.798483 4.537727 -1
1.798483 4.588085 -1
1.798483 4.638442 -1
1.798483 4.688800 -1
1.798483 4.739158 -1
1.798483 4.789515 -1
1.798483 4.839873 -1
1.798483 4.890231 -1
1.798483 4.940588 -1
1.798483 4.990946 -1
1.798483 5.041303 -1
1.798483 5.091661 -1
1.798483 5.142019 -1
1.798483 5.192376 -1
1.798483 5.242734 -1
1.798483 5.293092 -1
1.798483 5.343449 -1
1.798483 5.393807 -1
1.798483 5.444165 -1
1.798483 5.494522 -1
1.798483 5.544880 -1
1.798483 5.595238 -1
1.798483 5.645595 -1
1.798483 5.695953 -1
1.798483 5.746311 -1
1.798483 5.796668 -1
1.798483 5.847026 -1
1.798483 5.897384 -1
1.798483 5.947741 -1
1.798483 5.998099 -1
1.798483 6.048457 -1
1.798483 6.098814 -1
1.798483 6.149172 -1
1.798483 6.199530 -1
1.798483 6.249887 -1
1.798483 6.300245 -1
1.798483 6.350602 -1
1.848691 -1.354118 -1
1.848691 -1.303761 -1
1.848691 -1.253403 -1
1.848691 -1.203046 -1
1.848691 -1.152688 -1
1.848691 -1.102330 -1
1.848691 -1.051973 -1
1.848691 -1.001615 -1
1.848691 -0.951257 -1
1.848691 -0.900900 -1
1.848691 -0.850542 -1
1.848691 -0.800184 -1
1.848691 -0.749827 -1
1.848691 -0.699469 -1
1.848691 -0.649111 -1
1.848691 -0.598754 -1
1.848691 -0.548396 -1
1.848691 -0.498038 -1
1.848691 -0.447681 -1
1.848691 -0.397323 -1
1.848691 -0.346965 -1
1.848691 -0.296608 -1
1.848691 -0.246250 -1
1.848691 -0.195892 -1
1.848691 -0.145535 -1
1.848691 -0.095177 -1
1.848691 -0.044820 -1
1.848691 0.005538 -1
1.848691 0.055896 -1
1.848691 0.106253 -1
1.848691 0.156611 -1
1.848691 0.206969 -1
1.848691 0.257326 -1
1.848691 0.307684 -1
1.848691 0.358042 -1
1.848691 0.408399 -1
1.848691 0.458757 -1
1.848691 0.509115 -1
1.848691 0.559472 -1
1.848691 0.609830 -1
1.848691 0.660188 -1
1.848691 0.710545 -1
1.848691 0.760903 -1
1.848691 0.811261 -1
1.848691 0.861618 -1
1.848691 0.911976 -1
1.848691 0.962334 -1
1.848691 1.012691 -1
1.848691 1.063049 -1
1.848691 1.113407 -1
1.848691 1.163764 -1
1.848691 1.214122 -1
1.848691 1.264479 -1
1.848691 1.314837 -1
1.848691 1.365195 -1
1.848691 1.415552 -1
1.848691 1.465910 -1
1.848691 1.516268 -1
1.848691 1.566625 -1
1.848691 1.616983 -1
1.848691 1.667341 -1
1.848691 1.717698 -1
1.848691 1.768056 -1
1.848691 1.818414 -1
1.848691 1.868771 -1
1.848691 1.919129 -1
1.848691 1.969487 -1
1.848691 2.019844 -1
1.848691 2.070202 -1
1.848691 2.120560 -1
1.848691 2.170917 -1
1.848691 2.221275 -1
1.848691 2.271633 -1
1.848691 2.321990 -1
1.848691 2.372348 -1
1.848691 2.422706 -1
1.848691 2.473063 -1
1.848691 2.523421 -1
1.848691 2.573778 -1
1.848691 2.624136 -1
1.848691 2.674494 -1
1.848691 2.724851 -1
1.848691 2.775209 -1
1.848691 2.825567 -1
1.848691 2.875924 -1
1.848691 2.926282 -1
1.848691 2.976640 -1
1.848691 3.026997 -1
1.848691 3.077355 -1
1.848691 3.127713 -1
1.848691 3.178070 -1
1.848691 3.228428 -1
1.848691 3.278786 -1
1.848691 3.329143 -1
1.848691 3.379501 -1
1.848691 3.429859 -1
1.848691 3.480216 -1
1.848691 3.530574 -1
1.848691 3.580932 -1
1.848691 3.631289 -1
1.848691 3.681647 -1
1.848691 3.732005 -1
1.848691 3.782362 -1
1.848691 3.832720 -1
1.848691 3.883077 -1
1.848691 3.933435 -1
1.848691 3.983793 -1
1.848691 4.034150 -1
1.848691 4.084508 -1
1.848691 4.134866 -1
1.848691 4.185223 -1
1.848691 4.235581 -1
1.848691 4.285939 -1
1.848691 4.336296 -1
1.848691 4.386654 -1
1.848691 4.437012 -1
1.848691 4.487369 -1
1.848691 4.537727 -1
1.848691 4.588085 -1
1.848691 4.638442 -1
1.848691 4.688800 -1
1.848691 4.739158 -1
1.848691 4.789515 -1
1.848691 4.839873 -1
1.848691 4.890231 -1
1.848691 4.940588 -1
1.848691 4.990946 -1
1.848691 5.041303 -1
1.848691 5.091661 -1
1.848691 5.142019 -1
1.848691 5.192376 -1
1.848691 5.242734 -1
1.848691 5.293092 -1
1.848691 5.343449 -1
1.848691 5.393807 -1
1.848691 5.444165 -1
1.848691 5.494522 -1
1.848691 5.544880 -1
1.848691 5.595238 -1
1.848691 5.645595 -1
1.848691 5.695953 -1
1.848691 5.746311 -1
1.848691 5.796668 -1
1.848691 5.847026 -1
1.848691 5.897384 -1
1.848691 5.947741 -1
1.848691 5.998099 -1
1.848691 6.048457 -1
1.848691 6.098814 -1
1.848691 6.149172 -1
1.848691 6.199530 -1
1.848691 6.249887 -1
1.848691 6.300245 -1
1.848691 6.350602 -1
1.898899 -1.354118 -1
1.898899 -1.303761 -1
1.898899 -1.253403 -1
1.898899 -1.203046 -1
1.898899 -1.152688 -1
1.898899 -1.102330 -1
1.898899 -1.051973 -1
1.898899 -1.001615 -1
1.898899 -0.951257 -1
1.898899 -0.900900 -1
1.898899 -0.850542 -1
1.898899 -0.800184 -1
1.898899 -0.749827 -1
1.898899 -0.699469 -1
1.898899 -0.649111 -1
1.898899 -0.598754 -1
1.898899 -0.548396 -1
1.898899 -0.498038 -1
1.898899 -0.447681 -1
1.898899 -0.397323 -1
1.898899 -0.346965 -1
1.898899 -0.296608 -1
1.898899 -0.246250 -1
1.898899 -0.195892 -1
1.898899 -0.145535 -1
1.898899 -0.095177 -1
1.898899 -0.044820 -1
1.898899 0.005538 -1
1.898899 0.055896 -1
1.898899 0.106253 -1
1.898899 0.156611 -1
1.898899 0.206969 -1
1.898899 0.257326 -1
1.898899 0.307684 -1
1.898899 0.358042 -1
1.898899 0.408399 -1
1.898899 0.458757 -1
1.898899 0.509115 -1
1.898899 0.559472 -1
1.898899 0.609830 -1
1.898899 0.660188 -1
1.898899 0.710545 -1
1.898899 0.760903 -1
1.898899 0.811261 -1
1.898899 0.861618 -1
1.898899 0.911976 -1
1.898899 0.962334 -1
1.898899 1.012691 -1
1.898899 1.063049 -1
1.898899 1.113407 -1
1.898899 1.163764 -1
1.898899 1.214122 -1
1.898899 1.264479 -1
1.898899 1.314837 -1
1.898899 1.365195 -1
1.898899 1.415552 -1
1.898899 1.465910 -1
1.898899 1.516268 -1
1.898899 1.566625 -1
1.898899 1.616983 -1
1.898899 1.667341 -1
1.898899 1.717698 -1
1.898899 1.768056 -1
1.898899 1.818414 -1
1.898899 1.868771 -1
1.898899 1.919129 -1
1.898899 1.969487 -1
1.898899 2.019844 -1
1.898899 2.070202 -1
1.898899 2.120560 -1
1.898899 2.170917 -1
1.898899 2.221275 -1
1.898899 2.271633 -1
1.898899 2.321990 -1
1.898899 2.372348 -1
1.898899 2.422706 -1
1.898899 2.473063 -1
1.898899 2.523421 -1
1.898899 2.573778 -1
1.898899 2.624136 -1
1.898899 2.674494 -1
1.898899 2.724851 -1
1.898899 2.775209 -1
1.898899 2.825567 -1
1.898899 2.875924 -1
1.898899 2.926282 -1
1.898899 2.976640 -1
1.898899 3.026997 -1
1.898899 3.077355 -1
1.898899 3.127713 -1
1.898899 3.178070 -1
1.898899 3.228428 -1
1.898899 3.278786 -1
1.898899 3.329143 -1
1.898899 3.379501 -1
1.898899 3.429859 -1
1.898899 3.480216 -1
1.898899 3.530574 -1
1.898899 3.580932 -1
1.898899 3.631289 -1
1.898899 3.681647 -1
1.898899 3.732005 -1
1.898899 3.782362 -1
1.898899 3.832720 -1
1.898899 3.883077 -1
1.898899 3.933435 -1
1.898899 3.983793 -1
1.898899 4.034150 -1
1.898899 4.084508 -1
1.898899 4.134866 -1
1.898899 4.185223 -1
1.898899 4.235581 -1
1.898899 4.285939 -1
1.898899 4.336296 -1
1.898899 4.386654 -1
1.898899 4.437012 -1
1.898899 4.487369 -1
1.898899 4.537727 -1
1.898899 4.588085 -1
1.898899 4.638442 -1
1.898899 4.688800 -1
1.898899 4.739158 -1
1.898899 4.789515 -1
1.898899 4.839873 -1
1.898899 4.890231 -1
1.898899 4.940588 -1
1.898899 4.990946 -1
1.898899 5.041303 -1
1.898899 5.091661 -1
1.898899 5.142019 -1
1.898899 5.192376 -1
1.898899 5.242734 -1
1.898899 5.293092 -1
1.898899 5.343449 -1
1.898899 5.393807 -1
1.898899 5.444165 -1
1.898899 5.494522 -1
1.898899 5.544880 -1
1.898899 5.595238 -1
1.898899 5.645595 -1
1.898899 5.695953 -1
1.898899 5.746311 -1
1.898899 5.796668 -1
1.898899 5.847026 -1
1.898899 5.897384 -1
1.898899 5.947741 -1
1.898899 5.998099 -1
1.898899 6.048457 -1
1.898899 6.098814 -1
1.898899 6.149172 -1
1.898899 6.199530 -1
1.898899 6.249887 -1
1.898899 6.300245 -1
1.898899 6.350602 -1
1.949107 -1.354118 -1
1.949107 -1.303761 -1
1.949107 -1.253403 -1
1.949107 -1.203046 -1
1.949107 -1.152688 -1
1.949107 -1.102330 -1
1.949107 -1.051973 -1
1.949107 -1.001615 -1
1.949107 -0.951257 -1
1.949107 -0.900900 -1
1.949107 -0.850542 -1
1.949107 -0.800184 -1
1.949107 -0.749827 -1
1.949107 -0.699469 -1
1.949107 -0.649111 -1
1.949107 -0.598754 -1
1.949107 -0.548396 -1
1.949107 -0.498038 -1
1.949107 -0.447681 -1
1.949107 -0.397323 -1
1.949107 -0.346965 -1
1.949107 -0.296608 -1
1.949107 -0.246250 -1
1.949107 -0.195892 -1
1.949107 -0.145535 -1
1.949107 -0.095177 -1
1.949107 -0.044820 -1
1.949107 0.005538 -1
1.949107 0.055896 -1
1.949107 0.106253 -1
1.949107 0.156611 -1
1.949107 0.206969 -1
1.949107 0.257326 -1
1.949107 0.307684 -1
1.949107 0.358042 -1
1.949107 0.408399 -1
1.949107 0.458757 -1
1.949107 0.509115 -1
1.949107 0.559472 -1
1.949107 0.609830 -1
1.949107 0.660188 -1
1.949107 0.710545 -1
1.949107 0.760903 -1
1.949107 0.811261 -1
1.949107 0.861618 -1
1.949107 0.911976 -1
1.949107 0.962334 -1
1.949107 1.012691 -1
1.949107 1.063049 -1
1.949107 1.113407 -1
1.949107 1.163764 -1
1.949107 1.214122 -1
1.949107 1.264479 -1
1.949107 1.314837 -1
1.949107 1.365195 -1
1.949107 1.415552 -1
1.949107 1.465910 -1
1.949107 1.516268 -1
1.949107 1.566625 -1
1.949107 1.616983 -1
1.949107 1.667341 -1
1.949107 1.717698 -1
1.949107 1.768056 -1
1.949107 1.818414 -1
1.949107 1.868771 -1
1.949107 1.919129 -1
1.949107 1.969487 -1
1.949107 2.019844 -1
1.949107 2.070202 -1
1.949107 2.120560 -1
1.949107 2.170917 -1
1.949107 2.221275 -1
1.949107 2.271633 -1
1.949107 2.321990 -1
1.949107 2.372348 -1
1.949107 2.422706 -1
1.949107 2.473063 -1
1.949107 2.523421 -1
1.949107 2.573778 -1
1.949107 2.624136 -1
1.949107 2.674494 -1
1.949107 2.724851 -1
1.949107 2.775209 -1
1.949107 2.825567 -1
1.949107 2.875924 -1
1.949107 2.926282 -1
1.949107 2.976640 -1
1.949107 3.026997 -1
1.949107 3.077355 -1
1.949107 3.127713 -1
1.949107 3.178070 -1
1.949107 3.228428 -1
1.949107 3.278786 -1
1.949107 3.329143 -1
1.949107 3.379501 -1
1.949107 3.429859 -1
1.949107 3.480216 -1
1.949107 3.530574 -1
1.949107 3.580932 -1
1.949107 3.631289 -1
1.949107 3.681647 -1
1.949107 3.732005 -1
1.949107 3.782362 -1
1.949107 3.832720 -1
1.949107 3.883077 -1
1.949107 3.933435 -1
1.949107 3.983793 -1
1.949107 4.034150 -1
1.949107 4.084508 -1
1.949107 4.134866 -1
1.949107 4.185223 -1
1.949107 4.235581 -1
1.949107 4.285939 -1
1.949107 4.336296 -1
1.949107 4.386654 -1
1.949107 4.437012 -1
1.949107 4.487369 -1
1.949107 4.537727 -1
1.949107 4.588085 -1
1.949107 4.638442 -1
1.949107 4.688800 -1
1.949107 4.739158 -1
1.949107 4.789515 -1
1.949107 4.839873 -1
1.949107 4.890231 -1
1.949107 4.940588 -1
1.949107 4.990946 -1
1.949107 5.041303 -1
1.949107 5.091661 -1
1.949107 5.142019 -1
1.949107 5.192376 -1
1.949107 5.242734 -1
1.949107 5.293092 -1
1.949107 5.343449 -1
1.949107 5.393807 -1
1.949107 5.444165 -1
1.949107 5.494522 -1
1.949107 5.544880 -1
1.949107 5.595238 -1
1.949107 5.645595 -1
1.949107 5.695953 -1
1.949107 5.746311 -1
1.949107 5.796668 -1
1.949107 5.847026 -1
1.949107 5.897384 -1
1.949107 5.947741 -1
1.949107 5.998099 -1
1.949107 6.048457 -1
1.949107 6.098814 -1
1.949107 6.149172 -1
1.949107 6.199530 -1
1.949107 6.249887 -1
1.949107 6.300245 -1
1.949107 6.350602 -1
1.999315 -1.354118 -1
1.999315 -1.303761 -1
1.999315 -1.253403 -1
1.999315 -1.203046 -1
1.999315 -1.152688 -1
1.999315 -1.102330 -1
1.999315 -1.051973 -1
1.999315 -1.001615 -1
1.999315 -0.951257 -1
1.999315 -0.900900 -1
1.999315 -0.850542 -1
1.999315 -0.800184 -1
1.999315 -0.749827 -1
1.999315 -0.699469 -1
1.999315 -0.649111 -1
1.999315 -0.598754 -1
1.999315 -0.548396 -1
1.999315 -0.498038 -1
1.999315 -0.447681 -1
1.999315 -0.397323 -1
1.999315 -0.346965 -1
1.999315 -0.296608 -1
1.999315 -0.246250 -1
1.999315 -0.195892 -1
1.999315 -0.145535 -1
1.999315 -0.095177 -1
1.999315 -0.044820 -1
1.999315 0.005538 -1
1.999315 0.055896 -1
1.999315 0.106253 -1
1.999315 0.156611 -1
1.999315 0.206969 -1
1.999315 0.257326 -1
1.999315 0.307684 -1
1.999315 0.358042 -1
1.999315 0.408399 -1
1.999315 0.458757 -1
1.999315 0.509115 -1
1.999315 0.559472 -1
1.999315 0.609830 -1
1.999315 0.660188 -1
1.999315 0.710545 -1
1.999315 0.760903 -1
1.999315 0.811261 -1
1.999315 0.861618 -1
1.999315 0.911976 -1
1.999315 0.962334 -1
1.999315 1.012691 -1
1.999315 1.063049 -1
1.999315 1.113407 -1
1.999315 1.163764 -1
1.999315 1.214122 -1
1.999315 1.264479 -1
1.999315 1.314837 -1
1.999315 1.365195 -1
1.999315 1.415552 -1
1.999315 1.465910 -1
1.999315 1.516268 -1
1.999315 1.566625 -1
1.999315 1.616983 -1
1.999315 1.667341 -1
1.999315 1.717698 -1
1.999315 1.768056 -1
1.999315 1.818414 -1
1.999315 1.868771 -1
1.999315 1.919129 -1
1.999315 1.969487 -1
1.999315 2.019844 -1
1.999315 2.070202 -1
1.999315 2.120560 -1
1.999315 2.170917 -1
1.999315 2.221275 -1
1.999315 2.271633 -1
1.999315 2.321990 -1
1.999315 2.372348 -1
1.999315 2.422706 -1
1.999315 2.473063 -1
1.999315 2.523421 -1
1.999315 2.573778 -1
1.999315 2.624136 -1
1.999315 2.674494 -1
1.999315 2.724851 -1
1.999315 2.775209 -1
1.999315 2.825567 -1
1.999315 2.875924 -1
1.999315 2.926282 -1
1.999315 2.976640 -1
1.999315 3.026997 -1
1.999315 3.077355 -1
1.999315 3.127713 -1
1.999315 3.178070 -1
1.999315 3.228428 -1
1.999315 3.278786 -1
1.999315 3.329143 -1
1.999315 3.379501 -1
1.999315 3.429859 -1
1.999315 3.480216 -1
1.999315 3.530574 -1
1.999315 3.580932 -1
1.999315 3.631289 -1
1.999315 3.681647 -1
1.999315 3.732005 -1
1.999315 3.782362 -1
1.999315 3.832720 -1
1.999315 3.883077 -1
1.999315 3.933435 -1
1.999315 3.983793 -1
1.999315 4.034150 -1
1.999315 4.084508 -1
1.999315 4.134866 -1
1.999315 4.185223 -1
1.999315 4.235581 -1
1.999315 4.285939 -1
1.999315 4.336296 -1
1.999315 4.386654 -1
1.999315 4.437012 -1
1.999315 4.487369 -1
1.999315 4.537727 -1
1.999315 4.588085 -1
1.999315 4.638442 -1
1.999315 4.688800 -1
1.999315 4.739158 -1
1.999315 4.789515 -1
1.999315 4.839873 -1
1.999315 4.890231 -1
1.999315 4.940588 -1
1.999315 4.990946 -1
1.999315 5.041303 -1
1.999315 5.091661 -1
1.999315 5.142019 -1
1.999315 5.192376 -1
1.999315 5.242734 -1
1.999315 5.293092 -1
1.999315 5.343449 -1
1.999315 5.393807 -1
1.999315 5.444165 -1
1.999315 5.494522 -1
1.999315 5.544880 -1
1.999315 5.595238 -1
1.999315 5.645595 -1
1.999315 5.695953 -1
1.999315 5.746311 -1
1.999315 5.796668 -1
1.999315 5.847026 -1
1.999315 5.897384 -1
1.999315 5.947741 -1
1.999315 5.998099 -1
1.999315 6.048457 -1
1.999315 6.098814 -1
1.999315 6.149172 -1
1.999315 6.199530 -1
1.999315 6.249887 -1
1.999315 6.300245 -1
1.999315 6.350602 -1
2.049523 -1.354118 -1
2.049523 -1.303761 -1
2.049523 -1.253403 -1
2.049523 -1.203046 -1
2.049523 -1.152688 -1
2.049523 -1.102330 -1
2.049523 -1.051973 -1
2.049523 -1.001615 -1
2.049523 -0.951257 -1
2.049523 -0.900900 -1
2.049523 -0.850542 -1
2.049523 -0.800184 -1
2.049523 -0.749827 -1
2.049523 -0.699469 -1
2.049523 -0.649111 -1
2.049523 -0.598754 -1
2.049523 -0.548396 -1
2.049523 -0.498038 -1
2.049523 -0.447681 -1
2.049523 -0.397323 -1
2.049523 -0.346965 -1
2.049523 -0.296608 -1
2.049523 -0.246250 -1
2.049523 -0.195892 -1
2.049523 -0.145535 -1
2.049523 -0.095177 -1
2.049523 -0.044820 -1
2.049523 0.005538 -1
2.049523 0.055896 -1
2.049523 0.106253 -1
2.049523 0.156611 -1
2.049523 0.206969 -1
2.049523 0.257326 -1
2.049523 0.307684 -1
2.049523 0.358042 -1
2.049523 0.408399 -1
2.049523 0.458757 -1
2.049523 0.509115 -1
2.049523 0.559472 -1
2.049523 0.609830 -1
2.049523 0.660188 -1
2.049523 0.710545 -1
2.049523 0.760903 -1
2.049523 0.811261 -1
2.049523 0.861618 -1
2.049523 0.911976 -1
2.049523 0.962334 -1
2.049523 1.012691 -1
2.049523 1.063049 -1
2.049523 1.113407 -1
2.049523 1.163764 -1
2.049523 1.214122 -1
2.049523 1.264479 -1
2.049523 1.314837 -1
2.049523 1.365195 -1
2.049523 1.415552 -1
2.049523 1.465910 -1
2.049523 1.516268 -1
2.049523 1.566625 -1
2.049523 1.616983 -1
2.049523 1.667341 -1
2.049523 1.717698 -1
2.049523 1.768056 -1
2.049523 1.818414 -1
2.049523 1.868771 -1
2.049523 1.919129 -1
2.049523 1.969487 -1
2.049523 2.019844 -1
2.049523 2.070202 -1
2.049523 2.120560 -1
2.049523 2.170917 -1
2.049523 2.221275 -1
2.049523 2.271633 -1
2.049523 2.321990 -1
2.049523 2.372348 -1
2.049523 2.422706 -1
2.049523 2.473063 -1
2.049523 2.523421 -1
2.049523 2.573778 -1
2.049523 2.624136 -1
2.049523 2.674494 -1
2.049523 2.724851 -1
2.049523 2.775209 -1
2.049523 2.825567 -1
2.049523 2.875924 -1
2.049523 2.926282 -1
2.049523 2.976640 -1
2.049523 3.026997 -1
2.049523 3.077355 -1
2.049523 3.127713 -1
2.049523 3.178070 -1
2.049523 3.228428 -1
2.049523 3.278786 -1
2.049523 3.329143 -1
2.049523 3.379501 -1
2.049523 3.429859 -1
2.049523 3.480216 -1
2.049523 3.530574 -1
2.049523 3.580932 -1
2.049523 3.631289 -1
2.049523 3.681647 -1
2.049523 3.732005 -1
2.049523 3.782362 -1
2.049523 3.832720 -1
2.049523 3.883077 -1
2.049523 3.933435 -1
2.049523 3.983793 -1
2.049523 4.034150 -1
2.049523 4.084508 -1
2.049523 4.134866 -1
2.049523 4.185223 -1
2.049523 4.235581 -1
2.049523 4.285939 -1
2.049523 4.336296 -1
2.049523 4.386654 -1
2.049523 4.437012 -1
2.049523 4.487369 -1
2.049523 4.537727 -1
2.049523 4.588085 -1
2.049523 4.638442 -1
2.049523 4.688800 -1
2.049523 4.739158 -1
2.049523 4.789515 -1
2.049523 4.839873 -1
2.049523 4.890231 -1
2.049523 4.940588 -1
2.049523 4.990946 -1
2.049523 5.041303 -1
2.049523 5.091661 -1
2.049523 5.142019 -1
2.049523 5.192376 -1
2.049523 5.242734 -1
2.049523 5.293092 -1
2.049523 5.343449 -1
2.049523 5.393807 -1
2.049523 5.444165 -1
2.049523 5.494522 -1
2.049523 5.544880 -1
2.049523 5.595238 -1
2.049523 5.645595 -1
2.049523 5.695953 -1
2.049523 5.746311 -1
2.049523 5.796668 -1
2.049523 5.847026 -1
2.049523 5.897384 -1
2.049523 5.947741 -1
2.049523 5.998099 -1
2.049523 6.048457 -1
2.049523 6.098814 -1
2.049523 6.149172 -1
2.049523 6.199530 -1
2.049523 6.249887 -1
2.049523 6.300245 -1
2.049523 6.350602 -1
2.099731 -1.354118 -1
2.099731 -1.303761 -1
2.099731 -1.253403 -1
2.099731 -1.203046 -1
2.099731 -1.152688 -1
2.099731 -1.102330 -1
2.099731 -1.051973 -1
2.099731 -1.001615 -1
2.099731 -0.951257 -1
2.099731 -0.900900 -1
2.099731 -0.850542 -1
2.099731 -0.800184 -1
2.099731 -0.749827 -1
2.099731 -0.699469 -1
2.099731 -0.649111 -1
2.099731 -0.598754 -1
2.099731 -0.548396 -1
2.099731 -0.498038 -1
2.099731 -0.447681 -1
2.099731 -0.397323 -1
2.099731 -0.346965 -1
2.099731 -0.296608 -1
2.099731 -0.246250 -1
2.099731 -0.195892 -1
2.099731 -0.145535 -1
2.099731 -0.095177 -1
2.099731 -0.044820 -1
2.099731 0.005538 -1
2.099731 0.055896 -1
2.099731 0.106253 -1
2.099731 0.156611 -1
2.099731 0.206969 -1
2.099731 0.257326 -1
2.099731 0.307684 -1
2.099731 0.358042 -1
2.099731 0.408399 -1
2.099731 0.458757 -1
2.099731 0.509115 -1
2.099731 0.559472 -1
2.099731 0.609830 -1
2.099731 0.660188 -1
2.099731 0.710545 -1
2.099731 0.760903 -1
2.099731 0.811261 -1
2.099731 0.861618 -1
2.099731 0.911976 -1
2.099731 0.962334 -1
2.099731 1.012691 -1
2.099731 1.063049 -1
2.099731 1.113407 -1
2.099731 1.163764 -1
2.099731 1.214122 -1
2.099731 1.264479 -1
2.099731 1.314837 -1
2.099731 1.365195 -1
2.099731 1.415552 -1
2.099731 1.465910 -1
2.099731 1.516268 -1
2.099731 1.566625 -1
2.099731 1.616983 -1
2.099731 1.667341 -1
2.099731 1.717698 -1
2.099731 1.768056 -1
2.099731 1.818414 -1
2.099731 1.868771 -1
2.099731 1.919129 -1
2.099731 1.969487 -1
2.099731 2.019844 -1
2.099731 2.070202 -1
2.099731 2.120560 -1
2.099731 2.170917 -1
2.099731 2.221275 -1
2.099731 2.271633 -1
2.099731 2.321990 -1
2.099731 2.372348 -1
2.099731 2.422706 -1
2.099731 2.473063 -1
2.099731 2.523421 -1
2.099731 2.573778 -1
2.099731 2.624136 -1
2.099731 2.674494 -1
2.099731 2.724851 -1
2.099731 2.775209 -1
2.099731 2.825567 -1
2.099731 2.875924 -1
2.099731 2.926282 -1
2.099731 2.976640 -1
2.099731 3.026997 -1
2.099731 3.077355 -1
2.099731 3.127713 -1
2.099731 3.178070 -1
2.099731 3.228428 -1
2.099731 3.278786 -1
2.099731 3.329143 -1
2.099731 3.379501 -1
2.099731 3.429859 -1
2.099731 3.480216 -1
2.099731 3.530574 -1
2.099731 3.580932 -1
2.099731 3.631289 -1
2.099731 3.681647 -1
2.099731 3.732005 -1
2.099731 3.782362 -1
2.099731 3.832720 -1
2.099731 3.883077 -1
2.099731 3.933435 -1
2.099731 3.983793 -1
2.099731 4.034150 -1
2.099731 4.084508 -1
2.099731 4.134866 -1
2.099731 4.185223 -1
2.099731 4.235581 -1
2.099731 4.285939 -1
2.099731 4.336296 -1
2.099731 4.386654 -1
2.099731 4.437012 -1
2.099731 4.487369 -1
2.099731 4.537727 -1
2.099731 4.588085 -1
2.099731 4.638442 -1
2.099731 4.688800 -1
2.099731 4.739158 -1
2.099731 4.789515 -1
2.099731 4.839873 -1
2.099731 4.890231 -1
2.099731 4.940588 -1
2.099731 4.990946 -1
2.099731 5.041303 -1
2.099731 5.091661 -1
2.099731 5.142019 -1
2.099731 5.192376 -1
2.099731 5.242734 -1
2.099731 5.293092 -1
2.099731 5.343449 -1
2.099731 5.393807 -1
2.099731 5.444165 -1
2.099731 5.494522 -1
2.099731 5.544880 -1
2.099731 5.595238 -1
2.099731 5.645595 -1
2.099731 5.695953 -1
2.099731 5.746311 -1
2.099731 5.796668 -1
2.099731 5.847026 -1
2.099731 5.897384 -1
2.099731 5.947741 -1
2.099731 5.998099 -1
2.099731 6.048457 -1
2.099731 6.098814 -1
2.099731 6.149172 -1
2.099731 6.199530 -1
2.099731 6.249887 -1
2.099731 6.300245 -1
2.099731 6.350602 -1
2.149938 -1.354118 -1
2.149938 -1.303761 -1
2.149938 -1.253403 -1
2.149938 -1.203046 -1
2.149938 -1.152688 -1
2.149938 -1.102330 -1
2.149938 -1.051973 -1
2.149938 -1.001615 -1
2.149938 -0.951257 -1
2.149938 -0.900900 -1
2.149938 -0.850542 -1
2.149938 -0.800184 -1
2.149938 -0.749827 -1
2.149938 -0.699469 -1
2.149938 -0.649111 -1
2.149938 -0.598754 -1
2.149938 -0.548396 -1
2.149938 -0.498038 -1
2.149938 -0.447681 -1
2.149938 -0.397323 -1
2.149938 -0.346965 -1
2.149938 -0.296608 -1
2.149938 -0.246250 -1
2.149938 -0.195892 -1
2.149938 -0.145535 -1
2.149938 -0.095177 -1
2.149938 -0.044820 -1
2.149938 0.005538 -1
2.149938 0.055896 -1
2.149938 0.106253 -1
2.149938 0.156611 -1
2.149938 0.206969 -1
2.149938 0.257326 -1
2.149938 0.307684 -1
2.149938 0.358042 -1
2.149938 0.408399 -1
2.149938 0.458757 -1
2.149938 0.509115 -1
2.149938 0.559472 -1
2.149938 0.609830 -1
2.149938 0.660188 -1
2.149938 0.710545 -1
2.149938 0.760903 -1
2.149938 0.811261 -1
2.149938 0.861618 -1
2.149938 0.911976 -1
2.149938 0.962334 -1
2.149938 1.012691 -1
2.149938 1.063049 -1
2.149938 1.113407 -1
2.149938 1.163764 -1
2.149938 1.214122 -1
2.149938 1.264479 -1
2.149938 1.314837 -1
2.149938 1.365195 -1
2.149938 1.415552 -1
2.149938 1.465910 -1
2.149938 1.516268 -1
2.149938 1.566625 -1
2.149938 1.616983 -1
2.149938 1.667341 -1
2.149938 1.717698 -1
2.149938 1.768056 -1
2.149938 1.818414 -1
2.149938 1.868771 -1
2.149938 1.919129 -1
2.149938 1.969487 -1
2.149938 2.019844 -1
2.149938 2.070202 -1
2.149938 2.120560 -1
2.149938 2.170917 -1
2.149938 2.221275 -1
2.149938 2.271633 -1
2.149938 2.321990 -1
2.149938 2.372348 -1
2.149938 2.422706 -1
2.149938 2.473063 -1
2.149938 2.523421 -1
2.149938 2.573778 -1
2.149938 2.624136 -1
2.149938 2.674494 -1
2.149938 2.724851 -1
2.149938 2.775209 -1
2.149938 2.825567 -1
2.149938 2.875924 -1
2.149938 2.926282 -1
2.149938 2.976640 -1
2.149938 3.026997 -1
2.149938 3.077355 -1
2.149938 3.127713 -1
2.149938 3.178070 -1
2.149938 3.228428 -1
2.149938 3.278786 -1
2.149938 3.329143 -1
2.149938 3.379501 -1
2.149938 3.429859 -1
2.149938 3.480216 -1
2.149938 3.530574 -1
2.149938 3.580932 -1
2.149938 3.631289 -1
2.149938 3.681647 -1
2.149938 3.732005 -1
2.149938 3.782362 -1
2.149938 3.832720 -1
2.149938 3.883077 -1
2.149938 3.933435 -1
2.149938 3.983793 -1
2.149938 4.034150 -1
2.149938 4.084508 -1
2.149938 4.134866 -1
2.149938 4.185223 -1
2.149938 4.235581 -1
2.149938 4.285939 -1
2.149938 4.336296 -1
2.149938 4.386654 -1
2.149938 4.437012 -1
2.149938 4.487369 -1
2.149938 4.537727 -1
2.149938 4.588085 -1
2.149938 4.638442 -1
2.149938 4.688800 -1
2.149938 4.739158 -1
2.149938 4.789515 -1
2.149938 4.839873 -1
2.149938 4.890231 -1
2.149938 4.940588 -1
2.149938 4.990946 -1
2.149938 5.041303 -1
2.149938 5.091661 -1
2.149938 5.142019 -1
2.149938 5.192376 -1
2.149938 5.242734 -1
2.149938 5.293092 -1
2.149938 5.343449 -1
2.149938 5.393807 -1
2.149938 5.444165 -1
2.149938 5.494522 -1
2.149938 5.544880 -1
2.149938 5.595238 -1
2.149938 5.645595 -1
2.149938 5.695953 -1
2.149938 5.746311 -1
2.149938 5.796668 -1
2.149938 5.847026 -1
2.149938 5.897384 -1
2.149938 5.947741 -1
2.149938 5.998099 -1
2.149938 6.048457 -1
2.149938 6.098814 -1
2.149938 6.149172 -1
2.149938 6.199530 -1
2.149938 6.249887 -1
2.149938 6.300245 -1
2.149938 6.350602 -1
2.200146 -1.354118 -1
2.200146 -1.303761 -1
2.200146 -1.253403 -1
2.200146 -1.203046 -1
2.200146 -1.152688 -1
2.200146 -1.102330 -1
2.200146 -1.051973 -1
2.200146 -1.001615 -1
2.200146 -0.951257 -1
2.200146 -0.900900 -1
2.200146 -0.850542 -1
2.200146 -0.800184 -1
2.200146 -0.749827 -1
2.200146 -0.699469 -1
2.200146 -0.649111 -1
2.200146 -0.598754 -1
2.200146 -0.548396 -1
2.200146 -0.498038 -1
2.200146 -0.447681 -1
2.200146 -0.397323 -1
2.200146 -0.346965 -1
2.200146 -0.296608 -1
2.200146 -0.246250 -1
2.200146 -0.195892 -1
2.200146 -0.145535 -1
2.200146 -0.095177 -1
2.200146 -0.044820 -1
2.200146 0.005538 -1
2.200146 0.055896 -1
2.200146 0.106253 -1
2.200146 0.156611 -1
2.200146 0.206969 -1
2.200146 0.257326 -1
2.200146 0.307684 -1
2.200146 0.358042 -1
2.200146 0.408399 -1
2.200146 0.458757 -1
2.200146 0.509115 -1
2.200146 0.559472 -1
2.200146 0.609830 -1
2.200146 0.660188 -1
2.200146 0.710545 -1
2.200146 0.760903 -1
2.200146 0.811261 -1
2.200146 0.861618 -1
2.200146 0.911976 -1
2.200146 0.962334 -1
2.200146 1.012691 -1
2.200146 1.063049 -1
2.200146 1.113407 -1
2.200146 1.163764 -1
2.200146 1.214122 -1
2.200146 1.264479 -1
2.200146 1.314837 -1
2.200146 1.365195 -1
2.200146 1.415552 -1
2.200146 1.465910 -1
2.200146 1.516268 -1
2.200146 1.566625 -1
2.200146 1.616983 -1
2.200146 1.667341 -1
2.200146 1.717698 -1
2.200146 1.768056 -1
2.200146 1.818414 -1
2.200146 1.868771 -1
2.200146 1.919129 -1
2.200146 1.969487 -1
2.200146 2.019844 -1
2.200146 2.070202 -1
2.200146 2.120560 -1
2.200146 2.170917 -1
2.200146 2.221275 -1
2.200146 2.271633 -1
2.200146 2.321990 -1
2.200146 2.372348 -1
2.200146 2.422706 -1
2.200146 2.473063 -1
2.200146 2.523421 -1
2.200146 2.573778 -1
2.200146 2.624136 -1
2.200146 2.674494 -1
2.200146 2.724851 -1
2.200146 2.775209 -1
2.200146 2.825567 -1
2.200146 2.875924 -1
2.200146 2.926282 -1
2.200146 2.976640 -1
2.200146 3.026997 -1
2.200146 3.077355 -1
2.200146 3.127713 -1
2.200146 3.178070 -1
2.200146 3.228428 -1
2.200146 3.278786 -1
2.200146 3.329143 -1
2.200146 3.379501 -1
2.200146 3.429859 -1
2.200146 3.480216 -1
2.200146 3.530574 -1
2.200146 3.580932 -1
2.200146 3.631289 -1
2.200146 3.681647 -1
2.200146 3.732005 -1
2.200146 3.782362 -1
2.200146 3.832720 -1
2.200146 3.883077 -1
2.200146 3.933435 -1
2.200146 3.983793 -1
2.200146 4.034150 -1
2.200146 4.084508 -1
2.200146 4.134866 -1
2.200146 4.185223 -1
2.200146 4.235581 -1
2.200146 4.285939 -1
2.200146 4.336296 -1
2.200146 4.386654 -1
2.200146 4.437012 -1
2.200146 4.487369 -1
2.200146 4.537727 -1
2.200146 4.588085 -1
2.200146 4.638442 -1
2.200146 4.688800 -1
2.200146 4.739158 -1
2.200146 4.789515 -1
2.200146 4.839873 -1
2.200146 4.890231 -1
2.200146 4.940588 -1
2.200146 4.990946 -1
2.200146 5.041303 -1
2.200146 5.091661 -1
2.200146 5.142019 -1
2.200146 5.192376 -1
2.200146 5.242734 -1
2.200146 5.293092 -1
2.200146 5.343449 -1
2.200146 5.393807 -1
2.200146 5.444165 -1
2.200146 5.494522 -1
2.200146 5.544880 -1
2.200146 5.595238 -1
2.200146 5.645595 -1
2.200146 5.695953 -1
2.200146 5.746311 -1
2.200146 5.796668 -1
2.200146 5.847026 -1
2.200146 5.897384 -1
2.200146 5.947741 -1
2.200146 5.998099 -1
2.200146 6.048457 -1
2.200146 6.098814 -1
2.200146 6.149172 -1
2.200146 6.199530 -1
2.200146 6.249887 -1
2.200146 6.300245 -1
2.200146 6.350602 -1
2.250354 -1.354118 -1
2.250354 -1.303761 -1
2.250354 -1.253403 -1
2.250354 -1.203046 -1
2.250354 -1.152688 -1
2.250354 -1.102330 -1
2.250354 -1.051973 -1
2.250354 -1.001615 -1
2.250354 -0.951257 -1
2.250354 -0.900900 -1
2.250354 -0.850542 -1
2.250354 -0.800184 -1
2.250354 -0.749827 -1
2.250354 -0.699469 -1
2.250354 -0.649111 -1
2.250354 -0.598754 -1
2.250354 -0.548396 -1
2.250354 -0.498038 -1
2.250354 -0.447681 -1
2.250354 -0.397323 -1
2.250354 -0.346965 -1
2.250354 -0.296608 -1
2.250354 -0.246250 -1
2.250354 -0.195892 -1
2.250354 -0.145535 -1
2.250354 -0.095177 -1
2.250354 -0.044820 -1
2.250354 0.005538 -1
2.250354 0.055896 -1
2.250354 0.106253 -1
2.250354 0.156611 -1
2.250354 0.206969 -1
2.250354 0.257326 -1
2.250354 0.307684 -1
2.250354 0.358042 -1
2.250354 0.408399 -1
2.250354 0.458757 -1
2.250354 0.509115 -1
2.250354 0.559472 -1
2.250354 0.609830 -1
2.250354 0.660188 -1
2.250354 0.710545 -1
2.250354 0.760903 -1
2.250354 0.811261 -1
2.250354 0.861618 -1
2.250354 0.911976 -1
2.250354 0.962334 -1
2.250354 1.012691 -1
2.250354 1.063049 -1
2.250354 1.113407 -1
2.250354 1.163764 -1
2.250354 1.214122 -1
2.250354 1.264479 -1
2.250354 1.314837 -1
2.250354 1.365195 -1
2.250354 1.415552 -1
2.250354 1.465910 -1
2.250354 1.516268 -1
2.250354 1.566625 -1
2.250354 1.616983 -1
2.250354 1.667341 -1
2.250354 1.717698 -1
2.250354 1.768056 -1
2.250354 1.818414 -1
2.250354 1.868771 -1
2.250354 1.919129 -1
2.250354 1.969487 -1
2.250354 2.019844 -1
2.250354 2.070202 -1
2.250354 2.120560 -1
2.250354 2.170917 -1
2.250354 2.221275 -1
2.250354 2.271633 -1
2.250354 2.321990 -1
2.250354 2.372348 -1
2.250354 2.422706 -1
2.250354 2.473063 -1
2.250354 2.523421 -1
2.250354 2.573778 -1
2.250354 2.624136 -1
2.250354 2.674494 -1
2.250354 2.724851 -1
2.250354 2.775209 -1
2.250354 2.825567 -1
2.250354 2.875924 -1
2.250354 2.926282 -1
2.250354 2.976640 -1
2.250354 3.026997 -1
2.250354 3.077355 -1
2.250354 3.127713 -1
2.250354 3.178070 -1
2.250354 3.228428 -1
2.250354 3.278786 -1
2.250354 3.329143 -1
2.250354 3.379501 -1
2.250354 3.429859 -1
2.250354 3.480216 -1
2.250354 3.530574 -1
2.250354 3.580932 -1
2.250354 3.631289 -1
2.250354 3.681647 -1
2.250354 3.732005 -1
2.250354 3.782362 -1
2.250354 3.832720 -1
2.250354 3.883077 -1
2.250354 3.933435 -1
2.250354 3.983793 -1
2.250354 4.034150 -1
2.250354 4.084508 -1
2.250354 4.134866 -1
2.250354 4.185223 -1
2.250354 4.235581 -1
2.250354 4.285939 -1
2.250354 4.336296 -1
2.250354 4.386654 -1
2.250354 4.437012 -1
2.250354 4.487369 -1
2.250354 4.537727 -1
2.250354 4.588085 -1
2.250354 4.638442 -1
2.250354 4.688800 -1
2.250354 4.739158 -1
2.250354 4.789515 -1
2.250354 4.839873 -1
2.250354 4.890231 -1
2.250354 4.940588 -1
2.250354 4.990946 -1
2.250354 5.041303 -1
2.250354 5.091661 -1
2.250354 5.142019 -1
2.250354 5.192376 -1
2.250354 5.242734 -1
2.250354 5.293092 -1
2.250354 5.343449 -1
2.250354 5.393807 -1
2.250354 5.444165 -1
2.250354 5.494522 -1
2.250354 5.544880 -1
2.250354 5.595238 -1
2.250354 5.645595 -1
2.250354 5.695953 -1
2.250354 5.746311 -1
2.250354 5.796668 -1
2.250354 5.847026 -1
2.250354 5.897384 -1
2.250354 5.947741 -1
2.250354 5.998099 -1
2.250354 6.048457 -1
2.250354 6.098814 -1
2.250354 6.149172 -1
2.250354 6.199530 -1
2.250354 6.249887 -1
2.250354 6.300245 -1
2.250354 6.350602 -1
2.300562 -1.354118 -1
2.300562 -1.303761 -1
2.300562 -1.253403 -1
2.300562 -1.203046 -1
2.300562 -1.152688 -1
2.300562 -1.102330 -1
2.300562 -1.051973 -1
2.300562 -1.001615 -1
2.300562 -0.951257 -1
2.300562 -0.900900 -1
2.300562 -0.850542 -1
2.300562 -0.800184 -1
2.300562 -0.749827 -1
2.300562 -0.699469 -1
2.300562 -0.649111 -1
2.300562 -0.598754 -1
2.300562 -0.548396 -1
2.300562 -0.498038 -1
2.300562 -0.447681 -1
2.300562 -0.397323 -1
2.300562 -0.346965 -1
2.300562 -0.296608 -1
2.300562 -0.246250 -1
2.300562 -0.195892 -1
2.300562 -0.145535 -1
2.300562 -0.095177 -1
2.300562 -0.044820 -1
2.300562 0.005538 -1
2.300562 0.055896 -1
2.300562 0.106253 -1
2.300562 0.156611 -1
2.300562 0.206969 -1
2.300562 0.257326 -1
2.300562 0.307684 -1
2.300562 0.358042 -1
2.300562 0.408399 -1
2.300562 0.458757 -1
2.300562 0.509115 -1
2.300562 0.559472 -1
2.300562 0.609830 -1
2.300562 0.660188 -1
2.300562 0.710545 -1
2.300562 0.760903 -1
2.300562 0.811261 -1
2.300562 0.861618 -1
2.300562 0.911976 -1
2.300562 0.962334 -1
2.300562 1.012691 -1
2.300562 1.063049 -1
2.300562 1.113407 -1
2.300562 1.163764 -1
2.300562 1.214122 -1
2.300562 1.264479 -1
2.300562 1.314837 -1
2.300562 1.365195 -1
2.300562 1.415552 -1
2.300562 1.465910 -1
2.300562 1.516268 -1
2.300562 1.566625 -1
2.300562 1.616983 -1
2.300562 1.667341 -1
2.300562 1.717698 -1
2.300562 1.768056 -1
2.300562 1.818414 -1
2.300562 1.868771 -1
2.300562 1.919129 -1
2.300562 1.969487 -1
2.300562 2.019844 -1
2.300562 2.070202 -1
2.300562 2.120560 -1
2.300562 2.170917 -1
2.300562 2.221275 -1
2.300562 2.271633 -1
2.300562 2.321990 -1
2.300562 2.372348 -1
2.300562 2.422706 -1
2.300562 2.473063 -1
2.300562 2.523421 -1
2.300562 2.573778 -1
2.300562 2.624136 -1
2.300562 2.674494 -1
2.300562 2.724851 -1
2.300562 2.775209 -1
2.300562 2.825567 -1
2.300562 2.875924 -1
2.300562 2.926282 -1
2.300562 2.976640 -1
2.300562 3.026997 -1
2.300562 3.077355 -1
2.300562 3.127713 -1
2.300562 3.178070 -1
2.300562 3.228428 -1
2.300562 3.278786 -1
2.300562 3.329143 -1
2.300562 3.379501 -1
2.300562 3.429859 -1
2.300562 3.480216 -1
2.300562 3.530574 -1
2.300562 3.580932 -1
2.300562 3.631289 -1
2.300562 3.681647 -1
2.300562 3.732005 -1
2.300562 3.782362 -1
2.300562 3.832720 -1
2.300562 3.883077 -1
2.300562 3.933435 -1
2.300562 3.983793 -1
2.300562 4.034150 -1
2.300562 4.084508 -1
2.300562 4.134866 -1
2.300562 4.185223 -1
2.300562 4.235581 -1
2.300562 4.285939 -1
2.300562 4.336296 -1
2.300562 4.386654 -1
2.300562 4.437012 -1
2.300562 4.487369 -1
2.300562 4.537727 -1
2.300562 4.588085 -1
2.300562 4.638442 -1
2.300562 4.688800 -1
2.300562 4.739158 -1
2.300562 4.789515 -1
2.300562 4.839873 -1
2.300562 4.890231 -1
2.300562 4.940588 -1
2.300562 4.990946 -1
2.300562 5.041303 -1
2.300562 5.091661 -1
2.300562 5.142019 -1
2.300562 5.192376 -1
2.300562 5.242734 -1
2.300562 5.293092 -1
2.300562 5.343449 -1
2.300562 5.393807 -1
2.300562 5.444165 -1
2.300562 5.494522 -1
2.300562 5.544880 -1
2.300562 5.595238 -1
2.300562 5.645595 -1
2.300562 5.695953 -1
2.300562 5.746311 -1
2.300562 5.796668 -1
2.300562 5.847026 -1
2.300562 5.897384 -1
2.300562 5.947741 -1
2.300562 5.998099 -1
2.300562 6.048457 -1
2.300562 6.098814 -1
2.300562 6.149172 -1
2.300562 6.199530 -1
2.300562 6.249887 -1
2.300562 6.300245 -1
2.300562 6.350602 -1
2.350770 -1.354118 -1
2.350770 -1.303761 -1
2.350770 -1.253403 -1
2.350770 -1.203046 -1
2.350770 -1.152688 -1
2.350770 -1.102330 -1
2.350770 -1.051973 -1
2.350770 -1.001615 -1
2.350770 -0.951257 -1
2.350770 -0.900900 -1
2.350770 -0.850542 -1
2.350770 -0.800184 -1
2.350770 -0.749827 -1
2.350770 -0.699469 -1
2.350770 -0.649111 -1
2.350770 -0.598754 -1
2.350770 -0.548396 -1
2.350770 -0.498038 -1
2.350770 -0.447681 -1
2.350770 -0.397323 -1
2.350770 -0.346965 -1
2.350770 -0.296608 -1
2.350770 -0.246250 -1
2.350770 -0.195892 -1
2.350770 -0.145535 -1
2.350770 -0.095177 -1
2.350770 -0.044820 -1
2.350770 0.005538 -1
2.350770 0.055896 -1
2.350770 0.106253 -1
2.350770 0.156611 -1
2.350770 0.206969 -1
2.350770 0.257326 -1
2.350770 0.307684 -1
2.350770 0.358042 -1
2.350770 0.408399 -1
2.350770 0.458757 -1
2.350770 0.509115 -1
2.350770 0.559472 -1
2.350770 0.609830 -1
2.350770 0.660188 -1
2.350770 0.710545 -1
2.350770 0.760903 -1
2.350770 0.811261 -1
2.350770 0.861618 -1
2.350770 0.911976 -1
2.350770 0.962334 -1
2.350770 1.012691 -1
2.350770 1.063049 -1
2.350770 1.113407 -1
2.350770 1.163764 -1
2.350770 1.214122 -1
2.350770 1.264479 -1
2.350770 1.314837 -1
2.350770 1.365195 -1
2.350770 1.415552 -1
2.350770 1.465910 -1
2.350770 1.516268 -1
2.350770 1.566625 -1
2.350770 1.616983 -1
2.350770 1.667341 -1
2.350770 1.717698 -1
2.350770 1.768056 -1
2.350770 1.818414 -1
2.350770 1.868771 -1
2.350770 1.919129 -1
2.350770 1.969487 -1
2.350770 2.019844 -1
2.350770 2.070202 -1
2.350770 2.120560 -1
2.350770 2.170917 -1
2.350770 2.221275 -1
2.350770 2.271633 -1
2.350770 2.321990 -1
2.350770 2.372348 -1
2.350770 2.422706 -1
2.350770 2.473063 -1
2.350770 2.523421 -1
2.350770 2.573778 -1
2.350770 2.624136 -1
2.350770 2.674494 -1
2.350770 2.724851 -1
2.350770 2.775209 -1
2.350770 2.825567 -1
2.350770 2.875924 -1
2.350770 2.926282 -1
2.350770 2.976640 -1
2.350770 3.026997 -1
2.350770 3.077355 -1
2.350770 3.127713 -1
2.350770 3.178070 -1
2.350770 3.228428 -1
2.350770 3.278786 -1
2.350770 3.329143 -1
2.350770 3.379501 -1
2.350770 3.429859 -1
2.350770 3.480216 -1
2.350770 3.530574 -1
2.350770 3.580932 -1
2.350770 3.631289 -1
2.350770 3.681647 -1
2.350770 3.732005 -1
2.350770 3.782362 -1
2.350770 3.832720 -1
2.350770 3.883077 -1
2.350770 3.933435 -1
2.350770 3.983793 -1
2.350770 4.034150 -1
2.350770 4.084508 -1
2.350770 4.134866 -1
2.350770 4.185223 -1
2.350770 4.235581 -1
2.350770 4.285939 -1
2.350770 4.336296 -1
2.350770 4.386654 -1
2.350770 4.437012 -1
2.350770 4.487369 -1
2.350770 4.537727 -1
2.350770 4.588085 -1
2.350770 4.638442 -1
2.350770 4.688800 -1
2.350770 4.739158 -1
2.350770 4.789515 -1
2.350770 4.839873 -1
2.350770 4.890231 -1
2.350770 4.940588 -1
2.350770 4.990946 -1
2.350770 5.041303 -1
2.350770 5.091661 -1
2.350770 5.142019 -1
2.350770 5.192376 -1
2.350770 5.242734 -1
2.350770 5.293092 -1
2.350770 5.343449 -1
2.350770 5.393807 -1
2.350770 5.444165 -1
2.350770 5.494522 -1
2.350770 5.544880 -1
2.350770 5.595238 -1
2.350770 5.645595 -1
2.350770 5.695953 -1
2.350770 5.746311 -1
2.350770 5.796668 -1
2.350770 5.847026 -1
2.350770 5.897384 -1
2.350770 5.947741 -1
2.350770 5.998099 -1
2.350770 6.048457 -1
2.350770 6.098814 -1
2.350770 6.149172 -1
2.350770 6.199530 -1
2.350770 6.249887 -1
2.350770 6.300245 -1
2.350770 6.350602 -1
2.400978 -1.354118 -1
2.400978 -1.303761 -1
2.400978 -1.253403 -1
2.400978 -1.203046 -1
2.400978 -1.152688 -1
2.400978 -1.102330 -1
2.400978 -1.051973 -1
2.400978 -1.001615 -1
2.400978 -0.951257 -1
2.400978 -0.900900 -1
2.400978 -0.850542 -1
2.400978 -0.800184 -1
2.400978 -0.749827 -1
2.400978 -0.699469 -1
2.400978 -0.649111 -1
2.400978 -0.598754 -1
2.400978 -0.548396 -1
2.400978 -0.498038 -1
2.400978 -0.447681 -1
2.400978 -0.397323 -1
2.400978 -0.346965 -1
2.400978 -0.296608 -1
2.400978 -0.246250 -1
2.400978 -0.195892 -1
2.400978 -0.145535 -1
2.400978 -0.095177 -1
2.400978 -0.044820 -1
2.400978 0.005538 -1
2.400978 0.055896 -1
2.400978 0.106253 -1
2.400978 0.156611 -1
2.400978 0.206969 -1
2.400978 0.257326 -1
2.400978 0.307684 -1
2.400978 0.358042 -1
2.400978 0.408399 -1
2.400978 0.458757 -1
2.400978 0.509115 -1
2.400978 0.559472 -1
2.400978 0.609830 -1
2.400978 0.660188 -1
2.400978 0.710545 -1
2.400978 0.760903 -1
2.400978 0.811261 -1
2.400978 0.861618 -1
2.400978 0.911976 -1
2.400978 0.962334 -1
2.400978 1.012691 -1
2.400978 1.063049 -1
2.400978 1.113407 -1
2.400978 1.163764 -1
2.400978 1.214122 -1
2.400978 1.264479 -1
2.400978 1.314837 -1
2.400978 1.365195 -1
2.400978 1.415552 -1
2.400978 1.465910 -1
2.400978 1.516268 -1
2.400978 1.566625 -1
2.400978 1.616983 -1
2.400978 1.667341 -1
2.400978 1.717698 -1
2.400978 1.768056 -1
2.400978 1.818414 -1
2.400978 1.868771 -1
2.400978 1.919129 -1
2.400978 1.969487 -1
2.400978 2.019844 -1
2.400978 2.070202 -1
2.400978 2.120560 -1
2.400978 2.170917 -1
2.400978 2.221275 -1
2.400978 2.271633 -1
2.400978 2.321990 -1
2.400978 2.372348 -1
2.400978 2.422706 -1
2.400978 2.473063 -1
2.400978 2.523421 -1
2.400978 2.573778 -1
2.400978 2.624136 -1
2.400978 2.674494 -1
2.400978 2.724851 -1
2.400978 2.775209 -1
2.400978 2.825567 -1
2.400978 2.875924 -1
2.400978 2.926282 -1
2.400978 2.976640 -1
2.400978 3.026997 -1
2.400978 3.077355 -1
2.400978 3.127713 -1
2.400978 3.178070 -1
2.400978 3.228428 -1
2.400978 3.278786 -1
2.400978 3.329143 -1
2.400978 3.379501 -1
2.400978 3.429859 -1
2.400978 3.480216 -1
2.400978 3.530574 -1
2.400978 3.580932 -1
2.400978 3.631289 -1
2.400978 3.681647 -1
2.400978 3.732005 -1
2.400978 3.782362 -1
2.400978 3.832720 -1
2.400978 3.883077 -1
2.400978 3.933435 -1
2.400978 3.983793 -1
2.400978 4.034150 -1
2.400978 4.084508 -1
2.400978 4.134866 -1
2.400978 4.185223 -1
2.400978 4.235581 -1
2.400978 4.285939 -1
2.400978 4.336296 -1
2.400978 4.386654 -1
2.400978 4.437012 -1
2.400978 4.487369 -1
2.400978 4.537727 -1
2.400978 4.588085 -1
2.400978 4.638442 -1
2.400978 4.688800 -1
2.400978 4.739158 -1
2.400978 4.789515 -1
2.400978 4.839873 -1
2.400978 4.890231 -1
2.400978 4.940588 -1
2.400978 4.990946 -1
2.400978 5.041303 -1
2.400978 5.091661 -1
2.400978 5.142019 -1
2.400978 5.192376 -1
2.400978 5.242734 -1
2.400978 5.293092 -1
2.400978 5.343449 -1
2.400978 5.393807 -1
2.400978 5.444165 -1
2.400978 5.494522 -1
2.400978 5.544880 -1
2.400978 5.595238 -1
2.400978 5.645595 -1
2.400978 5.695953 -1
2.400978 5.746311 -1
2.400978 5.796668 -1
2.400978 5.847026 -1
2.400978 5.897384 -1
2.400978 5.947741 -1
2.400978 5.998099 -1
2.400978 6.048457 -1
2.400978 6.098814 -1
2.400978 6.149172 -1
2.400978 6.199530 -1
2.400978 6.249887 -1
2.400978 6.300245 -1
2.400978 6.350602 -1
2.451186 -1.354118 -1
2.451186 -1.303761 -1
2.451186 -1.253403 -1
2.451186 -1.203046 -1
2.451186 -1.152688 -1
2.451186 -1.102330 -1
2.451186 -1.051973 -1
2.451186 -1.001615 -1
2.451186 -0.951257 -1
2.451186 -0.900900 -1
2.451186 -0.850542 -1
2.451186 -0.800184 -1
2.451186 -0.749827 -1
2.451186 -0.699469 -1
2.451186 -0.649111 -1
2.451186 -0.598754 -1
2.451186 -0.548396 -1
2.451186 -0.498038 -1
2.451186 -0.447681 -1
2.451186 -0.397323 -1
2.451186 -0.346965 -1
2.451186 -0.296608 -1
2.451186 -0.246250 -1
2.451186 -0.195892 -1
2.451186 -0.145535 -1
2.451186 -0.095177 -1
2.451186 -0.044820 -1
2.451186 0.005538 -1
2.451186 0.055896 -1
2.451186 0.106253 -1
2.451186 0.156611 -1
2.451186 0.206969 -1
2.451186 0.257326 -1
2.451186 0.307684 -1
2.451186 0.358042 -1
2.451186 0.408399 -1
2.451186 0.458757 -1
2.451186 0.509115 -1
2.451186 0.559472 -1
2.451186 0.609830 -1
2.451186 0.660188 -1
2.451186 0.710545 -1
2.451186 0.760903 -1
2.451186 0.811261 -1
2.451186 0.861618 -1
2.451186 0.911976 -1
2.451186 0.962334 -1
2.451186 1.012691 -1
2.451186 1.063049 -1
2.451186 1.113407 -1
2.451186 1.163764 -1
2.451186 1.214122 -1
2.451186 1.264479 -1
2.451186 1.314837 -1
2.451186 1.365195 -1
2.451186 1.415552 -1
2.451186 1.465910 -1
2.451186 1.516268 -1
2.451186 1.566625 -1
2.451186 1.616983 -1
2.451186 1.667341 -1
2.451186 1.717698 -1
2.451186 1.768056 -1
2.451186 1.818414 -1
2.451186 1.868771 -1
2.451186 1.919129 -1
2.451186 1.969487 -1
2.451186 2.019844 -1
2.451186 2.070202 -1
2.451186 2.120560 -1
2.451186 2.170917 -1
2.451186 2.221275 -1
2.451186 2.271633 -1
2.451186 2.321990 -1
2.451186 2.372348 -1
2.451186 2.422706 -1
2.451186 2.473063 -1
2.451186 2.523421 -1
2.451186 2.573778 -1
2.451186 2.624136 -1
2.451186 2.674494 -1
2.451186 2.724851 -1
2.451186 2.775209 -1
2.451186 2.825567 -1
2.451186 2.875924 -1
2.451186 2.926282 -1
2.451186 2.976640 -1
2.451186 3.026997 -1
2.451186 3.077355 -1
2.451186 3.127713 -1
2.451186 3.178070 -1
2.451186 3.228428 -1
2.451186 3.278786 -1
2.451186 3.329143 -1
2.451186 3.379501 -1
2.451186 3.429859 -1
2.451186 3.480216 -1
2.451186 3.530574 -1
2.451186 3.580932 -1
2.451186 3.631289 -1
2.451186 3.681647 -1
2.451186 3.732005 -1
2.451186 3.782362 -1
2.451186 3.832720 -1
2.451186 3.883077 -1
2.451186 3.933435 -1
2.451186 3.983793 -1
2.451186 4.034150 -1
2.451186 4.084508 -1
2.451186 4.134866 -1
2.451186 4.185223 -1
2.451186 4.235581 -1
2.451186 4.285939 -1
2.451186 4.336296 -1
2.451186 4.386654 -1
2.451186 4.437012 -1
2.451186 4.487369 -1
2.451186 4.537727 -1
2.451186 4.588085 -1
2.451186 4.638442 -1
2.451186 4.688800 -1
2.451186 4.739158 -1
2.451186 4.789515 -1
2.451186 4.839873 -1
2.451186 4.890231 -1
2.451186 4.940588 -1
2.451186 4.990946 -1
2.451186 5.041303 -1
2.451186 5.091661 -1
2.451186 5.142019 -1
2.451186 5.192376 -1
2.451186 5.242734 -1
2.451186 5.293092 -1
2.451186 5.343449 -1
2.451186 5.393807 -1
2.451186 5.444165 -1
2.451186 5.494522 -1
2.451186 5.544880 -1
2.451186 5.595238 -1
2.451186 5.645595 -1
2.451186 5.695953 -1
2.451186 5.746311 -1
2.451186 5.796668 -1
2.451186 5.847026 -1
2.451186 5.897384 -1
2.451186 5.947741 -1
2.451186 5.998099 -1
2.451186 6.048457 -1
2.451186 6.098814 -1
2.451186 6.149172 -1
2.451186 6.199530 -1
2.451186 6.249887 -1
2.451186 6.300245 -1
2.451186 6.350602 -1
2.501394 -1.354118 -1
2.501394 -1.303761 -1
2.501394 -1.253403 -1
2.501394 -1.203046 -1
2.501394 -1.152688 -1
2.501394 -1.102330 -1
2.501394 -1.051973 -1
2.501394 -1.001615 -1
2.501394 -0.951257 -1
2.501394 -0.900900 -1
2.501394 -0.850542 -1
2.501394 -0.800184 -1
2.501394 -0.749827 -1
2.501394 -0.699469 -1
2.501394 -0.649111 -1
2.501394 -0.598754 -1
2.501394 -0.548396 -1
2.501394 -0.498038 -1
2.501394 -0.447681 -1
2.501394 -0.397323 -1
2.501394 -0.346965 -1
2.501394 -0.296608 -1
2.501394 -0.246250 -1
2.501394 -0.195892 -1
2.501394 -0.145535 -1
2.501394 -0.095177 -1
2.501394 -0.044820 -1
2.501394 0.005538 -1
2.501394 0.055896 -1
2.501394 0.106253 -1
2.501394 0.156611 -1
2.501394 0.206969 -1
2.501394 0.257326 -1
2.501394 0.307684 -1
2.501394 0.358042 -1
2.501394 0.408399 -1
2.501394 0.458757 -1
2.501394 0.509115 -1
2.501394 0.559472 -1
2.501394 0.609830 -1
2.501394 0.660188 -1
2.501394 0.710545 -1
2.501394 0.760903 -1
2.501394 0.811261 -1
2.501394 0.861618 -1
2.501394 0.911976 -1
2.501394 0.962334 -1
2.501394 1.012691 -1
2.501394 1.063049 -1
2.501394 1.113407 -1
2.501394 1.163764 -1
2.501394 1.214122 -1
2.501394 1.264479 -1
2.501394 1.314837 -1
2.501394 1.365195 -1
2.501394 1.415552 -1
2.501394 1.465910 -1
2.501394 1.516268 -1
2.501394 1.566625 -1
2.501394 1.616983 -1
2.501394 1.667341 -1
2.501394 1.717698 -1
2.501394 1.768056 -1
2.501394 1.818414 -1
2.501394 1.868771 -1
2.501394 1.919129 -1
2.501394 1.969487 -1
2.501394 2.019844 -1
2.501394 2.070202 -1
2.501394 2.120560 -1
2.501394 2.170917 -1
2.501394 2.221275 -1
2.501394 2.271633 -1
2.501394 2.321990 -1
2.501394 2.372348 -1
2.501394 2.422706 -1
2.501394 2.473063 -1
2.501394 2.523421 -1
2.501394 2.573778 -1
2.501394 2.624136 -1
2.501394 2.674494 -1
2.501394 2.724851 -1
2.501394 2.775209 -1
2.501394 2.825567 -1
2.501394 2.875924 -1
2.501394 2.926282 -1
2.501394 2.976640 -1
2.501394 3.026997 -1
2.501394 3.077355 -1
2.501394 3.127713 -1
2.501394 3.178070 -1
2.501394 3.228428 -1
2.501394 3.278786 -1
2.501394 3.329143 -1
2.501394 3.379501 -1
2.501394 3.429859 -1
2.501394 3.480216 -1
2.501394 3.530574 -1
2.501394 3.580932 -1
2.501394 3.631289 -1
2.501394 3.681647 -1
2.501394 3.732005 -1
2.501394 3.782362 -1
2.501394 3.832720 -1
2.501394 3.883077 -1
2.501394 3.933435 -1
2.501394 3.983793 -1
2.501394 4.034150 -1
2.501394 4.084508 -1
2.501394 4.134866 -1
2.501394 4.185223 -1
2.501394 4.235581 -1
2.501394 4.285939 -1
2.501394 4.336296 -1
2.501394 4.386654 -1
2.501394 4.437012 -1
2.501394 4.487369 -1
2.501394 4.537727 -1
2.501394 4.588085 -1
2.501394 4.638442 -1
2.501394 4.688800 -1
2.501394 4.739158 -1
2.501394 4.789515 -1
2.501394 4.839873 -1
2.501394 4.890231 -1
2.501394 4.940588 -1
2.501394 4.990946 -1
2.501394 5.041303 -1
2.501394 5.091661 -1
2.501394 5.142019 -1
2.501394 5.192376 -1
2.501394 5.242734 -1
2.501394 5.293092 -1
2.501394 5.343449 -1
2.501394 5.393807 -1
2.501394 5.444165 -1
2.501394 5.494522 -1
2.501394 5.544880 -1
2.501394 5.595238 -1
2.501394 5.645595 -1
2.501394 5.695953 -1
2.501394 5.746311 -1
2.501394 5.796668 -1
2.501394 5.847026 -1
2.501394 5.897384 -1
2.501394 5.947741 -1
2.501394 5.998099 -1
2.501394 6.048457 -1
2.501394 6.098814 -1
2.501394 6.149172 -1
2.501394 6.199530 -1
2.501394 6.249887 -1
2.501394 6.300245 -1
2.501394 6.350602 -1
2.551602 -1.354118 -1
2.551602 -1.303761 -1
2.551602 -1.253403 -1
2.551602 -1.203046 -1
2.551602 -1.152688 -1
2.551602 -1.102330 -1
2.551602 -1.051973 -1
2.551602 -1.001615 -1
2.551602 -0.951257 -1
2.551602 -0.900900 -1
2.551602 -0.850542 -1
2.551602 -0.800184 -1
2.551602 -0.749827 -1
2.551602 -0.699469 -1
2.551602 -0.649111 -1
2.551602 -0.598754 -1
2.551602 -0.548396 -1
2.551602 -0.498038 -1
2.551602 -0.447681 -1
2.551602 -0.397323 -1
2.551602 -0.346965 -1
2.551602 -0.296608 -1
2.551602 -0.246250 -1
2.551602 -0.195892 -1
2.551602 -0.145535 -1
2.551602 -0.095177 -1
2.551602 -0.044820 -1
2.551602 0.005538 -1
2.551602 0.055896 -1
2.551602 0.106253 -1
2.551602 0.156611 -1
2.551602 0.206969 -1
2.551602 0.257326 -1
2.551602 0.307684 -1
2.551602 0.358042 -1
2.551602 0.408399 -1
2.551602 0.458757 -1
2.551602 0.509115 -1
2.551602 0.559472 -1
2.551602 0.609830 -1
2.551602 0.660188 -1
2.551602 0.710545 -1
2.551602 0.760903 -1
2.551602 0.811261 -1
2.551602 0.861618 -1
2.551602 0.911976 -1
2.551602 0.962334 -1
2.551602 1.012691 -1
2.551602 1.063049 -1
2.551602 1.113407 -1
2.551602 1.163764 -1
2.551602 1.214122 -1
2.551602 1.264479 -1
2.551602 1.314837 -1
2.551602 1.365195 -1
2.551602 1.415552 -1
2.551602 1.465910 -1
2.551602 1.516268 -1
2.551602 1.566625 -1
2.551602 1.616983 -1
2.551602 1.667341 -1
2.551602 1.717698 -1
2.551602 1.768056 -1
2.551602 1.818414 -1
2.551602 1.868771 -1
2.551602 1.919129 -1
2.551602 1.969487 -1
2.551602 2.019844 -1
2.551602 2.070202 -1
2.551602 2.120560 -1
2.551602 2.170917 -1
2.551602 2.221275 -1
2.551602 2.271633 -1
2.551602 2.321990 -1
2.551602 2.372348 -1
2.551602 2.422706 -1
2.551602 2.473063 -1
2.551602 2.523421 -1
2.551602 2.573778 -1
2.551602 2.624136 -1
2.551602 2.674494 -1
2.551602 2.724851 -1
2.551602 2.775209 -1
2.551602 2.825567 -1
2.551602 2.875924 -1
2.551602 2.926282 -1
2.551602 2.976640 -1
2.551602 3.026997 -1
2.551602 3.077355 -1
2.551602 3.127713 -1
2.551602 3.178070 -1
2.551602 3.228428 -1
2.551602 3.278786 -1
2.551602 3.329143 -1
2.551602 3.379501 -1
2.551602 3.429859 -1
2.551602 3.480216 -1
2.551602 3.530574 -1
2.551602 3.580932 -1
2.551602 3.631289 -1
2.551602 3.681647 -1
2.551602 3.732005 -1
2.551602 3.782362 -1
2.551602 3.832720 -1
2.551602 3.883077 -1
2.551602 3.933435 -1
2.551602 3.983793 -1
2.551602 4.034150 -1
2.551602 4.084508 -1
2.551602 4.134866 -1
2.551602 4.185223 -1
2.551602 4.235581 -1
2.551602 4.285939 -1
2.551602 4.336296 -1
2.551602 4.386654 -1
2.551602 4.437012 -1
2.551602 4.487369 -1
2.551602 4.537727 -1
2.551602 4.588085 -1
2.551602 4.638442 -1
2.551602 4.688800 -1
2.551602 4.739158 -1
2.551602 4.789515 -1
2.551602 4.839873 -1
2.551602 4.890231 -1
2.551602 4.940588 -1
2.551602 4.990946 -1
2.551602 5.041303 -1
2.551602 5.091661 -1
2.551602 5.142019 -1
2.551602 5.192376 -1
2.551602 5.242734 -1
2.551602 5.293092 -1
2.551602 5.343449 -1
2.551602 5.393807 -1
2.551602 5.444165 -1
2.551602 5.494522 -1
2.551602 5.544880 -1
2.551602 5.595238 -1
2.551602 5.645595 -1
2.551602 5.695953 -1
2.551602 5.746311 -1
2.551602 5.796668 -1
2.551602 5.847026 -1
2.551602 5.897384 -1
2.551602 5.947741 -1
2.551602 5.998099 -1
2.551602 6.048457 -1
2.551602 6.098814 -1
2.551602 6.149172 -1
2.551602 6.199530 -1
2.551602 6.249887 -1
2.551602 6.300245 -1
2.551602 6.350602 -1
2.601810 -1.354118 -1
2.601810 -1.303761 -1
2.601810 -1.253403 -1
2.601810 -1.203046 -1
2.601810 -1.152688 -1
2.601810 -1.102330 -1
2.601810 -1.051973 -1
2.601810 -1.001615 -1
2.601810 -0.951257 -1
2.601810 -0.900900 -1
2.601810 -0.850542 -1
2.601810 -0.800184 -1
2.601810 -0.749827 -1
2.601810 -0.699469 -1
2.601810 -0.649111 -1
2.601810 -0.598754 -1
2.601810 -0.548396 -1
2.601810 -0.498038 -1
2.601810 -0.447681 -1
2.601810 -0.397323 -1
2.601810 -0.346965 -1
2.601810 -0.296608 -1
2.601810 -0.246250 -1
2.601810 -0.195892 -1
2.601810 -0.145535 -1
2.601810 -0.095177 -1
2.601810 -0.044820 -1
2.601810 0.005538 -1
2.601810 0.055896 -1
2.601810 0.106253 -1
2.601810 0.156611 -1
2.601810 0.206969 -1
2.601810 0.257326 -1
2.601810 0.307684 -1
2.601810 0.358042 -1
2.601810 0.408399 -1
2.601810 0.458757 -1
2.601810 0.509115 -1
2.601810 0.559472 -1
2.601810 0.609830 -1
2.601810 0.660188 -1
2.601810 0.710545 -1
2.601810 0.760903 -1
2.601810 0.811261 -1
2.601810 0.861618 -1
2.601810 0.911976 -1
2.601810 0.962334 -1
2.601810 1.012691 -1
2.601810 1.063049 -1
2.601810 1.113407 -1
2.601810 1.163764 -1
2.601810 1.214122 -1
2.601810 1.264479 -1
2.601810 1.314837 -1
2.601810 1.365195 -1
2.601810 1.415552 -1
2.601810 1.465910 -1
2.601810 1.516268 -1
2.601810 1.566625 -1
2.601810 1.616983 -1
2.601810 1.667341 -1
2.601810 1.717698 -1
2.601810 1.768056 -1
2.601810 1.818414 -1
2.601810 1.868771 -1
2.601810 1.919129 -1
2.601810 1.969487 -1
2.601810 2.019844 -1
2.601810 2.070202 -1
2.601810 2.120560 -1
2.601810 2.170917 -1
2.601810 2.221275 -1
2.601810 2.271633 -1
2.601810 2.321990 -1
2.601810 2.372348 -1
2.601810 2.422706 -1
2.601810 2.473063 -1
2.601810 2.523421 -1
2.601810 2.573778 -1
2.601810 2.624136 -1
2.601810 2.674494 -1
2.601810 2.724851 -1
2.601810 2.775209 -1
2.601810 2.825567 -1
2.601810 2.875924 -1
2.601810 2.926282 -1
2.601810 2.976640 -1
2.601810 3.026997 -1
2.601810 3.077355 -1
2.601810 3.127713 -1
2.601810 3.178070 -1
2.601810 3.228428 -1
2.601810 3.278786 -1
2.601810 3.329143 -1
2.601810 3.379501 -1
2.601810 3.429859 -1
2.601810 3.480216 -1
2.601810 3.530574 -1
2.601810 3.580932 -1
2.601810 3.631289 -1
2.601810 3.681647 -1
2.601810 3.732005 -1
2.601810 3.782362 -1
2.601810 3.832720 -1
2.601810 3.883077 -1
2.601810 3.933435 -1
2.601810 3.983793 -1
2.601810 4.034150 -1
2.601810 4.084508 -1
2.601810 4.134866 -1
2.601810 4.185223 -1
2.601810 4.235581 -1
2.601810 4.285939 -1
2.601810 4.336296 -1
2.601810 4.386654 -1
2.601810 4.437012 -1
2.601810 4.487369 -1
2.601810 4.537727 -1
2.601810 4.588085 -1
2.601810 4.638442 -1
2.601810 4.688800 -1
2.601810 4.739158 -1
2.601810 4.789515 -1
2.601810 4.839873 -1
2.601810 4.890231 -1
2.601810 4.940588 -1
2.601810 4.990946 -1
2.601810 5.041303 -1
2.601810 5.091661 -1
2.601810 5.142019 -1
2.601810 5.192376 -1
2.601810 5.242734 -1
2.601810 5.293092 -1
2.601810 5.343449 -1
2.601810 5.393807 -1
2.601810 5.444165 -1
2.601810 5.494522 -1
2.601810 5.544880 -1
2.601810 5.595238 -1
2.601810 5.645595 -1
2.601810 5.695953 -1
2.601810 5.746311 -1
2.601810 5.796668 -1
2.601810 5.847026 -1
2.601810 5.897384 -1
2.601810 5.947741 -1
2.601810 5.998099 -1
2.601810 6.048457 -1
2.601810 6.098814 -1
2.601810 6.149172 -1
2.601810 6.199530 -1
2.601810 6.249887 -1
2.601810 6.300245 -1
2.601810 6.350602 -1
2.652018 -1.354118 -1
2.652018 -1.303761 -1
2.652018 -1.253403 -1
2.652018 -1.203046 -1
2.652018 -1.152688 -1
2.652018 -1.102330 -1
2.652018 -1.051973 -1
2.652018 -1.001615 -1
2.652018 -0.951257 -1
2.652018 -0.900900 -1
2.652018 -0.850542 -1
2.652018 -0.800184 -1
2.652018 -0.749827 -1
2.652018 -0.699469 -1
2.652018 -0.649111 -1
2.652018 -0.598754 -1
2.652018 -0.548396 -1
2.652018 -0.498038 -1
2.652018 -0.447681 -1
2.652018 -0.397323 -1
2.652018 -0.346965 -1
2.652018 -0.296608 -1
2.652018 -0.246250 -1
2.652018 -0.195892 -1
2.652018 -0.145535 -1
2.652018 -0.095177 -1
2.652018 -0.044820 -1
2.652018 0.005538 -1
2.652018 0.055896 -1
2.652018 0.106253 -1
2.652018 0.156611 -1
2.652018 0.206969 -1
2.652018 0.257326 -1
2.652018 0.307684 -1
2.652018 0.358042 -1
2.652018 0.408399 -1
2.652018 0.458757 -1
2.652018 0.509115 -1
2.652018 0.559472 -1
2.652018 0.609830 -1
2.652018 0.660188 -1
2.652018 0.710545 -1
2.652018 0.760903 -1
2.652018 0.811261 -1
2.652018 0.861618 -1
2.652018 0.911976 -1
2.652018 0.962334 -1
2.652018 1.012691 -1
2.652018 1.063049 -1
2.652018 1.113407 -1
2.652018 1.163764 -1
2.652018 1.214122 -1
2.652018 1.264479 -1
2.652018 1.314837 -1
2.652018 1.365195 -1
2.652018 1.415552 -1
2.652018 1.465910 -1
2.652018 1.516268 -1
2.652018 1.566625 -1
2.652018 1.616983 -1
2.652018 1.667341 -1
2.652018 1.717698 -1
2.652018 1.768056 -1
2.652018 1.818414 -1
2.652018 1.868771 -1
2.652018 1.919129 -1
2.652018 1.969487 -1
2.652018 2.019844 -1
2.652018 2.070202 -1
2.652018 2.120560 -1
2.652018 2.170917 -1
2.652018 2.221275 -1
2.652018 2.271633 -1
2.652018 2.321990 -1
2.652018 2.372348 -1
2.652018 2.422706 -1
2.652018 2.473063 -1
2.652018 2.523421 -1
2.652018 2.573778 -1
2.652018 2.624136 -1
2.652018 2.674494 -1
2.652018 2.724851 -1
2.652018 2.775209 -1
2.652018 2.825567 -1
2.652018 2.875924 -1
2.652018 2.926282 -1
2.652018 2.976640 -1
2.652018 3.026997 -1
2.652018 3.077355 -1
2.652018 3.127713 -1
2.652018 3.178070 -1
2.652018 3.228428 -1
2.652018 3.278786 -1
2.652018 3.329143 -1
2.652018 3.379501 -1
2.652018 3.429859 -1
2.652018 3.480216 -1
2.652018 3.530574 -1
2.652018 3.580932 -1
2.652018 3.631289 -1
2.652018 3.681647 -1
2.652018 3.732005 -1
2.652018 3.782362 -1
2.652018 3.832720 -1
2.652018 3.883077 -1
2.652018 3.933435 -1
2.652018 3.983793 -1
2.652018 4.034150 -1
2.652018 4.084508 -1
2.652018 4.134866 -1
2.652018 4.185223 -1
2.652018 4.235581 -1
2.652018 4.285939 -1
2.652018 4.336296 -1
2.652018 4.386654 -1
2.652018 4.437012 -1
2.652018 4.487369 -1
2.652018 4.537727 -1
2.652018 4.588085 -1
2.652018 4.638442 -1
2.652018 4.688800 -1
2.652018 4.739158 -1
2.652018 4.789515 -1
2.652018 4.839873 -1
2.652018 4.890231 -1
2.652018 4.940588 -1
2.652018 4.990946 -1
2.652018 5.041303 -1
2.652018 5.091661 -1
2.652018 5.142019 -1
2.652018 5.192376 -1
2.652018 5.242734 -1
2.652018 5.293092 -1
2.652018 5.343449 -1
2.652018 5.393807 -1
2.652018 5.444165 -1
2.652018 5.494522 -1
2.652018 5.544880 -1
2.652018 5.595238 -1
2.652018 5.645595 -1
2.652018 5.695953 -1
2.652018 5.746311 -1
2.652018 5.796668 -1
2.652018 5.847026 -1
2.652018 5.897384 -1
2.652018 5.947741 -1
2.652018 5.998099 -1
2.652018 6.048457 -1
2.652018 6.098814 -1
2.652018 6.149172 -1
2.652018 6.199530 -1
2.652018 6.249887 -1
2.652018 6.300245 -1
2.652018 6.350602 -1
2.702226 -1.354118 -1
2.702226 -1.303761 -1
2.702226 -1.253403 -1
2.702226 -1.203046 -1
2.702226 -1.152688 -1
2.702226 -1.102330 -1
2.702226 -1.051973 -1
2.702226 -1.001615 -1
2.702226 -0.951257 -1
2.702226 -0.900900 -1
2.702226 -0.850542 -1
2.702226 -0.800184 -1
2.702226 -0.749827 -1
2.702226 -0.699469 -1
2.702226 -0.649111 -1
2.702226 -0.598754 -1
2.702226 -0.548396 -1
2.702226 -0.498038 -1
2.702226 -0.447681 -1
2.702226 -0.397323 -1
2.702226 -0.346965 -1
2.702226 -0.296608 -1
2.702226 -0.246250 -1
2.702226 -0.195892 -1
2.702226 -0.145535 -1
2.702226 -0.095177 -1
2.702226 -0.044820 -1
2.702226 0.005538 -1
2.702226 0.055896 -1
2.702226 0.106253 -1
2.702226 0.156611 -1
2.702226 0.206969 -1
2.702226 0.257326 -1
2.702226 0.307684 -1
2.702226 0.358042 -1
2.702226 0.408399 -1
2.702226 0.458757 -1
2.702226 0.509115 -1
2.702226 0.559472 -1
2.702226 0.609830 -1
2.702226 0.660188 -1
2.702226 0.710545 -1
2.702226 0.760903 -1
2.702226 0.811261 -1
2.702226 0.861618 -1
2.702226 0.911976 -1
2.702226 0.962334 -1
2.702226 1.012691 -1
2.702226 1.063049 -1
2.702226 1.113407 -1
2.702226 1.163764 -1
2.702226 1.214122 -1
2.702226 1.264479 -1
2.702226 1.314837 -1
2.702226 1.365195 -1
2.702226 1.415552 -1
2.702226 1.465910 -1
2.702226 1.516268 -1
2.702226 1.566625 -1
2.702226 1.616983 -1
2.702226 1.667341 -1
2.702226 1.717698 -1
2.702226 1.768056 -1
2.702226 1.818414 -1
2.702226 1.868771 -1
2.702226 1.919129 -1
2.702226 1.969487 -1
2.702226 2.019844 -1
2.702226 2.070202 -1
2.702226 2.120560 -1
2.702226 2.170917 -1
2.702226 2.221275 -1
2.702226 2.271633 -1
2.702226 2.321990 -1
2.702226 2.372348 -1
2.702226 2.422706 -1
2.702226 2.473063 -1
2.702226 2.523421 -1
2.702226 2.573778 -1
2.702226 2.624136 -1
2.702226 2.674494 -1
2.702226 2.724851 -1
2.702226 2.775209 -1
2.702226 2.825567 -1
2.702226 2.875924 -1
2.702226 2.926282 -1
2.702226 2.976640 -1
2.702226 3.026997 -1
2.702226 3.077355 -1
2.702226 3.127713 -1
2.702226 3.178070 -1
2.702226 3.228428 -1
2.702226 3.278786 -1
2.702226 3.329143 -1
2.702226 3.379501 -1
2.702226 3.429859 -1
2.702226 3.480216 -1
2.702226 3.530574 -1
2.702226 3.580932 -1
2.702226 3.631289 -1
2.702226 3.681647 -1
2.702226 3.732005 -1
2.702226 3.782362 -1
2.702226 3.832720 -1
2.702226 3.883077 -1
2.702226 3.933435 -1
2.702226 3.983793 -1
2.702226 4.034150 -1
2.702226 4.084508 -1
2.702226 4.134866 -1
2.702226 4.185223 -1
2.702226 4.235581 -1
2.702226 4.285939 -1
2.702226 4.336296 -1
2.702226 4.386654 -1
2.702226 4.437012 -1
2.702226 4.487369 -1
2.702226 4.537727 -1
2.702226 4.588085 -1
2.702226 4.638442 -1
2.702226 4.688800 -1
2.702226 4.739158 -1
2.702226 4.789515 -1
2.702226 4.839873 -1
2.702226 4.890231 -1
2.702226 4.940588 -1
2.702226 4.990946 -1
2.702226 5.041303 -1
2.702226 5.091661 -1
2.702226 5.142019 -1
2.702226 5.192376 -1
2.702226 5.242734 -1
2.702226 5.293092 -1
2.702226 5.343449 -1
2.702226 5.393807 -1
2.702226 5.444165 -1
2.702226 5.494522 -1
2.702226 5.544880 -1
2.702226 5.595238 -1
2.702226 5.645595 -1
2.702226 5.695953 -1
2.702226 5.746311 -1
2.702226 5.796668 -1
2.702226 5.847026 -1
2.702226 5.897384 -1
2.702226 5.947741 -1
2.702226 5.998099 -1
2.702226 6.048457 -1
2.702226 6.098814 -1
2.702226 6.149172 -1
2.702226 6.199530 -1
2.702226 6.249887 -1
2.702226 6.300245 -1
2.702226 6.350602 -1
2.752434 -1.354118 -1
2.752434 -1.303761 -1
2.752434 -1.253403 -1
2.752434 -1.203046 -1
2.752434 -1.152688 -1
2.752434 -1.102330 -1
2.752434 -1.051973 -1
2.752434 -1.001615 -1
2.752434 -0.951257 -1
2.752434 -0.900900 -1
2.752434 -0.850542 -1
2.752434 -0.800184 -1
2.752434 -0.749827 -1
2.752434 -0.699469 -1
2.752434 -0.649111 -1
2.752434 -0.598754 -1
2.752434 -0.548396 -1
2.752434 -0.498038 -1
2.752434 -0.447681 -1
2.752434 -0.397323 -1
2.752434 -0.346965 -1
2.752434 -0.296608 -1
2.752434 -0.246250 -1
2.752434 -0.195892 -1
2.752434 -0.145535 -1
2.752434 -0.095177 -1
2.752434 -0.044820 -1
2.752434 0.005538 -1
2.752434 0.055896 -1
2.752434 0.106253 -1
2.752434 0.156611 -1
2.752434 0.206969 -1
2.752434 0.257326 -1
2.752434 0.307684 -1
2.752434 0.358042 -1
2.752434 0.408399 -1
2.752434 0.458757 -1
2.752434 0.509115 -1
2.752434 0.559472 -1
2.752434 0.609830 -1
2.752434 0.660188 -1
2.752434 0.710545 -1
2.752434 0.760903 -1
2.752434 0.811261 -1
2.752434 0.861618 -1
2.752434 0.911976 -1
2.752434 0.962334 -1
2.752434 1.012691 -1
2.752434 1.063049 -1
2.752434 1.113407 -1
2.752434 1.163764 -1
2.752434 1.214122 -1
2.752434 1.264479 -1
2.752434 1.314837 -1
2.752434 1.365195 -1
2.752434 1.415552 -1
2.752434 1.465910 -1
2.752434 1.516268 -1
2.752434 1.566625 -1
2.752434 1.616983 -1
2.752434 1.667341 -1
2.752434 1.717698 -1
2.752434 1.768056 -1
2.752434 1.818414 -1
2.752434 1.868771 -1
2.752434 1.919129 -1
2.752434 1.969487 -1
2.752434 2.019844 -1
2.752434 2.070202 -1
2.752434 2.120560 -1
2.752434 2.170917 -1
2.752434 2.221275 -1
2.752434 2.271633 -1
2.752434 2.321990 -1
2.752434 2.372348 -1
2.752434 2.422706 -1
2.752434 2.473063 -1
2.752434 2.523421 -1
2.752434 2.573778 -1
2.752434 2.624136 -1
2.752434 2.674494 -1
2.752434 2.724851 -1
2.752434 2.775209 -1
2.752434 2.825567 -1
2.752434 2.875924 -1
2.752434 2.926282 -1
2.752434 2.976640 -1
2.752434 3.026997 -1
2.752434 3.077355 -1
2.752434 3.127713 -1
2.752434 3.178070 -1
2.752434 3.228428 -1
2.752434 3.278786 -1
2.752434 3.329143 -1
2.752434 3.379501 -1
2.752434 3.429859 -1
2.752434 3.480216 -1
2.752434 3.530574 -1
2.752434 3.580932 -1
2.752434 3.631289 -1
2.752434 3.681647 -1
2.752434 3.732005 -1
2.752434 3.782362 -1
2.752434 3.832720 -1
2.752434 3.883077 -1
2.752434 3.933435 -1
2.752434 3.983793 -1
2.752434 4.034150 -1
2.752434 4.084508 -1
2.752434 4.134866 -1
2.752434 4.185223 -1
2.752434 4.235581 -1
2.752434 4.285939 -1
2.752434 4.336296 -1
2.752434 4.386654 -1
2.752434 4.437012 -1
2.752434 4.487369 -1
2.752434 4.537727 -1
2.752434 4.588085 -1
2.752434 4.638442 -1
2.752434 4.688800 -1
2.752434 4.739158 -1
2.752434 4.789515 -1
2.752434 4.839873 -1
2.752434 4.890231 -1
2.752434 4.940588 -1
2.752434 4.990946 -1
2.752434 5.041303 -1
2.752434 5.091661 -1
2.752434 5.142019 -1
2.752434 5.192376 -1
2.752434 5.242734 -1
2.752434 5.293092 -1
2.752434 5.343449 -1
2.752434 5.393807 -1
2.752434 5.444165 -1
2.752434 5.494522 -1
2.752434 5.544880 -1
2.752434 5.595238 -1
2.752434 5.645595 -1
2.752434 5.695953 -1
2.752434 5.746311 -1
2.752434 5.796668 -1
2.752434 5.847026 -1
2.752434 5.897384 -1
2.752434 5.947741 -1
2.752434 5.998099 -1
2.752434 6.048457 -1
2.752434 6.098814 -1
2.752434 6.149172 -1
2.752434 6.199530 -1
2.752434 6.249887 -1
2.752434 6.300245 -1
2.752434 6.350602 -1
2.802642 -1.354118 -1
2.802642 -1.303761 -1
2.802642 -1.253403 -1
2.802642 -1.203046 -1
2.802642 -1.152688 -1
2.802642 -1.102330 -1
2.802642 -1.051973 -1
2.802642 -1.001615 -1
2.802642 -0.951257 -1
2.802642 -0.900900 -1
2.802642 -0.850542 -1
2.802642 -0.800184 -1
2.802642 -0.749827 -1
2.802642 -0.699469 -1
2.802642 -0.649111 -1
2.802642 -0.598754 -1
2.802642 -0.548396 -1
2.802642 -0.498038 -1
2.802642 -0.447681 -1
2.802642 -0.397323 -1
2.802642 -0.346965 -1
2.802642 -0.296608 -1
2.802642 -0.246250 -1
2.802642 -0.195892 -1
2.802642 -0.145535 -1
2.802642 -0.095177 -1
2.802642 -0.044820 -1
2.802642 0.005538 -1
2.802642 0.055896 -1
2.802642 0.106253 -1
2.802642 0.156611 -1
2.802642 0.206969 -1
2.802642 0.257326 -1
2.802642 0.307684 -1
2.802642 0.358042 -1
2.802642 0.408399 -1
2.802642 0.458757 -1
2.802642 0.509115 -1
2.802642 0.559472 -1
2.802642 0.609830 -1
2.802642 0.660188 -1
2.802642 0.710545 -1
2.802642 0.760903 -1
2.802642 0.811261 -1
2.802642 0.861618 -1
2.802642 0.911976 -1
2.802642 0.962334 -1
2.802642 1.012691 -1
2.802642 1.063049 -1
2.802642 1.113407 -1
2.802642 1.163764 -1
2.802642 1.214122 -1
2.802642 1.264479 -1
2.802642 1.314837 -1
2.802642 1.365195 -1
2.802642 1.415552 -1
2.802642 1.465910 -1
2.802642 1.516268 -1
2.802642 1.566625 -1
2.802642 1.616983 -1
2.802642 1.667341 -1
2.802642 1.717698 -1
2.802642 1.768056 -1
2.802642 1.818414 -1
2.802642 1.868771 -1
2.802642 1.919129 -1
2.802642 1.969487 -1
2.802642 2.019844 -1
2.802642 2.070202 -1
2.802642 2.120560 -1
2.802642 2.170917 -1
2.802642 2.221275 -1
2.802642 2.271633 -1
2.802642 2.321990 -1
2.802642 2.372348 -1
2.802642 2.422706 -1
2.802642 2.473063 -1
2.802642 2.523421 -1
2.802642 2.573778 -1
2.802642 2.624136 -1
2.802642 2.674494 -1
2.802642 2.724851 -1
2.802642 2.775209 -1
2.802642 2.825567 -1
2.802642 2.875924 -1
2.802642 2.926282 -1
2.802642 2.976640 -1
2.802642 3.026997 -1
2.802642 3.077355 -1
2.802642 3.127713 -1
2.802642 3.178070 -1
2.802642 3.228428 -1
2.802642 3.278786 -1
2.802642 3.329143 -1
2.802642 3.379501 -1
2.802642 3.429859 -1
2.802642 3.480216 -1
2.802642 3.530574 -1
2.802642 3.580932 -1
2.802642 3.631289 -1
2.802642 3.681647 -1
2.802642 3.732005 -1
2.802642 3.782362 -1
2.802642 3.832720 -1
2.802642 3.883077 -1
2.802642 3.933435 -1
2.802642 3.983793 -1
2.802642 4.034150 -1
2.802642 4.084508 -1
2.802642 4.134866 -1
2.802642 4.185223 -1
2.802642 4.235581 -1
2.802642 4.285939 -1
2.802642 4.336296 -1
2.802642 4.386654 -1
2.802642 4.437012 -1
2.802642 4.487369 -1
2.802642 4.537727 -1
2.802642 4.588085 -1
2.802642 4.638442 -1
2.802642 4.688800 -1
2.802642 4.739158 -1
2.802642 4.789515 -1
2.802642 4.839873 -1
2.802642 4.890231 -1
2.802642 4.940588 -1
2.802642 4.990946 -1
2.802642 5.041303 -1
2.802642 5.091661 -1
2.802642 5.142019 -1
2.802642 5.192376 -1
2.802642 5.242734 -1
2.802642 5.293092 -1
2.802642 5.343449 -1
2.802642 5.393807 -1
2.802642 5.444165 -1
2.802642 5.494522 -1
2.802642 5.544880 -1
2.802642 5.595238 -1
2.802642 5.645595 -1
2.802642 5.695953 -1
2.802642 5.746311 -1
2.802642 5.796668 -1
2.802642 5.847026 -1
2.802642 5.897384 -1
2.802642 5.947741 -1
2.802642 5.998099 -1
2.802642 6.048457 -1
2.802642 6.098814 -1
2.802642 6.149172 -1
2.802642 6.199530 -1
2.802642 6.249887 -1
2.802642 6.300245 -1
2.802642 6.350602 -1
2.852850 -1.354118 -1
2.852850 -1.303761 -1
2.852850 -1.253403 -1
2.852850 -1.203046 -1
2.852850 -1.152688 -1
2.852850 -1.102330 -1
2.852850 -1.051973 -1
2.852850 -1.001615 -1
2.852850 -0.951257 -1
2.852850 -0.900900 -1
2.852850 -0.850542 -1
2.852850 -0.800184 -1
2.852850 -0.749827 -1
2.852850 -0.699469 -1
2.852850 -0.649111 -1
2.852850 -0.598754 -1
2.852850 -0.548396 -1
2.852850 -0.498038 -1
2.852850 -0.447681 -1
2.852850 -0.397323 -1
2.852850 -0.346965 -1
2.852850 -0.296608 -1
2.852850 -0.246250 -1
2.852850 -0.195892 -1
2.852850 -0.145535 -1
2.852850 -0.095177 -1
2.852850 -0.044820 -1
2.852850 0.005538 -1
2.852850 0.055896 -1
2.852850 0.106253 -1
2.852850 0.156611 -1
2.852850 0.206969 -1
2.852850 0.257326 -1
2.852850 0.307684 -1
2.852850 0.358042 -1
2.852850 0.408399 -1
2.852850 0.458757 -1
2.852850 0.509115 -1
2.852850 0.559472 -1
2.852850 0.609830 -1
2.852850 0.660188 -1
2.852850 0.710545 -1
2.852850 0.760903 -1
2.852850 0.811261 -1
2.852850 0.861618 -1
2.852850 0.911976 -1
2.852850 0.962334 -1
2.852850 1.012691 -1
2.852850 1.063049 -1
2.852850 1.113407 -1
2.852850 1.163764 -1
2.852850 1.214122 -1
2.852850 1.264479 -1
2.852850 1.314837 -1
2.852850 1.365195 -1
2.852850 1.415552 -1
2.852850 1.465910 -1
2.852850 1.516268 -1
2.852850 1.566625 -1
2.852850 1.616983 -1
2.852850 1.667341 -1
2.852850 1.717698 -1
2.852850 1.768056 -1
2.852850 1.818414 -1
2.852850 1.868771 -1
2.852850 1.919129 -1
2.852850 1.969487 -1
2.852850 2.019844 -1
2.852850 2.070202 -1
2.852850 2.120560 -1
2.852850 2.170917 -1
2.852850 2.221275 -1
2.852850 2.271633 -1
2.852850 2.321990 -1
2.852850 2.372348 -1
2.852850 2.422706 -1
2.852850 2.473063 -1
2.852850 2.523421 -1
2.852850 2.573778 -1
2.852850 2.624136 -1
2.852850 2.674494 -1
2.852850 2.724851 -1
2.852850 2.775209 -1
2.852850 2.825567 -1
2.852850 2.875924 -1
2.852850 2.926282 -1
2.852850 2.976640 -1
2.852850 3.026997 -1
2.852850 3.077355 -1
2.852850 3.127713 -1
2.852850 3.178070 -1
2.852850 3.228428 -1
2.852850 3.278786 -1
2.852850 3.329143 -1
2.852850 3.379501 -1
2.852850 3.429859 -1
2.852850 3.480216 -1
2.852850 3.530574 -1
2.852850 3.580932 -1
2.852850 3.631289 -1
2.852850 3.681647 -1
2.852850 3.732005 -1
2.852850 3.782362 -1
2.852850 3.832720 -1
2.852850 3.883077 -1
2.852850 3.933435 -1
2.852850 3.983793 -1
2.852850 4.034150 -1
2.852850 4.084508 -1
2.852850 4.134866 -1
2.852850 4.185223 -1
2.852850 4.235581 -1
2.852850 4.285939 -1
2.852850 4.336296 -1
2.852850 4.386654 -1
2.852850 4.437012 -1
2.852850 4.487369 -1
2.852850 4.537727 -1
2.852850 4.588085 -1
2.852850 4.638442 -1
2.852850 4.688800 -1
2.852850 4.739158 -1
2.852850 4.789515 -1
2.852850 4.839873 -1
2.852850 4.890231 -1
2.852850 4.940588 -1
2.852850 4.990946 -1
2.852850 5.041303 -1
2.852850 5.091661 -1
2.852850 5.142019 -1
2.852850 5.192376 -1
2.852850 5.242734 -1
2.852850 5.293092 -1
2.852850 5.343449 -1
2.852850 5.393807 -1
2.852850 5.444165 -1
2.852850 5.494522 -1
2.852850 5.544880 -1
2.852850 5.595238 -1
2.852850 5.645595 -1
2.852850 5.695953 -1
2.852850 5.746311 -1
2.852850 5.796668 -1
2.852850 5.847026 -1
2.852850 5.897384 -1
2.852850 5.947741 -1
2.852850 5.998099 -1
2.852850 6.048457 -1
2.852850 6.098814 -1
2.852850 6.149172 -1
2.852850 6.199530 -1
2.852850 6.249887 -1
2.852850 6.300245 -1
2.852850 6.350602 -1
2.903057 -1.354118 -1
2.903057 -1.303761 -1
2.903057 -1.253403 -1
2.903057 -1.203046 -1
2.903057 -1.152688 -1
2.903057 -1.102330 -1
2.903057 -1.051973 -1
2.903057 -1.001615 -1
2.903057 -0.951257 -1
2.903057 -0.900900 -1
2.903057 -0.850542 -1
2.903057 -0.800184 -1
2.903057 -0.749827 -1
2.903057 -0.699469 -1
2.903057 -0.649111 -1
2.903057 -0.598754 -1
2.903057 -0.548396 -1
2.903057 -0.498038 -1
2.903057 -0.447681 -1
2.903057 -0.397323 -1
2.903057 -0.346965 -1
2.903057 -0.296608 -1
2.903057 -0.246250 -1
2.903057 -0.195892 -1
2.903057 -0.145535 -1
2.903057 -0.095177 -1
2.903057 -0.044820 -1
2.903057 0.005538 -1
2.903057 0.055896 -1
2.903057 0.106253 -1
2.903057 0.156611 -1
2.903057 0.206969 -1
2.903057 0.257326 -1
2.903057 0.307684 -1
2.903057 0.358042 -1
2.903057 0.408399 -1
2.903057 0.458757 -1
2.903057 0.509115 -1
2.903057 0.559472 -1
2.903057 0.609830 -1
2.903057 0.660188 -1
2.903057 0.710545 -1
2.903057 0.760903 -1
2.903057 0.811261 -1
2.903057 0.861618 -1
2.903057 0.911976 -1
2.903057 0.962334 -1
2.903057 1.012691 -1
2.903057 1.063049 -1
2.903057 1.113407 -1
2.903057 1.163764 -1
2.903057 1.214122 -1
2.903057 1.264479 -1
2.903057 1.314837 -1
2.903057 1.365195 -1
2.903057 1.415552 -1
2.903057 1.465910 -1
2.903057 1.516268 -1
2.903057 1.566625 -1
2.903057 1.616983 -1
2.903057 1.667341 -1
2.903057 1.717698 -1
2.903057 1.768056 -1
2.903057 1.818414 -1
2.903057 1.868771 -1
2.903057 1.919129 -1
2.903057 1.969487 -1
2.903057 2.019844 -1
2.903057 2.070202 -1
2.903057 2.120560 -1
2.903057 2.170917 -1
2.903057 2.221275 -1
2.903057 2.271633 -1
2.903057 2.321990 -1
2.903057 2.372348 -1
2.903057 2.422706 -1
2.903057 2.473063 -1
2.903057 2.523421 -1
2.903057 2.573778 -1
2.903057 2.624136 -1
2.903057 2.674494 -1
2.903057 2.724851 -1
2.903057 2.775209 -1
2.903057 2.825567 -1
2.903057 2.875924 -1
2.903057 2.926282 -1
2.903057 2.976640 -1
2.903057 3.026997 -1
2.903057 3.077355 -1
2.903057 3.127713 -1
2.903057 3.178070 -1
2.903057 3.228428 -1
2.903057 3.278786 -1
2.903057 3.329143 -1
2.903057 3.379501 -1
2.903057 3.429859 -1
2.903057 3.480216 -1
2.903057 3.530574 -1
2.903057 3.580932 -1
2.903057 3.631289 -1
2.903057 3.681647 -1
2.903057 3.732005 -1
2.903057 3.782362 -1
2.903057 3.832720 -1
2.903057 3.883077 -1
2.903057 3.933435 -1
2.903057 3.983793 -1
2.903057 4.034150 -1
2.903057 4.084508 -1
2.903057 4.134866 -1
2.903057 4.185223 -1
2.903057 4.235581 -1
2.903057 4.285939 -1
2.903057 4.336296 -1
2.903057 4.386654 -1
2.903057 4.437012 -1
2.903057 4.487369 -1
2.903057 4.537727 -1
2.903057 4.588085 -1
2.903057 4.638442 -1
2.903057 4.688800 -1
2.903057 4.739158 -1
2.903057 4.789515 -1
2.903057 4.839873 -1
2.903057 4.890231 -1
2.903057 4.940588 -1
2.903057 4.990946 -1
2.903057 5.041303 -1
2.903057 5.091661 -1
2.903057 5.142019 -1
2.903057 5.192376 -1
2.903057 5.242734 -1
2.903057 5.293092 -1
2.903057 5.343449 -1
2.903057 5.393807 -1
2.903057 5.444165 -1
2.903057 5.494522 -1
2.903057 5.544880 -1
2.903057 5.595238 -1
2.903057 5.645595 -1
2.903057 5.695953 -1
2.903057 5.746311 -1
2.903057 5.796668 -1
2.903057 5.847026 -1
2.903057 5.897384 -1
2.903057 5.947741 -1
2.903057 5.998099 -1
2.903057 6.048457 -1
2.903057 6.098814 -1
2.903057 6.149172 -1
2.903057 6.199530 -1
2.903057 6.249887 -1
2.903057 6.300245 -1
2.903057 6.350602 -1
2.953265 -1.354118 -1
2.953265 -1.303761 -1
2.953265 -1.253403 -1
2.953265 -1.203046 -1
2.953265 -1.152688 -1
2.953265 -1.102330 -1
2.953265 -1.051973 -1
2.953265 -1.001615 -1
2.953265 -0.951257 -1
2.953265 -0.900900 -1
2.953265 -0.850542 -1
2.953265 -0.800184 -1
2.953265 -0.749827 -1
2.953265 -0.699469 -1
2.953265 -0.649111 -1
2.953265 -0.598754 -1
2.953265 -0.548396 -1
2.953265 -0.498038 -1
2.953265 -0.447681 -1
2.953265 -0.397323 -1
2.953265 -0.346965 -1
2.953265 -0.296608 -1
2.953265 -0.246250 -1
2.953265 -0.195892 -1
2.953265 -0.145535 -1
2.953265 -0.095177 -1
2.953265 -0.044820 -1
2.953265 0.005538 -1
2.953265 0.055896 -1
2.953265 0.106253 -1
2.953265 0.156611 -1
2.953265 0.206969 -1
2.953265 0.257326 -1
2.953265 0.307684 -1
2.953265 0.358042 -1
2.953265 0.408399 -1
2.953265 0.458757 -1
2.953265 0.509115 -1
2.953265 0.559472 -1
2.953265 0.609830 -1
2.953265 0.660188 -1
2.953265 0.710545 -1
2.953265 0.760903 -1
2.953265 0.811261 -1
2.953265 0.861618 -1
2.953265 0.911976 -1
2.953265 0.962334 -1
2.953265 1.012691 -1
2.953265 1.063049 -1
2.953265 1.113407 -1
2.953265 1.163764 -1
2.953265 1.214122 -1
2.953265 1.264479 -1
2.953265 1.314837 -1
2.953265 1.365195 -1
2.953265 1.415552 -1
2.953265 1.465910 -1
2.953265 1.516268 -1
2.953265 1.566625 -1
2.953265 1.616983 -1
2.953265 1.667341 -1
2.953265 1.717698 -1
2.953265 1.768056 -1
2.953265 1.818414 -1
2.953265 1.868771 -1
2.953265 1.919129 -1
2.953265 1.969487 -1
2.953265 2.019844 -1
2.953265 2.070202 -1
2.953265 2.120560 -1
2.953265 2.170917 -1
2.953265 2.221275 -1
2.953265 2.271633 -1
2.953265 2.321990 -1
2.953265 2.372348 -1
2.953265 2.422706 -1
2.953265 2.473063 -1
2.953265 2.523421 -1
2.953265 2.573778 -1
2.953265 2.624136 -1
2.953265 2.674494 -1
2.953265 2.724851 -1
2.953265 2.775209 -1
2.953265 2.825567 -1
2.953265 2.875924 -1
2.953265 2.926282 -1
2.953265 2.976640 -1
2.953265 3.026997 -1
2.953265 3.077355 -1
2.953265 3.127713 -1
2.953265 3.178070 -1
2.953265 3.228428 -1
2.953265 3.278786 -1
2.953265 3.329143 -1
2.953265 3.379501 -1
2.953265 3.429859 -1
2.953265 3.480216 -1
2.953265 3.530574 -1
2.953265 3.580932 -1
2.953265 3.631289 -1
2.953265 3.681647 -1
2.953265 3.732005 -1
2.953265 3.782362 -1
2.953265 3.832720 -1
2.953265 3.883077 -1
2.953265 3.933435 -1
2.953265 3.983793 -1
2.953265 4.034150 -1
2.953265 4.084508 -1
2.953265 4.134866 -1
2.953265 4.185223 -1
2.953265 4.235581 -1
2.953265 4.285939 -1
2.953265 4.336296 -1
2.953265 4.386654 -1
2.953265 4.437012 -1
2.953265 4.487369 -1
2.953265 4.537727 -1
2.953265 4.588085 -1
2.953265 4.638442 -1
2.953265 4.688800 -1
2.953265 4.739158 -1
2.953265 4.789515 -1
2.953265 4.839873 -1
2.953265 4.890231 -1
2.953265 4.940588 -1
2.953265 4.990946 -1
2.953265 5.041303 -1
2.953265 5.091661 -1
2.953265 5.142019 -1
2.953265 5.192376 -1
2.953265 5.242734 -1
2.953265 5.293092 -1
2.953265 5.343449 -1
2.953265 5.393807 -1
2.953265 5.444165 -1
2.953265 5.494522 -1
2.953265 5.544880 -1
2.953265 5.595238 -1
2.953265 5.645595 -1
2.953265 5.695953 -1
2.953265 5.746311 -1
2.953265 5.796668 -1
2.953265 5.847026 -1
2.953265 5.897384 -1
2.953265 5.947741 -1
2.953265 5.998099 -1
2.953265 6.048457 -1
2.953265 6.098814 -1
2.953265 6.149172 -1
2.953265 6.199530 -1
2.953265 6.249887 -1
2.953265 6.300245 -1
2.953265 6.350602 -1
3.003473 -1.354118 -1
3.003473 -1.303761 -1
3.003473 -1.253403 -1
3.003473 -1.203046 -1
3.003473 -1.152688 -1
3.003473 -1.102330 -1
3.003473 -1.051973 -1
3.003473 -1.001615 -1
3.003473 -0.951257 -1
3.003473 -0.900900 -1
3.003473 -0.850542 -1
3.003473 -0.800184 -1
3.003473 -0.749827 -1
3.003473 -0.699469 -1
3.003473 -0.649111 -1
3.003473 -0.598754 -1
3.003473 -0.548396 -1
3.003473 -0.498038 -1
3.003473 -0.447681 -1
3.003473 -0.397323 -1
3.003473 -0.346965 -1
3.003473 -0.296608 -1
3.003473 -0.246250 -1
3.003473 -0.195892 -1
3.003473 -0.145535 -1
3.003473 -0.095177 -1
3.003473 -0.044820 -1
3.003473 0.005538 -1
3.003473 0.055896 -1
3.003473 0.106253 -1
3.003473 0.156611 -1
3.003473 0.206969 -1
3.003473 0.257326 -1
3.003473 0.307684 -1
3.003473 0.358042 -1
3.003473 0.408399 -1
3.003473 0.458757 -1
3.003473 0.509115 -1
3.003473 0.559472 -1
3.003473 0.609830 -1
3.003473 0.660188 -1
3.003473 0.710545 -1
3.003473 0.760903 -1
3.003473 0.811261 -1
3.003473 0.861618 -1
3.003473 0.911976 -1
3.003473 0.962334 -1
3.003473 1.012691 -1
3.003473 1.063049 -1
3.003473 1.113407 -1
3.003473 1.163764 -1
3.003473 1.214122 -1
3.003473 1.264479 -1
3.003473 1.314837 -1
3.003473 1.365195 -1
3.003473 1.415552 -1
3.003473 1.465910 -1
3.003473 1.516268 -1
3.003473 1.566625 -1
3.003473 1.616983 -1
3.003473 1.667341 -1
3.003473 1.717698 -1
3.003473 1.768056 -1
3.003473 1.818414 -1
3.003473 1.868771 -1
3.003473 1.919129 -1
3.003473 1.969487 -1
3.003473 2.019844 -1
3.003473 2.070202 -1
3.003473 2.120560 -1
3.003473 2.170917 -1
3.003473 2.221275 -1
3.003473 2.271633 -1
3.003473 2.321990 -1
3.003473 2.372348 -1
3.003473 2.422706 -1
3.003473 2.473063 -1
3.003473 2.523421 -1
3.003473 2.573778 -1
3.003473 2.624136 -1
3.003473 2.674494 -1
3.003473 2.724851 -1
3.003473 2.775209 -1
3.003473 2.825567 -1
3.003473 2.875924 -1
3.003473 2.926282 -1
3.003473 2.976640 -1
3.003473 3.026997 -1
3.003473 3.077355 -1
3.003473 3.127713 -1
3.003473 3.178070 -1
3.003473 3.228428 -1
3.003473 3.278786 -1
3.003473 3.329143 -1
3.003473 3.379501 -1
3.003473 3.429859 -1
3.003473 3.480216 -1
3.003473 3.530574 -1
3.003473 3.580932 -1
3.003473 3.631289 -1
3.003473 3.681647 -1
3.003473 3.732005 -1
3.003473 3.782362 -1
3.003473 3.832720 -1
3.003473 3.883077 -1
3.003473 3.933435 -1
3.003473 3.983793 -1
3.003473 4.034150 -1
3.003473 4.084508 -1
3.003473 4.134866 -1
3.003473 4.185223 -1
3.003473 4.235581 -1
3.003473 4.285939 -1
3.003473 4.336296 -1
3.003473 4.386654 -1
3.003473 4.437012 -1
3.003473 4.487369 -1
3.003473 4.537727 -1
3.003473 4.588085 -1
3.003473 4.638442 -1
3.003473 4.688800 -1
3.003473 4.739158 -1
3.003473 4.789515 -1
3.003473 4.839873 -1
3.003473 4.890231 -1
3.003473 4.940588 -1
3.003473 4.990946 -1
3.003473 5.041303 -1
3.003473 5.091661 -1
3.003473 5.142019 -1
3.003473 5.192376 -1
3.003473 5.242734 -1
3.003473 5.293092 -1
3.003473 5.343449 -1
3.003473 5.393807 -1
3.003473 5.444165 -1
3.003473 5.494522 -1
3.003473 5.544880 -1
3.003473 5.595238 -1
3.003473 5.645595 -1
3.003473 5.695953 -1
3.003473 5.746311 -1
3.003473 5.796668 -1
3.003473 5.847026 -1
3.003473 5.897384 -1
3.003473 5.947741 -1
3.003473 5.998099 -1
3.003473 6.048457 -1
3.003473 6.098814 -1
3.003473 6.149172 -1
3.003473 6.199530 -1
3.003473 6.249887 -1
3.003473 6.300245 -1
3.003473 6.350602 -1
3.053681 -1.354118 -1
3.053681 -1.303761 -1
3.053681 -1.253403 -1
3.053681 -1.203046 -1
3.053681 -1.152688 -1
3.053681 -1.102330 -1
3.053681 -1.051973 -1
3.053681 -1.001615 -1
3.053681 -0.951257 -1
3.053681 -0.900900 -1
3.053681 -0.850542 -1
3.053681 -0.800184 -1
3.053681 -0.749827 -1
3.053681 -0.699469 -1
3.053681 -0.649111 -1
3.053681 -0.598754 -1
3.053681 -0.548396 -1
3.053681 -0.498038 -1
3.053681 -0.447681 -1
3.053681 -0.397323 -1
3.053681 -0.346965 -1
3.053681 -0.296608 -1
3.053681 -0.246250 -1
3.053681 -0.195892 -1
3.053681 -0.145535 -1
3.053681 -0.095177 -1
3.053681 -0.044820 -1
3.053681 0.005538 -1
3.053681 0.055896 -1
3.053681 0.106253 -1
3.053681 0.156611 -1
3.053681 0.206969 -1
3.053681 0.257326 -1
3.053681 0.307684 -1
3.053681 0.358042 -1
3.053681 0.408399 -1
3.053681 0.458757 -1
3.053681 0.509115 -1
3.053681 0.559472 -1
3.053681 0.609830 -1
3.053681 0.660188 -1
3.053681 0.710545 -1
3.053681 0.760903 -1
3.053681 0.811261 -1
3.053681 0.861618 -1
3.053681 0.911976 -1
3.053681 0.962334 -1
3.053681 1.012691 -1
3.053681 1.063049 -1
3.053681 1.113407 -1
3.053681 1.163764 -1
3.053681 1.214122 -1
3.053681 1.264479 -1
3.053681 1.314837 -1
3.053681 1.365195 -1
3.053681 1.415552 -1
3.053681 1.465910 -1
3.053681 1.516268 -1
3.053681 1.566625 -1
3.053681 1.616983 -1
3.053681 1.667341 -1
3.053681 1.717698 -1
3.053681 1.768056 -1
3.053681 1.818414 -1
3.053681 1.868771 -1
3.053681 1.919129 -1
3.053681 1.969487 -1
3.053681 2.019844 -1
3.053681 2.070202 -1
3.053681 2.120560 -1
3.053681 2.170917 -1
3.053681 2.221275 -1
3.053681 2.271633 -1
3.053681 2.321990 -1
3.053681 2.372348 -1
3.053681 2.422706 -1
3.053681 2.473063 -1
3.053681 2.523421 -1
3.053681 2.573778 -1
3.053681 2.624136 -1
3.053681 2.674494 -1
3.053681 2.724851 -1
3.053681 2.775209 -1
3.053681 2.825567 -1
3.053681 2.875924 -1
3.053681 2.926282 -1
3.053681 2.976640 -1
3.053681 3.026997 -1
3.053681 3.077355 -1
3.053681 3.127713 -1
3.053681 3.178070 -1
3.053681 3.228428 -1
3.053681 3.278786 -1
3.053681 3.329143 -1
3.053681 3.379501 -1
3.053681 3.429859 -1
3.053681 3.480216 -1
3.053681 3.530574 -1
3.053681 3.580932 -1
3.053681 3.631289 -1
3.053681 3.681647 -1
3.053681 3.732005 -1
3.053681 3.782362 -1
3.053681 3.832720 -1
3.053681 3.883077 -1
3.053681 3.933435 -1
3.053681 3.983793 -1
3.053681 4.034150 -1
3.053681 4.084508 -1
3.053681 4.134866 -1
3.053681 4.185223 -1
3.053681 4.235581 -1
3.053681 4.285939 -1
3.053681 4.336296 -1
3.053681 4.386654 -1
3.053681 4.437012 -1
3.053681 4.487369 -1
3.053681 4.537727 -1
3.053681 4.588085 -1
3.053681 4.638442 -1
3.053681 4.688800 -1
3.053681 4.739158 -1
3.053681 4.789515 -1
3.053681 4.839873 -1
3.053681 4.890231 -1
3.053681 4.940588 -1
3.053681 4.990946 -1
3.053681 5.041303 -1
3.053681 5.091661 -1
3.053681 5.142019 -1
3.053681 5.192376 -1
3.053681 5.242734 -1
3.053681 5.293092 -1
3.053681 5.343449 -1
3.053681 5.393807 -1
3.053681 5.444165 -1
3.053681 5.494522 -1
3.053681 5.544880 -1
3.053681 5.595238 -1
3.053681 5.645595 -1
3.053681 5.695953 -1
3.053681 5.746311 -1
3.053681 5.796668 -1
3.053681 5.847026 -1
3.053681 5.897384 -1
3.053681 5.947741 -1
3.053681 5.998099 -1
3.053681 6.048457 -1
3.053681 6.098814 -1
3.053681 6.149172 -1
3.053681 6.199530 -1
3.053681 6.249887 -1
3.053681 6.300245 -1
3.053681 6.350602 -1
3.103889 -1.354118 -1
3.103889 -1.303761 -1
3.103889 -1.253403 -1
3.103889 -1.203046 -1
3.103889 -1.152688 -1
3.103889 -1.102330 -1
3.103889 -1.051973 -1
3.103889 -1.001615 -1
3.103889 -0.951257 -1
3.103889 -0.900900 -1
3.103889 -0.850542 -1
3.103889 -0.800184 -1
3.103889 -0.749827 -1
3.103889 -0.699469 -1
3.103889 -0.649111 -1
3.103889 -0.598754 -1
3.103889 -0.548396 -1
3.103889 -0.498038 -1
3.103889 -0.447681 -1
3.103889 -0.397323 -1
3.103889 -0.346965 -1
3.103889 -0.296608 -1
3.103889 -0.246250 -1
3.103889 -0.195892 -1
3.103889 -0.145535 -1
3.103889 -0.095177 -1
3.103889 -0.044820 -1
3.103889 0.005538 -1
3.103889 0.055896 -1
3.103889 0.106253 -1
3.103889 0.156611 -1
3.103889 0.206969 -1
3.103889 0.257326 -1
3.103889 0.307684 -1
3.103889 0.358042 -1
3.103889 0.408399 -1
3.103889 0.458757 -1
3.103889 0.509115 -1
3.103889 0.559472 -1
3.103889 0.609830 -1
3.103889 0.660188 -1
3.103889 0.710545 -1
3.103889 0.760903 -1
3.103889 0.811261 -1
3.103889 0.861618 -1
3.103889 0.911976 -1
3.103889 0.962334 -1
3.103889 1.012691 -1
3.103889 1.063049 -1
3.103889 1.113407 -1
3.103889 1.163764 -1
3.103889 1.214122 -1
3.103889 1.264479 -1
3.103889 1.314837 -1
3.103889 1.365195 -1
3.103889 1.415552 -1
3.103889 1.465910 -1
3.103889 1.516268 -1
3.103889 1.566625 -1
3.103889 1.616983 -1
3.103889 1.667341 -1
3.103889 1.717698 -1
3.103889 1.768056 -1
3.103889 1.818414 -1
3.103889 1.868771 -1
3.103889 1.919129 -1
3.103889 1.969487 -1
3.103889 2.019844 -1
3.103889 2.070202 -1
3.103889 2.120560 -1
3.103889 2.170917 -1
3.103889 2.221275 -1
3.103889 2.271633 -1
3.103889 2.321990 -1
3.103889 2.372348 -1
3.103889 2.422706 -1
3.103889 2.473063 -1
3.103889 2.523421 -1
3.103889 2.573778 -1
3.103889 2.624136 -1
3.103889 2.674494 -1
3.103889 2.724851 -1
3.103889 2.775209 -1
3.103889 2.825567 -1
3.103889 2.875924 -1
3.103889 2.926282 -1
3.103889 2.976640 -1
3.103889 3.026997 -1
3.103889 3.077355 -1
3.103889 3.127713 -1
3.103889 3.178070 -1
3.103889 3.228428 -1
3.103889 3.278786 -1
3.103889 3.329143 -1
3.103889 3.379501 -1
3.103889 3.429859 -1
3.103889 3.480216 -1
3.103889 3.530574 -1
3.103889 3.580932 -1
3.103889 3.631289 -1
3.103889 3.681647 -1
3.103889 3.732005 -1
3.103889 3.782362 -1
3.103889 3.832720 -1
3.103889 3.883077 -1
3.103889 3.933435 -1
3.103889 3.983793 -1
3.103889 4.034150 -1
3.103889 4.084508 -1
3.103889 4.134866 -1
3.103889 4.185223 -1
3.103889 4.235581 -1
3.103889 4.285939 -1
3.103889 4.336296 -1
3.103889 4.386654 -1
3.103889 4.437012 -1
3.103889 4.487369 -1
3.103889 4.537727 -1
3.103889 4.588085 -1
3.103889 4.638442 -1
3.103889 4.688800 -1
3.103889 4.739158 -1
3.103889 4.789515 -1
3.103889 4.839873 -1
3.103889 4.890231 -1
3.103889 4.940588 -1
3.103889 4.990946 -1
3.103889 5.041303 -1
3.103889 5.091661 -1
3.103889 5.142019 -1
3.103889 5.192376 -1
3.103889 5.242734 -1
3.103889 5.293092 -1
3.103889 5.343449 -1
3.103889 5.393807 -1
3.103889 5.444165 -1
3.103889 5.494522 -1
3.103889 5.544880 -1
3.103889 5.595238 -1
3.103889 5.645595 -1
3.103889 5.695953 -1
3.103889 5.746311 -1
3.103889 5.796668 -1
3.103889 5.847026 -1
3.103889 5.897384 -1
3.103889 5.947741 -1
3.103889 5.998099 -1
3.103889 6.048457 -1
3.103889 6.098814 -1
3.103889 6.149172 -1
3.103889 6.199530 -1
3.103889 6.249887 -1
3.103889 6.300245 -1
3.103889 6.350602 -1
3.154097 -1.354118 -1
3.154097 -1.303761 -1
3.154097 -1.253403 -1
3.154097 -1.203046 -1
3.154097 -1.152688 -1
3.154097 -1.102330 -1
3.154097 -1.051973 -1
3.154097 -1.001615 -1
3.154097 -0.951257 -1
3.154097 -0.900900 -1
3.154097 -0.850542 -1
3.154097 -0.800184 -1
3.154097 -0.749827 -1
3.154097 -0.699469 -1
3.154097 -0.649111 -1
3.154097 -0.598754 -1
3.154097 -0.548396 -1
3.154097 -0.498038 -1
3.154097 -0.447681 -1
3.154097 -0.397323 -1
3.154097 -0.346965 -1
3.154097 -0.296608 -1
3.154097 -0.246250 -1
3.154097 -0.195892 -1
3.154097 -0.145535 -1
3.154097 -0.095177 -1
3.154097 -0.044820 -1
3.154097 0.005538 -1
3.154097 0.055896 -1
3.154097 0.106253 -1
3.154097 0.156611 -1
3.154097 0.206969 -1
3.154097 0.257326 -1
3.154097 0.307684 -1
3.154097 0.358042 -1
3.154097 0.408399 -1
3.154097 0.458757 -1
3.154097 0.509115 -1
3.154097 0.559472 -1
3.154097 0.609830 -1
3.154097 0.660188 -1
3.154097 0.710545 -1
3.154097 0.760903 -1
3.154097 0.811261 -1
3.154097 0.861618 -1
3.154097 0.911976 -1
3.154097 0.962334 -1
3.154097 1.012691 -1
3.154097 1.063049 -1
3.154097 1.113407 -1
3.154097 1.163764 -1
3.154097 1.214122 -1
3.154097 1.264479 -1
3.154097 1.314837 -1
3.154097 1.365195 -1
3.154097 1.415552 -1
3.154097 1.465910 -1
3.154097 1.516268 -1
3.154097 1.566625 -1
3.154097 1.616983 -1
3.154097 1.667341 -1
3.154097 1.717698 -1
3.154097 1.768056 -1
3.154097 1.818414 -1
3.154097 1.868771 -1
3.154097 1.919129 -1
3.154097 1.969487 -1
3.154097 2.019844 -1
3.154097 2.070202 -1
3.154097 2.120560 -1
3.154097 2.170917 -1
3.154097 2.221275 -1
3.154097 2.271633 -1
3.154097 2.321990 -1
3.154097 2.372348 -1
3.154097 2.422706 -1
3.154097 2.473063 -1
3.154097 2.523421 -1
3.154097 2.573778 -1
3.154097 2.624136 -1
3.154097 2.674494 -1
3.154097 2.724851 -1
3.154097 2.775209 -1
3.154097 2.825567 -1
3.154097 2.875924 -1
3.154097 2.926282 -1
3.154097 2.976640 -1
3.154097 3.026997 -1
3.154097 3.077355 -1
3.154097 3.127713 -1
3.154097 3.178070 -1
3.154097 3.228428 -1
3.154097 3.278786 -1
3.154097 3.329143 -1
3.154097 3.379501 -1
3.154097 3.429859 -1
3.154097 3.480216 -1
3.154097 3.530574 -1
3.154097 3.580932 -1
3.154097 3.631289 -1
3.154097 3.681647 -1
3.154097 3.732005 -1
3.154097 3.782362 -1
3.154097 3.832720 -1
3.154097 3.883077 -1
3.154097 3.933435 -1
3.154097 3.983793 -1
3.154097 4.034150 -1
3.154097 4.084508 -1
3.154097 4.134866 -1
3.154097 4.185223 -1
3.154097 4.235581 -1
3.154097 4.285939 -1
3.154097 4.336296 -1
3.154097 4.386654 -1
3.154097 4.437012 -1
3.154097 4.487369 -1
3.154097 4.537727 -1
3.154097 4.588085 -1
3.154097 4.638442 -1
3.154097 4.688800 -1
3.154097 4.739158 -1
3.154097 4.789515 -1
3.154097 4.839873 -1
3.154097 4.890231 -1
3.154097 4.940588 -1
3.154097 4.990946 -1
3.154097 5.041303 -1
3.154097 5.091661 -1
3.154097 5.142019 -1
3.154097 5.192376 -1
3.154097 5.242734 -1
3.154097 5.293092 -1
3.154097 5.343449 -1
3.154097 5.393807 -1
3.154097 5.444165 -1
3.154097 5.494522 -1
3.154097 5.544880 -1
3.154097 5.595238 -1
3.154097 5.645595 -1
3.154097 5.695953 -1
3.154097 5.746311 -1
3.154097 5.796668 -1
3.154097 5.847026 -1
3.154097 5.897384 -1
3.154097 5.947741 -1
3.154097 5.998099 -1
3.154097 6.048457 -1
3.154097 6.098814 -1
3.154097 6.149172 -1
3.154097 6.199530 -1
3.154097 6.249887 -1
3.154097 6.300245 -1
3.154097 6.350602 -1
3.204305 -1.354118 -1
3.204305 -1.303761 -1
3.204305 -1.253403 -1
3.204305 -1.203046 -1
3.204305 -1.152688 -1
3.204305 -1.102330 -1
3.204305 -1.051973 -1
3.204305 -1.001615 -1
3.204305 -0.951257 -1
3.204305 -0.900900 -1
3.204305 -0.850542 -1
3.204305 -0.800184 -1
3.204305 -0.749827 -1
3.204305 -0.699469 -1
3.204305 -0.649111 -1
3.204305 -0.598754 -1
3.204305 -0.548396 -1
3.204305 -0.498038 -1
3.204305 -0.447681 -1
3.204305 -0.397323 -1
3.204305 -0.346965 -1
3.204305 -0.296608 -1
3.204305 -0.246250 -1
3.204305 -0.195892 -1
3.204305 -0.145535 -1
3.204305 -0.095177 -1
3.204305 -0.044820 -1
3.204305 0.005538 -1
3.204305 0.055896 -1
3.204305 0.106253 -1
3.204305 0.156611 -1
3.204305 0.206969 -1
3.204305 0.257326 -1
3.204305 0.307684 -1
3.204305 0.358042 -1
3.204305 0.408399 -1
3.204305 0.458757 -1
3.204305 0.509115 -1
3.204305 0.559472 -1
3.204305 0.609830 -1
3.204305 0.660188 -1
3.204305 0.710545 -1
3.204305 0.760903 -1
3.204305 0.811261 -1
3.204305 0.861618 -1
3.204305 0.911976 -1
3.204305 0.962334 -1
3.204305 1.012691 -1
3.204305 1.063049 -1
3.204305 1.113407 -1
3.204305 1.163764 -1
3.204305 1.214122 -1
3.204305 1.264479 -1
3.204305 1.314837 -1
3.204305 1.365195 -1
3.204305 1.415552 -1
3.204305 1.465910 -1
3.204305 1.516268 -1
3.204305 1.566625 -1
3.204305 1.616983 -1
3.204305 1.667341 -1
3.204305 1.717698 -1
3.204305 1.768056 -1
3.204305 1.818414 -1
3.204305 1.868771 -1
3.204305 1.919129 -1
3.204305 1.969487 -1
3.204305 2.019844 -1
3.204305 2.070202 -1
3.204305 2.120560 -1
3.204305 2.170917 -1
3.204305 2.221275 -1
3.204305 2.271633 -1
3.204305 2.321990 -1
3.204305 2.372348 -1
3.204305 2.422706 -1
3.204305 2.473063 -1
3.204305 2.523421 -1
3.204305 2.573778 -1
3.204305 2.624136 -1
3.204305 2.674494 -1
3.204305 2.724851 -1
3.204305 2.775209 -1
3.204305 2.825567 -1
3.204305 2.875924 -1
3.204305 2.926282 -1
3.204305 2.976640 -1
3.204305 3.026997 -1
3.204305 3.077355 -1
3.204305 3.127713 -1
3.204305 3.178070 -1
3.204305 3.228428 -1
3.204305 3.278786 -1
3.204305 3.329143 -1
3.204305 3.379501 -1
3.204305 3.429859 -1
3.204305 3.480216 -1
3.204305 3.530574 -1
3.204305 3.580932 -1
3.204305 3.631289 -1
3.204305 3.681647 -1
3.204305 3.732005 -1
3.204305 3.782362 -1
3.204305 3.832720 -1
3.204305 3.883077 -1
3.204305 3.933435 -1
3.204305 3.983793 -1
3.204305 4.034150 -1
3.204305 4.084508 -1
3.204305 4.134866 -1
3.204305 4.185223 -1
3.204305 4.235581 -1
3.204305 4.285939 -1
3.204305 4.336296 -1
3.204305 4.386654 -1
3.204305 4.437012 -1
3.204305 4.487369 -1
3.204305 4.537727 -1
3.204305 4.588085 -1
3.204305 4.638442 -1
3.204305 4.688800 -1
3.204305 4.739158 -1
3.204305 4.789515 -1
3.204305 4.839873 -1
3.204305 4.890231 -1
3.204305 4.940588 -1
3.204305 4.990946 -1
3.204305 5.041303 -1
3.204305 5.091661 -1
3.204305 5.142019 -1
3.204305 5.192376 -1
3.204305 5.242734 -1
3.204305 5.293092 -1
3.204305 5.343449 -1
3.204305 5.393807 -1
3.204305 5.444165 -1
3.204305 5.494522 -1
3.204305 5.544880 -1
3.204305 5.595238 -1
3.204305 5.645595 -1
3.204305 5.695953 -1
3.204305 5.746311 -1
3.204305 5.796668 -1
3.204305 5.847026 -1
3.204305 5.897384 -1
3.204305 5.947741 -1
3.204305 5.998099 -1
3.204305 6.048457 -1
3.204305 6.098814 -1
3.204305 6.149172 -1
3.204305 6.199530 -1
3.204305 6.249887 -1
3.204305 6.300245 -1
3.204305 6.350602 -1
3.254513 -1.354118 -1
3.254513 -1.303761 -1
3.254513 -1.253403 -1
3.254513 -1.203046 -1
3.254513 -1.152688 -1
3.254513 -1.102330 -1
3.254513 -1.051973 -1
3.254513 -1.001615 -1
3.254513 -0.951257 -1
3.254513 -0.900900 -1
3.254513 -0.850542 -1
3.254513 -0.800184 -1
3.254513 -0.749827 -1
3.254513 -0.699469 -1
3.254513 -0.649111 -1
3.254513 -0.598754 -1
3.254513 -0.548396 -1
3.254513 -0.498038 -1
3.254513 -0.447681 -1
3.254513 -0.397323 -1
3.254513 -0.346965 -1
3.254513 -0.296608 -1
3.254513 -0.246250 -1
3.254513 -0.195892 -1
3.254513 -0.145535 -1
3.254513 -0.095177 -1
3.254513 -0.044820 -1
3.254513 0.005538 -1
3.254513 0.055896 -1
3.254513 0.106253 -1
3.254513 0.156611 -1
3.254513 0.206969 -1
3.254513 0.257326 -1
3.254513 0.307684 -1
3.254513 0.358042 -1
3.254513 0.408399 -1
3.254513 0.458757 -1
3.254513 0.509115 -1
3.254513 0.559472 -1
3.254513 0.609830 -1
3.254513 0.660188 -1
3.254513 0.710545 -1
3.254513 0.760903 -1
3.254513 0.811261 -1
3.254513 0.861618 -1
3.254513 0.911976 -1
3.254513 0.962334 -1
3.254513 1.012691 -1
3.254513 1.063049 -1
3.254513 1.113407 -1
3.254513 1.163764 -1
3.254513 1.214122 -1
3.254513 1.264479 -1
3.254513 1.314837 -1
3.254513 1.365195 -1
3.254513 1.415552 -1
3.254513 1.465910 -1
3.254513 1.516268 -1
3.254513 1.566625 -1
3.254513 1.616983 -1
3.254513 1.667341 -1
3.254513 1.717698 -1
3.254513 1.768056 -1
3.254513 1.818414 -1
3.254513 1.868771 -1
3.254513 1.919129 -1
3.254513 1.969487 -1
3.254513 2.019844 -1
3.254513 2.070202 -1
3.254513 2.120560 -1
3.254513 2.170917 -1
3.254513 2.221275 -1
3.254513 2.271633 -1
3.254513 2.321990 -1
3.254513 2.372348 -1
3.254513 2.422706 -1
3.254513 2.473063 -1
3.254513 2.523421 -1
3.254513 2.573778 -1
3.254513 2.624136 -1
3.254513 2.674494 -1
3.254513 2.724851 -1
3.254513 2.775209 -1
3.254513 2.825567 -1
3.254513 2.875924 -1
3.254513 2.926282 -1
3.254513 2.976640 -1
3.254513 3.026997 -1
3.254513 3.077355 -1
3.254513 3.127713 -1
3.254513 3.178070 -1
3.254513 3.228428 -1
3.254513 3.278786 -1
3.254513 3.329143 -1
3.254513 3.379501 -1
3.254513 3.429859 -1
3.254513 3.480216 -1
3.254513 3.530574 -1
3.254513 3.580932 -1
3.254513 3.631289 -1
3.254513 3.681647 -1
3.254513 3.732005 -1
3.254513 3.782362 -1
3.254513 3.832720 -1
3.254513 3.883077 -1
3.254513 3.933435 -1
3.254513 3.983793 -1
3.254513 4.034150 -1
3.254513 4.084508 -1
3.254513 4.134866 -1
3.254513 4.185223 -1
3.254513 4.235581 -1
3.254513 4.285939 -1
3.254513 4.336296 -1
3.254513 4.386654 -1
3.254513 4.437012 -1
3.254513 4.487369 -1
3.254513 4.537727 -1
3.254513 4.588085 -1
3.254513 4.638442 -1
3.254513 4.688800 -1
3.254513 4.739158 -1
3.254513 4.789515 -1
3.254513 4.839873 -1
3.254513 4.890231 -1
3.254513 4.940588 -1
3.254513 4.990946 -1
3.254513 5.041303 -1
3.254513 5.091661 -1
3.254513 5.142019 -1
3.254513 5.192376 -1
3.254513 5.242734 -1
3.254513 5.293092 -1
3.254513 5.343449 -1
3.254513 5.393807 -1
3.254513 5.444165 -1
3.254513 5.494522 -1
3.254513 5.544880 -1
3.254513 5.595238 -1
3.254513 5.645595 -1
3.254513 5.695953 -1
3.254513 5.746311 -1
3.254513 5.796668 -1
3.254513 5.847026 -1
3.254513 5.897384 -1
3.254513 5.947741 -1
3.254513 5.998099 -1
3.254513 6.048457 -1
3.254513 6.098814 -1
3.254513 6.149172 -1
3.254513 6.199530 -1
3.254513 6.249887 -1
3.254513 6.300245 -1
3.254513 6.350602 -1
3.304721 -1.354118 -1
3.304721 -1.303761 -1
3.304721 -1.253403 -1
3.304721 -1.203046 -1
3.304721 -1.152688 -1
3.304721 -1.102330 -1
3.304721 -1.051973 -1
3.304721 -1.001615 -1
3.304721 -0.951257 -1
3.304721 -0.900900 -1
3.304721 -0.850542 -1
3.304721 -0.800184 -1
3.304721 -0.749827 -1
3.304721 -0.699469 -1
3.304721 -0.649111 -1
3.304721 -0.598754 -1
3.304721 -0.548396 -1
3.304721 -0.498038 -1
3.304721 -0.447681 -1
3.304721 -0.397323 -1
3.304721 -0.346965 -1
3.304721 -0.296608 -1
3.304721 -0.246250 -1
3.304721 -0.195892 -1
3.304721 -0.145535 -1
3.304721 -0.095177 -1
3.304721 -0.044820 -1
3.304721 0.005538 -1
3.304721 0.055896 -1
3.304721 0.106253 -1
3.304721 0.156611 -1
3.304721 0.206969 -1
3.304721 0.257326 -1
3.304721 0.307684 -1
3.304721 0.358042 -1
3.304721 0.408399 -1
3.304721 0.458757 -1
3.304721 0.509115 -1
3.304721 0.559472 -1
3.304721 0.609830 -1
3.304721 0.660188 -1
3.304721 0.710545 -1
3.304721 0.760903 -1
3.304721 0.811261 -1
3.304721 0.861618 -1
3.304721 0.911976 -1
3.304721 0.962334 -1
3.304721 1.012691 -1
3.304721 1.063049 -1
3.304721 1.113407 -1
3.304721 1.163764 -1
3.304721 1.214122 -1
3.304721 1.264479 -1
3.304721 1.314837 -1
3.304721 1.365195 -1
3.304721 1.415552 -1
3.304721 1.465910 -1
3.304721 1.516268 -1
3.304721 1.566625 -1
3.304721 1.616983 -1
3.304721 1.667341 -1
3.304721 1.717698 -1
3.304721 1.768056 -1
3.304721 1.818414 -1
3.304721 1.868771 -1
3.304721 1.919129 -1
3.304721 1.969487 -1
3.304721 2.019844 -1
3.304721 2.070202 -1
3.304721 2.120560 -1
3.304721 2.170917 -1
3.304721 2.221275 -1
3.304721 2.271633 -1
3.304721 2.321990 -1
3.304721 2.372348 -1
3.304721 2.422706 -1
3.304721 2.473063 -1
3.304721 2.523421 -1
3.304721 2.573778 -1
3.304721 2.624136 -1
3.304721 2.674494 -1
3.304721 2.724851 -1
3.304721 2.775209 -1
3.304721 2.825567 -1
3.304721 2.875924 -1
3.304721 2.926282 -1
3.304721 2.976640 -1
3.304721 3.026997 -1
3.304721 3.077355 -1
3.304721 3.127713 -1
3.304721 3.178070 -1
3.304721 3.228428 -1
3.304721 3.278786 -1
3.304721 3.329143 -1
3.304721 3.379501 -1
3.304721 3.429859 -1
3.304721 3.480216 -1
3.304721 3.530574 -1
3.304721 3.580932 -1
3.304721 3.631289 -1
3.304721 3.681647 -1
3.304721 3.732005 -1
3.304721 3.782362 -1
3.304721 3.832720 -1
3.304721 3.883077 -1
3.304721 3.933435 -1
3.304721 3.983793 -1
3.304721 4.034150 -1
3.304721 4.084508 -1
3.304721 4.134866 -1
3.304721 4.185223 -1
3.304721 4.235581 -1
3.304721 4.285939 -1
3.304721 4.336296 -1
3.304721 4.386654 -1
3.304721 4.437012 -1
3.304721 4.487369 -1
3.304721 4.537727 -1
3.304721 4.588085 -1
3.304721 4.638442 -1
3.304721 4.688800 -1
3.304721 4.739158 -1
3.304721 4.789515 -1
3.304721 4.839873 -1
3.304721 4.890231 -1
3.304721 4.940588 -1
3.304721 4.990946 -1
3.304721 5.041303 -1
3.304721 5.091661 -1
3.304721 5.142019 -1
3.304721 5.192376 -1
3.304721 5.242734 -1
3.304721 5.293092 -1
3.304721 5.343449 -1
3.304721 5.393807 -1
3.304721 5.444165 -1
3.304721 5.494522 -1
3.304721 5.544880 -1
3.304721 5.595238 -1
3.304721 5.645595 -1
3.304721 5.695953 -1
3.304721 5.746311 -1
3.304721 5.796668 -1
3.304721 5.847026 -1
3.304721 5.897384 -1
3.304721 5.947741 -1
3.304721 5.998099 -1
3.304721 6.048457 -1
3.304721 6.098814 -1
3.304721 6.149172 -1
3.304721 6.199530 -1
3.304721 6.249887 -1
3.304721 6.300245 -1
3.304721 6.350602 -1
3.354929 -1.354118 -1
3.354929 -1.303761 -1
3.354929 -1.253403 -1
3.354929 -1.203046 -1
3.354929 -1.152688 -1
3.354929 -1.102330 -1
3.354929 -1.051973 -1
3.354929 -1.001615 -1
3.354929 -0.951257 -1
3.354929 -0.900900 -1
3.354929 -0.850542 -1
3.354929 -0.800184 -1
3.354929 -0.749827 -1
3.354929 -0.699469 -1
3.354929 -0.649111 -1
3.354929 -0.598754 -1
3.354929 -0.548396 -1
3.354929 -0.498038 -1
3.354929 -0.447681 -1
3.354929 -0.397323 -1
3.354929 -0.346965 -1
3.354929 -0.296608 -1
3.354929 -0.246250 -1
3.354929 -0.195892 -1
3.354929 -0.145535 -1
3.354929 -0.095177 -1
3.354929 -0.044820 -1
3.354929 0.005538 -1
3.354929 0.055896 -1
3.354929 0.106253 -1
3.354929 0.156611 -1
3.354929 0.206969 -1
3.354929 0.257326 -1
3.354929 0.307684 -1
3.354929 0.358042 -1
3.354929 0.408399 -1
3.354929 0.458757 -1
3.354929 0.509115 -1
3.354929 0.559472 -1
3.354929 0.609830 -1
3.354929 0.660188 -1
3.354929 0.710545 -1
3.354929 0.760903 -1
3.354929 0.811261 -1
3.354929 0.861618 -1
3.354929 0.911976 -1
3.354929 0.962334 -1
3.354929 1.012691 -1
3.354929 1.063049 -1
3.354929 1.113407 -1
3.354929 1.163764 -1
3.354929 1.214122 -1
3.354929 1.264479 -1
3.354929 1.314837 -1
3.354929 1.365195 -1
3.354929 1.415552 -1
3.354929 1.465910 -1
3.354929 1.516268 -1
3.354929 1.566625 -1
3.354929 1.616983 -1
3.354929 1.667341 -1
3.354929 1.717698 -1
3.354929 1.768056 -1
3.354929 1.818414 -1
3.354929 1.868771 -1
3.354929 1.919129 -1
3.354929 1.969487 -1
3.354929 2.019844 -1
3.354929 2.070202 -1
3.354929 2.120560 -1
3.354929 2.170917 -1
3.354929 2.221275 -1
3.354929 2.271633 -1
3.354929 2.321990 -1
3.354929 2.372348 -1
3.354929 2.422706 -1
3.354929 2.473063 -1
3.354929 2.523421 -1
3.354929 2.573778 -1
3.354929 2.624136 -1
3.354929 2.674494 -1
3.354929 2.724851 -1
3.354929 2.775209 -1
3.354929 2.825567 -1
3.354929 2.875924 -1
3.354929 2.926282 -1
3.354929 2.976640 -1
3.354929 3.026997 -1
3.354929 3.077355 -1
3.354929 3.127713 -1
3.354929 3.178070 -1
3.354929 3.228428 -1
3.354929 3.278786 -1
3.354929 3.329143 -1
3.354929 3.379501 -1
3.354929 3.429859 -1
3.354929 3.480216 -1
3.354929 3.530574 -1
3.354929 3.580932 -1
3.354929 3.631289 -1
3.354929 3.681647 -1
3.354929 3.732005 -1
3.354929 3.782362 -1
3.354929 3.832720 -1
3.354929 3.883077 -1
3.354929 3.933435 -1
3.354929 3.983793 -1
3.354929 4.034150 -1
3.354929 4.084508 -1
3.354929 4.134866 -1
3.354929 4.185223 -1
3.354929 4.235581 -1
3.354929 4.285939 -1
3.354929 4.336296 -1
3.354929 4.386654 -1
3.354929 4.437012 -1
3.354929 4.487369 -1
3.354929 4.537727 -1
3.354929 4.588085 -1
3.354929 4.638442 -1
3.354929 4.688800 -1
3.354929 4.739158 -1
3.354929 4.789515 -1
3.354929 4.839873 -1
3.354929 4.890231 -1
3.354929 4.940588 -1
3.354929 4.990946 -1
3.354929 5.041303 -1
3.354929 5.091661 -1
3.354929 5.142019 -1
3.354929 5.192376 -1
3.354929 5.242734 -1
3.354929 5.293092 -1
3.354929 5.343449 -1
3.354929 5.393807 -1
3.354929 5.444165 -1
3.354929 5.494522 -1
3.354929 5.544880 -1
3.354929 5.595238 -1
3.354929 5.645595 -1
3.354929 5.695953 -1
3.354929 5.746311 -1
3.354929 5.796668 -1
3.354929 5.847026 -1
3.354929 5.897384 -1
3.354929 5.947741 -1
3.354929 5.998099 -1
3.354929 6.048457 -1
3.354929 6.098814 -1
3.354929 6.149172 -1
3.354929 6.199530 -1
3.354929 6.249887 -1
3.354929 6.300245 -1
3.354929 6.350602 -1
3.405137 -1.354118 -1
3.405137 -1.303761 -1
3.405137 -1.253403 -1
3.405137 -1.203046 -1
3.405137 -1.152688 -1
3.405137 -1.102330 -1
3.405137 -1.051973 -1
3.405137 -1.001615 -1
3.405137 -0.951257 -1
3.405137 -0.900900 -1
3.405137 -0.850542 -1
3.405137 -0.800184 -1
3.405137 -0.749827 -1
3.405137 -0.699469 -1
3.405137 -0.649111 -1
3.405137 -0.598754 -1
3.405137 -0.548396 -1
3.405137 -0.498038 -1
3.405137 -0.447681 -1
3.405137 -0.397323 -1
3.405137 -0.346965 -1
3.405137 -0.296608 -1
3.405137 -0.246250 -1
3.405137 -0.195892 -1
3.405137 -0.145535 -1
3.405137 -0.095177 -1
3.405137 -0.044820 -1
3.405137 0.005538 -1
3.405137 0.055896 -1
3.405137 0.106253 -1
3.405137 0.156611 -1
3.405137 0.206969 -1
3.405137 0.257326 -1
3.405137 0.307684 -1
3.405137 0.358042 -1
3.405137 0.408399 -1
3.405137 0.458757 -1
3.405137 0.509115 -1
3.405137 0.559472 -1
3.405137 0.609830 -1
3.405137 0.660188 -1
3.405137 0.710545 -1
3.405137 0.760903 -1
3.405137 0.811261 -1
3.405137 0.861618 -1
3.405137 0.911976 -1
3.405137 0.962334 -1
3.405137 1.012691 -1
3.405137 1.063049 -1
3.405137 1.113407 -1
3.405137 1.163764 -1
3.405137 1.214122 -1
3.405137 1.264479 -1
3.405137 1.314837 -1
3.405137 1.365195 -1
3.405137 1.415552 -1
3.405137 1.465910 -1
3.405137 1.516268 -1
3.405137 1.566625 -1
3.405137 1.616983 -1
3.405137 1.667341 -1
3.405137 1.717698 -1
3.405137 1.768056 -1
3.405137 1.818414 -1
3.405137 1.868771 -1
3.405137 1.919129 -1
3.405137 1.969487 -1
3.405137 2.019844 -1
3.405137 2.070202 -1
3.405137 2.120560 -1
3.405137 2.170917 -1
3.405137 2.221275 -1
3.405137 2.271633 -1
3.405137 2.321990 -1
3.405137 2.372348 -1
3.405137 2.422706 -1
3.405137 2.473063 -1
3.405137 2.523421 -1
3.405137 2.573778 -1
3.405137 2.624136 -1
3.405137 2.674494 -1
3.405137 2.724851 -1
3.405137 2.775209 -1
3.405137 2.825567 -1
3.405137 2.875924 -1
3.405137 2.926282 -1
3.405137 2.976640 -1
3.405137 3.026997 -1
3.405137 3.077355 -1
3.405137 3.127713 -1
3.405137 3.178070 -1
3.405137 3.228428 -1
3.405137 3.278786 -1
3.405137 3.329143 -1
3.405137 3.379501 -1
3.405137 3.429859 -1
3.405137 3.480216 -1
3.405137 3.530574 -1
3.405137 3.580932 -1
3.405137 3.631289 -1
3.405137 3.681647 -1
3.405137 3.732005 -1
3.405137 3.782362 -1
3.405137 3.832720 -1
3.405137 3.883077 -1
3.405137 3.933435 -1
3.405137 3.983793 -1
3.405137 4.034150 -1
3.405137 4.084508 -1
3.405137 4.134866 -1
3.405137 4.185223 -1
3.405137 4.235581 -1
3.405137 4.285939 -1
3.405137 4.336296 -1
3.405137 4.386654 -1
3.405137 4.437012 -1
3.405137 4.487369 -1
3.405137 4.537727 -1
3.405137 4.588085 -1
3.405137 4.638442 -1
3.405137 4.688800 -1
3.405137 4.739158 -1
3.405137 4.789515 -1
3.405137 4.839873 -1
3.405137 4.890231 -1
3.405137 4.940588 -1
3.405137 4.990946 -1
3.405137 5.041303 -1
3.405137 5.091661 -1
3.405137 5.142019 -1
3.405137 5.192376 -1
3.405137 5.242734 -1
3.405137 5.293092 -1
3.405137 5.343449 -1
3.405137 5.393807 -1
3.405137 5.444165 -1
3.405137 5.494522 -1
3.405137 5.544880 -1
3.405137 5.595238 -1
3.405137 5.645595 -1
3.405137 5.695953 -1
3.405137 5.746311 -1
3.405137 5.796668 -1
3.405137 5.847026 -1
3.405137 5.897384 -1
3.405137 5.947741 -1
3.405137 5.998099 -1
3.405137 6.048457 -1
3.405137 6.098814 -1
3.405137 6.149172 -1
3.405137 6.199530 -1
3.405137 6.249887 -1
3.405137 6.300245 -1
3.405137 6.350602 -1
3.455345 -1.354118 -1
3.455345 -1.303761 -1
3.455345 -1.253403 -1
3.455345 -1.203046 -1
3.455345 -1.152688 -1
3.455345 -1.102330 -1
3.455345 -1.051973 -1
3.455345 -1.001615 -1
3.455345 -0.951257 -1
3.455345 -0.900900 -1
3.455345 -0.850542 -1
3.455345 -0.800184 -1
3.455345 -0.749827 -1
3.455345 -0.699469 -1
3.455345 -0.649111 -1
3.455345 -0.598754 -1
3.455345 -0.548396 -1
3.455345 -0.498038 -1
3.455345 -0.447681 -1
3.455345 -0.397323 -1
3.455345 -0.346965 -1
3.455345 -0.296608 -1
3.455345 -0.246250 -1
3.455345 -0.195892 -1
3.455345 -0.145535 -1
3.455345 -0.095177 -1
3.455345 -0.044820 -1
3.455345 0.005538 -1
3.455345 0.055896 -1
3.455345 0.106253 -1
3.455345 0.156611 -1
3.455345 0.206969 -1
3.455345 0.257326 -1
3.455345 0.307684 -1
3.455345 0.358042 -1
3.455345 0.408399 -1
3.455345 0.458757 -1
3.455345 0.509115 -1
3.455345 0.559472 -1
3.455345 0.609830 -1
3.455345 0.660188 -1
3.455345 0.710545 -1
3.455345 0.760903 -1
3.455345 0.811261 -1
3.455345 0.861618 -1
3.455345 0.911976 -1
3.455345 0.962334 -1
3.455345 1.012691 -1
3.455345 1.063049 -1
3.455345 1.113407 -1
3.455345 1.163764 -1
3.455345 1.214122 -1
3.455345 1.264479 -1
3.455345 1.314837 -1
3.455345 1.365195 -1
3.455345 1.415552 -1
3.455345 1.465910 -1
3.455345 1.516268 -1
3.455345 1.566625 -1
3.455345 1.616983 -1
3.455345 1.667341 -1
3.455345 1.717698 -1
3.455345 1.768056 -1
3.455345 1.818414 -1
3.455345 1.868771 -1
3.455345 1.919129 -1
3.455345 1.969487 -1
3.455345 2.019844 -1
3.455345 2.070202 -1
3.455345 2.120560 -1
3.455345 2.170917 -1
3.455345 2.221275 -1
3.455345 2.271633 -1
3.455345 2.321990 -1
3.455345 2.372348 -1
3.455345 2.422706 -1
3.455345 2.473063 -1
3.455345 2.523421 -1
3.455345 2.573778 -1
3.455345 2.624136 -1
3.455345 2.674494 -1
3.455345 2.724851 -1
3.455345 2.775209 -1
3.455345 2.825567 -1
3.455345 2.875924 -1
3.455345 2.926282 -1
3.455345 2.976640 -1
3.455345 3.026997 -1
3.455345 3.077355 -1
3.455345 3.127713 -1
3.455345 3.178070 -1
3.455345 3.228428 -1
3.455345 3.278786 -1
3.455345 3.329143 -1
3.455345 3.379501 -1
3.455345 3.429859 -1
3.455345 3.480216 -1
3.455345 3.530574 -1
3.455345 3.580932 -1
3.455345 3.631289 -1
3.455345 3.681647 -1
3.455345 3.732005 -1
3.455345 3.782362 -1
3.455345 3.832720 -1
3.455345 3.883077 -1
3.455345 3.933435 -1
3.455345 3.983793 -1
3.455345 4.034150 -1
3.455345 4.084508 -1
3.455345 4.134866 -1
3.455345 4.185223 -1
3.455345 4.235581 -1
3.455345 4.285939 -1
3.455345 4.336296 -1
3.455345 4.386654 -1
3.455345 4.437012 -1
3.455345 4.487369 -1
3.455345 4.537727 -1
3.455345 4.588085 -1
3.455345 4.638442 -1
3.455345 4.688800 -1
3.455345 4.739158 -1
3.455345 4.789515 -1
3.455345 4.839873 -1
3.455345 4.890231 -1
3.455345 4.940588 -1
3.455345 4.990946 -1
3.455345 5.041303 -1
3.455345 5.091661 -1
3.455345 5.142019 -1
3.455345 5.192376 -1
3.455345 5.242734 -1
3.455345 5.293092 -1
3.455345 5.343449 -1
3.455345 5.393807 -1
3.455345 5.444165 -1
3.455345 5.494522 -1
3.455345 5.544880 -1
3.455345 5.595238 -1
3.455345 5.645595 -1
3.455345 5.695953 -1
3.455345 5.746311 -1
3.455345 5.796668 -1
3.455345 5.847026 -1
3.455345 5.897384 -1
3.455345 5.947741 -1
3.455345 5.998099 -1
3.455345 6.048457 -1
3.455345 6.098814 -1
3.455345 6.149172 -1
3.455345 6.199530 -1
3.455345 6.249887 -1
3.455345 6.300245 -1
3.455345 6.350602 -1
3.505553 -1.354118 -1
3.505553 -1.303761 -1
3.505553 -1.253403 -1
3.505553 -1.203046 -1
3.505553 -1.152688 -1
3.505553 -1.102330 -1
3.505553 -1.051973 -1
3.505553 -1.001615 -1
3.505553 -0.951257 -1
3.505553 -0.900900 -1
3.505553 -0.850542 -1
3.505553 -0.800184 -1
3.505553 -0.749827 -1
3.505553 -0.699469 -1
3.505553 -0.649111 -1
3.505553 -0.598754 -1
3.505553 -0.548396 -1
3.505553 -0.498038 -1
3.505553 -0.447681 -1
3.505553 -0.397323 -1
3.505553 -0.346965 -1
3.505553 -0.296608 -1
3.505553 -0.246250 -1
3.505553 -0.195892 -1
3.505553 -0.145535 -1
3.505553 -0.095177 -1
3.505553 -0.044820 -1
3.505553 0.005538 -1
3.505553 0.055896 -1
3.505553 0.106253 -1
3.505553 0.156611 -1
3.505553 0.206969 -1
3.505553 0.257326 -1
3.505553 0.307684 -1
3.505553 0.358042 -1
3.505553 0.408399 -1
3.505553 0.458757 -1
3.505553 0.509115 -1
3.505553 0.559472 -1
3.505553 0.609830 -1
3.505553 0.660188 -1
3.505553 0.710545 -1
3.505553 0.760903 -1
3.505553 0.811261 -1
3.505553 0.861618 -1
3.505553 0.911976 -1
3.505553 0.962334 -1
3.505553 1.012691 -1
3.505553 1.063049 -1
3.505553 1.113407 -1
3.505553 1.163764 -1
3.505553 1.214122 -1
3.505553 1.264479 -1
3.505553 1.314837 -1
3.505553 1.365195 -1
3.505553 1.415552 -1
3.505553 1.465910 -1
3.505553 1.516268 -1
3.505553 1.566625 -1
3.505553 1.616983 -1
3.505553 1.667341 -1
3.505553 1.717698 -1
3.505553 1.768056 -1
3.505553 1.818414 -1
3.505553 1.868771 -1
3.505553 1.919129 -1
3.505553 1.969487 -1
3.505553 2.019844 -1
3.505553 2.070202 -1
3.505553 2.120560 -1
3.505553 2.170917 -1
3.505553 2.221275 -1
3.505553 2.271633 -1
3.505553 2.321990 -1
3.505553 2.372348 -1
3.505553 2.422706 -1
3.505553 2.473063 -1
3.505553 2.523421 -1
3.505553 2.573778 -1
3.505553 2.624136 -1
3.505553 2.674494 -1
3.505553 2.724851 -1
3.505553 2.775209 -1
3.505553 2.825567 -1
3.505553 2.875924 -1
3.505553 2.926282 -1
3.505553 2.976640 -1
3.505553 3.026997 -1
3.505553 3.077355 -1
3.505553 3.127713 -1
3.505553 3.178070 -1
3.505553 3.228428 -1
3.505553 3.278786 -1
3.505553 3.329143 -1
3.505553 3.379501 -1
3.505553 3.429859 -1
3.505553 3.480216 -1
3.505553 3.530574 -1
3.505553 3.580932 -1
3.505553 3.631289 -1
3.505553 3.681647 -1
3.505553 3.732005 -1
3.505553 3.782362 -1
3.505553 3.832720 -1
3.505553 3.883077 -1
3.505553 3.933435 -1
3.505553 3.983793 -1
3.505553 4.034150 -1
3.505553 4.084508 -1
3.505553 4.134866 -1
3.505553 4.185223 -1
3.505553 4.235581 -1
3.505553 4.285939 -1
3.505553 4.336296 -1
3.505553 4.386654 -1
3.505553 4.437012 -1
3.505553 4.487369 -1
3.505553 4.537727 -1
3.505553 4.588085 -1
3.505553 4.638442 -1
3.505553 4.688800 -1
3.505553 4.739158 -1
3.505553 4.789515 -1
3.505553 4.839873 -1
3.505553 4.890231 -1
3.505553 4.940588 -1
3.505553 4.990946 -1
3.505553 5.041303 -1
3.505553 5.091661 -1
3.505553 5.142019 -1
3.505553 5.192376 -1
3.505553 5.242734 -1
3.505553 5.293092 -1
3.505553 5.343449 -1
3.505553 5.393807 -1
3.505553 5.444165 -1
3.505553 5.494522 -1
3.505553 5.544880 -1
3.505553 5.595238 -1
3.505553 5.645595 -1
3.505553 5.695953 -1
3.505553 5.746311 -1
3.505553 5.796668 -1
3.505553 5.847026 -1
3.505553 5.897384 -1
3.505553 5.947741 -1
3.505553 5.998099 -1
3.505553 6.048457 -1
3.505553 6.098814 -1
3.505553 6.149172 -1
3.505553 6.199530 -1
3.505553 6.249887 -1
3.505553 6.300245 -1
3.505553 6.350602 -1
3.555761 -1.354118 -1
3.555761 -1.303761 -1
3.555761 -1.253403 -1
3.555761 -1.203046 -1
3.555761 -1.152688 -1
3.555761 -1.102330 -1
3.555761 -1.051973 -1
3.555761 -1.001615 -1
3.555761 -0.951257 -1
3.555761 -0.900900 -1
3.555761 -0.850542 -1
3.555761 -0.800184 -1
3.555761 -0.749827 -1
3.555761 -0.699469 -1
3.555761 -0.649111 -1
3.555761 -0.598754 -1
3.555761 -0.548396 -1
3.555761 -0.498038 -1
3.555761 -0.447681 -1
3.555761 -0.397323 -1
3.555761 -0.346965 -1
3.555761 -0.296608 -1
3.555761 -0.246250 -1
3.555761 -0.195892 -1
3.555761 -0.145535 -1
3.555761 -0.095177 -1
3.555761 -0.044820 -1
3.555761 0.005538 -1
3.555761 0.055896 -1
3.555761 0.106253 -1
3.555761 0.156611 -1
3.555761 0.206969 -1
3.555761 0.257326 -1
3.555761 0.307684 -1
3.555761 0.358042 -1
3.555761 0.408399 -1
3.555761 0.458757 -1
3.555761 0.509115 -1
3.555761 0.559472 -1
3.555761 0.609830 -1
3.555761 0.660188 -1
3.555761 0.710545 -1
3.555761 0.760903 -1
3.555761 0.811261 -1
3.555761 0.861618 -1
3.555761 0.911976 -1
3.555761 0.962334 -1
3.555761 1.012691 -1
3.555761 1.063049 -1
3.555761 1.113407 -1
3.555761 1.163764 -1
3.555761 1.214122 -1
3.555761 1.264479 -1
3.555761 1.314837 -1
3.555761 1.365195 -1
3.555761 1.415552 -1
3.555761 1.465910 -1
3.555761 1.516268 -1
3.555761 1.566625 -1
3.555761 1.616983 -1
3.555761 1.667341 -1
3.555761 1.717698 -1
3.555761 1.768056 -1
3.555761 1.818414 -1
3.555761 1.868771 -1
3.555761 1.919129 -1
3.555761 1.969487 -1
3.555761 2.019844 -1
3.555761 2.070202 -1
3.555761 2.120560 -1
3.555761 2.170917 -1
3.555761 2.221275 -1
3.555761 2.271633 -1
3.555761 2.321990 -1
3.555761 2.372348 -1
3.555761 2.422706 -1
3.555761 2.473063 -1
3.555761 2.523421 -1
3.555761 2.573778 -1
3.555761 2.624136 -1
3.555761 2.674494 -1
3.555761 2.724851 -1
3.555761 2.775209 -1
3.555761 2.825567 -1
3.555761 2.875924 -1
3.555761 2.926282 -1
3.555761 2.976640 -1
3.555761 3.026997 -1
3.555761 3.077355 -1
3.555761 3.127713 -1
3.555761 3.178070 -1
3.555761 3.228428 -1
3.555761 3.278786 -1
3.555761 3.329143 -1
3.555761 3.379501 -1
3.555761 3.429859 -1
3.555761 3.480216 -1
3.555761 3.530574 -1
3.555761 3.580932 -1
3.555761 3.631289 -1
3.555761 3.681647 -1
3.555761 3.732005 -1
3.555761 3.782362 -1
3.555761 3.832720 -1
3.555761 3.883077 -1
3.555761 3.933435 -1
3.555761 3.983793 -1
3.555761 4.034150 -1
3.555761 4.084508 -1
3.555761 4.134866 -1
3.555761 4.185223 -1
3.555761 4.235581 -1
3.555761 4.285939 -1
3.555761 4.336296 -1
3.555761 4.386654 -1
3.555761 4.437012 -1
3.555761 4.487369 -1
3.555761 4.537727 -1
3.555761 4.588085 -1
3.555761 4.638442 -1
3.555761 4.688800 -1
3.555761 4.739158 -1
3.555761 4.789515 -1
3.555761 4.839873 -1
3.555761 4.890231 -1
3.555761 4.940588 -1
3.555761 4.990946 -1
3.555761 5.041303 -1
3.555761 5.091661 -1
3.555761 5.142019 -1
3.555761 5.192376 -1
3.555761 5.242734 -1
3.555761 5.293092 -1
3.555761 5.343449 -1
3.555761 5.393807 -1
3.555761 5.444165 -1
3.555761 5.494522 -1
3.555761 5.544880 -1
3.555761 5.595238 -1
3.555761 5.645595 -1
3.555761 5.695953 -1
3.555761 5.746311 -1
3.555761 5.796668 -1
3.555761 5.847026 -1
3.555761 5.897384 -1
3.555761 5.947741 -1
3.555761 5.998099 -1
3.555761 6.048457 -1
3.555761 6.098814 -1
3.555761 6.149172 -1
3.555761 6.199530 -1
3.555761 6.249887 -1
3.555761 6.300245 -1
3.555761 6.350602 -1
3.605969 -1.354118 -1
3.605969 -1.303761 -1
3.605969 -1.253403 -1
3.605969 -1.203046 -1
3.605969 -1.152688 -1
3.605969 -1.102330 -1
3.605969 -1.051973 -1
3.605969 -1.001615 -1
3.605969 -0.951257 -1
3.605969 -0.900900 -1
3.605969 -0.850542 -1
3.605969 -0.800184 -1
3.605969 -0.749827 -1
3.605969 -0.699469 -1
3.605969 -0.649111 -1
3.605969 -0.598754 -1
3.605969 -0.548396 -1
3.605969 -0.498038 -1
3.605969 -0.447681 -1
3.605969 -0.397323 -1
3.605969 -0.346965 -1
3.605969 -0.296608 -1
3.605969 -0.246250 -1
3.605969 -0.195892 -1
3.605969 -0.145535 -1
3.605969 -0.095177 -1
3.605969 -0.044820 -1
3.605969 0.005538 -1
3.605969 0.055896 -1
3.605969 0.106253 -1
3.605969 0.156611 -1
3.605969 0.206969 -1
3.605969 0.257326 -1
3.605969 0.307684 -1
3.605969 0.358042 -1
3.605969 0.408399 -1
3.605969 0.458757 -1
3.605969 0.509115 -1
3.605969 0.559472 -1
3.605969 0.609830 -1
3.605969 0.660188 -1
3.605969 0.710545 -1
3.605969 0.760903 -1
3.605969 0.811261 -1
3.605969 0.861618 -1
3.605969 0.911976 -1
3.605969 0.962334 -1
3.605969 1.012691 -1
3.605969 1.063049 -1
3.605969 1.113407 -1
3.605969 1.163764 -1
3.605969 1.214122 -1
3.605969 1.264479 -1
3.605969 1.314837 -1
3.605969 1.365195 -1
3.605969 1.415552 -1
3.605969 1.465910 -1
3.605969 1.516268 -1
3.605969 1.566625 -1
3.605969 1.616983 -1
3.605969 1.667341 -1
3.605969 1.717698 -1
3.605969 1.768056 -1
3.605969 1.818414 -1
3.605969 1.868771 -1
3.605969 1.919129 -1
3.605969 1.969487 -1
3.605969 2.019844 -1
3.605969 2.070202 -1
3.605969 2.120560 -1
3.605969 2.170917 -1
3.605969 2.221275 -1
3.605969 2.271633 -1
3.605969 2.321990 -1
3.605969 2.372348 -1
3.605969 2.422706 -1
3.605969 2.473063 -1
3.605969 2.523421 -1
3.605969 2.573778 -1
3.605969 2.624136 -1
3.605969 2.674494 -1
3.605969 2.724851 -1
3.605969 2.775209 -1
3.605969 2.825567 -1
3.605969 2.875924 -1
3.605969 2.926282 -1
3.605969 2.976640 -1
3.605969 3.026997 -1
3.605969 3.077355 -1
3.605969 3.127713 -1
3.605969 3.178070 -1
3.605969 3.228428 -1
3.605969 3.278786 -1
3.605969 3.329143 -1
3.605969 3.379501 -1
3.605969 3.429859 -1
3.605969 3.480216 -1
3.605969 3.530574 -1
3.605969 3.580932 -1
3.605969 3.631289 -1
3.605969 3.681647 -1
3.605969 3.732005 -1
3.605969 3.782362 -1
3.605969 3.832720 -1
3.605969 3.883077 -1
3.605969 3.933435 -1
3.605969 3.983793 -1
3.605969 4.034150 -1
3.605969 4.084508 -1
3.605969 4.134866 -1
3.605969 4.185223 -1
3.605969 4.235581 -1
3.605969 4.285939 -1
3.605969 4.336296 -1
3.605969 4.386654 -1
3.605969 4.437012 -1
3.605969 4.487369 -1
3.605969 4.537727 -1
3.605969 4.588085 -1
3.605969 4.638442 -1
3.605969 4.688800 -1
3.605969 4.739158 -1
3.605969 4.789515 -1
3.605969 4.839873 -1
3.605969 4.890231 -1
3.605969 4.940588 -1
3.605969 4.990946 -1
3.605969 5.041303 -1
3.605969 5.091661 -1
3.605969 5.142019 -1
3.605969 5.192376 -1
3.605969 5.242734 -1
3.605969 5.293092 -1
3.605969 5.343449 -1
3.605969 5.393807 -1
3.605969 5.444165 -1
3.605969 5.494522 -1
3.605969 5.544880 -1
3.605969 5.595238 -1
3.605969 5.645595 -1
3.605969 5.695953 -1
3.605969 5.746311 -1
3.605969 5.796668 -1
3.605969 5.847026 -1
3.605969 5.897384 -1
3.605969 5.947741 -1
3.605969 5.998099 -1
3.605969 6.048457 -1
3.605969 6.098814 -1
3.605969 6.149172 -1
3.605969 6.199530 -1
3.605969 6.249887 -1
3.605969 6.300245 -1
3.605969 6.350602 -1
3.656177 -1.354118 -1
3.656177 -1.303761 -1
3.656177 -1.253403 -1
3.656177 -1.203046 -1
3.656177 -1.152688 -1
3.656177 -1.102330 -1
3.656177 -1.051973 -1
3.656177 -1.001615 -1
3.656177 -0.951257 -1
3.656177 -0.900900 -1
3.656177 -0.850542 -1
3.656177 -0.800184 -1
3.656177 -0.749827 -1
3.656177 -0.699469 -1
3.656177 -0.649111 -1
3.656177 -0.598754 -1
3.656177 -0.548396 -1
3.656177 -0.498038 -1
3.656177 -0.447681 -1
3.656177 -0.397323 -1
3.656177 -0.346965 -1
3.656177 -0.296608 -1
3.656177 -0.246250 -1
3.656177 -0.195892 -1
3.656177 -0.145535 -1
3.656177 -0.095177 -1
3.656177 -0.044820 -1
3.656177 0.005538 -1
3.656177 0.055896 -1
3.656177 0.106253 -1
3.656177 0.156611 -1
3.656177 0.206969 -1
3.656177 0.257326 -1
3.656177 0.307684 -1
3.656177 0.358042 -1
3.656177 0.408399 -1
3.656177 0.458757 -1
3.656177 0.509115 -1
3.656177 0.559472 -1
3.656177 0.609830 -1
3.656177 0.660188 -1
3.656177 0.710545 -1
3.656177 0.760903 -1
3.656177 0.811261 -1
3.656177 0.861618 -1
3.656177 0.911976 -1
3.656177 0.962334 -1
3.656177 1.012691 -1
3.656177 1.063049 -1
3.656177 1.113407 -1
3.656177 1.163764 -1
3.656177 1.214122 -1
3.656177 1.264479 -1
3.656177 1.314837 -1
3.656177 1.365195 -1
3.656177 1.415552 -1
3.656177 1.465910 -1
3.656177 1.516268 -1
3.656177 1.566625 -1
3.656177 1.616983 -1
3.656177 1.667341 -1
3.656177 1.717698 -1
3.656177 1.768056 -1
3.656177 1.818414 -1
3.656177 1.868771 -1
3.656177 1.919129 -1
3.656177 1.969487 -1
3.656177 2.019844 -1
3.656177 2.070202 -1
3.656177 2.120560 -1
3.656177 2.170917 -1
3.656177 2.221275 -1
3.656177 2.271633 -1
3.656177 2.321990 -1
3.656177 2.372348 -1
3.656177 2.422706 -1
3.656177 2.473063 -1
3.656177 2.523421 -1
3.656177 2.573778 -1
3.656177 2.624136 -1
3.656177 2.674494 -1
3.656177 2.724851 -1
3.656177 2.775209 -1
3.656177 2.825567 -1
3.656177 2.875924 -1
3.656177 2.926282 -1
3.656177 2.976640 -1
3.656177 3.026997 -1
3.656177 3.077355 -1
3.656177 3.127713 -1
3.656177 3.178070 -1
3.656177 3.228428 -1
3.656177 3.278786 -1
3.656177 3.329143 -1
3.656177 3.379501 -1
3.656177 3.429859 -1
3.656177 3.480216 -1
3.656177 3.530574 -1
3.656177 3.580932 -1
3.656177 3.631289 -1
3.656177 3.681647 -1
3.656177 3.732005 -1
3.656177 3.782362 -1
3.656177 3.832720 -1
3.656177 3.883077 -1
3.656177 3.933435 -1
3.656177 3.983793 -1
3.656177 4.034150 -1
3.656177 4.084508 -1
3.656177 4.134866 -1
3.656177 4.185223 -1
3.656177 4.235581 -1
3.656177 4.285939 -1
3.656177 4.336296 -1
3.656177 4.386654 -1
3.656177 4.437012 -1
3.656177 4.487369 -1
3.656177 4.537727 -1
3.656177 4.588085 -1
3.656177 4.638442 -1
3.656177 4.688800 -1
3.656177 4.739158 -1
3.656177 4.789515 -1
3.656177 4.839873 -1
3.656177 4.890231 -1
3.656177 4.940588 -1
3.656177 4.990946 -1
3.656177 5.041303 -1
3.656177 5.091661 -1
3.656177 5.142019 -1
3.656177 5.192376 -1
3.656177 5.242734 -1
3.656177 5.293092 -1
3.656177 5.343449 -1
3.656177 5.393807 -1
3.656177 5.444165 -1
3.656177 5.494522 -1
3.656177 5.544880 -1
3.656177 5.595238 -1
3.656177 5.645595 -1
3.656177 5.695953 -1
3.656177 5.746311 -1
3.656177 5.796668 -1
3.656177 5.847026 -1
3.656177 5.897384 -1
3.656177 5.947741 -1
3.656177 5.998099 -1
3.656177 6.048457 -1
3.656177 6.098814 -1
3.656177 6.149172 -1
3.656177 6.199530 -1
3.656177 6.249887 -1
3.656177 6.300245 -1
3.656177 6.350602 -1
3.706384 -1.354118 -1
3.706384 -1.303761 -1
3.706384 -1.253403 -1
3.706384 -1.203046 -1
3.706384 -1.152688 -1
3.706384 -1.102330 -1
3.706384 -1.051973 -1
3.706384 -1.001615 -1
3.706384 -0.951257 -1
3.706384 -0.900900 -1
3.706384 -0.850542 -1
3.706384 -0.800184 -1
3.706384 -0.749827 -1
3.706384 -0.699469 -1
3.706384 -0.649111 -1
3.706384 -0.598754 -1
3.706384 -0.548396 -1
3.706384 -0.498038 -1
3.706384 -0.447681 -1
3.706384 -0.397323 -1
3.706384 -0.346965 -1
3.706384 -0.296608 -1
3.706384 -0.246250 -1
3.706384 -0.195892 -1
3.706384 -0.145535 -1
3.706384 -0.095177 -1
3.706384 -0.044820 -1
3.706384 0.005538 -1
3.706384 0.055896 -1
3.706384 0.106253 -1
3.706384 0.156611 -1
3.706384 0.206969 -1
3.706384 0.257326 -1
3.706384 0.307684 -1
3.706384 0.358042 -1
3.706384 0.408399 -1
3.706384 0.458757 -1
3.706384 0.509115 -1
3.706384 0.559472 -1
3.706384 0.609830 -1
3.706384 0.660188 -1
3.706384 0.710545 -1
3.706384 0.760903 -1
3.706384 0.811261 -1
3.706384 0.861618 -1
3.706384 0.911976 -1
3.706384 0.962334 -1
3.706384 1.012691 -1
3.706384 1.063049 -1
3.706384 1.113407 -1
3.706384 1.163764 -1
3.706384 1.214122 -1
3.706384 1.264479 -1
3.706384 1.314837 -1
3.706384 1.365195 -1
3.706384 1.415552 -1
3.706384 1.465910 -1
3.706384 1.516268 -1
3.706384 1.566625 -1
3.706384 1.616983 -1
3.706384 1.667341 -1
3.706384 1.717698 -1
3.706384 1.768056 -1
3.706384 1.818414 -1
3.706384 1.868771 -1
3.706384 1.919129 -1
3.706384 1.969487 -1
3.706384 2.019844 -1
3.706384 2.070202 -1
3.706384 2.120560 -1
3.706384 2.170917 -1
3.706384 2.221275 -1
3.706384 2.271633 -1
3.706384 2.321990 -1
3.706384 2.372348 -1
3.706384 2.422706 -1
3.706384 2.473063 -1
3.706384 2.523421 -1
3.706384 2.573778 -1
3.706384 2.624136 -1
3.706384 2.674494 -1
3.706384 2.724851 -1
3.706384 2.775209 -1
3.706384 2.825567 -1
3.706384 2.875924 -1
3.706384 2.926282 -1
3.706384 2.976640 -1
3.706384 3.026997 -1
3.706384 3.077355 -1
3.706384 3.127713 -1
3.706384 3.178070 -1
3.706384 3.228428 -1
3.706384 3.278786 -1
3.706384 3.329143 -1
3.706384 3.379501 -1
3.706384 3.429859 -1
3.706384 3.480216 -1
3.706384 3.530574 -1
3.706384 3.580932 -1
3.706384 3.631289 -1
3.706384 3.681647 -1
3.706384 3.732005 -1
3.706384 3.782362 -1
3.706384 3.832720 -1
3.706384 3.883077 -1
3.706384 3.933435 -1
3.706384 3.983793 -1
3.706384 4.034150 -1
3.706384 4.084508 -1
3.706384 4.134866 -1
3.706384 4.185223 -1
3.706384 4.235581 -1
3.706384 4.285939 -1
3.706384 4.336296 -1
3.706384 4.386654 -1
3.706384 4.437012 -1
3.706384 4.487369 -1
3.706384 4.537727 -1
3.706384 4.588085 -1
3.706384 4.638442 -1
3.706384 4.688800 -1
3.706384 4.739158 -1
3.706384 4.789515 -1
3.706384 4.839873 -1
3.706384 4.890231 -1
3.706384 4.940588 -1
3.706384 4.990946 -1
3.706384 5.041303 -1
3.706384 5.091661 -1
3.706384 5.142019 -1
3.706384 5.192376 -1
3.706384 5.242734 -1
3.706384 5.293092 -1
3.706384 5.343449 -1
3.706384 5.393807 -1
3.706384 5.444165 -1
3.706384 5.494522 -1
3.706384 5.544880 -1
3.706384 5.595238 -1
3.706384 5.645595 -1
3.706384 5.695953 -1
3.706384 5.746311 -1
3.706384 5.796668 -1
3.706384 5.847026 -1
3.706384 5.897384 -1
3.706384 5.947741 -1
3.706384 5.998099 -1
3.706384 6.048457 -1
3.706384 6.098814 -1
3.706384 6.149172 -1
3.706384 6.199530 -1
3.706384 6.249887 -1
3.706384 6.300245 -1
3.706384 6.350602 -1
3.756592 -1.354118 -1
3.756592 -1.303761 -1
3.756592 -1.253403 -1
3.756592 -1.203046 -1
3.756592 -1.152688 -1
3.756592 -1.102330 -1
3.756592 -1.051973 -1
3.756592 -1.001615 -1
3.756592 -0.951257 -1
3.756592 -0.900900 -1
3.756592 -0.850542 -1
3.756592 -0.800184 -1
3.756592 -0.749827 -1
3.756592 -0.699469 -1
3.756592 -0.649111 -1
3.756592 -0.598754 -1
3.756592 -0.548396 -1
3.756592 -0.498038 -1
3.756592 -0.447681 -1
3.756592 -0.397323 -1
3.756592 -0.346965 -1
3.756592 -0.296608 -1
3.756592 -0.246250 -1
3.756592 -0.195892 -1
3.756592 -0.145535 -1
3.756592 -0.095177 -1
3.756592 -0.044820 -1
3.756592 0.005538 -1
3.756592 0.055896 -1
3.756592 0.106253 -1
3.756592 0.156611 -1
3.756592 0.206969 -1
3.756592 0.257326 -1
3.756592 0.307684 -1
3.756592 0.358042 -1
3.756592 0.408399 -1
3.756592 0.458757 -1
3.756592 0.509115 -1
3.756592 0.559472 -1
3.756592 0.609830 -1
3.756592 0.660188 -1
3.756592 0.710545 -1
3.756592 0.760903 -1
3.756592 0.811261 -1
3.756592 0.861618 -1
3.756592 0.911976 -1
3.756592 0.962334 -1
3.756592 1.012691 -1
3.756592 1.063049 -1
3.756592 1.113407 -1
3.756592 1.163764 -1
3.756592 1.214122 -1
3.756592 1.264479 -1
3.756592 1.314837 -1
3.756592 1.365195 -1
3.756592 1.415552 -1
3.756592 1.465910 -1
3.756592 1.516268 -1
3.756592 1.566625 -1
3.756592 1.616983 -1
3.756592 1.667341 -1
3.756592 1.717698 -1
3.756592 1.768056 -1
3.756592 1.818414 -1
3.756592 1.868771 -1
3.756592 1.919129 -1
3.756592 1.969487 -1
3.756592 2.019844 -1
3.756592 2.070202 -1
3.756592 2.120560 -1
3.756592 2.170917 -1
3.756592 2.221275 -1
3.756592 2.271633 -1
3.756592 2.321990 -1
3.756592 2.372348 -1
3.756592 2.422706 -1
3.756592 2.473063 -1
3.756592 2.523421 -1
3.756592 2.573778 -1
3.756592 2.624136 -1
3.756592 2.674494 -1
3.756592 2.724851 -1
3.756592 2.775209 -1
3.756592 2.825567 -1
3.756592 2.875924 -1
3.756592 2.926282 -1
3.756592 2.976640 -1
3.756592 3.026997 -1
3.756592 3.077355 -1
3.756592 3.127713 -1
3.756592 3.178070 -1
3.756592 3.228428 -1
3.756592 3.278786 -1
3.756592 3.329143 -1
3.756592 3.379501 -1
3.756592 3.429859 -1
3.756592 3.480216 -1
3.756592 3.530574 -1
3.756592 3.580932 -1
3.756592 3.631289 -1
3.756592 3.681647 -1
3.756592 3.732005 -1
3.756592 3.782362 -1
3.756592 3.832720 -1
3.756592 3.883077 -1
3.756592 3.933435 -1
3.756592 3.983793 -1
3.756592 4.034150 -1
3.756592 4.084508 -1
3.756592 4.134866 -1
3.756592 4.185223 -1
3.756592 4.235581 -1
3.756592 4.285939 -1
3.756592 4.336296 -1
3.756592 4.386654 -1
3.756592 4.437012 -1
3.756592 4.487369 -1
3.756592 4.537727 -1
3.756592 4.588085 -1
3.756592 4.638442 -1
3.756592 4.688800 -1
3.756592 4.739158 -1
3.756592 4.789515 -1
3.756592 4.839873 -1
3.756592 4.890231 -1
3.756592 4.940588 -1
3.756592 4.990946 -1
3.756592 5.041303 -1
3.756592 5.091661 -1
3.756592 5.142019 -1
3.756592 5.192376 -1
3.756592 5.242734 -1
3.756592 5.293092 -1
3.756592 5.343449 -1
3.756592 5.393807 -1
3.756592 5.444165 -1
3.756592 5.494522 -1
3.756592 5.544880 -1
3.756592 5.595238 -1
3.756592 5.645595 -1
3.756592 5.695953 -1
3.756592 5.746311 -1
3.756592 5.796668 -1
3.756592 5.847026 -1
3.756592 5.897384 -1
3.756592 5.947741 -1
3.756592 5.998099 -1
3.756592 6.048457 -1
3.756592 6.098814 -1
3.756592 6.149172 -1
3.756592 6.199530 -1
3.756592 6.249887 -1
3.756592 6.300245 -1
3.756592 6.350602 -1
3.806800 -1.354118 -1
3.806800 -1.303761 -1
3.806800 -1.253403 -1
3.806800 -1.203046 -1
3.806800 -1.152688 -1
3.806800 -1.102330 -1
3.806800 -1.051973 -1
3.806800 -1.001615 -1
3.806800 -0.951257 -1
3.806800 -0.900900 -1
3.806800 -0.850542 -1
3.806800 -0.800184 -1
3.806800 -0.749827 -1
3.806800 -0.699469 -1
3.806800 -0.649111 -1
3.806800 -0.598754 -1
3.806800 -0.548396 -1
3.806800 -0.498038 -1
3.806800 -0.447681 -1
3.806800 -0.397323 -1
3.806800 -0.346965 -1
3.806800 -0.296608 -1
3.806800 -0.246250 -1
3.806800 -0.195892 -1
3.806800 -0.145535 -1
3.806800 -0.095177 -1
3.806800 -0.044820 -1
3.806800 0.005538 -1
3.806800 0.055896 -1
3.806800 0.106253 -1
3.806800 0.156611 -1
3.806800 0.206969 -1
3.806800 0.257326 -1
3.806800 0.307684 -1
3.806800 0.358042 -1
3.806800 0.408399 -1
3.806800 0.458757 -1
3.806800 0.509115 -1
3.806800 0.559472 -1
3.806800 0.609830 -1
3.806800 0.660188 -1
3.806800 0.710545 -1
3.806800 0.760903 -1
3.806800 0.811261 -1
3.806800 0.861618 -1
3.806800 0.911976 -1
3.806800 0.962334 -1
3.806800 1.012691 -1
3.806800 1.063049 -1
3.806800 1.113407 -1
3.806800 1.163764 -1
3.806800 1.214122 -1
3.806800 1.264479 -1
3.806800 1.314837 -1
3.806800 1.365195 -1
3.806800 1.415552 -1
3.806800 1.465910 -1
3.806800 1.516268 -1
3.806800 1.566625 -1
3.806800 1.616983 -1
3.806800 1.667341 -1
3.806800 1.717698 -1
3.806800 1.768056 -1
3.806800 1.818414 -1
3.806800 1.868771 -1
3.806800 1.919129 -1
3.806800 1.969487 -1
3.806800 2.019844 -1
3.806800 2.070202 -1
3.806800 2.120560 -1
3.806800 2.170917 -1
3.806800 2.221275 -1
3.806800 2.271633 -1
3.806800 2.321990 -1
3.806800 2.372348 -1
3.806800 2.422706 -1
3.806800 2.473063 -1
3.806800 2.523421 -1
3.806800 2.573778 -1
3.806800 2.624136 -1
3.806800 2.674494 -1
3.806800 2.724851 -1
3.806800 2.775209 -1
3.806800 2.825567 -1
3.806800 2.875924 -1
3.806800 2.926282 -1
3.806800 2.976640 -1
3.806800 3.026997 -1
3.806800 3.077355 -1
3.806800 3.127713 -1
3.806800 3.178070 -1
3.806800 3.228428 -1
3.806800 3.278786 -1
3.806800 3.329143 -1
3.806800 3.379501 -1
3.806800 3.429859 -1
3.806800 3.480216 -1
3.806800 3.530574 -1
3.806800 3.580932 -1
3.806800 3.631289 -1
3.806800 3.681647 -1
3.806800 3.732005 -1
3.806800 3.782362 -1
3.806800 3.832720 -1
3.806800 3.883077 -1
3.806800 3.933435 -1
3.806800 3.983793 -1
3.806800 4.034150 -1
3.806800 4.084508 -1
3.806800 4.134866 -1
3.806800 4.185223 -1
3.806800 4.235581 -1
3.806800 4.285939 -1
3.806800 4.336296 -1
3.806800 4.386654 -1
3.806800 4.437012 -1
3.806800 4.487369 -1
3.806800 4.537727 -1
3.806800 4.588085 -1
3.806800 4.638442 -1
3.806800 4.688800 -1
3.806800 4.739158 -1
3.806800 4.789515 -1
3.806800 4.839873 -1
3.806800 4.890231 -1
3.806800 4.940588 -1
3.806800 4.990946 -1
3.806800 5.041303 -1
3.806800 5.091661 -1
3.806800 5.142019 -1
3.806800 5.192376 -1
3.806800 5.242734 -1
3.806800 5.293092 -1
3.806800 5.343449 -1
3.806800 5.393807 -1
3.806800 5.444165 -1
3.806800 5.494522 -1
3.806800 5.544880 -1
3.806800 5.595238 -1
3.806800 5.645595 -1
3.806800 5.695953 -1
3.806800 5.746311 -1
3.806800 5.796668 -1
3.806800 5.847026 -1
3.806800 5.897384 -1
3.806800 5.947741 -1
3.806800 5.998099 -1
3.806800 6.048457 -1
3.806800 6.098814 -1
3.806800 6.149172 -1
3.806800 6.199530 -1
3.806800 6.249887 -1
3.806800 6.300245 -1
3.806800 6.350602 -1
3.857008 -1.354118 -1
3.857008 -1.303761 -1
3.857008 -1.253403 -1
3.857008 -1.203046 -1
3.857008 -1.152688 -1
3.857008 -1.102330 -1
3.857008 -1.051973 -1
3.857008 -1.001615 -1
3.857008 -0.951257 -1
3.857008 -0.900900 -1
3.857008 -0.850542 -1
3.857008 -0.800184 -1
3.857008 -0.749827 -1
3.857008 -0.699469 -1
3.857008 -0.649111 -1
3.857008 -0.598754 -1
3.857008 -0.548396 -1
3.857008 -0.498038 -1
3.857008 -0.447681 -1
3.857008 -0.397323 -1
3.857008 -0.346965 -1
3.857008 -0.296608 -1
3.857008 -0.246250 -1
3.857008 -0.195892 -1
3.857008 -0.145535 -1
3.857008 -0.095177 -1
3.857008 -0.044820 -1
3.857008 0.005538 -1
3.857008 0.055896 -1
3.857008 0.106253 -1
3.857008 0.156611 -1
3.857008 0.206969 -1
3.857008 0.257326 -1
3.857008 0.307684 -1
3.857008 0.358042 -1
3.857008 0.408399 -1
3.857008 0.458757 -1
3.857008 0.509115 -1
3.857008 0.559472 -1
3.857008 0.609830 -1
3.857008 0.660188 -1
3.857008 0.710545 -1
3.857008 0.760903 -1
3.857008 0.811261 -1
3.857008 0.861618 -1
3.857008 0.911976 -1
3.857008 0.962334 -1
3.857008 1.012691 -1
3.857008 1.063049 -1
3.857008 1.113407 -1
3.857008 1.163764 -1
3.857008 1.214122 -1
3.857008 1.264479 -1
3.857008 1.314837 -1
3.857008 1.365195 -1
3.857008 1.415552 -1
3.857008 1.465910 -1
3.857008 1.516268 -1
3.857008 1.566625 -1
3.857008 1.616983 -1
3.857008 1.667341 -1
3.857008 1.717698 -1
3.857008 1.768056 -1
3.857008 1.818414 -1
3.857008 1.868771 -1
3.857008 1.919129 -1
3.857008 1.969487 -1
3.857008 2.019844 -1
3.857008 2.070202 -1
3.857008 2.120560 -1
3.857008 2.170917 -1
3.857008 2.221275 -1
3.857008 2.271633 -1
3.857008 2.321990 -1
3.857008 2.372348 -1
3.857008 2.422706 -1
3.857008 2.473063 -1
3.857008 2.523421 -1
3.857008 2.573778 -1
3.857008 2.624136 -1
3.857008 2.674494 -1
3.857008 2.724851 -1
3.857008 2.775209 -1
3.857008 2.825567 -1
3.857008 2.875924 -1
3.857008 2.926282 -1
3.857008 2.976640 -1
3.857008 3.026997 -1
3.857008 3.077355 -1
3.857008 3.127713 -1
3.857008 3.178070 -1
3.857008 3.228428 -1
3.857008 3.278786 -1
3.857008 3.329143 -1
3.857008 3.379501 -1
3.857008 3.429859 -1
3.857008 3.480216 -1
3.857008 3.530574 -1
3.857008 3.580932 -1
3.857008 3.631289 -1
3.857008 3.681647 -1
3.857008 3.732005 -1
3.857008 3.782362 -1
3.857008 3.832720 -1
3.857008 3.883077 -1
3.857008 3.933435 -1
3.857008 3.983793 -1
3.857008 4.034150 -1
3.857008 4.084508 -1
3.857008 4.134866 -1
3.857008 4.185223 -1
3.857008 4.235581 -1
3.857008 4.285939 -1
3.857008 4.336296 -1
3.857008 4.386654 -1
3.857008 4.437012 -1
3.857008 4.487369 -1
3.857008 4.537727 -1
3.857008 4.588085 -1
3.857008 4.638442 -1
3.857008 4.688800 -1
3.857008 4.739158 -1
3.857008 4.789515 -1
3.857008 4.839873 -1
3.857008 4.890231 -1
3.857008 4.940588 -1
3.857008 4.990946 -1
3.857008 5.041303 -1
3.857008 5.091661 -1
3.857008 5.142019 -1
3.857008 5.192376 -1
3.857008 5.242734 -1
3.857008 5.293092 -1
3.857008 5.343449 -1
3.857008 5.393807 -1
3.857008 5.444165 -1
3.857008 5.494522 -1
3.857008 5.544880 -1
3.857008 5.595238 -1
3.857008 5.645595 -1
3.857008 5.695953 -1
3.857008 5.746311 -1
3.857008 5.796668 -1
3.857008 5.847026 -1
3.857008 5.897384 -1
3.857008 5.947741 -1
3.857008 5.998099 -1
3.857008 6.048457 -1
3.857008 6.098814 -1
3.857008 6.149172 -1
3.857008 6.199530 -1
3.857008 6.249887 -1
3.857008 6.300245 -1
3.857008 6.350602 -1
