  0.6698469845324053E+05   0.1965638606426517E+05   0.1400059940716845E+05   0.1954108335279220E+05   0.2423799008049868E+05   0.1849457487003257E+05   0.1253160322271023E+05   0.1172350527751505E+05   0.1631535627311643E+05   0.2007205160188326E+05   0.1585221365238357E+05   0.1147239004669449E+05   0.1388487183575697E+05   0.2520525714718101E+05   0.3958061841090935E+05   0.2738274581288601E+05   0.1580536253109209E+05   0.2025633793013683E+05   0.7408577874041369E+05   0.5367071504656957E+06   0.6286092168488012E+05   0.1859280843750282E+05   0.1290100491202945E+05   0.1788338327513720E+05   0.2298964891078189E+05   0.1745073103894859E+05   0.1119509663744728E+05   0.1015405491916815E+05   0.1438839769654992E+05   0.1802915109944795E+05   0.1414908138252447E+05   0.1025079110896467E+05   0.1308513032340465E+05   0.2611322889519118E+05   0.4246168038483907E+05   0.2768204339822110E+05   0.1524440583187108E+05   0.1874717781980865E+05   0.6564270702137944E+05   0.5826076493542083E+06   0.5825313369351751E+05   0.1711604948441441E+05   0.1217223453090217E+05   0.1775936269903062E+05   0.2365544046136077E+05   0.1726481074197836E+05   0.1036053682994974E+05   0.9165640981858680E+04   0.1318960989566377E+05   0.1683473424475765E+05   0.1297122609021003E+05   0.9197794130386346E+04   0.1191860202483982E+05   0.2576276599847074E+05   0.4364313223115917E+05   0.2656360024399098E+05   0.1350387613487785E+05   0.1575503085000461E+05   0.5322686111663537E+05   0.5646517934495852E+06   0.4855796779956840E+05   0.1409333457346101E+05   0.1042964650740667E+05   0.1607163594386822E+05   0.2177797234702799E+05   0.1524933708022330E+05   0.8686807833821762E+04   0.7574038786526055E+04   0.1100689324383996E+05   0.1419631333587906E+05
  0.4723107832741266E+05   0.1771392972050811E+05   0.1321718952745409E+05   0.1787905793867901E+05   0.2182648639375414E+05   0.1718369780901710E+05   0.1202397942452970E+05   0.1175224189959012E+05   0.1640098541526247E+05   0.2012459661393572E+05   0.1598293925004158E+05   0.1178325399725349E+05   0.1524238237270341E+05   0.3291161356783407E+05   0.6487636302331275E+05   0.3779111340586818E+05   0.1745905092088182E+05   0.1912142573039487E+05   0.5478858603359298E+05   0.1392108788154591E+06   0.4526420274070566E+05   0.1658354688482664E+05   0.1179874960795669E+05   0.1582554635172796E+05   0.1991768853517122E+05   0.1560224425132612E+05   0.1049390132290319E+05   0.1016517993101254E+05   0.1466567800230049E+05   0.1840914831390826E+05   0.1445147522180765E+05   0.1063425387646059E+05   0.1436884238113660E+05   0.3387554097877560E+05   0.6938649255985096E+05   0.3713142727314468E+05   0.1662207498057120E+05   0.1784388457084106E+05   0.5102541172135997E+05   0.1492959593576458E+06   0.4489116324402570E+05   0.1537940751230496E+05   0.1091914284881104E+05   0.1519452061284848E+05   0.1968822777769626E+05   0.1493806008116944E+05   0.9582307789610370E+04   0.9180336177393954E+04   0.1360511262216401E+05   0.1749083972762859E+05   0.1341689641531175E+05   0.9541056154505502E+04   0.1289968624248928E+05   0.3296591341863017E+05   0.7122975599566585E+05   0.3435871320604513E+05   0.1444452961712815E+05   0.1512770355951128E+05   0.4381612367670961E+05   0.1462269817113521E+06   0.3984722845754284E+05   0.1281340585972292E+05   0.9287647164461094E+04   0.1348458955537584E+05   0.1770577661882261E+05   0.1296139971059626E+05   0.7993467739711467E+04   0.7577875116787073E+04   0.1139914653946760E+05   0.1486676294011443E+05
  0.3375857407460373E+05   0.1588890732405630E+05   0.1269150465568174E+05   0.1717667009866349E+05   0.2094986924281792E+05   0.1658387492636808E+05   0.1172316564834137E+05   0.1192354935570851E+05   0.1686862365426977E+05   0.2089529755620463E+05   0.1660621262347836E+05   0.1227641731509539E+05   0.1691020948367542E+05   0.4542135239923571E+05   0.1378783530707560E+06   0.5455378685467068E+05   0.1902211136141212E+05   0.1737102909544038E+05   0.3768653638163670E+05   0.6466539814816554E+05   0.3242335626803607E+05   0.1460937168614989E+05   0.1099286954925608E+05   0.1476863988879541E+05   0.1847259015693962E+05   0.1459409407764900E+05   0.1006559639553391E+05   0.1036961762556828E+05   0.1542428321079107E+05   0.1966982799692572E+05   0.1537361455883982E+05   0.1126371453041197E+05   0.1580952175739661E+05   0.4486279478478243E+05   0.1455599791129078E+06   0.5108979449941476E+05   0.1778723078697479E+05   0.1639561709671299E+05   0.3682277225559203E+05   0.6965424717941554E+05   0.3320336816714405E+05   0.1361231840589400E+05   0.9979874234640713E+04   0.1372692761462446E+05   0.1758547481872218E+05   0.1356775218718552E+05   0.9076889813570078E+04   0.9393668845502985E+04   0.1457830997543251E+05   0.1916751480476025E+05   0.1454685534621982E+05   0.1014282141758282E+05   0.1389996013855699E+05   0.4182946205674812E+05   0.1480401973943248E+06   0.4451307799479007E+05   0.1512274004339677E+05   0.1408028009797551E+05   0.3327131276261438E+05   0.6821599054519612E+05   0.3037127975599603E+05   0.1147905939028989E+05   0.8420573222573423E+04   0.1192740336988369E+05   0.1544326050405959E+05   0.1156566662741843E+05   0.7516707682039764E+04   0.7741655870575039E+04   0.1230185604329983E+05   0.1647357002006349E+05
  0.2581467298345088E+05   0.1446399376190324E+05   0.1233347838006143E+05   0.1694023943949384E+05   0.2077673054707583E+05   0.1635121834606183E+05   0.1156558624556882E+05   0.1228020895080772E+05   0.1803863476611896E+05   0.2315346652857042E+05   0.1815413109475710E+05   0.1303818447867498E+05   0.1860831657826575E+05   0.6296126681004130E+05   0.5101601710402889E+06   0.7329520786297790E+05   0.1989180159269025E+05   0.1553923051895352E+05   0.2704253006121838E+05   0.3895850639756711E+05   0.2437211314202702E+05   0.1296049143703856E+05   0.1042809116113757E+05   0.1428318291987901E+05   0.1786844566316587E+05   0.1407588179858915E+05   0.9842801443939330E+04   0.1080518676625827E+05   0.1696974215032384E+05   0.2252303626254612E+05   0.1728171950233175E+05   0.1218377219818867E+05   0.1718333148942593E+05   0.5755001158942375E+05   0.5532879651454432E+06   0.6535150605483433E+05   0.1830617522182871E+05   0.1475627558854630E+05   0.2706497457278421E+05   0.4163783751725980E+05   0.2494479088345460E+05   0.1204245544305422E+05   0.9331597684406319E+04   0.1295693396748710E+05   0.1653361579194415E+05   0.1280826757766988E+05   0.8790752423487864E+04   0.9825114589188201E+04   0.1638715603926842E+05   0.2253735321300758E+05   0.1666087842531128E+05   0.1100891303594828E+05   0.1478411572199252E+05   0.4941698518008941E+05   0.5565984443926977E+06   0.5339628254740891E+05   0.1529057200540199E+05   0.1280163992470531E+05   0.2509207556864380E+05   0.4046233876590330E+05   0.2295069209686626E+05   0.1023151355527132E+05   0.7826861684119635E+04   0.1105635364361842E+05   0.1424027470056958E+05   0.1076832888877461E+05   0.7223097332700640E+04   0.8067734126346114E+04   0.1392817350737903E+05   0.1956338384094677E+05
  0.2135829750219690E+05   0.1347132968606461E+05   0.1214937652570670E+05   0.1684748150236724E+05   0.2073984681785984E+05   0.1626043643689210E+05   0.1153370370821921E+05   0.1285665331005718E+05   0.2036797194182167E+05   0.2817248656024296E+05   0.2127915455700317E+05   0.1410434955978639E+05   0.1981264937186407E+05   0.7801787125034214E+05   0.1738965561262967E+13   0.7658314383136320E+05   0.1951761036911467E+05   0.1390481091258566E+05   0.2091280879620474E+05   0.2764979274679408E+05   0.1955273345297849E+05   0.1171350979888979E+05   0.1009512177817767E+05   0.1409243626429708E+05   0.1760909778932656E+05   0.1383629643955452E+05   0.9800323214432594E+04   0.1147448453950081E+05   0.1968982857329215E+05   0.2818461110093648E+05   0.2069039336786440E+05   0.1335507345232350E+05   0.1813841115121400E+05   0.6741729023285597E+05   0.1833023584885155E+13   0.6679436440151313E+05   0.1780055514578349E+05   0.1313719700359041E+05   0.2081295688389735E+05   0.2882457865919313E+05   0.1957550349095297E+05   0.1076956893113312E+05   0.8946002887401608E+04   0.1264214984637809E+05   0.1606370455816322E+05   0.1246280428190839E+05   0.8701132548183416E+04   0.1044952246046042E+05   0.1935176366920198E+05   0.2881156804417793E+05   0.2013859137625661E+05   0.1205018155181655E+05   0.1538523959155257E+05   0.5400943440208190E+05   0.1539807879893409E+13   0.5318692222624930E+05   0.1475252371436369E+05   0.1143160886812054E+05   0.1932577049243502E+05   0.2756649008805918E+05   0.1785172660442162E+05   0.9163382646553133E+04   0.7471924825285443E+04   0.1067668665266630E+05   0.1368805057320269E+05   0.1040602321474437E+05   0.7098101108090882E+04   0.8521205202655419E+04   0.1650741053939352E+05   0.2516310877880705E+05
  0.1893958886923494E+05   0.1283156424793001E+05   0.1207483829494351E+05   0.1678168607508364E+05   0.2061384952321870E+05   0.1621241443502452E+05   0.1162145877103113E+05   0.1375425682202982E+05   0.2461609887692169E+05   0.3888142390730200E+05   0.2709766787632134E+05   0.1552353020848173E+05   0.1992521002676534E+05   0.7403415025867635E+05   0.5172235072307005E+06   0.6092805642135537E+05   0.1800223127991387E+05   0.1258617123555042E+05   0.1743996079621607E+05   0.2210721824846612E+05   0.1672724193512128E+05   0.1084548131029486E+05   0.9930549751046827E+04   0.1405967663171726E+05   0.1755154846102463E+05   0.1378185779510371E+05   0.9934817779990208E+04   0.1242785290655276E+05   0.2419070936273569E+05   0.3944089770431708E+05   0.2642236175565752E+05   0.1472373126082148E+05   0.1825306864734936E+05   0.6493953337491953E+05   0.5430756889926028E+06   0.5531760860572814E+05   0.1640654877457375E+05   0.1168595567809458E+05   0.1688902368308122E+05   0.2219590137334274E+05   0.1620051950097073E+05   0.9820962745752551E+04   0.8761107964434103E+04   0.1262660942592250E+05   0.1608397047519126E+05   0.1243515379764977E+05   0.8808923589131551E+04   0.1127052939478014E+05   0.2393178734807889E+05   0.4077944284894143E+05   0.2547377263457748E+05   0.1314414764895028E+05   0.1546197377430721E+05   0.5293255349124523E+05   0.5339396513830858E+06   0.4640965253548746E+05   0.1365458895893536E+05   0.1011687258031558E+05   0.1545597329818233E+05   0.2074470290808526E+05   0.1451835528716226E+05   0.8323899621892137E+04   0.7303160421895240E+04   0.1064144842023680E+05   0.1372315430710712E+05   0.1038948026880240E+05   0.7145212802476598E+04   0.9082792985580272E+04   0.2034652211033494E+05   0.3565595050221225E+05
  0.1771282562560443E+05   0.1239396054008480E+05   0.1211768983687209E+05   0.1684085538317168E+05   0.2063513234147856E+05   0.1633175733771435E+05   0.1188949671567205E+05   0.1502426728982725E+05   0.3204689493864133E+05   0.6376132059639876E+05   0.3748103819373325E+05   0.1718574261669762E+05   0.1885139060554177E+05   0.5450003997092367E+05   0.1345375627437860E+06   0.4319145355417999E+05   0.1601385200245311E+05   0.1156656321641406E+05   0.1554303468396781E+05   0.1935864223482904E+05   0.1513058688162407E+05   0.1023193656037647E+05   0.9932427728287117E+04   0.1426152092877544E+05   0.1783291574794270E+05   0.1404223569859647E+05   0.1029857904023197E+05   0.1365592571170407E+05   0.3131110588352252E+05   0.6434527605773871E+05   0.3579792899019941E+05   0.1614711176875221E+05   0.1740575960366240E+05   0.4992972586305173E+05   0.1384252881907741E+06   0.4168624619551365E+05   0.1463400894204608E+05   0.1048735922414465E+05   0.1451528594774136E+05   0.1862663692293111E+05   0.1414523033761581E+05   0.9118809975583727E+04   0.8761858597825205E+04   0.1297102662964667E+05   0.1664927432370381E+05   0.1284733125228312E+05   0.9155654415458008E+04   0.1223501508557660E+05   0.3055975093353522E+05   0.6647507256702380E+05   0.3328495269321004E+05   0.1414649031555678E+05   0.1487854672260783E+05   0.4314098724090590E+05   0.1374530933688507E+06   0.3742404530303848E+05   0.1231853914913358E+05   0.8992446623067897E+04   0.1298795439367439E+05   0.1694144493320178E+05   0.1241068760922369E+05   0.7676531959776628E+04   0.7297756590046046E+04   0.1099267784651750E+05   0.1434628897605304E+05   0.1081134181677809E+05   0.7391611581085778E+04   0.9689850140978810E+04   0.2559916563037596E+05   0.5789299541995527E+05
  0.1716942626189327E+05   0.1212751571202121E+05   0.1227815994469961E+05   0.1725892410831961E+05   0.2134891239148952E+05   0.1691758765130206E+05   0.1232684857294712E+05   0.1664259625058542E+05   0.4444068492465444E+05   0.1357988567013683E+06   0.5431516284861905E+05   0.1875943069395692E+05   0.1711802988939067E+05   0.3725568157341862E+05   0.6235102178722755E+05   0.3082367574340257E+05   0.1412292821913846E+05   0.1083352233730416E+05   0.1459708894483673E+05   0.1811699402550908E+05   0.1428274618909657E+05   0.9860079838104262E+04   0.1010355515278101E+05   0.1488294191887808E+05   0.1890357122643143E+05   0.1486980353215952E+05   0.1089423883764650E+05   0.1510040168474461E+05   0.4181721476003322E+05   0.1351513906393704E+06   0.4996068742465906E+05   0.1735235943510034E+05   0.1595331976232077E+05   0.3552355564084397E+05   0.6454306853427528E+05   0.3065324826493332E+05   0.1289950888989193E+05   0.9595690980106667E+04   0.1317494060162345E+05   0.1676322952302312E+05   0.1294799103411174E+05   0.8669199546883488E+04   0.8945234970736357E+04   0.1381332901013965E+05   0.1814610117264634E+05   0.1390015878317923E+05   0.9753087762114281E+04   0.1327313620406122E+05   0.3897108440002849E+05   0.1382477731722958E+06   0.4374213007261785E+05   0.1487245878776515E+05   0.1381652068843939E+05   0.3233875335770769E+05   0.6414375148939205E+05   0.2843940888588708E+05   0.1098187149820680E+05   0.8142800407121147E+04   0.1151119822146531E+05   0.1484012195152248E+05   0.1113105431312626E+05   0.7236713881015655E+04   0.7445415758778507E+04   0.1181947334589431E+05   0.1585696721777270E+05   0.1180772963306378E+05   0.7847511162976697E+04   0.1028432792990741E+05   0.3150947464384222E+05   0.1193307527284269E+06
  0.1697246115462286E+05   0.1197685911846545E+05   0.1259441536536488E+05   0.1835344096512657E+05   0.2353985843765668E+05   0.1841274869975260E+05   0.1302740703836936E+05   0.1835587570137944E+05   0.6248600017212205E+05   0.4970944427267942E+06   0.7325065602268750E+05   0.1961740573224102E+05   0.1529944730811381E+05   0.2663916469476988E+05   0.3760940967629076E+05   0.2328768075250668E+05   0.1258993237299132E+05   0.1032277140923833E+05   0.1417406446250687E+05   0.1763050826985973E+05   0.1385794919004455E+05   0.9667118512246458E+04   0.1048121329583214E+05   0.1621025052940554E+05   0.2144420579569053E+05   0.1663091185688780E+05   0.1177633270370400E+05   0.1655886660942529E+05   0.5509909738674462E+05   0.5142825063468813E+06   0.6464875855243792E+05   0.1786621021738363E+05   0.1429947822210645E+05   0.2586812042087356E+05   0.3868704454029517E+05   0.2310461691273780E+05   0.1140742714140922E+05   0.8979581447969600E+04   0.1247756805757745E+05   0.1584685384318623E+05   0.1229024923928616E+05   0.8420224069816650E+04   0.9332429814043344E+04   0.1541238138819515E+05   0.2121008313003450E+05   0.1589299669319394E+05   0.1061589735441935E+05   0.1426391092252904E+05   0.4708326118958072E+05   0.5225956155535381E+06   0.5308331078828307E+05   0.1503735065007884E+05   0.1250694191601873E+05   0.2418106502742772E+05   0.3812935446993544E+05   0.2155164667303326E+05   0.9770180709157976E+04   0.7560272688393057E+04   0.1068752072771992E+05   0.1372956863975825E+05   0.1040361542337510E+05   0.6971112365047167E+04   0.7750322815366262E+04   0.1332438974754177E+05   0.1878203029690700E+05   0.1359372141637343E+05   0.8501586058390692E+04   0.1081402193979263E+05   0.3555133822977523E+05   0.4418501553598072E+06
  0.1690387085706813E+05   0.1193161819870742E+05   0.1310727101702614E+05   0.2059228469420870E+05   0.2851276440308009E+05   0.2149077152441383E+05   0.1404776895677057E+05   0.1963314658110123E+05   0.7852611861743771E+05   0.1723769838687092E+13   0.7650083224742216E+05   0.1920735111447625E+05   0.1370463369022035E+05   0.2062928078110524E+05   0.2685578837091486E+05   0.1887370674361794E+05   0.1146211657387770E+05   0.1002440741203086E+05   0.1400059645086610E+05   0.1742133632149749E+05   0.1366116755353268E+05   0.9633802371529451E+04   0.1107732834334482E+05   0.1861688053324084E+05   0.2660603039957871E+05   0.1985561371463642E+05   0.1292775353844166E+05   0.1765235146645490E+05   0.6665971333277388E+05   0.1855891293087248E+13   0.6580543860159426E+05   0.1729597194919808E+05   0.1269223505400012E+05   0.1984496211473101E+05   0.2694412782868492E+05   0.1827578487992279E+05   0.1022791869801621E+05   0.8611072579966336E+04   0.1218569018760718E+05   0.1543513288790620E+05   0.1199219083142470E+05   0.8352987990966914E+04   0.9906349485697441E+04   0.1806922538811023E+05   0.2697434922702656E+05   0.1921969731412730E+05   0.1167102040646135E+05   0.1501133613558602E+05   0.5330641113794383E+05   0.1590507869528619E+13   0.5250340061465037E+05   0.1443126246693065E+05   0.1112179041578359E+05   0.1855988749312110E+05   0.2607089847040750E+05   0.1685154855561419E+05   0.8754363346278116E+04   0.7209992000151527E+04   0.1032417584628842E+05   0.1321920436872933E+05   0.1007634882349559E+05   0.6867193527770392E+04   0.8182210475019078E+04   0.1572478491722144E+05   0.2410483139648118E+05   0.1642725629988195E+05   0.9266969959643300E+04   0.1121256344075631E+05   0.3782241680016735E+05   0.1102697858776083E+13
  0.1686996649095193E+05   0.1198963532429862E+05   0.1392758960311487E+05   0.2475806504984280E+05   0.3926731068737053E+05   0.2729358899762551E+05   0.1544556357098415E+05   0.1982339464210620E+05   0.7465613842236796E+05   0.5103961107659177E+06   0.6023895980514441E+05   0.1767059230492823E+05   0.1245268649914845E+05   0.1730020303384216E+05   0.2167310381493573E+05   0.1633848630464731E+05   0.1069424035387599E+05   0.9875783468800504E+04   0.1395002806408401E+05   0.1734283480897953E+05   0.1361223171994956E+05   0.9760366678013736E+04   0.1195671321437899E+05   0.2269636106429781E+05   0.3702261444575724E+05   0.2541725527148551E+05   0.1430914475955742E+05   0.1788111995814647E+05   0.6460364453631183E+05   0.5095570689963961E+06   0.5304366714132304E+05   0.1582264411393905E+05   0.1128261011136280E+05   0.1615097094115316E+05   0.2092361782465805E+05   0.1527620602681927E+05   0.9366182572528087E+04   0.8428630523669175E+04   0.1215207119143712E+05   0.1543561397285513E+05   0.1197207227509661E+05   0.8471216941440611E+04   0.1068354518295095E+05   0.2222137636788436E+05   0.3804370091578315E+05   0.2442772234568348E+05   0.1280625763410679E+05   0.1520138247011789E+05   0.5274668511155146E+05   0.5038680702323083E+06   0.4444663276513399E+05   0.1324125683106102E+05   0.9814356802474284E+04   0.1484663128645345E+05   0.1971219538205306E+05   0.1379193553468521E+05   0.7968049973854149E+04   0.7038853059074554E+04   0.1027839577254711E+05   0.1324620900303958E+05   0.1007017830573460E+05   0.6930410082569379E+04   0.8729844223111035E+04   0.1931227836009543E+05   0.3410488555879702E+05   0.2058220192867494E+05   0.1001987482031542E+05   0.1131639008774279E+05   0.3796950198655914E+05   0.4183836505046156E+06
  0.1698933716229382E+05   0.1221321242716082E+05   0.1512528331756618E+05   0.3218036166029052E+05   0.6447676474142784E+05   0.3771073283673666E+05   0.1711301706794061E+05   0.1878772166650572E+05   0.5478321228784188E+05   0.1334392985190807E+06   0.4224431999769828E+05   0.1571106197089335E+05   0.1151316247229949E+05   0.1552940365392699E+05   0.1916729912837301E+05   0.1493970372330886E+05   0.1015694186635884E+05   0.9874164704302644E+04   0.1409014284207122E+05   0.1753959620211363E+05   0.1383474698892547E+05   0.1010081902469308E+05   0.1313587854577280E+05   0.2933088065699612E+05   0.6030809194388641E+05   0.3474299461467162E+05   0.1577546788731229E+05   0.1707402963047432E+05   0.4911347838147463E+05   0.1292562128730102E+06   0.3904664312495457E+05   0.1401676383105727E+05   0.1013927723871803E+05   0.1395689316602659E+05   0.1772271305461862E+05   0.1347173504033870E+05   0.8735941743962765E+04   0.8417153868984757E+04   0.1242842169406976E+05   0.1591124670685316E+05   0.1234946613647652E+05   0.8818546112732412E+04   0.1163337001428298E+05   0.2832463476102347E+05   0.6192605127338941E+05   0.3225472681191926E+05   0.1387019397652121E+05   0.1465408527835029E+05   0.4250905792489122E+05   0.1288593502308605E+06   0.3512001932998028E+05   0.1184749684460113E+05   0.8709748131071123E+04   0.1250212644250582E+05   0.1618361358310237E+05   0.1186660821799823E+05   0.7367403762381869E+04   0.7024012506619619E+04   0.1058652083078034E+05   0.1381778333191649E+05   0.1047892204221096E+05   0.7190134736983159E+04   0.9344571997985677E+04   0.2424925857022311E+05   0.5533881717340159E+05   0.2626673986527015E+05   0.1064096221860325E+05   0.1097704170147095E+05   0.3217992964553452E+05   0.1087022811083521E+06
  0.1756226757463698E+05   0.1259576274413198E+05   0.1669926076030137E+05   0.4478941705489139E+05   0.1376031917456063E+06   0.5465348450407026E+05   0.1870268028574654E+05   0.1706281743282508E+05   0.3734688574386252E+05   0.6168824130101532E+05   0.3006436242933902E+05   0.1389749857754452E+05   0.1085149378632480E+05   0.1467396417103724E+05   0.1808562104924443E+05   0.1421939225402165E+05   0.9831819279567027E+04   0.1001947627816919E+05   0.1460032735522780E+05   0.1845080644313342E+05   0.1457856369413909E+05   0.1066016040843576E+05   0.1458592566023137E+05   0.3956265397814845E+05   0.1268534412688965E+06   0.4912979251601996E+05   0.1702466618146436E+05   0.1561026940408823E+05   0.3446995082522365E+05   0.6020504525317971E+05   0.2850803612331150E+05   0.1231105104552444E+05   0.9295972034414504E+04   0.1273723690884227E+05   0.1608327586674290E+05   0.1243513582040331E+05   0.8338147757923822E+04   0.8572454079064040E+04   0.1314646903305664E+05   0.1723306274681133E+05   0.1332446341203463E+05   0.9408680527707842E+04   0.1271112997052071E+05   0.3636911933237768E+05   0.1288798489267446E+06   0.4302656431035788E+05   0.1464769242611911E+05   0.1357265540361280E+05   0.3143022347432540E+05   0.6014273496334506E+05   0.2657307209813415E+05   0.1050623270401212E+05   0.7879316182624774E+04   0.1110890777439051E+05   0.1424760460023484E+05   0.1070469014478523E+05   0.6964791372992071E+04   0.7154897622241603E+04   0.1133420094164460E+05   0.1522522248137961E+05   0.1144104241779910E+05   0.7658454991154404E+04   0.9984417668028160E+04   0.2993385183690235E+05   0.1141311423329953E+06   0.3317612336207051E+05   0.1100618782064652E+05   0.1027534834489867E+05   0.2483882460191655E+05   0.5072453798443740E+05
  0.1904639163772359E+05   0.1323713586691019E+05   0.1841522364042560E+05   0.6347128678457961E+05   0.4973935961344278E+06   0.7387035012597717E+05   0.1956876354493723E+05   0.1525754082694946E+05   0.2669138984177400E+05   0.3722469441142139E+05   0.2281555634499357E+05   0.1246707265770972E+05   0.1039550430729309E+05   0.1430304004868342E+05   0.1769474213396991E+05   0.1386961793873066E+05   0.9660884146283002E+04   0.1034808310392003E+05   0.1575360522430787E+05   0.2073753471680787E+05   0.1621233253613413E+05   0.1150191265021725E+05   0.1612112606600522E+05   0.5354823204320969E+05   0.4822566785681465E+06   0.6431608470377626E+05   0.1754636163362820E+05   0.1394122876345057E+05   0.2488583524318404E+05   0.3618411526797027E+05   0.2155345237852117E+05   0.1089030625006468E+05   0.8713177511422766E+04   0.1210900424051688E+05   0.1529455413431001E+05   0.1187194974793114E+05   0.8122664568770070E+04   0.8917290585227202E+04   0.1454803902901269E+05   0.2000317835139336E+05   0.1519647654248237E+05   0.1026491884656324E+05   0.1380789909371756E+05   0.4508835599566067E+05   0.4897824115235903E+06   0.5288374638115225E+05   0.1481688569182765E+05   0.1223094705029124E+05   0.2329121016340845E+05   0.3583603156240332E+05   0.2019250661540995E+05   0.9328910850670794E+04   0.7309225947786345E+04   0.1033432691484238E+05   0.1323192536277462E+05   0.1004806200878903E+05   0.6727027624643700E+04   0.7437578141128693E+04   0.1271334962951043E+05   0.1797478307757941E+05   0.1317442599647788E+05   0.8329880116876788E+04   0.1060481472680152E+05   0.3439020727245337E+05   0.4249683028562666E+06   0.3838678466631757E+05   0.1095364700575883E+05   0.9348566108895720E+04   0.1882348865880003E+05   0.3005655112533344E+05
  0.2213801108278658E+05   0.1421187838113590E+05   0.1973465937144927E+05   0.8011930145079370E+05   0.1705469658600533E+13   0.7741539373991173E+05   0.1915308397897673E+05   0.1370327133413421E+05   0.2073164561868835E+05   0.2671277859279066E+05   0.1865670248807026E+05   0.1144319143155022E+05   0.1013444821454663E+05   0.1414480430571068E+05   0.1752737930748541E+05   0.1370736482334260E+05   0.9630597141355940E+04   0.1088098330269082E+05   0.1791843467481015E+05   0.2550901383739127E+05   0.1928237900399986E+05   0.1263004010110991E+05   0.1733370292683309E+05   0.6658981856950058E+05   0.1875598436712041E+13   0.6541275892886973E+05   0.1692948120438077E+05   0.1234726613899842E+05   0.1906184717433174E+05   0.2536759437078586E+05   0.1719347783709392E+05   0.9797495998585611E+04   0.8363250937665131E+04   0.1183888462179814E+05   0.1493740444402361E+05   0.1161742037313191E+05   0.8074454953785998E+04   0.9442919712451750E+04   0.1691901656873396E+05   0.2528318920617232E+05   0.1837379701659567E+05   0.1133044764307123E+05   0.1469587777745572E+05   0.5289211707945302E+05   0.1639937199845932E+13   0.5204999188455113E+05   0.1414998491408378E+05   0.1083189037586841E+05   0.1781659711865792E+05   0.2460561134032579E+05   0.1588080658949069E+05   0.8364847828947937E+04   0.6964383869494957E+04   0.9987672214044696E+04   0.1276406564082205E+05   0.9755802454294902E+04   0.6643654658350712E+04   0.7846906756905482E+04   0.1493006766629723E+05   0.2300439002309652E+05   0.1595053132245217E+05   0.9125915149069344E+04   0.1111664612746293E+05   0.3781871474996626E+05   0.1159008994807216E+13   0.3679036068171398E+05   0.1039098081567601E+05   0.8321036223313698E+04   0.1446111877816853E+05   0.2042221988882286E+05
  0.2799737024898553E+05   0.1558484878543701E+05   0.1996700573094235E+05   0.7599709586620111E+05   0.5171350119209923E+06   0.6088827424996332E+05   0.1762034861096366E+05   0.1251617779237316E+05   0.1748999147797502E+05   0.2172794923715892E+05   0.1631661202878629E+05   0.1076083662214927E+05   0.1000639866605881E+05   0.1408195730353390E+05   0.1743190691342077E+05   0.1366248225677795E+05   0.9744505210683521E+04   0.1169673093777058E+05   0.2169146431169868E+05   0.3529860839230785E+05   0.2470846426501134E+05   0.1401936412665240E+05   0.1765281124690392E+05   0.6469640391400280E+05   0.4832203224748017E+06   0.5154839587381385E+05   0.1539024394388479E+05   0.1098008595652214E+05   0.1557469387322631E+05   0.1988321190119971E+05   0.1452589026244035E+05   0.9016310296934183E+04   0.8185170826904865E+04   0.1178840791641699E+05   0.1491764902213786E+05   0.1160282400350695E+05   0.8199986994478815E+04   0.1017903587455840E+05   0.2068216522285538E+05   0.3550855213992617E+05   0.2345699399916622E+05   0.1250403408656936E+05   0.1498915757101944E+05   0.5271435211453970E+05   0.4752357483690285E+06   0.4275365005615664E+05   0.1287098629820620E+05   0.9533763200994861E+04   0.1426225409643540E+05   0.1870805108527842E+05   0.1309091620165484E+05   0.7631471297427368E+04   0.6791277861677482E+04   0.9930803291508073E+04   0.1278131115040762E+05   0.9758913058897146E+04   0.6722103881464553E+04   0.8380308107119627E+04   0.1826271790540501E+05   0.3248534671847122E+05   0.2008506853797819E+05   0.9926699273239841E+04   0.1130357654109737E+05   0.3834998459117794E+05   0.4037661037453111E+06   0.3169897143118085E+05   0.9497248407404213E+04   0.7319225877369230E+04   0.1148904886390006E+05   0.1529408257602207E+05
  0.3851193848042312E+05   0.1725458711789856E+05   0.1894523465823086E+05   0.5567827799090370E+05   0.1361728321317672E+06   0.4251127024283493E+05   0.1569832241481876E+05   0.1165369055447859E+05   0.1580733126735023E+05   0.1937667466008744E+05   0.1505627833842143E+05   0.1028713488692163E+05   0.1000791227462430E+05   0.1417624656364452E+05   0.1756062980852327E+05   0.1385240710434785E+05   0.1005820666776615E+05   0.1283543644047357E+05   0.2801898542231762E+05   0.5743028448465528E+05   0.3401421608921987E+05   0.1552578625168674E+05   0.1686811619661405E+05   0.4862946756788412E+05   0.1221171346422901E+06   0.3707938691973409E+05   0.1355420191204006E+05   0.9892268600640138E+04   0.1354518738768806E+05   0.1701269731486342E+05   0.1294578446037676E+05   0.8452455463484886E+04   0.8163824922884269E+04   0.1200140193840755E+05   0.1530655888379462E+05   0.1194477280992017E+05   0.8544888735251385E+04   0.1111725057392035E+05   0.2632951241161703E+05   0.5770363657903325E+05   0.3130306877153220E+05   0.1362921967369449E+05   0.1446831731927640E+05   0.4195660866824639E+05   0.1206693007670157E+06   0.3300989726576510E+05   0.1141815352756302E+05   0.8450934175988061E+04   0.1204360460156618E+05   0.1545483059345224E+05   0.1134642968083663E+05   0.7077424247299450E+04   0.6767080463754373E+04   0.1019450194692020E+05   0.1329774433154362E+05   0.1015196799513943E+05   0.6993917007725777E+04   0.9003896939413406E+04   0.2288908158717259E+05   0.5266669307847812E+05   0.2587343623766905E+05   0.1060497028830416E+05   0.1098578242278108E+05   0.3219254471422416E+05   0.1042976657592415E+06   0.2605146886990609E+05   0.8526167467689456E+04   0.6459477281792610E+04   0.9564832169475156E+04   0.1240117993633055E+05
  0.5560460761230429E+05   0.1886634255865618E+05   0.1721983576680246E+05   0.3799742204986372E+05   0.6279952111079246E+05   0.3021321682135239E+05   0.1395560090198718E+05   0.1106160193787747E+05   0.1502009729751606E+05   0.1840733752862438E+05   0.1442742475790312E+05   0.9998127625502884E+04   0.1013614898000013E+05   0.1460498044342648E+05   0.1834787652843402E+05   0.1452556488516562E+05   0.1057913589341182E+05   0.1429364981532912E+05   0.3821102031335521E+05   0.1209965781727057E+06   0.4864891189496725E+05   0.1682341632099259E+05   0.1538511190234185E+05   0.3371014144720670E+05   0.5679349256756741E+05   0.2684829490737655E+05   0.1187264691123783E+05   0.9097712754603292E+04   0.1243749367296554E+05   0.1557725481344131E+05   0.1205384630026928E+05   0.8101411737938951E+04   0.8293845966649351E+04   0.1260494300478824E+05   0.1646198452337831E+05   0.1284274836885881E+05   0.9124779205917845E+04   0.1223686504102685E+05   0.3411556164428450E+05   0.1201899722535187E+06   0.4240406617394897E+05   0.1446245408279635E+05   0.1336184395536527E+05   0.3057814991762034E+05   0.5631604963129466E+05   0.2482700721507990E+05   0.1006926898650071E+05   0.7641273289746582E+04   0.1073572894386169E+05   0.1368547772058806E+05   0.1030164780488431E+05   0.6711565211273908E+04   0.6880944281798709E+04   0.1086135365631679E+05   0.1459642150392367E+05   0.1107562199785338E+05   0.7473064640772184E+04   0.9692127863553043E+04   0.2837709418719851E+05   0.1086846169911111E+06   0.3311314456595579E+05   0.1101368328739148E+05   0.1026089751094731E+05   0.2456241635058024E+05   0.4868990281417810E+05   0.2018931320266995E+05   0.7612426349192586E+04   0.5805920490898957E+04   0.8384559922104920E+04   0.1076999632812637E+05
  0.7519655425948693E+05   0.1976201789318132E+05   0.1542806036394682E+05   0.2723202245619507E+05   0.3787763904227335E+05   0.2300584441307989E+05   0.1261306945538150E+05   0.1066107787275831E+05   0.1469016565911556E+05   0.1808802720902413E+05   0.1413253321525553E+05   0.9840840343841117E+04   0.1042617397777227E+05   0.1563461888366127E+05   0.2044813439679544E+05   0.1605539998104834E+05   0.1137870917063443E+05   0.1589688062671728E+05   0.5301949035164396E+05   0.4583771032954082E+06   0.6441317481513288E+05   0.1736776420938894E+05   0.1370011932012842E+05   0.2416007025569425E+05   0.3421925611973469E+05   0.2035015196300589E+05   0.1051519404561338E+05   0.8549276652656163E+04   0.1187385231374591E+05   0.1490601856659158E+05   0.1157603938709827E+05   0.7914962615126159E+04   0.8599386145416407E+04   0.1382652930729222E+05   0.1895721811861984E+05   0.1459690555667303E+05   0.9971228757203005E+04   0.1343814722800918E+05   0.4353408623577395E+05   0.4590263468574020E+06   0.5284257191417816E+05   0.1464466769185600E+05   0.1198666393783691E+05   0.2245073842331344E+05   0.3364259165944402E+05   0.1891260924402968E+05   0.8923631052612187E+04   0.7084779134703984E+04   0.1001127690126159E+05   0.1276565191696055E+05   0.9715469212877653E+04   0.6500906467403208E+04   0.7140861526147897E+04   0.1211292936558641E+05   0.1716283545230380E+05   0.1275048678919714E+05   0.8160020214816217E+04   0.1040695208601654E+05   0.3331120041626850E+05   0.4071100345227738E+06   0.3875485186555130E+05   0.1096342549069807E+05   0.9296636366637522E+04   0.1847125267255130E+05   0.2890319689068230E+05   0.1548220819405767E+05   0.6800230639952993E+04   0.5355465509757923E+04   0.7698755690810292E+04   0.9883976815054250E+04
  0.7938882681066557E+05   0.1937329506224476E+05   0.1391527958988491E+05   0.2124775968765658E+05   0.2727074311671847E+05   0.1893960295133830E+05   0.1167634432738623E+05   0.1044029913222289E+05   0.1454527316512270E+05   0.1795361704725844E+05   0.1399592626058148E+05   0.9807163952756509E+04   0.1090772028869998E+05   0.1763913093789066E+05   0.2495427087547604E+05   0.1900546548362751E+05   0.1248049548007429E+05   0.1720677665837665E+05   0.6729787124723599E+05   0.1892038780778112E+13   0.6570381837053916E+05   0.1672499547030283E+05   0.1212081731754030E+05   0.1849899774497999E+05   0.2415594001067014E+05   0.1637283891763633E+05   0.9500622767618332E+04   0.8219590104675384E+04   0.1162420244235064E+05   0.1459897651399320E+05   0.1136029029392344E+05   0.7881881321381305E+04   0.9080288435588593E+04   0.1594177370191988E+05   0.2379132443314350E+05   0.1763024134387339E+05   0.1104362890392152E+05   0.1445866532910515E+05   0.5284229505701505E+05   0.1687875934079431E+13   0.5189580956547188E+05   0.1392629653083244E+05   0.1057488309282333E+05   0.1711987184258824E+05   0.2321127921953880E+05   0.1496885201826587E+05   0.8009509095262682E+04   0.6746201082229142E+04   0.9681491698716396E+04   0.1234030664802301E+05   0.9457541156329995E+04   0.6437120213223067E+04   0.7527279317451649E+04   0.1414530875096301E+05   0.2188876821909892E+05   0.1546174695215177E+05   0.8985212406431707E+04   0.1103362692035034E+05   0.3792186811439181E+05   0.1216054387929677E+13   0.3692738195211276E+05   0.1034820788578076E+05   0.8240097271121953E+04   0.1414058595570975E+05   0.1969203110956375E+05   0.1217126982823800E+05   0.6116972719471258E+04   0.5078105733806606E+04   0.7371902181154618E+04   0.9464582581202309E+04
  0.6296078273318189E+05   0.1787194623933833E+05   0.1279090260184950E+05   0.1803297778338236E+05   0.2230922499628508E+05   0.1669150977719561E+05   0.1106347038354908E+05   0.1033800930160492E+05   0.1447667247889675E+05   0.1784614457762439E+05   0.1395386453341326E+05   0.9903655176709397E+04   0.1167219796740202E+05   0.2123583513460989E+05   0.3435892440689165E+05   0.2433718216711790E+05   0.1387296958328111E+05   0.1758951715788038E+05   0.6527892202338603E+05   0.4652386458041934E+06   0.5094925191151386E+05   0.1513554405988858E+05   0.1079653394775455E+05   0.1519018560388446E+05   0.1912024280931897E+05   0.1398443418104651E+05   0.8792020656533175E+04   0.8048202178005709E+04   0.1155877398354936E+05   0.1455908544992991E+05   0.1134910831346392E+05   0.8011255375167217E+04   0.9779505334746302E+04   0.1936767203252766E+05   0.3325126421446782E+05   0.2259535341118660E+05   0.1225231647516192E+05   0.1484235798256923E+05   0.5288401126155809E+05   0.4489098581634488E+06   0.4142199921028461E+05   0.1256296745536223E+05   0.9287859601658394E+04   0.1372335058694952E+05   0.1776275126537798E+05   0.1243835552936413E+05   0.7327696262484815E+04   0.6571718908243337E+04   0.9613254836060794E+04   0.1234622355529660E+05   0.9468607281106732E+04   0.6529615794231531E+04   0.8046864593216883E+04   0.1722662108014693E+05   0.3083550122686739E+05   0.1956831677695604E+05   0.9833540877530872E+04   0.1130116620385753E+05   0.3877448915329829E+05   0.3884209626420821E+06   0.3088654771209733E+05   0.9375640534676990E+04   0.7223932421101110E+04   0.1122766366309378E+05   0.1479793261746991E+05   0.9968769037666814E+04   0.5580117013100558E+04   0.4934121757063124E+04   0.7295418427644442E+04   0.9469018731888264E+04
  0.4407204595992969E+05   0.1599675550096354E+05   0.1200196808474340E+05   0.1639755229404842E+05   0.2001722015058116E+05   0.1550513411518990E+05   0.1063957200155033E+05   0.1035016153258240E+05   0.1454320935318360E+05   0.1792593017110828E+05   0.1411761690138604E+05   0.1018738224630655E+05   0.1278063971168067E+05   0.2745770888527959E+05   0.5586466702985514E+05   0.3365872498111048E+05   0.1541661733476373E+05   0.1680740296635177E+05   0.4853059778165953E+05   0.1173380958173421E+06   0.3589225959779743E+05   0.1327319159004720E+05   0.9763965564986458E+04   0.1330645672577700E+05   0.1653359904672062E+05   0.1259630348491022E+05   0.8287643839906075E+04   0.8020037929776249E+04   0.1171492979102485E+05   0.1486618716403946E+05   0.1165566026837194E+05   0.8350579595768200E+04   0.1071037483669459E+05   0.2464732755247435E+05   0.5393675609731787E+05   0.3046761535560162E+05   0.1343816843942402E+05   0.1433631954290067E+05   0.4152300020784883E+05   0.1131258744179205E+06   0.3117463291715622E+05   0.1104998189764299E+05   0.8228458566453088E+04   0.1163051646834715E+05   0.1477998080462082E+05   0.1086926494751015E+05   0.6819168533059345E+04   0.6538571820984273E+04   0.9832095013063506E+04   0.1280474839313941E+05   0.9843553849472057E+04   0.6812060809820623E+04   0.8681128223153190E+04   0.2155803926546983E+05   0.4993906941140307E+05   0.2545770214175212E+05   0.1057084744695833E+05   0.1100016077638794E+05   0.3219378593437700E+05   0.9967696776587647E+05   0.2488964147633615E+05   0.8344397602677778E+04   0.6360222380812357E+04   0.9355929349974380E+04   0.1204482957522634E+05   0.8556737349385110E+04   0.5162987077803534E+04   0.4900652710024528E+04   0.7484749241615172E+04   0.9886436449605801E+04
  0.3133162779078130E+05   0.1431781604941890E+05   0.1147738018063693E+05   0.1565455635273600E+05   0.1910878563760033E+05   0.1492862561657641E+05   0.1037524624769076E+05   0.1047130520909287E+05   0.1492403592446355E+05   0.1862952297874205E+05   0.1473548739255282E+05   0.1066828107696327E+05   0.1425048303494390E+05   0.3787188545007184E+05   0.1179066448810426E+06   0.4856946743355232E+05   0.1676780705292804E+05   0.1529650516888693E+05   0.3329253131304556E+05   0.5446281035561812E+05   0.2575539201875187E+05   0.1161036459450060E+05   0.9018173533067053E+04   0.1229980432353959E+05   0.1527749046725446E+05   0.1182942447316200E+05   0.7977200086842433E+04   0.8128563485155630E+04   0.1221700957510792E+05   0.1586788437851351E+05   0.1247907045293685E+05   0.8917348045047600E+04   0.1187453860107601E+05   0.3230768720062779E+05   0.1124489678237713E+06   0.4191518438651864E+05   0.1433181522939584E+05   0.1319830522309741E+05   0.2981782971486724E+05   0.5277596678329976E+05   0.2326074998971952E+05   0.9689672064081802E+04   0.7440873689183629E+04   0.1040834888372620E+05   0.1317554917951672E+05   0.9938616134758389E+04   0.6488828113591478E+04   0.6635643855973588E+04   0.1041812662221567E+05   0.1399102319560918E+05   0.1072511519304579E+05   0.7300300968532721E+04   0.9421049499821642E+04   0.2689299503646528E+05   0.1031202662361064E+06   0.3304280292417578E+05   0.1102729316877680E+05   0.1024809194595790E+05   0.2425743725111868E+05   0.4654780735317691E+05   0.1921642184195095E+05   0.7406920835627607E+04   0.5706362104855893E+04   0.8213029861625237E+04   0.1049922295123753E+05   0.7689481098178336E+04   0.4875865861125169E+04   0.4964275996035381E+04   0.7983719720895078E+04   0.1090692091201152E+05
  0.2390404076626627E+05   0.1304727716092695E+05   0.1113301871906258E+05   0.1535384067968706E+05   0.1883521080970662E+05   0.1466688343347539E+05   0.1022273554774443E+05   0.1073482164846868E+05   0.1588654539621970E+05   0.2061933318736068E+05   0.1618852917695574E+05   0.1142443414069940E+05   0.1591232612157872E+05   0.5363233391191632E+05   0.4437993751774757E+06   0.6499920124896391E+05   0.1735149511592317E+05   0.1359478496086880E+05   0.2373301131330727E+05   0.3288345734017427E+05   0.1955427533934501E+05   0.1030656274744031E+05   0.8505049516910418E+04   0.1179514307218965E+05   0.1471120482067331E+05   0.1142580215661024E+05   0.7814541423098513E+04   0.8399127424040900E+04   0.1328159241743899E+05   0.1811465480881781E+05   0.1412116856039142E+05   0.9750916762330018E+04   0.1317797338162269E+05   0.4252790272846766E+05   0.4312578513214929E+06   0.5300793755507514E+05   0.1453734212834375E+05   0.1178816916631954E+05   0.2169038146915673E+05   0.3161469812505762E+05   0.1775485677791411E+05   0.8571748804587774E+04   0.6899035865802357E+04   0.9734301749768367E+04   0.1235094564614225E+05   0.9421126565498676E+04   0.6303933531607964E+04   0.6872870840031292E+04   0.1154326725931516E+05   0.1637028503085031E+05   0.1233663663543813E+05   0.8000823999501095E+04   0.1023357209771305E+05   0.3237626928356977E+05   0.3887039758525403E+06   0.3916993014329045E+05   0.1098466269700419E+05   0.9244558481914593E+04   0.1809255823346444E+05   0.2768691130434424E+05   0.1477307425503799E+05   0.6599959430910966E+04   0.5255335038217836E+04   0.7549852946765482E+04   0.9663650811792351E+04   0.7194264957299482E+04   0.4700664765043792E+04   0.5123732054681988E+04   0.8909381343592160E+04   0.1286949275437405E+05
  0.1975685693488823E+05   0.1217952544844758E+05   0.1095576361881723E+05   0.1522061159566960E+05   0.1872450866606973E+05   0.1454652270913350E+05   0.1017903319439606E+05   0.1117876417096561E+05   0.1782179486676955E+05   0.2500036776613389E+05   0.1905861702491096E+05   0.1249725708660880E+05   0.1729540934169282E+05   0.6887217185075690E+05   0.1905123660791907E+13   0.6676513824126835E+05   0.1670638655332996E+05   0.1203147369162490E+05   0.1819201148208803E+05   0.2337071307546153E+05   0.1585870786212050E+05   0.9359984475798412E+04   0.8197447012565306E+04   0.1156456869284504E+05   0.1444898272425399E+05   0.1124321999161692E+05   0.7792163002687796E+04   0.8840335876213425E+04   0.1517992287847163E+05   0.2255462652771451E+05   0.1701998821493069E+05   0.1082661472700374E+05   0.1432065489242376E+05   0.5323682846020752E+05   0.1734105806897796E+13   0.5211436293765767E+05   0.1377910922212846E+05   0.1036481035328759E+05   0.1649579152309591E+05   0.2193224860379638E+05   0.1414774308164701E+05   0.7704398614728640E+04   0.6567605682864941E+04   0.9421377438190975E+04   0.1196744443049920E+05   0.9196160654874791E+04   0.6258318320532458E+04   0.7236755401651069E+04   0.1339541703314703E+05   0.2078880004239400E+05   0.1497722841285023E+05   0.8853437235120722E+04   0.1097524514696092E+05   0.3817902820399949E+05   0.1273664116401513E+13   0.3718402153798960E+05   0.1032023031075577E+05   0.8159248444132802E+04   0.1380119409893107E+05   0.1892298649991368E+05   0.1167030064405505E+05   0.5937024458884125E+04   0.4976319638079409E+04   0.7230181327107321E+04   0.9267795081414171E+04   0.6978339594914882E+04   0.4634661643302319E+04   0.5358997350681501E+04   0.1037801196575944E+05   0.1641880352214402E+05
  0.1749037884056045E+05   0.1161881610689938E+05   0.1088497567921775E+05   0.1515378097440815E+05   0.1861102430555153E+05   0.1450631495569845E+05   0.1025337110906059E+05   0.1190636108915517E+05   0.2138706238747109E+05   0.3429074770204174E+05   0.2434354806370382E+05   0.1388817814266611E+05   0.1771224921621774E+05   0.6641131452191912E+05   0.4567765818667656E+06   0.5136272302897339E+05   0.1508473684295537E+05   0.1075016942776943E+05   0.1502762121208049E+05   0.1868072814995519E+05   0.1368718472632943E+05   0.8714343423343395E+04   0.8035538263707084E+04   0.1148684186805780E+05   0.1438968498925460E+05   0.1123328478475766E+05   0.7921615115361179E+04   0.9508391297024024E+04   0.1833388306522457E+05   0.3135315485632384E+05   0.2187855171377805E+05   0.1206685614301204E+05   0.1477908879393026E+05   0.5330717298595352E+05   0.4258213519314200E+06   0.4054901647838425E+05   0.1233783617618583E+05   0.9090460118399778E+04   0.1325220926883555E+05   0.1690954249834973E+05   0.1185945529044446E+05   0.7071539964115271E+04   0.6392555502651247E+04   0.9341818601903038E+04   0.1196060732829703E+05   0.9213626471734126E+04   0.6363346496162327E+04   0.7743746153367809E+04   0.1623654618963077E+05   0.2919914569398895E+05   0.1905008887939561E+05   0.9748640388608586E+04   0.1131904334845104E+05   0.3927073263419203E+05   0.3727809186663755E+06   0.3018408208456958E+05   0.9268064955544798E+04   0.7129988654088665E+04   0.1095490904178445E+05   0.1427764884995266E+05   0.9614184480512493E+04   0.5424929093445176E+04   0.4828627872725799E+04   0.7146763243501262E+04   0.9268623990990709E+04   0.6994258130250324E+04   0.4686542121911692E+04   0.5666828786976836E+04   0.1253755766030392E+05   0.2305836056955232E+05
  0.1630887070659196E+05   0.1122990110248712E+05   0.1091613690005244E+05   0.1521275227848566E+05   0.1866346747412976E+05   0.1465147309975261E+05   0.1050417153742522E+05   0.1299649780320047E+05   0.2772646941408562E+05   0.5575963285262199E+05   0.3372261679526247E+05   0.1546619546879640E+05   0.1691100424888360E+05   0.4886925810934725E+05   0.1152470551135253E+06   0.3559258891279795E+05   0.1320064523139900E+05   0.9772069766115384E+04   0.1326715088564014E+05   0.1632280948097400E+05   0.1245263657888511E+05   0.8261149177479991E+04   0.8004347276142812E+04   0.1159458963135630E+05   0.1462199670404407E+05   0.1150527611922242E+05   0.8252121831054763E+04   0.1043749035432250E+05   0.2335446417420126E+05   0.5076139929656416E+05   0.2978835377499952E+05   0.1331256793559553E+05   0.1427415247352380E+05   0.4125045620457984E+05   0.1064901022123655E+06   0.2970096536069610E+05   0.1076396033750931E+05   0.8055791827144581E+04   0.1128254404217810E+05   0.1418619376740212E+05   0.1045601075678096E+05   0.6606413004099632E+04   0.6351246291911023E+04   0.9516392701495552E+04   0.1235942527287222E+05   0.9568260339890861E+04   0.6654750232811745E+04   0.8391213070701800E+04   0.2030067156897781E+05   0.4722782268767722E+05   0.2503923626775825E+05   0.1054667006091316E+05   0.1102859185410946E+05   0.3220353419586178E+05   0.9496052121882225E+05   0.2377532245901290E+05   0.8173315520206696E+04   0.6263753999909619E+04   0.9141450762612480E+04   0.1167387094812910E+05   0.8301640841773271E+04   0.5031464289349366E+04   0.4789170868933620E+04   0.7312287932760149E+04   0.9660199054083865E+04   0.7306090074083150E+04   0.4876883379141915E+04   0.6029763835438439E+04   0.1542897527184556E+05   0.3711579274708019E+05
  0.1574284590468787E+05   0.1097811011567034E+05   0.1104138854317238E+05   0.1558284355520231E+05   0.1932840867280040E+05   0.1523168828131684E+05   0.1094394570145110E+05   0.1448234264225908E+05   0.3865110633039416E+05   0.1179008940908452E+06   0.4894187240937389E+05   0.1687673681963782E+05   0.1536289936875559E+05   0.3326518804508988E+05   0.5336675506948930E+05   0.2531060281741153E+05   0.1155035547934175E+05   0.9074693832326933E+04   0.1234842162876523E+05   0.1521665171029020E+05   0.1178755826579316E+05   0.7984075084872879E+04   0.8096211329525041E+04   0.1201171151496791E+05   0.1548689898323887E+05   0.1225835637124860E+05   0.8803004767125398E+04   0.1164943182176525E+05   0.3104732180001518E+05   0.1059430672692447E+06   0.4160306387076408E+05   0.1427180887296142E+05   0.1309723209612485E+05   0.2918723957951865E+05   0.4964334805203756E+05   0.2193834212335819E+05   0.9387615035364806E+04   0.7291316728066462E+04   0.1014487799447143E+05   0.1274158653166238E+05   0.9633848400431667E+04   0.6309511994150669E+04   0.6432306919263058E+04   0.1002357033841049E+05   0.1343184176504881E+05   0.1040480962389986E+05   0.7150223466732163E+04   0.9186453666422429E+04   0.2554212552354848E+05   0.9758704738848750E+05   0.3298656581111363E+05   0.1105549129543016E+05   0.1024462038405435E+05   0.2394097480901331E+05   0.4435330568045186E+05   0.1825527548891462E+05   0.7208980353283801E+04   0.5610734884582270E+04   0.8039839076755195E+04   0.1021996992994078E+05   0.7500169839900164E+04   0.4764720501195877E+04   0.4844434062980043E+04   0.7769794509011567E+04   0.1063060901641663E+05   0.8001126882648508E+04   0.5215344334958379E+04   0.6446995645625261E+04   0.1865457179759591E+05   0.7595429335197686E+05
  0.1549110312870669E+05   0.1082109805221057E+05   0.1129204846045848E+05   0.1654062285862890E+05   0.2129209363290477E+05   0.1663875470748151E+05   0.1165608398547983E+05   0.1619274939660306E+05   0.5550209840004026E+05   0.4396541774919053E+06   0.6613208600749793E+05   0.1751832119656609E+05   0.1364368633402063E+05   0.2364659865054421E+05   0.3226747926599946E+05   0.1922543525347657E+05   0.1028899236567109E+05   0.8597762893545729E+04   0.1189608454360135E+05   0.1474041543869130E+05   0.1144490226056173E+05   0.7839191130673185E+04   0.8337457987542259E+04   0.1294800420134709E+05   0.1751944332554572E+05   0.1379722249311926E+05   0.9620782327870276E+04   0.1305176666554716E+05   0.4218208099847021E+05   0.4074641413510255E+06   0.5343083589034067E+05   0.1451260404439149E+05   0.1165052569580396E+05   0.2104321328136002E+05   0.2982312927271648E+05   0.1676551499070628E+05   0.8292077004787045E+04   0.6765096569926126E+04   0.9520697557459453E+04   0.1200982387554030E+05   0.9181768518994462E+04   0.6148390015229912E+04   0.6647620151992997E+04   0.1102674254865804E+05   0.1562412650344557E+05   0.1194947115747996E+05   0.7862230398498704E+04   0.1009943302870974E+05   0.3165471983501855E+05   0.3702479472435005E+06   0.3966008777123562E+05   0.1102696203723171E+05   0.9199849121442294E+04   0.1770234569571756E+05   0.2643980360027881E+05   0.1406449128658071E+05   0.6405567326879956E+04   0.5159872656654506E+04   0.7401564375683691E+04   0.9438427880781619E+04   0.7045856985026840E+04   0.4606266429002627E+04   0.4994569015750030E+04   0.8631935440886615E+04   0.1251090556278961E+05   0.9224170824204788E+04   0.5694788196969083E+04   0.6919769432124501E+04   0.2139791490631714E+05   0.2810723899414084E+06
  0.1537716953096023E+05   0.1076058739678893E+05   0.1171400015622482E+05   0.1850685873412151E+05   0.2570295003701362E+05   0.1947410388554279E+05   0.1269780434949165E+05   0.1762265992564169E+05   0.7139792014523930E+05   0.1914782854381935E+13   0.6868120098297797E+05   0.1689720258803814E+05   0.1209766325192653E+05   0.1817629406998582E+05   0.2307336492819094E+05   0.1569601870965897E+05   0.9398387722377511E+04   0.8314300114677901E+04   0.1168312413188458E+05   0.1451693421330450E+05   0.1128902870421512E+05   0.7822584017952936E+04   0.8745568551210477E+04   0.1467730730389532E+05   0.2163113055399112E+05   0.1657535253121926E+05   0.1069621606022161E+05   0.1430379852508818E+05   0.5415913608788067E+05   0.1778411909442362E+13   0.5278305505664075E+05   0.1372852456239341E+05   0.1021670243914999E+05   0.1597240765208202E+05   0.2081634435294180E+05   0.1345209930941724E+05   0.7466880166367241E+04   0.6441774281643502E+04   0.9224441839366791E+04   0.1166677636152534E+05   0.8987656164643826E+04   0.6119048519118503E+04   0.6990187001346236E+04   0.1270814415199827E+05   0.1973917862574493E+05   0.1451547937259800E+05   0.8740297349838593E+04   0.1095470164215364E+05   0.3864276350312406E+05   0.1331657043701263E+13   0.3760665516325707E+05   0.1031810694367033E+05   0.8086007815589096E+04   0.1345586373828434E+05   0.1813688838650275E+05   0.1116863018595592E+05   0.5762542700997218E+04   0.4879589890239519E+04   0.7089792912894414E+04   0.9067439615029483E+04   0.6851500668661549E+04   0.4554477924886930E+04   0.5222806541360422E+04   0.1001081118485951E+05   0.1592621959033248E+05   0.1116165119155176E+05   0.6259596192049316E+04   0.7380053668922729E+04   0.2454674361911158E+05   0.8143912224416279E+12
  0.1533816169689214E+05   0.1080812036378624E+05   0.1242110441289014E+05   0.2219973999313026E+05   0.3517726306693933E+05   0.2476612904505507E+05   0.1408261180508562E+05   0.1804138992722933E+05   0.6815193519504236E+05   0.4589761304375696E+06   0.5290292807320065E+05   0.1526370484829324E+05   0.1085906270860688E+05   0.1511701502975815E+05   0.1861063265231820E+05   0.1366958947757160E+05   0.8804440010217662E+04   0.8165147119173842E+04   0.1159655786404284E+05   0.1443966033741950E+05   0.1127815517404878E+05   0.7948075977129927E+04   0.9389857077461626E+04   0.1763877392953209E+05   0.2989892708853750E+05   0.2134404626865478E+05   0.1196419728846243E+05   0.1481836708549168E+05   0.5403802974011719E+05   0.4069590716525621E+06   0.4023744687724195E+05   0.1221755104413471E+05   0.8956348745037065E+04   0.1287278262599729E+05   0.1618427636781031E+05   0.1138144921718040E+05   0.6879041099254522E+04   0.6267217140452660E+04   0.9133992525691056E+04   0.1164596279701644E+05   0.9009744404667974E+04   0.6234758691279384E+04   0.7486723609375195E+04   0.1532881901724145E+05   0.2762574125637995E+05   0.1855107880209162E+05   0.9681360890625148E+04   0.1136836903011316E+05   0.3987006740724904E+05   0.3573475584428157E+06   0.2965137550141279E+05   0.9186512104258898E+04   0.7044849669548475E+04   0.1068207140256616E+05   0.1374975789862899E+05   0.9260532782518960E+04   0.5275367579048042E+04   0.4728296252969126E+04   0.6998997561092162E+04   0.9063396921223442E+04   0.6875317539054676E+04   0.4619407817224140E+04   0.5531695752155060E+04   0.1205082642394736E+05   0.2233285085933661E+05   0.1402870688868704E+05   0.6818270734136251E+04   0.7620134776927043E+04   0.2577861670725928E+05   0.2654317794994561E+06
  0.1547346480826391E+05   0.1102336447845194E+05   0.1350665073925206E+05   0.2890076534626561E+05   0.5725723459782553E+05   0.3425036148429648E+05   0.1569220778192907E+05   0.1719752510759577E+05   0.4969667602326295E+05   0.1161659946659681E+06   0.3628598582347749E+05   0.1336320788774721E+05   0.9934148912513076E+04   0.1345358098417688E+05   0.1641768483065151E+05   0.1254422990594875E+05   0.8392756656196347E+04   0.8135504517485077E+04   0.1166632814185101E+05   0.1460642512499270E+05   0.1151728481689024E+05   0.8266473903152701E+04   0.1032415813423523E+05   0.2253010659754280E+05   0.4831953908070309E+05   0.2930731950342594E+05   0.1326875724213738E+05   0.1429874537255767E+05   0.4118378299410568E+05   0.1010394994650328E+06   0.2868088744060861E+05   0.1058245268370553E+05   0.7947348395638886E+04   0.1102082252552548E+05   0.1370271444365194E+05   0.1012925737546788E+05   0.6454082631179353E+04   0.6218968347076439E+04   0.9266053751404665E+04   0.1198440296882234E+05   0.9342144785788991E+04   0.6533236836199964E+04   0.8150731195753146E+04   0.1916664755380444E+05   0.4461435163684476E+05   0.2464062334560434E+05   0.1054162588322205E+05   0.1108064162551314E+05   0.3224478843361942E+05   0.9028803009066521E+05   0.2275915377805757E+05   0.8024901093834820E+04   0.6177391132700360E+04   0.8931558929460427E+04   0.1130196649098103E+05   0.8049501258548940E+04   0.4905956865519941E+04   0.4682729164226621E+04   0.7139185107507630E+04   0.9425722140810643E+04   0.7183116399661748E+04   0.4823462695206893E+04   0.5913281313863028E+04   0.1480949917046927E+05   0.3592486887679089E+05   0.1799702255920672E+05   0.7272189092944463E+04   0.7463866322750497E+04   0.2189236794206300E+05   0.6852655953367533E+05
  0.1603587078534173E+05   0.1142148744079920E+05   0.1501380649552086E+05   0.4064942943374196E+05   0.1212839227727165E+06   0.4981488526236310E+05   0.1716856619676244E+05   0.1560230852745226E+05   0.3367526216909135E+05   0.5365662758743828E+05   0.2559416599893060E+05   0.1171855420610343E+05   0.9284494488409679E+04   0.1260748351112987E+05   0.1542739089223440E+05   0.1195404437889048E+05   0.8140759231966157E+04   0.8216647172536686E+04   0.1201858691898341E+05   0.1535593368614851E+05   0.1220616956641443E+05   0.8798872234170190E+04   0.1158769290622098E+05   0.3043999809429038E+05   0.1009717046216613E+06   0.4151312418978752E+05   0.1429931242892747E+05   0.1307468641882756E+05   0.2872679506127932E+05   0.4704691467726809E+05   0.2092795679462577E+05   0.9184641500850768E+04   0.7206730066242766E+04   0.9964758788718587E+04   0.1240920536922296E+05   0.9407085828443887E+04   0.6187641086575954E+04   0.6285424424828039E+04   0.9698538101936505E+04   0.1294399627474388E+05   0.1013160866018328E+05   0.7033979940685019E+04   0.9005282284363957E+04   0.2439182345314038E+05   0.9225404098628426E+05   0.3296901294345174E+05   0.1110789479028827E+05   0.1025927400269418E+05   0.2363295834321270E+05   0.4217049237789587E+05   0.1734185717575383E+05   0.7029919914010188E+04   0.5526231407666523E+04   0.7874466100708998E+04   0.9944338931897057E+04   0.7315456484587508E+04   0.4659807356013090E+04   0.4729317864783842E+04   0.7552902152772350E+04   0.1034037410154730E+05   0.7865430851421030E+04   0.5177864319221116E+04   0.6376915942532020E+04   0.1800275937948323E+05   0.7356524101372734E+05   0.2282485451720401E+05   0.7504435432417622E+04   0.6979367500966079E+04   0.1672920297335819E+05   0.3204028791392804E+05
  0.1743135375147853E+05   0.1208970788822180E+05   0.1676219032348469E+05   0.5873846121419637E+05   0.4470330540334174E+06   0.6786774711585422E+05   0.1788843892502044E+05   0.1386488379986934E+05   0.2394202485515037E+05   0.3246078797607542E+05   0.1942260928717413E+05   0.1048689057736084E+05   0.8844584827507837E+04   0.1219980110346434E+05   0.1502396414985098E+05   0.1165713093349991E+05   0.8006885779592195E+04   0.8435645526397870E+04   0.1286123829191253E+05   0.1721662729650636E+05   0.1365384224791818E+05   0.9598187923141473E+04   0.1308478034071783E+05   0.4261278945944364E+05   0.3886819078067387E+06   0.5416471412544278E+05   0.1458907046304338E+05   0.1158968242415334E+05   0.2054444414929219E+05   0.2834335860073644E+05   0.1599395134068720E+05   0.8104734064135600E+04   0.6696991843679701E+04   0.9389040549417126E+04   0.1176602311114726E+05   0.9015507136510332E+04   0.6047612148200816E+04   0.6480399881959212E+04   0.1058792200783121E+05   0.1495420366550863E+05   0.1160743052692728E+05   0.7755293519091847E+04   0.1002090620670817E+05   0.3122318159173469E+05   0.3523101664675071E+06   0.4025694605885653E+05   0.1110117857091938E+05   0.9171123266753038E+04   0.1731803148297023E+05   0.2519930804537131E+05   0.1338187886255044E+05   0.6227463601630027E+04   0.5076208778603501E+04   0.7262998342462545E+04   0.9219582069271608E+04   0.6903059724334068E+04   0.4518126533759872E+04   0.4869726616232707E+04   0.8348500865526506E+04   0.1212987622519663E+05   0.9071265703328570E+04   0.5679014726489245E+04   0.6925820429415064E+04   0.2115495745379362E+05   0.2739563733290447E+06   0.2624733562576893E+05   0.7380706729759337E+04   0.6300844222935759E+04   0.1254612093583536E+05   0.1905874877585254E+05
  0.2028228112791999E+05   0.1309872382859271E+05   0.1821050184387515E+05   0.7495606229242145E+05   0.1920965285723480E+13   0.7153335401431288E+05   0.1732037474570728E+05   0.1233743259967056E+05   0.1848663622902363E+05   0.2332453032705581E+05   0.1592928257503541E+05   0.9638501990139428E+04   0.8587553481252358E+04   0.1200296791421881E+05   0.1483239722993922E+05   0.1152069435556839E+05   0.7990641328304639E+04   0.8818899552666264E+04   0.1447877194162912E+05   0.2108050386203715E+05   0.1632972082638994E+05   0.1066986061216900E+05   0.1443086029055720E+05   0.5569547499853039E+05   0.1820584393862030E+13   0.5398259041352423E+05   0.1379569162197362E+05   0.1014647936295722E+05   0.1557956977590905E+05   0.1991458946991128E+05   0.1291890980346223E+05   0.7315540478346132E+04   0.6382833721331467E+04   0.9109086168627542E+04   0.1146128648430189E+05   0.8849361436588695E+04   0.6032144583491576E+04   0.6803812834280534E+04   0.1211402821625081E+05   0.1877841116272237E+05   0.1409717311414452E+05   0.8656631182907893E+04   0.1098665528485703E+05   0.3937103175571914E+05   0.1389841618530694E+13   0.3824685225284748E+05   0.1035431317394417E+05   0.8028988421719727E+04   0.1311960831974905E+05   0.1735914580754830E+05   0.1068508749280985E+05   0.5603052531415251E+04   0.4795059168740617E+04   0.6959731616280796E+04   0.8874396779830364E+04   0.6730415725760997E+04   0.4480417060641107E+04   0.5090875231446749E+04   0.9634658429870773E+04   0.1539833592674855E+05   0.1099905940254110E+05   0.6275472244965767E+04   0.7470493045624896E+04   0.2511169336036263E+05   0.8659889946658090E+12   0.2414491708943564E+05   0.6840794867840358E+04   0.5551101451511702E+04   0.9567152488926826E+04   0.1300798255521081E+05
  0.2564139926577090E+05   0.1447306257302377E+05   0.1859642165943307E+05   0.7055659250545071E+05   0.4729424549290370E+06   0.5568017427760353E+05   0.1569770179544837E+05   0.1114091970051447E+05   0.1548786233412643E+05   0.1895532934278224E+05   0.1396678891606576E+05   0.9083365106229125E+04   0.8454951837829041E+04   0.1191187889371098E+05   0.1473934991066940E+05   0.1150672561076801E+05   0.8107894889089049E+04   0.9448560048237305E+04   0.1734177239723229E+05   0.2897591541704131E+05   0.2103068073364669E+05   0.1196153865243522E+05   0.1497996540215523E+05   0.5513302012989381E+05   0.3933626605946674E+06   0.4059469192043078E+05   0.1222524295630372E+05   0.8901184234133803E+04   0.1261054000964724E+05   0.1562520008086469E+05   0.1103345480070915E+05   0.6767381846396247E+04   0.6210120645077601E+04   0.9008625826518150E+04   0.1142554026508505E+05   0.8874086597858101E+04   0.6156342994952322E+04   0.7293069891213563E+04   0.1454347045891636E+05   0.2617037384712883E+05   0.1809453540187597E+05   0.9642190426831585E+04   0.1146158300019622E+05   0.4060750191604556E+05   0.3426927095587234E+06   0.2935521001032627E+05   0.9144525138736215E+04   0.6977044245056311E+04   0.1042221495732172E+05   0.1323348724011033E+05   0.8922584067925542E+04   0.5140182006782966E+04   0.4640363200872836E+04   0.6861245011544581E+04   0.8864177171422209E+04   0.6761314462712312E+04   0.4558111402851186E+04   0.5401665780206327E+04   0.1155431874322137E+05   0.2155118558726864E+05   0.1389598962243622E+05   0.6877136054393747E+04   0.7763453666633781E+04   0.2650611501197754E+05   0.2598015117123220E+06   0.1934537564011263E+05   0.6074671800445853E+04   0.4830353298411884E+04   0.7564216213471992E+04   0.9780841168122131E+04
  0.3528420765254948E+05   0.1611155954966739E+05   0.1768481663623416E+05   0.5106225313190492E+05   0.1204069070728212E+06   0.3807503707001780E+05   0.1378693289874580E+05   0.1026742489575538E+05   0.1389160492388590E+05   0.1685510852128720E+05   0.1290029295099416E+05   0.8702172906487865E+04   0.8432252625433608E+04   0.1195617374856772E+05   0.1485213995503441E+05   0.1171562526586212E+05   0.8410882844936148E+04   0.1039651187853254E+05   0.2225551971593214E+05   0.4675790185105545E+05   0.2906824618731699E+05   0.1332375292336205E+05   0.1442776093791839E+05   0.4137003341770369E+05   0.9706611155348436E+05   0.2821100437853424E+05   0.1052906041878969E+05   0.7918395666798022E+04   0.1086781164512636E+05   0.1336073400642981E+05   0.9913168021569685E+04   0.6378179011109703E+04   0.6156645377717868E+04   0.9101224223853367E+04   0.1170422119904036E+05   0.9182688542780297E+04   0.6459809889034748E+04   0.7977860190050401E+04   0.1821068943056317E+05   0.4218954735740550E+05   0.2428735080384226E+05   0.1056601863402008E+05   0.1116703443507740E+05   0.3234372088235690E+05   0.8581897567388929E+05   0.2189818669221465E+05   0.7912726837682563E+04   0.6109495537468575E+04   0.8737976202144602E+04   0.1094497474881579E+05   0.7812573767748660E+04   0.4794576126918639E+04   0.4588742103955100E+04   0.6975039071314561E+04   0.9194163697324704E+04   0.7063035013295849E+04   0.4775447235298750E+04   0.5804301780816671E+04   0.1418786389916032E+05   0.3463837179943815E+05   0.1799859135366121E+05   0.7379892744955540E+04   0.7610219709806734E+04   0.2224799943759377E+05   0.6661461788353349E+05   0.1547702928802966E+05   0.5326004140111517E+04   0.4218271722666817E+04   0.6269039149874746E+04   0.7950866932154361E+04
  0.5123495476071112E+05   0.1766087537799016E+05   0.1603207605243567E+05   0.3456838905693155E+05   0.5547940071017738E+05   0.2668430245074306E+05   0.1214036565211967E+05   0.9664470433165976E+04   0.1310072483294449E+05   0.1594196057424202E+05   0.1235449339728493E+05   0.8465927632250621E+04   0.8509767094914358E+04   0.1226735594627645E+05   0.1551228057780109E+05   0.1234845380531229E+05   0.8922412747008897E+04   0.1171609368604688E+05   0.3059400543437193E+05   0.9784498699595121E+05   0.4169268498039466E+05   0.1443191080043769E+05   0.1314747475477713E+05   0.2847905935214820E+05   0.4512235855736137E+05   0.2030143980790913E+05   0.9103527374144016E+04   0.7202082131798650E+04   0.9888648919069285E+04   0.1220572340366637E+05   0.9279454657119088E+04   0.6138266851817535E+04   0.6210606556137039E+04   0.9465604652604252E+04   0.1255482296074472E+05   0.9923982386794174E+04   0.6963780424659486E+04   0.8896115675455547E+04   0.2351609016194087E+05   0.8731045721782774E+05   0.3301785876310431E+05   0.1119526949026709E+05   0.1030195840665782E+05   0.2335622058771257E+05   0.4007270855653431E+05   0.1651699029002575E+05   0.6882598275857306E+04   0.5461063588645945E+04   0.7727817941021022E+04   0.9686347913712509E+04   0.7146054023550441E+04   0.4568713376935572E+04   0.4626608159773372E+04   0.7343599198577742E+04   0.1004824727154027E+05   0.7729336913276314E+04   0.5145224899020822E+04   0.6318513390209957E+04   0.1737951986176234E+05   0.7097903588708230E+05   0.2314349051325985E+05   0.7651049282742559E+04   0.7096393120450763E+04   0.1679514238508713E+05   0.3115449424421575E+05   0.1209994629676351E+05   0.4696093299170589E+04   0.3751725868718295E+04   0.5463459548580617E+04   0.6909450946308997E+04
  0.7025933455909639E+05   0.1848120676333324E+05   0.1427580475074684E+05   0.2465921630407577E+05   0.3355045221000002E+05   0.2020342320136448E+05   0.1092419954804124E+05   0.9262378744897140E+04   0.1272905928628410E+05   0.1559182191648176E+05   0.1208613637872174E+05   0.8335586413379442E+04   0.8715055694949659E+04   0.1305709793438433E+05   0.1725188424630546E+05   0.1372033878459247E+05   0.9700894917355847E+04   0.1330289921712896E+05   0.4393904129027234E+05   0.3759888468304133E+06   0.5526502460075104E+05   0.1478613093347412E+05   0.1162235346206074E+05   0.2023117141124963E+05   0.2725504053274377E+05   0.1549231108896378E+05   0.8031018515357836E+04   0.6709598407849118E+04   0.9359078150735299E+04   0.1164486660951652E+05   0.8941740290785920E+04   0.6015931821172329E+04   0.6387715917490658E+04   0.1025347227559150E+05   0.1439311868333292E+05   0.1133075449227420E+05   0.7692160843421763E+04   0.1001594649441498E+05   0.3116547554076955E+05   0.3355296079973980E+06   0.4099568061310741E+05   0.1121942426336097E+05   0.9168109118835508E+04   0.1695956306619183E+05   0.2400831213346403E+05   0.1275420290079494E+05   0.6077504366920515E+04   0.5012484938103978E+04   0.7144625766961858E+04   0.9020159447330250E+04   0.6775682343318296E+04   0.4443417253522155E+04   0.4757233825658701E+04   0.8071315710679100E+04   0.1174023948629429E+05   0.8913430250399035E+04   0.5667494818758282E+04   0.6948229051522137E+04   0.2100310715882551E+05   0.2661189429876362E+06   0.2697795115130787E+05   0.7535334337001236E+04   0.6379074836791669E+04   0.1249584007681855E+05   0.1856497922569662E+05   0.9426410792954002E+04   0.4182417478258109E+04   0.3425950208068549E+04   0.4979359037902955E+04   0.6335912792262973E+04
  0.7539869859563329E+05   0.1799791687028639E+05   0.1276821602596683E+05   0.1915677661198489E+05   0.2418327928646631E+05   0.1660204725033808E+05   0.1010258826715921E+05   0.9034330493888439E+04   0.1254688595851459E+05   0.1542465107684075E+05   0.1196109541892578E+05   0.8313855641957452E+04   0.9083409214118181E+04   0.1462970803395103E+05   0.2096345923978080E+05   0.1631723369261010E+05   0.1076543170869009E+05   0.1472520863185988E+05   0.5793415540039691E+05   0.1860420178671056E+13   0.5579629443389634E+05   0.1400264078700782E+05   0.1017083311873388E+05   0.1534871582238225E+05   0.1928086064140364E+05   0.1258729498993796E+05   0.7270076226670418E+04   0.6405778637732921E+04   0.9094895914464789E+04   0.1137552162632554E+05   0.8799864224085180E+04   0.6011420006917956E+04   0.6695198234632357E+04   0.1164629508348438E+05   0.1794871963296772E+05   0.1374511309949840E+05   0.8614390697316880E+04   0.1108719918938024E+05   0.4042707663009338E+05   0.1448016808907211E+13   0.3916133972025339E+05   0.1044274729415602E+05   0.7997914212127803E+04   0.1280957967400045E+05   0.1661886273144203E+05   0.1024117462502570E+05   0.5469417439961215E+04   0.4730888845660976E+04   0.6850344887267036E+04   0.8701264447876001E+04   0.6624408903743065E+04   0.4419332073009487E+04   0.4971672397443058E+04   0.9264591689029332E+04   0.1485243789937901E+05   0.1082608147379416E+05   0.6295363043330727E+04   0.7579500609889844E+04   0.2579359928409758E+05   0.9192578617194849E+12   0.2480346212074376E+05   0.6957755256054063E+04   0.5596580148460645E+04   0.9493803848963062E+04   0.1270553586050787E+05   0.7522820341745256E+04   0.3771793480840863E+04   0.3218567065930322E+04   0.4728153541955639E+04   0.6056045268649613E+04
  0.5979949129144050E+05   0.1641102597587727E+05   0.1161285637058096E+05   0.1616876761817428E+05   0.1975903979098157E+05   0.1461319009850189E+05   0.9571816016377918E+04   0.8922619882063524E+04   0.1245649400407693E+05   0.1531887133229027E+05   0.1194195150132698E+05   0.8418391563722073E+04   0.9709398395092727E+04   0.1750316804385641E+05   0.2867324923009549E+05   0.2097832490679796E+05   0.1207657749256298E+05   0.1528423449370672E+05   0.5665033139524998E+05   0.3861143022758989E+06   0.4173193985280306E+05   0.1238503800985294E+05   0.8941385976286014E+04   0.1249228927627880E+05   0.1527270040029177E+05   0.1084628854658039E+05   0.6754786207353965E+04   0.6236588714517033E+04   0.8985815728886653E+04   0.1132421938821939E+05   0.8825050876056735E+04   0.6141568617067097E+04   0.7181500213433687E+04   0.1392411841743766E+05   0.2489363605707899E+05   0.1770623123123149E+05   0.9642728957149608E+04   0.1161238821914428E+05   0.4152167323449327E+05   0.3294589619387346E+06   0.2936933206038130E+05   0.9157210716689946E+04   0.6936190850599803E+04   0.1019021914845040E+05   0.1275083190228983E+05   0.8617216791995315E+04   0.5029359762567818E+04   0.4573107259882236E+04   0.6744021384273968E+04   0.8683550682056371E+04   0.6661344433036741E+04   0.4509267165523444E+04   0.5285734012511911E+04   0.1106771571631700E+05   0.2073741842778005E+05   0.1374809957215500E+05   0.6940794647066487E+04   0.7923177956895914E+04   0.2729264986538025E+05   0.2536619707388399E+06   0.1931173525235297E+05   0.6125756804885348E+04   0.4853351659458015E+04   0.7500845350792561E+04   0.9586232368091620E+04   0.6240559952494627E+04   0.3457138654980767E+04   0.3101471634435567E+04   0.4637056274313432E+04   0.6041268083310314E+04
  0.4105797056706744E+05   0.1449694756891029E+05   0.1078855403728455E+05   0.1460630147827678E+05   0.1767103518787419E+05   0.1354944474602707E+05   0.9208792843392548E+04   0.8913108348744616E+04   0.1248993831928155E+05   0.1539167134936941E+05   0.1212424956150775E+05   0.8702703154051915E+04   0.1068099366409420E+05   0.2261325457028958E+05   0.4622659468927923E+05   0.2911616924688486E+05   0.1349509660331407E+05   0.1467944081545551E+05   0.4185811719924682E+05   0.9487422794835080E+05   0.2839178299392278E+05   0.1062844681954964E+05   0.7984944207503716E+04   0.1084713914392224E+05   0.1319318217698975E+05   0.9833327722692467E+04   0.6395687907208637E+04   0.6180146480675466E+04   0.9043432297051135E+04   0.1154521110172977E+05   0.9108720437464264E+04   0.6447750182483715E+04   0.7892316467529592E+04   0.1749242167901185E+05   0.4005363400241843E+05   0.2400778749308267E+05   0.1063125847044733E+05   0.1129964555392717E+05   0.3252969363830474E+05   0.8173279542348771E+05   0.2125591078191607E+05   0.7851973897443563E+04   0.6069488606421351E+04   0.8574016881026748E+04   0.1062100418687925E+05   0.7604862644893516E+04   0.4706586028984288E+04   0.4515705997973283E+04   0.6830946292244774E+04   0.8978539949663011E+04   0.6954939488552808E+04   0.4739276217460367E+04   0.5712350083372855E+04   0.1359139087171132E+05   0.3329518636348705E+05   0.1798608771882101E+05   0.7495015136079045E+04   0.7768233104111117E+04   0.2260772071691263E+05   0.6453912676216061E+05   0.1506583208472030E+05   0.5318310885017715E+04   0.4227158493025376E+04   0.6221585656964587E+04   0.7822419878010565E+04   0.5411187622017720E+04   0.3215290565569318E+04   0.3055755992651705E+04   0.4708680344383607E+04   0.6282362412893848E+04
  0.2865620988239359E+05   0.1284034122371993E+05   0.1023097635808685E+05   0.1385117848766879E+05   0.1679181488624760E+05   0.1301402044685730E+05   0.8977988956891055E+04   0.8995277414020817E+04   0.1278758616547524E+05   0.1599320830266961E+05   0.1271125567572443E+05   0.9191248086865477E+04   0.1206176208658490E+05   0.3161934077614230E+05   0.9688085697828335E+05   0.4219054025757353E+05   0.1468774037709386E+05   0.1333300533050208E+05   0.2848840250981530E+05   0.4401129689381360E+05   0.2013376879986420E+05   0.9168115901374413E+04   0.7293076992854122E+04   0.9938279144522465E+04   0.1215998045131248E+05   0.9273336274260109E+04   0.6177383430254104E+04   0.6224501199004881E+04   0.9348954542875559E+04   0.1229375149455890E+05   0.9801893495773660E+04   0.6952854654307648E+04   0.8879114518534525E+04   0.2299538949196120E+05   0.8296537213551690E+05   0.3316393361374392E+05   0.1132952013190050E+05   0.1038369172331915E+05   0.2313652527865435E+05   0.3814264335588708E+05   0.1582638495958107E+05   0.6781438213465800E+04   0.5424479990864577E+04   0.7612259845998909E+04   0.9461978650691772E+04   0.7004203343223298E+04   0.4500110370264646E+04   0.4545124128143936E+04   0.7154133203286378E+04   0.9768350761392798E+04   0.7602176457857709E+04   0.5123736131536281E+04   0.6281658927377349E+04   0.1682324742579843E+05   0.6827540672816982E+05   0.2346774818629555E+05   0.7809654325772666E+04   0.7220805913150214E+04   0.1684504425237947E+05   0.3018788740120452E+05   0.1169719000853859E+05   0.4654858765472091E+04   0.3751488496802554E+04   0.5429038867039026E+04   0.6822990146100948E+04   0.4900157356999966E+04   0.3050541107407531E+04   0.3069165925622342E+04   0.4962020798671980E+04   0.6892251191934240E+04
  0.2162341333523734E+05   0.1162409269378507E+05   0.9867491388823375E+04   0.1350598215749143E+05   0.1647324753493154E+05   0.1275514007862625E+05   0.8843032461873141E+04   0.9196910953976620E+04   0.1357132079081161E+05   0.1767103490296551E+05   0.1402625347257437E+05   0.9946883342335172E+04   0.1373238315399107E+05   0.4628153614960374E+05   0.3704940818952489E+06   0.5678871671671956E+05   0.1512377760490353E+05   0.1176587927644084E+05   0.2014208694589030E+05   0.2664140394006831E+05   0.1531513252650774E+05   0.8093258369599516E+04   0.6818536619840370E+04   0.9451595719859710E+04   0.1167310062161624E+05   0.8981035456509004E+04   0.6068598841150099E+04   0.6387207768967514E+04   0.1005203655918543E+05   0.1397609690120107E+05   0.1114140946008811E+05   0.7686034513977463E+04   0.1010403861843872E+05   0.3157237382412480E+05   0.3206154422166565E+06   0.4191497356739925E+05   0.1139505641995299E+05   0.9201648863964703E+04   0.1664944457282917E+05   0.2291522270903879E+05   0.1221402055997177E+05   0.5969015534323848E+04   0.4977872764299384E+04   0.7058309938118837E+04   0.8855023662598896E+04   0.6674936309242828E+04   0.4390345668496529E+04   0.4666330262654173E+04   0.7814628805135445E+04   0.1135834827673483E+05   0.8760519595636162E+04   0.5666399429235272E+04   0.6996687137272349E+04   0.2098851861632357E+05   0.2578215851464612E+06   0.2776980696843372E+05   0.7707128070553589E+04   0.6462263069099576E+04   0.1242829459861504E+05   0.1802440315367314E+05   0.9125720081946100E+04   0.4130365160073786E+04   0.3419103769922164E+04   0.4952923905589918E+04   0.6275158214281801E+04   0.4611440022128482E+04   0.2953373120043027E+04   0.3139589477626394E+04   0.5457144385394407E+04   0.8070067915442602E+04
  0.1775634090103457E+05   0.1081221822928021E+05   0.9671258973995764E+04   0.1333706745695952E+05   0.1632233000281807E+05   0.1263273906645764E+05   0.8809570422016121E+04   0.9562088788191122E+04   0.1517556264914890E+05   0.2134111807036681E+05   0.1657243800340864E+05   0.1100109031402904E+05   0.1521058663245976E+05   0.6096467280190110E+05   0.1897724635646569E+13   0.5830934887709282E+05   0.1437209336572235E+05   0.1030709120664131E+05   0.1531262544808829E+05   0.1897148075279375E+05   0.1249822187360557E+05   0.7351157631142152E+04   0.6526370901186078E+04   0.9202511851159612E+04   0.1143543599167208E+05   0.8858898275664249E+04   0.6071596097879062E+04   0.6683152053302729E+04   0.1134071525477444E+05   0.1729588275218752E+05   0.1348416128051438E+05   0.8626607734290677E+04   0.1127381545570811E+05   0.4187924349294462E+05   0.1505973166266951E+13   0.4041189263634431E+05   0.1059871835454154E+05   0.8003622330063148E+04   0.1254508863725290E+05   0.1594888491794896E+05   0.9861105214320305E+04   0.5373863257528765E+04   0.4696279990617118E+04   0.6773364359595143E+04   0.8562404968872213E+04   0.6544150100648984E+04   0.4379076501428486E+04   0.4874961895497464E+04   0.8918163915113098E+04   0.1430909599327097E+05   0.1065336500234772E+05   0.6325231817925788E+04   0.7715809470871392E+04   0.2662874483335099E+05   0.9741098734558013E+12   0.2558860967837182E+05   0.7094584246215998E+04   0.5646298267050356E+04   0.9407892057606890E+04   0.1237445667996135E+05   0.7316154753686184E+04   0.3722555130192089E+04   0.3206695067416184E+04   0.4702823479939098E+04   0.6007428845013609E+04   0.4494083756309026E+04   0.2925710659208704E+04   0.3257029944054465E+04   0.6248656571592509E+04   0.1019911721033596E+05
  0.1564202675839113E+05   0.1028987249206162E+05   0.9585343791537916E+04   0.1325353290276412E+05   0.1620775730568637E+05   0.1260646797347143E+05   0.8896752895407370E+04   0.1019723893619339E+05   0.1818347276411334E+05   0.2908093910421295E+05   0.2122747863482805E+05   0.1232733648325920E+05   0.1575190546416477E+05   0.5864934310012072E+05   0.3863293250964473E+06   0.4376318254024698E+05   0.1272185397069580E+05   0.9094001169936995E+04   0.1254596731000427E+05   0.1516899922185043E+05   0.1085224390150238E+05   0.6860395978651422E+04   0.6362750031496463E+04   0.9086779279442118E+04   0.1136835780571665E+05   0.8882204051246086E+04   0.6204815399148284E+04   0.7172088057610936E+04   0.1351779225073827E+05   0.2386142414165257E+05   0.1741439418568250E+05   0.9695659985886432E+04   0.1183571670159575E+05   0.4265476682738119E+05   0.3183592855228651E+06   0.2977434136436509E+05   0.9241229549815305E+04   0.6933001211630107E+04   0.1000279493270150E+05   0.1232658925052229E+05   0.8363450790141309E+04   0.4954150064885042E+04   0.4535872674951513E+04   0.6659270362037805E+04   0.8535901855912347E+04   0.6585841123571618E+04   0.4480469593448049E+04   0.5194280235643861E+04   0.1061399832295700E+05   0.1992033601692032E+05   0.1359658774175142E+05   0.7014969827133665E+04   0.8106599625660233E+04   0.2815850884771048E+05   0.2472826991427097E+06   0.1938926837250700E+05   0.6195055128045087E+04   0.4880748391081631E+04   0.7430122076017741E+04   0.9374019616495638E+04   0.6104124766567387E+04   0.3416622445570824E+04   0.3085102205213118E+04   0.4605982965192496E+04   0.5990352469834773E+04   0.4522768390585180E+04   0.2976284334248927E+04   0.3426329904958241E+04   0.7404486962714404E+04   0.1417954449724024E+05
  0.1451934792719479E+05   0.9931456907651740E+04   0.9596134477085414E+04   0.1329290410794153E+05   0.1625702556506201E+05   0.1276684565227905E+05   0.9159202662521484E+04   0.1120406857532585E+05   0.2368628609540536E+05   0.4687759963933704E+05   0.2949698666331157E+05   0.1380068571956548E+05   0.1507243263760382E+05   0.4269835822072935E+05   0.9477777417563069E+05   0.2932669634656377E+05   0.1090613434136853E+05   0.8163620310397057E+04   0.1098341734261741E+05   0.1323448057446626E+05   0.9916561302864982E+04   0.6524466155171562E+04   0.6306201972870732E+04   0.9115455807534750E+04   0.1153534182103709E+05   0.9140315935923272E+04   0.6511266286226825E+04   0.7915270189424730E+04   0.1707614216108885E+05   0.3831586976662379E+05   0.2383312095806292E+05   0.1074983565760430E+05   0.1149147703526267E+05   0.3283523277512509E+05   0.7822880974283561E+05   0.2090220016768511E+05   0.7859428108983080E+04   0.6067855073912277E+04   0.8454600811330914E+04   0.1035044181198381E+05   0.7442150448785574E+04   0.4652427264934289E+04   0.4473225870638247E+04   0.6719544085075213E+04   0.8793787486823061E+04   0.6869303617853061E+04   0.4722361619855119E+04   0.5648410913123775E+04   0.1305188196625654E+05   0.3194203038873489E+05   0.1797193605541431E+05   0.7623231791474822E+04   0.7943960584311771E+04   0.2298443476035793E+05   0.6237419485491670E+05   0.1470437674668318E+05   0.5324558364545862E+04   0.4240819242227046E+04   0.6170930296813093E+04   0.7683517131909211E+04   0.5324469331240131E+04   0.3185106036731565E+04   0.3035044038673328E+04   0.4663845936872932E+04   0.6218367562552860E+04   0.4738711842981484E+04   0.3119075546310687E+04   0.3651604713639775E+04   0.8934128223137286E+04   0.2260676643899516E+05
  0.1395692491041630E+05   0.9694856692361052E+04   0.9692455458446724E+04   0.1360833998079093E+05   0.1683552755805467E+05   0.1332042864361540E+05   0.9622965600912914E+04   0.1265189286757484E+05   0.3362656803459977E+05   0.9840196744361916E+05   0.4305648434293156E+05   0.1508531517636835E+05   0.1364912719502856E+05   0.2880061359723766E+05   0.4386007473655993E+05   0.2050243099646984E+05   0.9403126064600518E+04   0.7496031099417661E+04   0.1013628628093689E+05   0.1230212437400931E+05   0.9412210472542625E+04   0.6321823789432136E+04   0.6344692052458631E+04   0.9374240099483630E+04   0.1219214229335847E+05   0.9786696300143318E+04   0.7015391879689041E+04   0.8975936065741162E+04   0.2291634229290018E+05   0.7944717492987534E+05   0.3344112015832773E+05   0.1152366400483383E+05   0.1051658698375429E+05   0.2300255710650402E+05   0.3647231804271027E+05   0.1532062297698760E+05   0.6742428029826845E+04   0.5426771213631394E+04   0.7541628302534514E+04   0.9289202776708575E+04   0.6903700415475071E+04   0.4463779690630347E+04   0.4494854392338688E+04   0.6998496105353335E+04   0.9516975341638299E+04   0.7494759918106076E+04   0.5120684808265511E+04   0.6277713141847902E+04   0.1637829485260456E+05   0.6555041512496909E+05   0.2381175627431112E+05   0.7986359792786080E+04   0.7357989764746440E+04   0.1688936432883929E+05   0.2917425698440204E+05   0.1130939576777043E+05   0.4623555897582403E+04   0.3756331923986331E+04   0.5394278640630827E+04   0.6730736602982959E+04   0.4847676242491045E+04   0.3030505861288027E+04   0.3044163327435656E+04   0.4895802779538277E+04   0.6805133911027687E+04   0.5195128941697258E+04   0.3360504789466947E+04   0.3952791701640664E+04   0.1068647544055614E+05   0.4590679524164405E+05
  0.1368664202127799E+05   0.9546523667277852E+04   0.9902036690659381E+04   0.1443916099727811E+05   0.1851952040832370E+05   0.1460102951155717E+05   0.1035415770521168E+05   0.1439958879314706E+05   0.4976140304277944E+05   0.3733275466111575E+06   0.5879367270346102E+05   0.1562241419786233E+05   0.1203806952253608E+05   0.2031714287984615E+05   0.2658855481645985E+05   0.1551890227504032E+05   0.8314635239960895E+04   0.7040050459076406E+04   0.9688259284444857E+04   0.1187869838070018E+05   0.9154988522585401E+04   0.6221684639745393E+04   0.6497544363706688E+04   0.1001407448165957E+05   0.1374080481951512E+05   0.1106298588406313E+05   0.7751115705650341E+04   0.1030611822305517E+05   0.3254124565178619E+05   0.3083454832795897E+06   0.4305691324039934E+05   0.1164264791506654E+05   0.9283684612300322E+04   0.1641272991234248E+05   0.2197396341036631E+05   0.1179748114188286E+05   0.5916797869380132E+04   0.4982580668650648E+04   0.7017320305902710E+04   0.8740880981340058E+04   0.6613462570059351E+04   0.4368179143290598E+04   0.4607502055166336E+04   0.7594769445705973E+04   0.1100317705132725E+05   0.8624036078886236E+04   0.5682882702977186E+04   0.7082321111094040E+04   0.2116392127735948E+05   0.2493817663317425E+06   0.2864355880676039E+05   0.7903186955009021E+04   0.6555594325271519E+04   0.1235262051589731E+05   0.1745680096733088E+05   0.8828323782188756E+04   0.4085728051613495E+04   0.3417493411109282E+04   0.4927867794425435E+04   0.6211410811649981E+04   0.4581354505546271E+04   0.2942822387055827E+04   0.3111324944482848E+04   0.5360580933918291E+04   0.7947808225551382E+04   0.5984254447516510E+04   0.3695087380551675E+04   0.4343127323048614E+04   0.1264414197120801E+05   0.1696899805746741E+06
  0.1355747803060153E+05   0.9494740884193667E+04   0.1027756967954950E+05   0.1616131737320765E+05   0.2227432888018872E+05   0.1712991215168008E+05   0.1139508206269982E+05   0.1591086219087940E+05   0.6487676425885743E+05   0.1932313238673676E+13   0.6160794763755729E+05   0.1492724865394636E+05   0.1057306153834915E+05   0.1550513844835459E+05   0.1904474896493366E+05   0.1269417335325997E+05   0.7580268400692586E+04   0.6761021327478842E+04   0.9453477284598726E+04   0.1166820492853092E+05   0.9047211175088867E+04   0.6228211647692766E+04   0.6787620277362754E+04   0.1123541406095081E+05   0.1686901665804807E+05   0.1334113271093837E+05   0.8707342547740009E+04   0.1156530730657499E+05   0.4380070970641872E+05   0.1563494013593076E+13   0.4206514699723534E+05   0.1083891348248693E+05   0.8058050562212499E+04   0.1234759799489654E+05   0.1538580008512527E+05   0.9571810792456035E+04   0.5329985755567033E+04   0.4701482669743735E+04   0.6741922336920386E+04   0.8473972210277861E+04   0.6501683943139466E+04   0.4368531066144994E+04   0.4811843922050673E+04   0.8615537418343798E+04   0.1379231428451679E+05   0.1049344418860413E+05   0.6372020320720090E+04   0.7889439152492828E+04   0.2765828712179893E+05   0.1030443304563520E+13   0.2653631338608266E+05   0.7259520716075868E+04   0.5705428373560487E+04   0.9317473004572650E+04   0.1202831039995900E+05   0.7110489208022015E+04   0.3679584302326531E+04   0.3200098014913101E+04   0.4679458138908665E+04   0.5956919356760985E+04   0.4476818210447816E+04   0.2924576116630688E+04   0.3228759221144548E+04   0.6112252486707595E+04   0.1002301162435924E+05   0.7233497149182656E+04   0.4087306162532867E+04   0.4751547461576889E+04   0.1560448924195018E+05   0.5592702832207588E+12
  0.1352230844757133E+05   0.9559825963035397E+04   0.1093662870568136E+05   0.1944273939798249E+05   0.3028889606282631E+05   0.2181884197734572E+05   0.1273197503938697E+05   0.1640387528423600E+05   0.6119001611178327E+05   0.3951457360887483E+06   0.4680412620966534E+05   0.1326117177020927E+05   0.9376554632288800E+04   0.1280040044510924E+05   0.1535780268754002E+05   0.1108483329295808E+05   0.7104125243677244E+04   0.6605420555033916E+04   0.9333700018944563E+04   0.1158560700484502E+05   0.9066154761424064E+04   0.6361288542303027E+04   0.7286155603261780E+04   0.1337469592898234E+05   0.2314464676881952E+05   0.1724960036568128E+05   0.9814703847518504E+04   0.1214767565138640E+05   0.4405238070673150E+05   0.3101756679831829E+06   0.3065747816821535E+05   0.9414765228827684E+04   0.6979268338538714E+04   0.9878477470267497E+04   0.1198835952659794E+05   0.8182454576357070E+04   0.4927073496751465E+04   0.4539081163933366E+04   0.6620383909572728E+04   0.8437445939515237E+04   0.6546607886158699E+04   0.4480321586479356E+04   0.5139115695008342E+04   0.1021957808739662E+05   0.1913368952617006E+05   0.1345516810521788E+05   0.7106342823707117E+04   0.8322117375933052E+04   0.2912708683259486E+05   0.2409889261795749E+06   0.1962290017796598E+05   0.6291408551987501E+04   0.4917684123334577E+04   0.7359243790681808E+04   0.9154626822297554E+04   0.5969321245701509E+04   0.3381980770438610E+04   0.3073960769907329E+04   0.4576604514765460E+04   0.5936663328471145E+04   0.4511606949549177E+04   0.2985450534524191E+04   0.3405418526688874E+04   0.7220454271422142E+04   0.1391428811506041E+05   0.9102539698294866E+04   0.4476073136533701E+04   0.4985469133326450E+04   0.1682827214335130E+05   0.1598919891291831E+06
  0.1366654758491734E+05   0.9797358618499815E+04   0.1199192223832742E+05   0.2555709197357496E+05   0.4886315016611780E+05   0.3025698016332205E+05   0.1425858762438024E+05   0.1562559975027996E+05   0.4394200395515069E+05   0.9709739979230710E+05   0.3112126832393428E+05   0.1138827547289005E+05   0.8471521105254515E+04   0.1130203291042135E+05   0.1352025773874796E+05   0.1019072099500057E+05   0.6783108106511225E+04   0.6552283216332761E+04   0.9341162705627488E+04   0.1170403230350834E+05   0.9298671466882994E+04   0.6665413197140098E+04   0.8069233707280452E+04   0.1703051070667520E+05   0.3709410180085733E+05   0.2379725122951698E+05   0.1093527777961401E+05   0.1175661612785330E+05   0.3329595710219102E+05   0.7552587586451424E+05   0.2091316927110076E+05   0.7953454141916181E+04   0.6116133106416713E+04   0.8396246517761187E+04   0.1015595354165586E+05   0.7342006035324979E+04   0.4643728197056606E+04   0.4472030047784528E+04   0.6655036608870722E+04   0.8656804279052845E+04   0.6818018405390862E+04   0.4733118487395703E+04   0.5624979995814890E+04   0.1260580021952337E+05   0.3063386329515499E+05   0.1797096417912445E+05   0.7771161196444291E+04   0.8144433335314266E+04   0.2339356326280301E+05   0.6020953685752267E+05   0.1442905885733484E+05   0.5353416422242242E+04   0.4264308918758024E+04   0.6123682356357178E+04   0.7542901422040736E+04   0.5240652532185432E+04   0.3160806589405477E+04   0.3019469481328725E+04   0.4619693275921067E+04   0.6149171026872345E+04   0.4728615391430039E+04   0.3140801415722232E+04   0.3651859416733458E+04   0.8712128039178258E+04   0.2217070099475263E+05   0.1173222637326417E+05   0.4791495162605504E+04   0.4902558040708915E+04   0.1419489381774583E+05   0.4103740531371101E+05
  0.1420132264429387E+05   0.1023491285149913E+05   0.1351343889961058E+05   0.3672559724769753E+05   0.1027322971257075E+06   0.4434079381641847E+05   0.1564333583357894E+05   0.1411395210204314E+05   0.2946246646650987E+05   0.4481842286224166E+05   0.2148672412827095E+05   0.9833935592136724E+04   0.7827733060590251E+04   0.1050602161227236E+05   0.1266336324813062E+05   0.9720472053506728E+04   0.6589136414736584E+04   0.6589575770691580E+04   0.9568407910469627E+04   0.1228308519711434E+05   0.9901009302017177E+04   0.7166463057139818E+04   0.9209622766773224E+04   0.2337131315726103E+05   0.7700270908661462E+05   0.3388624283519187E+05   0.1179178714626784E+05   0.1071381813251431E+05   0.2298587114535245E+05   0.3516294368900328E+05   0.1505507652174066E+05   0.6783101922072388E+04   0.5479261377624219E+04   0.7531225173435418E+04   0.9187982349031086E+04   0.6859905073165725E+04   0.4470624517807524E+04   0.4486975241756445E+04   0.6892459396618071E+04   0.9312635780336601E+04   0.7419422280247852E+04   0.5144367407038529E+04   0.6319579082630350E+04   0.1609520713856906E+05   0.6291735429410142E+05   0.2419223065121916E+05   0.8188250004501204E+04   0.7514249623916816E+04   0.1694082030622859E+05   0.2815464951008448E+05   0.1096159769061249E+05   0.4610222220277769E+04   0.3771222973101156E+04   0.5365433552161577E+04   0.6640532307011856E+04   0.4799262633419387E+04   0.3016422334466601E+04   0.3024208917956907E+04   0.4828824283542851E+04   0.6708867441714289E+04   0.5184140451403880E+04   0.3398151483776106E+04   0.3994408229000037E+04   0.1051781333900765E+05   0.4505648871347508E+05   0.1497605228925061E+05   0.4942903380739610E+04   0.4567814713600029E+04   0.1071419832187667E+05   0.1923697649295636E+05
  0.1547366569666151E+05   0.1094054033472298E+05   0.1533067219140920E+05   0.5449885418367825E+05   0.3856284145930961E+06   0.6133809404450834E+05   0.1630264847932244E+05   0.1245702888327533E+05   0.2079717797961249E+05   0.2718469220215931E+05   0.1616155272277271E+05   0.8718984118461743E+04   0.7390870179749573E+04   0.1009143449138532E+05   0.1229063309214403E+05   0.9486057661937377E+04   0.6491967348569125E+04   0.6738298017670615E+04   0.1017166484071484E+05   0.1372712095174455E+05   0.1112056524281564E+05   0.7902529771347652E+04   0.1064446670726199E+05   0.3417558450612805E+05   0.2995635848425032E+06   0.4446683785762504E+05   0.1197793842668548E+05   0.9427228141175099E+04   0.1627698042726670E+05   0.2124389818129871E+05   0.1154427849579427E+05   0.5937113042066580E+04   0.5037847536744523E+04   0.7036328548562177E+04   0.8696283711317401E+04   0.6605341965936032E+04   0.4387259344253246E+04   0.4592504578062089E+04   0.7430196137985011E+04   0.1069640036812687E+05   0.8517187589833809E+04   0.5725118373553585E+04   0.7217743363668606E+04   0.2158885467102912E+05   0.2411762369260241E+06   0.2962293904120974E+05   0.8131689665385687E+04   0.6665166394030575E+04   0.1227993190200101E+05   0.1688622665134310E+05   0.8551579079384475E+04   0.4055794707639346E+04   0.3426033683446010E+04   0.4910256103450821E+04   0.6152038311446513E+04   0.4556124030688560E+04   0.2938290080507161E+04   0.3088128735257011E+04   0.5261573269033162E+04   0.7810641870495691E+04   0.5974582880271426E+04   0.3753923787537050E+04   0.4445460907062302E+04   0.1282842081282106E+05   0.1677087351896505E+06   0.1725775412641681E+05   0.4828459512604800E+04   0.4092937649038373E+04   0.7956402223920277E+04   0.1149792282813147E+05
  0.1802386822696370E+05   0.1196553112665775E+05   0.1684976016041244E+05   0.6975939832410861E+05   0.1964013154914339E+13   0.6577838142283856E+05   0.1569155005821446E+05   0.1098686095599216E+05   0.1596083944869534E+05   0.1956041260392480E+05   0.1321877410794239E+05   0.7979522954393282E+04   0.7126653094692465E+04   0.9870061216985921E+04   0.1210200848867852E+05   0.9386408281233906E+04   0.6497514973104418E+04   0.7029555392253068E+04   0.1137063587208682E+05   0.1672029334339102E+05   0.1334465509442630E+05   0.8871614252602521E+04   0.1198170680221177E+05   0.4626912622417718E+05   0.1620356749736754E+13   0.4419232968030753E+05   0.1118134400387536E+05   0.8174208522512018E+04   0.1224068592918965E+05   0.1496988765235978E+05   0.9402910080813099E+04   0.5352740898964345E+04   0.4757791538787992E+04   0.6770550683186116E+04   0.8453917806987090E+04   0.6510442511404216E+04   0.4397619430420876E+04   0.4794782506790936E+04   0.8379552879295827E+04   0.1332964770386694E+05   0.1036081560333969E+05   0.6443688335506599E+04   0.8111743373391227E+04   0.2892842354136523E+05   0.1088142578516491E+13   0.2768723123055695E+05   0.7462033563702240E+04   0.5780053680891532E+04   0.9232289671822538E+04   0.1168356491942099E+05   0.6918575055838468E+04   0.3649488192686125E+04   0.3203685911308633E+04   0.4664066452918293E+04   0.5911642003553176E+04   0.4464572706268575E+04   0.2929527180588603E+04   0.3206039571917418E+04   0.5972205278569511E+04   0.9823483331433963E+04   0.7237093167608815E+04   0.4174209508328151E+04   0.4915253008709565E+04   0.1634239007863951E+05   0.6014419594058922E+12   0.1550246318258833E+05   0.4400157303142735E+04   0.3575237110053942E+04   0.6033518332437430E+04   0.7891884388816839E+04
  0.2279285690129997E+05   0.1330858681276241E+05   0.1726097371755592E+05   0.6433223241004539E+05   0.4137127661996207E+06   0.5097100364210107E+05   0.1402878346017116E+05   0.9806881120669412E+04   0.1328503650640871E+05   0.1588390611799141E+05   0.1157849476860584E+05   0.7506493340259976E+04   0.6981966684612520E+04   0.9749549886041234E+04   0.1200469726963464E+05   0.9398402343706621E+04   0.6626915600195312E+04   0.7546138700598091E+04   0.1354790994732719E+05   0.2281884398677049E+05   0.1724462629208749E+05   0.1001455349392616E+05   0.1256547274499127E+05   0.4576333005087238E+05   0.3057567113966615E+06   0.3211230274419455E+05   0.9697469599367156E+04   0.7087839552090581E+04   0.9837593936414583E+04   0.1176650835932717E+05   0.8097524463882977E+04   0.4961915312965138E+04   0.4594230213380123E+04   0.6642204587150784E+04   0.8406240903027974E+04   0.6556834157249179E+04   0.4518451863141699E+04   0.5133515440686014E+04   0.9914395443684656E+04   0.1841638349573591E+05   0.1333981583537692E+05   0.7222594181242956E+04   0.8579281509689697E+04   0.3022502611678323E+05   0.2351649264392955E+06   0.2006380193836631E+05   0.6425002935760187E+04   0.4970195304899285E+04   0.7296854369131284E+04   0.8940661438373872E+04   0.5846132241548417E+04   0.3359249775028752E+04   0.3073008216121598E+04   0.4555006612093982E+04   0.5887251239631899E+04   0.4504923006649893E+04   0.3000779589818653E+04   0.3391467064327141E+04   0.7033941669075614E+04   0.1361198648531639E+05   0.9154864187536592E+04   0.4598017599904759E+04   0.5181798763098317E+04   0.1761212183467414E+05   0.1588102405008544E+06   0.1161798481006286E+05   0.3809152950650606E+04   0.3083532347651648E+04   0.4757865971898487E+04   0.5964814435692661E+04
  0.3144230192998220E+05   0.1488684020642368E+05   0.1635781610186451E+05   0.4564068872481816E+05   0.1021572835451436E+06   0.3388202420328542E+05   0.1210140008001867E+05   0.8926052455637382E+04   0.1182891173069635E+05   0.1408702778762951E+05   0.1068444468530537E+05   0.7190792188830284E+04   0.6936463587700664E+04   0.9745324356130657E+04   0.1208192949156679E+05   0.9605953502454435E+04   0.6925993090960871E+04   0.8377922804574475E+04   0.1742815447143836E+05   0.3651416947763669E+05   0.2393663895170872E+05   0.1120208872821211E+05   0.1211017519975611E+05   0.3395045768501191E+05   0.7386174980918974E+05   0.2137093253553392E+05   0.8153945915086028E+04   0.6226888767121498E+04   0.8417041977834568E+04   0.1006245365703742E+05   0.7323769060915577E+04   0.4693300676660087E+04   0.4523971324241857E+04   0.6653202605748135E+04   0.8586468946253490E+04   0.6814413695712185E+04   0.4780985155004473E+04   0.5656100355134535E+04   0.1229440761207211E+05   0.2943422723655987E+05   0.1800052225293635E+05   0.7946406940383997E+04   0.8377703917892921E+04   0.2385319406736281E+05   0.5815143735512484E+05   0.1428185708617480E+05   0.5414921024219308E+04   0.4303554355830855E+04   0.6087730094684556E+04   0.7411099708389118E+04   0.5168028957298479E+04   0.3147973048681299E+04   0.3014102926411681E+04   0.4582590823231286E+04   0.6081932499960344E+04   0.4721601025601729E+04   0.3168795320767849E+04   0.3661924367374623E+04   0.8496558181297793E+04   0.2167210918011381E+05   0.1191496751794488E+05   0.4951817258387538E+04   0.5092773015277813E+04   0.1465431839480875E+05   0.4044225930741435E+05   0.8935779542489279E+04   0.3256822139018854E+04   0.2667301531642406E+04   0.3933424971973357E+04   0.4866386374667741E+04
  0.4609367075173737E+05   0.1638048409486600E+05   0.1474566165121305E+05   0.3052124474093401E+05   0.4703798114743605E+05   0.2316698422390309E+05   0.1048633935847635E+05   0.8305286883799748E+04   0.1107133583583835E+05   0.1327568559112084E+05   0.1022322107359274E+05   0.6997443075662512E+04   0.6978218974995294E+04   0.9959494764270336E+04   0.1260115901168717E+05   0.1016856053988733E+05   0.7421924298115333E+04   0.9604463504936153E+04   0.2445788611295219E+05   0.7589609637534995E+05   0.3453890733684198E+05   0.1214898181073512E+05   0.1098956858859405E+05   0.2312079872591631E+05   0.3432464279112680E+05   0.1508975501448922E+05   0.6922497785931954E+04   0.5594285243714378E+04   0.7597791362967848E+04   0.9180244128999499E+04   0.6889729544775028E+04   0.4532668361770435E+04   0.4533854995538394E+04   0.6853588702376922E+04   0.9176101752466146E+04   0.7390052609940193E+04   0.5204113434957715E+04   0.6421740347219039E+04   0.1603089716704316E+05   0.6050751224504018E+05   0.2462860304913505E+05   0.8423427078310326E+04   0.7696857556042592E+04   0.1701453427526784E+05   0.2717782741857160E+05   0.1068296580827424E+05   0.4624206590589994E+04   0.3801980599384510E+04   0.5349934980071287E+04   0.6561781799058170E+04   0.4762178197964067E+04   0.3013502640154330E+04   0.3014545706442218E+04   0.4768044233036430E+04   0.6611030019261272E+04   0.5174062118271582E+04   0.3442219651641500E+04   0.4050250772968795E+04   0.1038446501149145E+05   0.4407929668103220E+05   0.1542752338814823E+05   0.5134463586469996E+04   0.4729187858832464E+04   0.1092151124013569E+05   0.1895879027519283E+05   0.6992141671575252E+04   0.2824831146370874E+04   0.2347695516621241E+04   0.3413072364156433E+04   0.4235795047013499E+04
  0.6447984127136293E+05   0.1718506562173825E+05   0.1304096731303812E+05   0.2162350701658785E+05   0.2851924446637341E+05   0.1730190503620188E+05   0.9330570203660252E+04   0.7888058423736178E+04   0.1068398356904325E+05   0.1293862079491047E+05   0.9997373569964024E+04   0.6896798604702301E+04   0.7129796067084853E+04   0.1055827102328831E+05   0.1397685832778101E+05   0.1134055747608662E+05   0.8156233895966880E+04   0.1114257891237656E+05   0.3658441313790501E+05   0.2951759339126403E+06   0.4619312078117923E+05   0.1241776521563884E+05   0.9646312846766041E+04   0.1627218563444369E+05   0.2078967386393929E+05   0.1149755231371537E+05   0.6047648599023281E+04   0.5155922682219706E+04   0.7131385270368446E+04   0.8741607457607450E+04   0.6666086973113947E+04   0.4459003094511012E+04   0.4634370606295518E+04   0.7341521557098347E+04   0.1046244253226062E+05   0.8454928689455104E+04   0.5802326428914536E+04   0.7417089437958443E+04   0.2232983939422288E+05   0.2336438931609933E+06   0.3073488198907972E+05   0.8401940428481268E+04   0.6798037293975461E+04   0.1222344568159755E+05   0.1634128124565129E+05   0.8315840750244623E+04   0.4049073305376019E+04   0.3450482393002997E+04   0.4907277944555927E+04   0.6105853826931861E+04   0.4542401715693918E+04   0.2944699260419402E+04   0.3075479734618803E+04   0.5168143857300016E+04   0.7667101697529602E+04   0.5962961463836674E+04   0.3819455862778618E+04   0.4566795086934323E+04   0.1310346509466575E+05   0.1652972914938130E+06   0.1805538063991399E+05   0.5028763787567820E+04   0.4219451234805307E+04   0.8044695865187243E+04   0.1135092061433398E+05   0.5516363153551373E+04   0.2498789455019435E+04   0.2120898798206928E+04   0.3089942238857660E+04   0.3884034758505954E+04
  0.7090605779805149E+05   0.1668843164816694E+05   0.1156672722513197E+05   0.1671471154054642E+05   0.2057908277798880E+05   0.1411637436511900E+05   0.8571462242648717E+04   0.7640549022816375E+04   0.1047505926029423E+05   0.1276578503973262E+05   0.9898773414553601E+04   0.6896337003644114E+04   0.7430762263420711E+04   0.1178846065736611E+05   0.1690459596390167E+05   0.1352499295341777E+05   0.9135312756892601E+04   0.1254415872421987E+05   0.4936616714609789E+05   0.1676334260204395E+13   0.4686890276164046E+05   0.1164526833262214E+05   0.8366131850747868E+04   0.1224997752288302E+05   0.1474501425229180E+05   0.9386640179408903E+04   0.5458415695215416E+04   0.4877527609593222E+04   0.6875160596021330E+04   0.8521973015065241E+04   0.6585240624902383E+04   0.4477311434362901E+04   0.4837618093808468E+04   0.8235769127614023E+04   0.1295228302843628E+05   0.1027199549194426E+05   0.6549243592963964E+04   0.8395445022312950E+04   0.3049051088914719E+05   0.1147078313276729E+13   0.2908687950348595E+05   0.7712874045125432E+04   0.5877216443582332E+04   0.9163876258096861E+04   0.1135977688068469E+05   0.6755411593276544E+04   0.3639995875231250E+04   0.3223215313349786E+04   0.4663770080772151E+04   0.5880119312954283E+04   0.4463654505445174E+04   0.2945267083777285E+04   0.3194667812138724E+04   0.5838357666260467E+04   0.9610971766802926E+04   0.7235577206933927E+04   0.4268401346102943E+04   0.5100358793908175E+04   0.1719471969710175E+05   0.6456824560200614E+12   0.1630080807721695E+05   0.4573132986117032E+04   0.3671148429563156E+04   0.6077528214859761E+04   0.7811756542056529E+04   0.4463185517102051E+04   0.2253001714527023E+04   0.1972230868376742E+04   0.2909418645662203E+04   0.3706960717154182E+04
  0.5637929926541113E+05   0.1505051912033871E+05   0.1040294232501394E+05   0.1402965015384591E+05   0.1679275637579597E+05   0.1236826553568052E+05   0.8088437676073081E+04   0.7510150965351459E+04   0.1035788757423084E+05   0.1265519183710820E+05   0.9901162236973574E+04   0.7018225229160621E+04   0.7975426161717286E+04   0.1409303096581645E+05   0.2296371235293941E+05   0.1743425971314461E+05   0.1031079186065602E+05   0.1310732044641316E+05   0.4783939146510533E+05   0.3060141292711951E+06   0.3423826223016593E+05   0.1011038360984099E+05   0.7272572773296406E+04   0.9902203359133731E+04   0.1169408850720433E+05   0.8134032804984917E+04   0.5073701314734768E+04   0.4713876889204897E+04   0.6741008854653725E+04   0.8462174208709725E+04   0.6631094624175565E+04   0.4605521513322945E+04   0.5192234613450275E+04   0.9731980839088452E+04   0.1781261438571004E+05   0.1326884493208771E+05   0.7372435621337733E+04   0.8888828185729708E+04   0.3148232795537103E+05   0.2302569560331735E+06   0.2076962216861450E+05   0.6607428209956666E+04   0.5045262043824611E+04   0.7253132060016975E+04   0.8747054042175252E+04   0.5746310250909567E+04   0.3355498548846916E+04   0.3088067702137159E+04   0.4548414647385063E+04   0.5850577040749022E+04   0.4508826758237764E+04   0.3026813153899476E+04   0.3390684206394330E+04   0.6857913128049003E+04   0.1328690498666066E+05   0.9200159227583559E+04   0.4728632204693684E+04   0.5397795970697072E+04   0.1846181737840726E+05   0.1574595418969785E+06   0.1192005439215384E+05   0.3929125718682001E+04   0.3155841448105119E+04   0.4788780920002123E+04   0.5924071512910044E+04   0.3747352236075063E+04   0.2071159341700167E+04   0.1883207888160256E+04   0.2826283802691824E+04   0.3686026008498045E+04
  0.3771535812657237E+05   0.1307213918534147E+05   0.9544752320911870E+04   0.1259025971059078E+05   0.1497183473453869E+05   0.1142688639137272E+05   0.7767108213714217E+04   0.7477260494788323E+04   0.1035340315118933E+05   0.1270065296371683E+05   0.1008512355784148E+05   0.7309438031309058E+04   0.8866090776692163E+04   0.1834518866629499E+05   0.3670915354546689E+05   0.2429010632962628E+05   0.1156566947383728E+05   0.1256821238337149E+05   0.3484012703745016E+05   0.7349214039656099E+05   0.2236326296034941E+05   0.8482252155574788E+04   0.6413675088116363E+04   0.8536591688281178E+04   0.1009704120873936E+05   0.7408509334211941E+04   0.4815119904017233E+04   0.4642012951370933E+04   0.6731382371146889E+04   0.8603634998810987E+04   0.6873262400423510E+04   0.4876431502385221E+04   0.5757381614799843E+04   0.1216385319084886E+05   0.2841550797456356E+05   0.1808057964370259E+05   0.8157591095848945E+04   0.8652882082352375E+04   0.2438420859203126E+05   0.5632359867663637E+05   0.1431057734030603E+05   0.5520539429282041E+04   0.4365401689446863E+04   0.6072317215483668E+04   0.7300535904369008E+04   0.5116356870878652E+04   0.3153144721990076E+04   0.3024905656377703E+04   0.4560124441895250E+04   0.6025296076380030E+04   0.4723702621357487E+04   0.3207483014579459E+04   0.3688471574177633E+04   0.8305760977377442E+04   0.2113375025120918E+05   0.1209471027605274E+05   0.5123590592045947E+04   0.5298377192317222E+04   0.1513068612317079E+05   0.3974826159618323E+05   0.8896346394514696E+04   0.3325071561151805E+04   0.2722314030079972E+04   0.3961802512013538E+04   0.4851164741541150E+04   0.3281160416399927E+04   0.1934458800723056E+04   0.1839993368487116E+04   0.2839551021770946E+04   0.3815104115295255E+04
  0.2562374883552253E+05   0.1138628594051977E+05   0.8945940158642827E+04   0.1185634251905779E+05   0.1417155031496896E+05   0.1094602912385977E+05   0.7565278110447989E+04   0.7530195259196403E+04   0.1057639361946716E+05   0.1318215310689414E+05   0.1061400608298341E+05   0.7798303205712405E+04   0.1018582622174536E+05   0.2627822788393894E+05   0.7640723488453915E+05   0.3544128864422885E+05   0.1261126530145702E+05   0.1135896125021261E+05   0.2344430772388925E+05   0.3407602798889526E+05   0.1548907693858707E+05   0.7181091259563997E+04   0.5785149302065009E+04   0.7759458811606902E+04   0.9289824842317763E+04   0.7011604938566783E+04   0.4663038269512801E+04   0.4649042737605618E+04   0.6901235861517021E+04   0.9130401589535546E+04   0.7422105360927800E+04   0.5310296774585598E+04   0.6600281802650656E+04   0.1624875623409792E+05   0.5847077548835331E+05   0.2514312580415561E+05   0.8701044968155007E+04   0.7914090864095537E+04   0.1712815820133890E+05   0.2630067516675685E+05   0.1050700741393711E+05   0.4676236128254653E+04   0.3855322631751542E+04   0.5356461177310783E+04   0.6505550249235315E+04   0.4744963708886979E+04   0.3027857509864535E+04   0.3021348871802532E+04   0.4721783851735571E+04   0.6520847405179979E+04   0.5170977090232956E+04   0.3497049300887951E+04   0.4127378675605705E+04   0.1031312747836833E+05   0.4302151643710811E+05   0.1589672113188595E+05   0.5341678888647853E+04   0.4901879995511003E+04   0.1112543261743491E+05   0.1863130474848258E+05   0.6883757058925203E+04   0.2858912047990921E+04   0.2390306808269233E+04   0.3441605306715496E+04   0.4237879628680928E+04   0.2994020008870079E+04   0.1843459650317362E+04   0.1833158686275956E+04   0.2956582178067077E+04   0.4158531462378998E+04
  0.1899906342446180E+05   0.1017384435274936E+05   0.8548841260593972E+04   0.1148904038492796E+05   0.1385283499075188E+05   0.1071252640202400E+05   0.7453952422762851E+04   0.7692951476707842E+04   0.1120847019368133E+05   0.1453344144325708E+05   0.1175050652459383E+05   0.8528905425509769E+04   0.1182500410296499E+05   0.3988156641705518E+05   0.2961462118444236E+06   0.4828689696020217E+05   0.1297997346960626E+05   0.9955928360139598E+04   0.1643064344676659E+05   0.2068097888959528E+05   0.1170373320848470E+05   0.6267460836053141E+04   0.5350028835164930E+04   0.7319876132798981E+04   0.8899002910675517E+04   0.6812613688812924E+04   0.4595889053612040E+04   0.4747402229349867E+04   0.7351511029393795E+04   0.1032849499090800E+05   0.8453982010980033E+04   0.5924788116525545E+04   0.7696038761888203E+04   0.2346047508717678E+05   0.2272881129124076E+06   0.3200961942214501E+05   0.8724405069489623E+04   0.6962264936192200E+04   0.1219859194900899E+05   0.1585535558361861E+05   0.8144616139341832E+04   0.4075356735428803E+04   0.3497488027395757E+04   0.4927313695089036E+04   0.6083208651787677E+04   0.4548011627853968E+04   0.2967826174754327E+04   0.3079842226004067E+04   0.5089920518097681E+04   0.7527673820222325E+04   0.5955670108993926E+04   0.3895930968870953E+04   0.4714219884670723E+04   0.1350297951039881E+05   0.1626066486385556E+06   0.1892084780360401E+05   0.5249122609419600E+04   0.4354622473293044E+04   0.8125732502892290E+04   0.1117557915398557E+05   0.5428336673156844E+04   0.2516149177140918E+04   0.2154547505410705E+04   0.3118398567914146E+04   0.3897393547837462E+04   0.2835164751364198E+04   0.1793118319350405E+04   0.1860815615744885E+04   0.3206108600667268E+04   0.4827361958724288E+04
  0.1543159584987334E+05   0.9378828858284613E+04   0.8320182690371475E+04   0.1129157276191409E+05   0.1368895705143015E+05   0.1060706731778272E+05   0.7441948585331674E+04   0.8013720781034489E+04   0.1253247438880062E+05   0.1747911130708745E+05   0.1391383592968448E+05   0.9515091515532586E+04   0.1327477976477465E+05   0.5317698860467559E+05   0.1731196422924136E+13   0.5017412007746745E+05   0.1225109163260049E+05   0.8648818943573468E+04   0.1240304276081144E+05   0.1475847162085510E+05   0.9557745977271101E+04   0.5664578713616376E+04   0.5074004519088007E+04   0.7073002241143509E+04   0.8699605376840613E+04   0.6742252315824797E+04   0.4619612892897380E+04   0.4955562351415316E+04   0.8212470641232139E+04   0.1269507913554947E+05   0.1024555589433153E+05   0.6698760526326825E+04   0.8754656724180692E+04   0.3240112905716716E+05   0.1207107495343873E+13   0.3078573947890077E+05   0.8024116710791377E+04   0.6004959090119954E+04   0.9125650378610619E+04   0.1107975680303063E+05   0.6638366440698062E+04   0.3660020284946757E+04   0.3265338206179043E+04   0.4686871723668493E+04   0.5872361732137543E+04   0.4481488840458207E+04   0.2977319632917804E+04   0.3201489929004179E+04   0.5722545313109561E+04   0.9398424564155959E+04   0.7235560848634963E+04   0.4373994575189627E+04   0.5313359433374619E+04   0.1818910882567893E+05   0.6919863788505519E+12   0.1722040051487044E+05   0.4768031487336676E+04   0.3774379011850077E+04   0.6116090795748960E+04   0.7714605770169209E+04   0.4408385959770036E+04   0.2265080174670408E+04   0.1999553828781746E+04   0.2935581951543218E+04   0.3725635861111000E+04   0.2777332907062658E+04   0.1786297230162320E+04   0.1918788634857981E+04   0.3611991900524021E+04   0.6038004403207741E+04
  0.1348942482070024E+05   0.8871107299885187E+04   0.8207961058299601E+04   0.1118263402102653E+05   0.1356721203449116E+05   0.1059716891659486E+05   0.7552209342060619E+04   0.8598173697177877E+04   0.1506774971327784E+05   0.2366253878388655E+05   0.1785506826609923E+05   0.1071979036026154E+05   0.1379231782202462E+05   0.5033498525886534E+05   0.3119181132299310E+06   0.3714014279463340E+05   0.1067583241573509E+05   0.7548275125344099E+04   0.1009600889335420E+05   0.1180671832398876E+05   0.8319343851617408E+04   0.5278654605085248E+04   0.4911605939364690E+04   0.6934469417287508E+04   0.8626924442564212E+04   0.6785329805071935E+04   0.4753215637398488E+04   0.5331506800673529E+04   0.9709474266547755E+04   0.1737195230566169E+05   0.1326296188776315E+05   0.7565632711046380E+04   0.9262701514950324E+04   0.3293243124766504E+05   0.2267756805900854E+06   0.2180465835092979E+05   0.6851726379637230E+04   0.5150848984920166E+04   0.7239866309207465E+04   0.8591181876405208E+04   0.5683473901363407E+04   0.3378887972800086E+04   0.3125876020114198E+04   0.4565265669711212E+04   0.5836607186760597E+04   0.4530531099242101E+04   0.3068892705168001E+04   0.3410397739679775E+04   0.6707937528027554E+04   0.1295687052103064E+05   0.9245439165231084E+04   0.4871899262604475E+04   0.5638886728336292E+04   0.1939237984918554E+05   0.1560004432979492E+06   0.1232579953291430E+05   0.4068839282180162E+04   0.3234828155734379E+04   0.4817074157845229E+04   0.5873238482404257E+04   0.3721016535084450E+04   0.2083816228302522E+04   0.1905903111453941E+04   0.2847468091091517E+04   0.3703044714063858E+04   0.2806454616143780E+04   0.1829696667122416E+04   0.2014417911055465E+04   0.4205243820458081E+04   0.8302924446186167E+04
  0.1244742066822301E+05   0.8531866523124483E+04   0.8193460211831818E+04   0.1119131464435906E+05   0.1359250817776557E+05   0.1075973884039351E+05   0.7832675781761128E+04   0.9559335498078342E+04   0.1986065249856400E+05   0.3781846917523948E+05   0.2489859059528954E+05   0.1204222046867345E+05   0.1314763309093455E+05   0.3600893510929724E+05   0.7468944581208650E+05   0.2398314659881577E+05   0.8961075981592578E+04   0.6690973352818581E+04   0.8775938497871257E+04   0.1028890107256424E+05   0.7618958933058176E+04   0.5024286644298713E+04   0.4840198669011075E+04   0.6908442673097918E+04   0.8731097534901995E+04   0.7010765862397542E+04   0.5030954330688020E+04   0.5946000591635769E+04   0.1226520581801863E+05   0.2765910415163466E+05   0.1823379628516291E+05   0.8414377041028261E+04   0.8980159829859062E+04   0.2501038450518650E+05   0.5486784983295783E+05   0.1456904761685074E+05   0.5683223909569241E+04   0.4457656423332895E+04   0.6088109551876146E+04   0.7225631416633690E+04   0.5096942373458554E+04   0.3183875206167180E+04   0.3058784332523075E+04   0.4561177204551455E+04   0.5989494965711170E+04   0.4742078538640289E+04   0.3262078575439509E+04   0.3739354067318091E+04   0.8161625752574658E+04   0.2058420605748938E+05   0.1227902556804593E+05   0.5310848459385940E+04   0.5523791830876344E+04   0.1563242760926411E+05   0.3899861313299764E+05   0.8905912012039984E+04   0.3408564247838801E+04   0.2783596272006915E+04   0.3989972744409431E+04   0.4830418031933213E+04   0.3276579285243820E+04   0.1950298626886364E+04   0.1859322690164831E+04   0.2852682962830550E+04   0.3826013386660943E+04   0.2946935388247443E+04   0.1931838463757004E+04   0.2158888200684818E+04   0.4993260650161272E+04   0.1310273180439096E+05
  0.1191468207078769E+05   0.8311410501218337E+04   0.8265403349303482E+04   0.1144859036679505E+05   0.1406275198856359E+05   0.1126272258802882E+05   0.8312666051164311E+04   0.1097996386168861E+05   0.2893833994135974E+05   0.7882996801785234E+05   0.3663786718392248E+05   0.1319547957975416E+05   0.1183797112464195E+05   0.2399581534751366E+05   0.3454363123672210E+05   0.1632156339660912E+05   0.7580704666761374E+04   0.6066076819090911E+04   0.8035679714663794E+04   0.9542385522220093E+04   0.7245424348045459E+04   0.4875931847584129E+04   0.4847240341976678E+04   0.7056505853009138E+04   0.9200795417673999E+04   0.7532591904254361E+04   0.5474334264906515E+04   0.6872891593150375E+04   0.1681869109344071E+05   0.5697604406804146E+05   0.2576094967585162E+05   0.9031332765681846E+04   0.8175260398032485E+04   0.1730197855330975E+05   0.2558854088180545E+05   0.1047173380155597E+05   0.4778471946858818E+04   0.3938906286994672E+04   0.5394998515091903E+04   0.6484651598456338E+04   0.4757511196220154E+04   0.3066549752445358E+04   0.3051784610939059E+04   0.4699819562939108E+04   0.6449314830626443E+04   0.5182155648837925E+04   0.3567765831722176E+04   0.4234061175594686E+04   0.1033527865846976E+05   0.4194146602736633E+05   0.1639293079830892E+05   0.5569017428799400E+04   0.5089715478193028E+04   0.1133220681928754E+05   0.1827413850691517E+05   0.6793248276793951E+04   0.2904053144373208E+04   0.2438875275566877E+04   0.3471648159903370E+04   0.4237489598034505E+04   0.3005498569434551E+04   0.1863669967266086E+04   0.1850227898879087E+04   0.2959266534039556E+04   0.4160452779466009E+04   0.3229416584140689E+04   0.2095822338137637E+04   0.2374143348448365E+04   0.5960232328978484E+04   0.2639268543495541E+05
  0.1165533155793520E+05   0.8181457553792055E+04   0.8449072471026480E+04   0.1215764722515660E+05   0.1544153563747323E+05   0.1237886688462702E+05   0.9037812180680829E+04   0.1271715932133490E+05   0.4418485052463548E+05   0.3034896018633003E+06   0.5080172667921855E+05   0.1368330475485919E+05   0.1037193655484912E+05   0.1678680014889513E+05   0.2099221397778159E+05   0.1221233198732913E+05   0.6616894003512528E+04   0.5634309971215617E+04   0.7620455959606134E+04   0.9192318746971887E+04   0.7063192233386060E+04   0.4811428847075557E+04   0.4947144985714232E+04   0.7485051895114482E+04   0.1032449833372784E+05   0.8532838505178255E+04   0.6103848552161038E+04   0.8071817095813459E+04   0.2506145649161164E+05   0.2226784656470612E+06   0.3348074163936130E+05   0.9110735119323137E+04   0.7166938918319316E+04   0.1222310571366272E+05   0.1546683531276191E+05   0.8064696016018760E+04   0.4145777917133429E+04   0.3574631138058077E+04   0.4979994102896281E+04   0.6096073453845447E+04   0.4582015782913754E+04   0.3014352173143091E+04   0.3108730095007080E+04   0.5038250131595776E+04   0.7404950288106584E+04   0.5960286803284534E+04   0.3988379316671166E+04   0.4895996023010627E+04   0.1406607201970458E+05   0.1598284924495180E+06   0.1986951454030685E+05   0.5494830633384115E+04   0.4502055266131802E+04   0.8204891578026962E+04   0.1098344350972033E+05   0.5346893155031285E+04   0.2541785086214675E+04   0.2193881732124571E+04   0.3149417473099668E+04   0.3910163930906679E+04   0.2858065896751090E+04   0.1818421418691102E+04   0.1877344342841429E+04   0.3195863157038479E+04   0.4817896452082383E+04   0.3709559775679140E+04   0.2317024666064443E+04   0.2669768365597018E+04   0.7360591367102695E+04   0.9739669250424062E+05
  0.1153430466903190E+05   0.8151899565116496E+04   0.8801385576376179E+04   0.1364739441840450E+05   0.1850286034941544E+05   0.1454405177184079E+05   0.1002824170434934E+05   0.1419649297211590E+05   0.5778959342468836E+05   0.1784711695798552E+13   0.5419049463568327E+05   0.1302024149995961E+05   0.9038148551546770E+04   0.1272925979890905E+05   0.1506075503217630E+05   0.9953326444338200E+04   0.5990008927461263E+04   0.5361477969252564E+04   0.7382602394732838E+04   0.9009947728891852E+04   0.6998966469510478E+04   0.4837540578895681E+04   0.5165174753594400E+04   0.8340639453854901E+04   0.1259656191590665E+05   0.1030213624822488E+05   0.6903386597633602E+04   0.9204885306414064E+04   0.3472208312786758E+05   0.1268073787447537E+13   0.3283931090750109E+05   0.8409187173843809E+04   0.6172355971617968E+04   0.9132989507551330E+04   0.1086970849436194E+05   0.6587277692385719E+04   0.3719711675218640E+04   0.3337645003154046E+04   0.4742915294835215E+04   0.5899948964689524E+04   0.4526684801587729E+04   0.3032080510535113E+04   0.3234471233807426E+04   0.5638742682379881E+04   0.9201504008082173E+04   0.7245111036441731E+04   0.4495873022872749E+04   0.5561798537265509E+04   0.1935725163210108E+05   0.7403369729070796E+12   0.1828879366240600E+05   0.4990990373166645E+04   0.3888483774628029E+04   0.6154034759017409E+04   0.7608447642810363E+04   0.4357067295896377E+04   0.2283943226505917E+04   0.2032343478520052E+04   0.2964649774689326E+04   0.3744486401417456E+04   0.2807651701663962E+04   0.1817738027840136E+04   0.1937975851952827E+04   0.3587136827832237E+04   0.6013896786816228E+04   0.4469692377981934E+04   0.2572900185703804E+04   0.2979844294639265E+04   0.9667657136865624E+04   0.3585924572070718E+12
