  0.2028868695512576E+04   0.1685367076920503E+04   0.1988623364245685E+04   0.2997576861952258E+04   0.3947914455121542E+04   0.3333000343876507E+04   0.2925454809299111E+04   0.4496715492145452E+04   0.1532313005295407E+05   0.1242872557389383E+06   0.1914464759487198E+05   0.5335009068907511E+04   0.4008421399732492E+04   0.6044320532781376E+04   0.7730104316058527E+04   0.4560680235983916E+04   0.2355920727281037E+04   0.1711431271159463E+04   0.2136243720688018E+04   0.2783177170496520E+04   0.2169609064819116E+04   0.1485236268716590E+04   0.1693074903529320E+04   0.2745271737860884E+04   0.3660546281052210E+04   0.3109734924949743E+04   0.2533106628378404E+04   0.3749886960369799E+04   0.1270721942504612E+05   0.1258470969558170E+06   0.1691120852966378E+05   0.4656806824274599E+04   0.3706914244574607E+04   0.6069995825035436E+04   0.7867438646361996E+04   0.4539444356078387E+04   0.2273601196432711E+04   0.1821358839042153E+04   0.2667367310565648E+04   0.3578989618708972E+04   0.2757710211291489E+04   0.1771895544298253E+04   0.1881224687830065E+04   0.3021440296119362E+04   0.4101842964097436E+04   0.3503837089420761E+04   0.2608891511303044E+04   0.3588329421236918E+04   0.1208522609179385E+05   0.1444555365631701E+06   0.1597197684576103E+05   0.4420500240805548E+04   0.3744913777101794E+04   0.6693239165914104E+04   0.8865938507237335E+04   0.4897943830561295E+04   0.2431805909729854E+04   0.2105807121790797E+04   0.3223461999450334E+04   0.4278215396568092E+04   0.3301865782280502E+04   0.2125098025171952E+04   0.2149917546149923E+04   0.3333812942700385E+04   0.4578303487558142E+04   0.3920503292115186E+04   0.2752708285732895E+04   0.3556274959795094E+04   0.1191548067298104E+05   0.1598169848940916E+06
  0.2191684964159712E+04   0.1648656719242511E+04   0.1731721932929680E+04   0.2461663838588780E+04   0.3103920067155298E+04   0.2657624092790607E+04   0.2500045354540348E+04   0.3777348527237276E+04   0.1018390988773584E+05   0.3215005615228956E+05   0.1395401058052092E+05   0.5266950999741915E+04   0.4748873081853052E+04   0.9154395210385786E+04   0.1382878059850263E+05   0.6427919965160324E+04   0.2836678248584654E+04   0.1934509255867079E+04   0.2259928460837445E+04   0.2819508620618148E+04   0.2229908590543637E+04   0.1472823645020807E+04   0.1544511954546967E+04   0.2424691083401728E+04   0.3109906588163063E+04   0.2598382249430277E+04   0.2167883929166446E+04   0.3199688161095038E+04   0.8976833065957595E+04   0.3096030291962523E+05   0.1296518952090228E+05   0.4700629183861715E+04   0.4338400610073934E+04   0.8988230292256079E+04   0.1410796898240333E+05   0.6343907393203803E+04   0.2683190465085414E+04   0.1978926357742122E+04   0.2697802090200256E+04   0.3461812412595486E+04   0.2733089048354369E+04   0.1768576801450007E+04   0.1809790858596657E+04   0.2820147614680887E+04   0.3635971234018277E+04   0.3032915396909480E+04   0.2288878584849091E+04   0.3162796413681136E+04   0.9256516225654250E+04   0.3542170432639408E+05   0.1309468503278984E+05   0.4540193138623978E+04   0.4288128076453927E+04   0.9602108311279029E+04   0.1603461382138874E+05   0.6813400028855814E+04   0.2796469356958723E+04   0.2215672820932396E+04   0.3205539468343220E+04   0.4073580299084464E+04   0.3217716284211535E+04   0.2123072552893585E+04   0.2129664313110310E+04   0.3197254427644635E+04   0.4117310556163569E+04   0.3451830147722618E+04   0.2473371371549305E+04   0.3224747726214499E+04   0.9692174549589687E+04   0.3966364160971695E+05
  0.2531542529850752E+04   0.1751900518939648E+04   0.1610303675222928E+04   0.2134663126781945E+04   0.2648015737795077E+04   0.2252949005559963E+04   0.2158742261805574E+04   0.3142110113006220E+04   0.6843570995478532E+04   0.1425612176670482E+05   0.9133307408333027E+04   0.4734552033861861E+04   0.5245037638925343E+04   0.1393053558205307E+05   0.3136280076603480E+05   0.9436596999798594E+04   0.3398234609434612E+04   0.2229455044449090E+04   0.2541911568541445E+04   0.3040507016742535E+04   0.2381898821902749E+04   0.1530527865060803E+04   0.1473306024900115E+04   0.2281981953118565E+04   0.2940945517622854E+04   0.2363326074084073E+04   0.1903122246013199E+04   0.2695675935753988E+04   0.6264281255270234E+04   0.1366068475028690E+05   0.8767691978048959E+04   0.4300761569781565E+04   0.4687435372637618E+04   0.1307336363551942E+05   0.3201478087171298E+05   0.9022666415861313E+04   0.3156121205838545E+04   0.2214184927336189E+04   0.2873617086052562E+04   0.3500501451756913E+04   0.2752596342550291E+04   0.1787351220564195E+04   0.1779426537148949E+04   0.2804076994821161E+04   0.3622021430232888E+04   0.2881975835781844E+04   0.2082442796993718E+04   0.2739853103862100E+04   0.6668834678964381E+04   0.1551436618797039E+05   0.9356148104860275E+04   0.4248521568571317E+04   0.4526500195050513E+04   0.1320138756101123E+05   0.3654955827280418E+05   0.9453857610660549E+04   0.3208381520337562E+04   0.2404545914744881E+04   0.3333195850859750E+04   0.4022617526571054E+04   0.3153109412279129E+04   0.2113065149390340E+04   0.2128963623320617E+04   0.3259566972548662E+04   0.4176040579001738E+04   0.3340212649430950E+04   0.2312644978970235E+04   0.2860092408383741E+04   0.7104882450628048E+04   0.1728393349355679E+05
  0.3094852675001674E+04   0.1997418815807653E+04   0.1626445913339547E+04   0.1964969114060885E+04   0.2424382707612560E+04   0.2020638778483484E+04   0.1878474234898356E+04   0.2598920046546887E+04   0.4822111291098164E+04   0.7972757916341713E+04   0.6037644616816911E+04   0.3980742963678398E+04   0.5269625491358726E+04   0.1884829582727281E+05   0.1267028908719030E+06   0.1388507860026456E+05   0.4014139753121603E+04   0.2611824006353035E+04   0.3090967112955811E+04   0.3641131914707694E+04   0.2721446790328721E+04   0.1674461263353420E+04   0.1471980055021017E+04   0.2218711961161987E+04   0.2934135434400284E+04   0.2272353000161067E+04   0.1708439443729783E+04   0.2259350521661780E+04   0.4473377682838987E+04   0.7622982862163253E+04   0.5866268624543656E+04   0.3643462326422742E+04   0.4596978570624556E+04   0.1664759478257780E+05   0.1316600387135904E+06   0.1244230162220344E+05   0.3642964555420037E+04   0.2548226992435131E+04   0.3344592710121800E+04   0.3974077860703746E+04   0.2964677983518101E+04   0.1856484721122518E+04   0.1772502732305072E+04   0.2825602422026063E+04   0.3754836564545379E+04   0.2872253591758968E+04   0.1950441171811120E+04   0.2363499416022843E+04   0.4796281655649358E+04   0.8573861319615726E+04   0.6457529031758638E+04   0.3676065161072213E+04   0.4363770023504339E+04   0.1569380510977861E+05   0.1484786419017709E+06   0.1217188658238028E+05   0.3596318820570404E+04   0.2700390911595289E+04   0.3795963600128413E+04   0.4476131236679206E+04   0.3293948403566942E+04   0.2131241071714904E+04   0.2122611586932845E+04   0.3338889231276412E+04   0.4384751957223707E+04   0.3371958299818900E+04   0.2225429374406082E+04   0.2525862613962251E+04   0.5120744730493593E+04   0.9474972390552728E+04
  0.3967870035320789E+04   0.2368468919587009E+04   0.1765730697348678E+04   0.1934197314608993E+04   0.2352384163785667E+04   0.1917847072131436E+04   0.1658063353040264E+04   0.2150424039277140E+04   0.3586489500094544E+04   0.5163539189944701E+04   0.4217254569992544E+04   0.3276674969352448E+04   0.4829172164241861E+04   0.1894329259393513E+05   0.5274265376480964E+12   0.1831080609395425E+05   0.4608052785988843E+04   0.3136293618373662E+04   0.4092541543634439E+04   0.4923465721626366E+04   0.3365290962702432E+04   0.1923265862028177E+04   0.1544389995186816E+04   0.2200810806087327E+04   0.2942650143117020E+04   0.2251789429305974E+04   0.1573120714050136E+04   0.1920790521114263E+04   0.3379012614620134E+04   0.4962665377647953E+04   0.4118706832863950E+04   0.3000351038046068E+04   0.4172996408493378E+04   0.1602058713471881E+05   0.5347205485368707E+12   0.1589151838399419E+05   0.4116733281907103E+04   0.3024507570361381E+04   0.4325985754371774E+04   0.5247324137579042E+04   0.3533360629629534E+04   0.2023074808230433E+04   0.1802333713998000E+04   0.2832441420870555E+04   0.3817505995249924E+04   0.2895781279911991E+04   0.1873361637468602E+04   0.2090373204598201E+04   0.3662426009079210E+04   0.5555109489017260E+04   0.4605747846960724E+04   0.3084727912727658E+04   0.3974455602795125E+04   0.1462708856229111E+05   0.5053692298783708E+12   0.1466618382663935E+05   0.3966079873562331E+04   0.3138395121112966E+04   0.4840506839322931E+04   0.5872153246159653E+04   0.3842441172524629E+04   0.2242781184511784E+04   0.2127484609760054E+04   0.3369600605622397E+04   0.4477827661829893E+04   0.3414786938594224E+04   0.2186277685663931E+04   0.2296778951173081E+04   0.3931141014564437E+04   0.6102893420136843E+04
  0.5335720156130442E+04   0.2848518324305519E+04   0.1998143893217386E+04   0.2039208590200469E+04   0.2411116576249765E+04   0.1931153896437496E+04   0.1519352762829476E+04   0.1805868234439359E+04   0.2818918913729412E+04   0.3745012030434574E+04   0.3161733187583971E+04   0.2734147788495031E+04   0.4189379557745683E+04   0.1421130206738387E+05   0.1204422111653520E+06   0.1801214690521132E+05   0.5003715306197771E+04   0.3804539966364513E+04   0.5849703980655629E+04   0.7567486081963531E+04   0.4484063802884240E+04   0.2289136487446034E+04   0.1693042744268625E+04   0.2224480606929185E+04   0.2925298912342669E+04   0.2253378506202313E+04   0.1499676684695585E+04   0.1690774333771177E+04   0.2771819326605206E+04   0.3721973959504675E+04   0.3155180768080779E+04   0.2512754808647693E+04   0.3674027389393922E+04   0.1246681109593171E+05   0.1291195319588594E+06   0.1625377109589093E+05   0.4494680281947766E+04   0.3630770166594989E+04   0.6090654843416076E+04   0.8061699433001997E+04   0.4656051895787350E+04   0.2320256468170766E+04   0.1892486245378957E+04   0.2812698922071257E+04   0.3749131961103915E+04   0.2874584283629746E+04   0.1840609351965766E+04   0.1936043013566506E+04   0.3100156781729663E+04   0.4220669836411342E+04   0.3593422865212048E+04   0.2638210656411954E+04   0.3593520191271618E+04   0.1216314029306060E+05   0.1485226426011029E+06   0.1545707283032738E+05   0.4312149432130169E+04   0.3692848570786000E+04   0.6714160112694535E+04   0.9070599514137341E+04   0.5026635668450958E+04   0.2493321631119751E+04   0.2178438326361650E+04   0.3330932365523475E+04   0.4381315952454896E+04   0.3372272420151678E+04   0.2177066406921521E+04   0.2192497281060178E+04   0.3382272487436132E+04   0.4645515074473043E+04
  0.7557791935896960E+04   0.3423770944965034E+04   0.2294971379180990E+04   0.2292996046416529E+04   0.2633229870395948E+04   0.2074168578241897E+04   0.1489769436810614E+04   0.1575010615435601E+04   0.2340758620753753E+04   0.2996789966370947E+04   0.2549567711922269E+04   0.2338057241652485E+04   0.3541752134146940E+04   0.9620905754404117E+04   0.3080240133590542E+05   0.1327542020338880E+05   0.4960455924399115E+04   0.4494340232202042E+04   0.8810773074835555E+04   0.1352733911134445E+05   0.6321496957176598E+04   0.2758428186728932E+04   0.1906823706555892E+04   0.2331033324473243E+04   0.2930814798229899E+04   0.2293848854811903E+04   0.1486838497235004E+04   0.1555437815284859E+04   0.2475162303019027E+04   0.3204939943220272E+04   0.2678829224718338E+04   0.2177264788629527E+04   0.3183288125373221E+04   0.9081465323737715E+04   0.3175083859171502E+05   0.1266614005444166E+05   0.4544903386658745E+04   0.4218167516886810E+04   0.8920666325121620E+04   0.1449130818717024E+05   0.6527772519676703E+04   0.2730785241943595E+04   0.2044633360840453E+04   0.2835310273892707E+04   0.3614474712515575E+04   0.2833800257350087E+04   0.1833010049589329E+04   0.1869199977488826E+04   0.2904477613709418E+04   0.3761934556001750E+04   0.3147203876252157E+04   0.2347434277347875E+04   0.3216475838372385E+04   0.9552793902930012E+04   0.3656607252663739E+05   0.1285159371225727E+05   0.4425424691930129E+04   0.4196605286179781E+04   0.9539763781760515E+04   0.1644703752398355E+05   0.7023494714194681E+04   0.2862286775305964E+04   0.2285340478291341E+04   0.3310798538096567E+04   0.4170208610580505E+04   0.3277286143539424E+04   0.2169423643907680E+04   0.2171402472103077E+04   0.3242977789269120E+04   0.4185884247748631E+04
  0.1121268329258701E+05   0.4084263728624549E+04   0.2652340224575645E+04   0.2733977739184028E+04   0.3099739147449626E+04   0.2372727340146317E+04   0.1585696752268968E+04   0.1467519708066374E+04   0.2059344133593209E+04   0.2618198462653544E+04   0.2196247767089870E+04   0.2021522927480862E+04   0.2954225217836419E+04   0.6540830664386044E+04   0.1366594737102789E+05   0.8743854554145200E+04   0.4476507088593879E+04   0.4943317161674127E+04   0.1328097798060585E+05   0.3063078629175670E+05   0.9202706884622281E+04   0.3293246386848868E+04   0.2184054118742361E+04   0.2578760785328906E+04   0.3105411112266199E+04   0.2419879262307345E+04   0.1538813389749504E+04   0.1494317050299205E+04   0.2360832349342000E+04   0.3079597591770480E+04   0.2477434802101686E+04   0.1934980677774280E+04   0.2706735715858495E+04   0.6396439850835513E+04   0.1398366430406119E+05   0.8695549198582181E+04   0.4181842774871377E+04   0.4533594898410804E+04   0.1277308638719194E+05   0.3292028413290787E+05   0.9232354766713521E+04   0.3188384195419094E+04   0.2263233904498434E+04   0.2988759604299656E+04   0.3629671669974400E+04   0.2839521474582591E+04   0.1848139397459163E+04   0.1845386368566183E+04   0.2903589716394579E+04   0.3770184341092429E+04   0.3019572576952311E+04   0.2160847078509445E+04   0.2810454346121444E+04   0.6904877416304902E+04   0.1598595560413015E+05   0.9312336717072965E+04   0.4160930950748433E+04   0.4411920011367103E+04   0.1294062449766325E+05   0.3755005475375933E+05   0.9731325820953020E+04   0.3263489640508690E+04   0.2458962436633260E+04   0.3422333446678617E+04   0.4109600458247827E+04   0.3208083912921009E+04   0.2157894332354895E+04   0.2174230218475207E+04   0.3310818434897534E+04   0.4253982009316289E+04
  0.1663911335649565E+05   0.4811895337180802E+04   0.3085262186099616E+04   0.3458514078167797E+04   0.3961547411468925E+04   0.2879107806246826E+04   0.1812036071919725E+04   0.1484945978205527E+04   0.1919530552392608E+04   0.2447068074516606E+04   0.1999203084543835E+04   0.1761398199079504E+04   0.2441281009721978E+04   0.4624092918663655E+04   0.7653541312315680E+04   0.5796150937716661E+04   0.3773788954951545E+04   0.4950159316558672E+04   0.1774187430084921E+05   0.1239875962297988E+06   0.1326878905745157E+05   0.3855712079838446E+04   0.2540956438173081E+04   0.3086222041660490E+04   0.3662296536074020E+04   0.2735829723753820E+04   0.1673852254460718E+04   0.1499075020383309E+04   0.2323960458758578E+04   0.3107953691795052E+04   0.2407306417009381E+04   0.1753585958309827E+04   0.2279192525873986E+04   0.4562307444973067E+04   0.7785242368675074E+04   0.5880396974177230E+04   0.3570596222948249E+04   0.4443551162739845E+04   0.1600231268847532E+05   0.1346559410679735E+06   0.1240545619812307E+05   0.3629528754680117E+04   0.2571379264841000E+04   0.3434877933540055E+04   0.4092967233227238E+04   0.3046269154678097E+04   0.1915383996462959E+04   0.1846516476478723E+04   0.2945460606168566E+04   0.3923230271636141E+04   0.3020959131380258E+04   0.2037249558081522E+04   0.2433793157483795E+04   0.4946852377586396E+04   0.8811780649822893E+04   0.6494386328444954E+04   0.3630606131007974E+04   0.4261733286364884E+04   0.1518320331574912E+05   0.1516372779836209E+06   0.1228353778203505E+05   0.3612932719437822E+04   0.2729199529407175E+04   0.3863897102295347E+04   0.4562462853451991E+04   0.3352076841453474E+04   0.2178619755462619E+04   0.2176018314576250E+04   0.3403638890593864E+04   0.4470991114030911E+04
  0.2161139417951512E+05   0.5487176538667874E+04   0.3658782884748773E+04   0.4650809004872935E+04   0.5530000364490133E+04   0.3681855322608526E+04   0.2159098825404364E+04   0.1617581060051655E+04   0.1903288991305904E+04   0.2395660661851805E+04   0.1911121268926044E+04   0.1557005980859522E+04   0.2017550723584736E+04   0.3443850224169690E+04   0.4971840496995363E+04   0.4061892980781821E+04   0.3115343656724963E+04   0.4548108480373030E+04   0.1770956113634434E+05   0.5033881402233613E+12   0.1726054388409856E+05   0.4385235983542901E+04   0.3029650869631883E+04   0.4042606726331528E+04   0.4915665172304724E+04   0.3370004400246836E+04   0.1915685388731147E+04   0.1575044307922466E+04   0.2328436805733333E+04   0.3130680322053984E+04   0.2387510142401115E+04   0.1623117837646878E+04   0.1945218190768200E+04   0.3440378694049595E+04   0.5065955979135188E+04   0.4166302084194752E+04   0.2971746969922194E+04   0.4071242347564067E+04   0.1541538795835008E+05   0.5052172569708472E+12   0.1536238648374276E+05   0.4037276417552700E+04   0.3011917001398460E+04   0.4395443568419070E+04   0.5389703402408273E+04   0.3630140619899597E+04   0.2084368934702758E+04   0.1885403642127986E+04   0.2975828043703717E+04   0.3994203636935539E+04   0.3037465568395010E+04   0.1958361339515889E+04   0.2156182203173708E+04   0.3763259193963393E+04   0.5701471438718128E+04   0.4673297363669928E+04   0.3082941499625698E+04   0.3928134883020787E+04   0.1425645871396313E+05   0.4730687671753455E+12   0.1431086339902772E+05   0.3921735516580977E+04   0.3131513195361885E+04   0.4885832487632554E+04   0.5982156918681947E+04   0.3919488792225258E+04   0.2296816560341099E+04   0.2192101491183153E+04   0.3455082319198653E+04   0.4567424564651573E+04
  0.2080540945597202E+05   0.5875261885629337E+04   0.4382901501930692E+04   0.6643205541156162E+04   0.8585844639348685E+04   0.4953819510006494E+04   0.2615877086647803E+04   0.1839092248820174E+04   0.2000466088061646E+04   0.2442785513309663E+04   0.1916615504062334E+04   0.1429078662003105E+04   0.1697112158314748E+04   0.2723352231484972E+04   0.3640961711012415E+04   0.3071974470611309E+04   0.2612493465053360E+04   0.3984316878711782E+04   0.1350297702949395E+05   0.1193917246163328E+06   0.1708974758273898E+05   0.4746681911793207E+04   0.3654745349289116E+04   0.5737765015174842E+04   0.7547116972377873E+04   0.4500410098315449E+04   0.2278802471803705E+04   0.1722768718275079E+04   0.2356757158194667E+04   0.3105775504646513E+04   0.2372188436504802E+04   0.1549353507862248E+04   0.1722728834933753E+04   0.2832574420746122E+04   0.3819494097925405E+04   0.3230484707049089E+04   0.2523251480503727E+04   0.3647956622408574E+04   0.1242612272004174E+05   0.1332285332643647E+06   0.1570180077380109E+05   0.4369092893948946E+04   0.3576885742829255E+04   0.6132555480768226E+04   0.8291053648694588E+04   0.4801966161679808E+04   0.2387975995249999E+04   0.1980295209004369E+04   0.2967246274949548E+04   0.3922360975266860E+04   0.2997175033062013E+04   0.1919193312015331E+04   0.2000370835709960E+04   0.3183808663839488E+04   0.4339102559248104E+04   0.3683022219627491E+04   0.2674949755299034E+04   0.3615835444925829E+04   0.1231275230481037E+05   0.1523500467497607E+06   0.1498779007088641E+05   0.4218105117980674E+04   0.3645490291500605E+04   0.6725262105628555E+04   0.9254467345993266E+04   0.5149996523822861E+04   0.2556027248774353E+04   0.2250413819129148E+04   0.3429956424284751E+04   0.4470984282082566E+04
  0.1529588183530009E+05   0.5750732508089379E+04   0.5157839605614245E+04   0.9968432664146641E+04   0.1541806224159172E+05   0.7011503609634688E+04   0.3165191929903891E+04   0.2121161183416934E+04   0.2221718307793338E+04   0.2616277987440155E+04   0.2034670901723770E+04   0.1402086642497731E+04   0.1487211053142172E+04   0.2291969289116196E+04   0.2971672326637950E+04   0.2518468679913462E+04   0.2247854998282270E+04   0.3403752726318947E+04   0.9360702258853276E+04   0.3024607279912720E+05   0.1274605648036015E+05   0.4718013133948307E+04   0.4296447978597603E+04   0.8573768484389271E+04   0.1349680794804843E+05   0.6358120201024544E+04   0.2743327667783743E+04   0.1927272113033891E+04   0.2445088538924724E+04   0.3078847782982903E+04   0.2390006696288139E+04   0.1533361942594145E+04   0.1597479709105113E+04   0.2554082303320410E+04   0.3328669205229293E+04   0.2787652580753911E+04   0.2218222325260882E+04   0.3212055944325612E+04   0.9318193004679157E+04   0.3279141350058805E+05   0.1242427191097640E+05   0.4419176847401132E+04   0.4122479303553858E+04   0.8883334997028542E+04   0.1494266319054837E+05   0.6759318483122530E+04   0.2802262497259348E+04   0.2126802816135329E+04   0.2980943642167826E+04   0.3769419051620700E+04   0.2938990440637660E+04   0.1905905263958124E+04   0.1936406206657632E+04   0.2991405944839285E+04   0.3885771690288550E+04   0.3261485474830698E+04   0.2413093841153098E+04   0.3283022517529459E+04   0.9877570492502135E+04   0.3765869928707540E+05   0.1261705730109460E+05   0.4321299487218382E+04   0.4111947333712424E+04   0.9469331074898702E+04   0.1682097774628199E+05   0.7228459445010656E+04   0.2929799605680621E+04   0.2354013456453361E+04   0.3406609874007187E+04   0.4253001668470961E+04
  0.1020960059416360E+05   0.5178785175046388E+04   0.5722675661520097E+04   0.1507830928692207E+05   0.3494503984870909E+05   0.1035521968179640E+05   0.3787078334528069E+04   0.2457714147426724E+04   0.2607742276698264E+04   0.3005521844797448E+04   0.2293728783292043E+04   0.1490370797752650E+04   0.1392958116856492E+04   0.2053430201646857E+04   0.2665472754990494E+04   0.2216139862135128E+04   0.1957293673757936E+04   0.2854433956388425E+04   0.6430232978541057E+04   0.1341193240799301E+05   0.8471125542737838E+04   0.4276264730561422E+04   0.4704669379485641E+04   0.1277320439271414E+05   0.3054863858660582E+05   0.9192856508363526E+04   0.3257526438347060E+04   0.2185448067776121E+04   0.2658278682200491E+04   0.3209729976540788E+04   0.2491287542670403E+04   0.1579462792631874E+04   0.1545872788132039E+04   0.2466295911515322E+04   0.3244128545552848E+04   0.2619848316709940E+04   0.1998771261158527E+04   0.2757228165482263E+04   0.6605514477646767E+04   0.1441188800355556E+05   0.8659647102473566E+04   0.4088117436406375E+04   0.4409082976890463E+04   0.1252554241829804E+05   0.3399570950087196E+05   0.9526002557729586E+04   0.3247837951985887E+04   0.2328172018321138E+04   0.3111618708115578E+04   0.3762399520857003E+04   0.2931660474919995E+04   0.1917349405708442E+04   0.1918693684486910E+04   0.3004555860943511E+04   0.3914796644963554E+04   0.3157104662136579E+04   0.2246120082677906E+04   0.2890769251883134E+04   0.7149669243211587E+04   0.1643455268601211E+05   0.9262840911451600E+04   0.4080402541265312E+04   0.4307615455625447E+04   0.1268679943445985E+05   0.3846635683013647E+05   0.1001297733913956E+05   0.3321843264348414E+04   0.2512362747559353E+04   0.3501744295928946E+04   0.4183161997575532E+04
  0.6885975660543343E+04   0.4412830602275993E+04   0.5830445218692564E+04   0.2048898982356672E+05   0.1346546789014901E+06   0.1529352375164366E+05   0.4456071390907791E+04   0.2862676489862255E+04   0.3257680925716135E+04   0.3770178570744906E+04   0.2753848563068382E+04   0.1701582525564942E+04   0.1414969256182941E+04   0.1946957833020479E+04   0.2548103681060231E+04   0.2054412439043958E+04   0.1716220050467148E+04   0.2361429788144941E+04   0.4549755485853912E+04   0.7512196512170320E+04   0.5647459105020541E+04   0.3622274492618022E+04   0.4703384269140573E+04   0.1684037728121606E+05   0.1236947568822950E+06   0.1295048882437821E+05   0.3769672119807924E+04   0.2515203682455014E+04   0.3126674921996363E+04   0.3731985111693653E+04   0.2789236866309502E+04   0.1708021130618131E+04   0.1558538696841552E+04   0.2457377086950322E+04   0.3307989364142243E+04   0.2570788277804935E+04   0.1830014167127882E+04   0.2333189830821596E+04   0.4698539927260969E+04   0.8002873177891226E+04   0.5921710168347347E+04   0.3520652861596901E+04   0.4325377941061315E+04   0.1545870021594238E+05   0.1383024357970234E+06   0.1250100187212176E+05   0.3646518215589291E+04   0.2609916627698281E+04   0.3533201554478678E+04   0.4218082730514700E+04   0.3135320738403962E+04   0.1983927938550445E+04   0.1928645341008397E+04   0.3067104680270968E+04   0.4087933621172217E+04   0.3169909906887862E+04   0.2130592943047245E+04   0.2511777999233448E+04   0.5100255383981254E+04   0.9037304347606600E+04   0.6523847888744903E+04   0.3589944252463435E+04   0.4173039251100362E+04   0.1471607688863390E+05   0.1545112785281350E+06   0.1242974500830845E+05   0.3635886011788323E+04   0.2757362578617372E+04   0.3921646398023556E+04   0.4634717030238030E+04
  0.4866983471886095E+04   0.3707371075604868E+04   0.5435095770619749E+04   0.2097114128689732E+05   0.4440977715220158E+12   0.1993513151754679E+05   0.5070760299521870E+04   0.3396388160248118E+04   0.4350878399219173E+04   0.5211628467118283E+04   0.3509990948930238E+04   0.2032294898130301E+04   0.1546035399114818E+04   0.1950905928042257E+04   0.2518577662805445E+04   0.1977785746302526E+04   0.1523778563674798E+04   0.1953016817779256E+04   0.3387937365303020E+04   0.4891035494782954E+04   0.3982277499074388E+04   0.3009652401903483E+04   0.4348423096136911E+04   0.1677803492967951E+05   0.4795519093813461E+12   0.1647545262461355E+05   0.4231881329065872E+04   0.2966866126304843E+04   0.4044756628402300E+04   0.4975733582477843E+04   0.3424965818748416E+04   0.1947051216449222E+04   0.1640813780393648E+04   0.2486705827966808E+04   0.3345575059501083E+04   0.2550412545082457E+04   0.1702229738421351E+04   0.1999047657032545E+04   0.3533977712976747E+04   0.5203672664889846E+04   0.4236448261765528E+04   0.2965512031991411E+04   0.4008153195485648E+04   0.1496854395855586E+05   0.4764793603624530E+12   0.1496868769527508E+05   0.3989046065622731E+04   0.3014594080143191E+04   0.4473802902594555E+04   0.5541896380030143E+04   0.3737689371478320E+04   0.2157095279465446E+04   0.1977665004944742E+04   0.3121357087841025E+04   0.4167481566848811E+04   0.3179352186817759E+04   0.2049070281757040E+04   0.2227980106979358E+04   0.3864946494151781E+04   0.5840029586890009E+04   0.4734831698767895E+04   0.3084689287587539E+04   0.3895006048818494E+04   0.1395625800334221E+05   0.4420490164980090E+12   0.1401367111221597E+05   0.3886683814931750E+04   0.3124790958048673E+04   0.4919379359338153E+04   0.6073922098574288E+04
  0.3635236524746785E+04   0.3152434051090432E+04   0.4772607464819909E+04   0.1596333073873108E+05   0.1279194495462162E+06   0.1934099743539532E+05   0.5433085841198777E+04   0.4071740168395550E+04   0.6202790171580343E+04   0.8056743078546833E+04   0.4731400118398571E+04   0.2475458635362405E+04   0.1760206605529009E+04   0.2042713857935340E+04   0.2551673811828532E+04   0.1969166811723717E+04   0.1401153551363108E+04   0.1649280928535132E+04   0.2695141108880413E+04   0.3616606230111826E+04   0.3047983346600650E+04   0.2547783968406825E+04   0.3863071636589986E+04   0.1312423740243735E+05   0.1205351277644414E+06   0.1634220949174182E+05   0.4551059419559803E+04   0.3548837875307071E+04   0.5690489201679679E+04   0.7635983017904091E+04   0.4587723344247318E+04   0.2312274021455850E+04   0.1789334295480151E+04   0.2520336513069020E+04   0.3311561852521635E+04   0.2515174461573868E+04   0.1625094660779698E+04   0.1780074048665878E+04   0.2917250884141535E+04   0.3940971275787822E+04   0.3325671967956258E+04   0.2556180157971892E+04   0.3659144251973359E+04   0.1253475720138901E+05   0.1378117972599490E+06   0.1523231396123421E+05   0.4271570939789177E+04   0.3538899532045461E+04   0.6185454439404944E+04   0.8536431782337355E+04   0.4963829392204335E+04   0.2468824175825863E+04   0.2077741909097077E+04   0.3123398772682229E+04   0.4091189413275886E+04   0.3119164906093927E+04   0.2002165267579670E+04   0.2068976059084362E+04   0.3266688070848897E+04   0.4450823919313306E+04   0.3767439514194072E+04   0.2714304358422336E+04   0.3647748870223214E+04   0.1250344069337542E+05   0.1557649346351539E+06   0.1455099218464091E+05   0.4133462892962405E+04   0.3599522501343311E+04   0.6722237918565176E+04   0.9409146021448618E+04
  0.2866786790413616E+04   0.2729146413841416E+04   0.4063246331950338E+04   0.1076667858832237E+05   0.3456292020341179E+05   0.1424395235600534E+05   0.5330330525469344E+04   0.4791871542835990E+04   0.9311290309520786E+04   0.1442029819744002E+05   0.6706024175438059E+04   0.3009112219662494E+04   0.2027932446510637E+04   0.2231005406952407E+04   0.2674734503481546E+04   0.2058315165535036E+04   0.1373005743992335E+04   0.1456010076690606E+04   0.2301205218679609E+04   0.3011793897545126E+04   0.2548856427509967E+04   0.2216009160487771E+04   0.3344924847803413E+04   0.9343323424310220E+04   0.3031779820843010E+05   0.1233823953803467E+05   0.4528513125282087E+04   0.4144949011482099E+04   0.8421071814174566E+04   0.1367481240979976E+05   0.6504172714624912E+04   0.2777185911760204E+04   0.1984609854227539E+04   0.2589817477570897E+04   0.3251441807864391E+04   0.2508443949352393E+04   0.1603826679510783E+04   0.1662330752014176E+04   0.2652266193170844E+04   0.3470420304429881E+04   0.2914901320674677E+04   0.2281814257986188E+04   0.3273615961109307E+04   0.9647399938736127E+04   0.3398290749142314E+05   0.1222293637909451E+05   0.4316315300798999E+04   0.4044927179403681E+04   0.8863554852705285E+04   0.1542587230129799E+05   0.7017835651945968E+04   0.2888677642647020E+04   0.2218440784212915E+04   0.3127481780821359E+04   0.3919800490964200E+04   0.3042996341097023E+04   0.1982210112199782E+04   0.2006558520259384E+04   0.3075879198999443E+04   0.4001883274311265E+04   0.3370419915857989E+04   0.2480704847964887E+04   0.3355134071348837E+04   0.1020805510781708E+05   0.3865175432031023E+05   0.1238305324711367E+05   0.4223879158935360E+04   0.4030785566090577E+04   0.9385457959491385E+04   0.1714040363057345E+05
  0.2382459158749287E+04   0.2370886734570835E+04   0.3408400010122803E+04   0.7276676877743605E+04   0.1539010606252167E+05   0.9474390385323275E+04   0.4805494791414324E+04   0.5308539180892464E+04   0.1407868312328693E+05   0.3258534028045748E+05   0.9861247082763990E+04   0.3600976456160345E+04   0.2341915723779215E+04   0.2562854334686613E+04   0.2991533093575729E+04   0.2279734384356623E+04   0.1453424427584278E+04   0.1374302177580232E+04   0.2102860009519806E+04   0.2773084344823856E+04   0.2296610734686204E+04   0.1952131175053655E+04   0.2825764489232204E+04   0.6472325586455549E+04   0.1342458030317177E+05   0.8291890110986065E+04   0.4123456693093939E+04   0.4518065604006823E+04   0.1238018497383624E+05   0.3096836565451407E+05   0.9356323267258178E+04   0.3275738384057655E+04   0.2222835913468759E+04   0.2768687225315698E+04   0.3341389824485977E+04   0.2586270238072810E+04   0.1643997187239347E+04   0.1619658580344134E+04   0.2589179395602707E+04   0.3423800920850415E+04   0.2780146016828427E+04   0.2085191172455792E+04   0.2835846661258079E+04   0.6866019924364343E+04   0.1490331159127575E+05   0.8646425253914853E+04   0.4013062831364177E+04   0.4306852941050079E+04   0.1231477425764735E+05   0.3515464227489701E+05   0.9871597588704803E+04   0.3324746517031690E+04   0.2402330544685251E+04   0.3235403036526001E+04   0.3891980344280699E+04   0.3023433453688835E+04   0.1989995323215661E+04   0.1994491719723341E+04   0.3101896939835760E+04   0.4050148671144244E+04   0.3288850620492799E+04   0.2332868526219503E+04   0.2974217406211739E+04   0.7389123372730624E+04   0.1683999973304980E+05   0.9201639452979482E+04   0.4003482050849660E+04   0.4209722237680834E+04   0.1243243855095989E+05   0.3925955047207822E+05
  0.2087927803183511E+04   0.2059514091849092E+04   0.2825632993220182E+04   0.5132973969880488E+04   0.8609583233372272E+04   0.6367141441536711E+04   0.4093025607519401E+04   0.5400184138521771E+04   0.1905649119850145E+05   0.1264701802371844E+06   0.1440448906607299E+05   0.4214094994042674E+04   0.2716560145439360E+04   0.3144324763476430E+04   0.3675880570550923E+04   0.2702663180334987E+04   0.1652898710753641E+04   0.1403521810577535E+04   0.2032127118019542E+04   0.2709760239242307E+04   0.2169786769906636E+04   0.1729045689949809E+04   0.2344316529448986E+04   0.4573457999465832E+04   0.7511778226432240E+04   0.5572580428528427E+04   0.3515840530709756E+04   0.4516545123191887E+04   0.1610889222594582E+05   0.1252664675396053E+06   0.1286810454586895E+05   0.3740697349963306E+04   0.2524379380349149E+04   0.3200392692771143E+04   0.3836476167318785E+04   0.2870739771871893E+04   0.1768010978798821E+04   0.1641544971453878E+04   0.2608975269447712E+04   0.3522769682330795E+04   0.2751988874262623E+04   0.1928430370562218E+04   0.2411369264784243E+04   0.4865732423286219E+04   0.8253572250501762E+04   0.5979086690088224E+04   0.3487131807085305E+04   0.4234098079593114E+04   0.1499425336311025E+05   0.1422724313595069E+06   0.1268841305158870E+05   0.3684107620252069E+04   0.2657609781395721E+04   0.3632841745284059E+04   0.4341857354834357E+04   0.3225611044918367E+04   0.2056809268858209E+04   0.2013676827319074E+04   0.3184913202532505E+04   0.4242720871248574E+04   0.3313072063078806E+04   0.2225071020890111E+04   0.2591705870544521E+04   0.5247682363773592E+04   0.9239773468986030E+04   0.6540957243888100E+04   0.3550665360633432E+04   0.4092891001412660E+04   0.1427973598906890E+05   0.1569514079201779E+06
  0.1940974188846221E+04   0.1799825759062295E+04   0.2324573281764892E+04   0.3800599453892295E+04   0.5563417593966939E+04   0.4501870485182434E+04   0.3438673334915616E+04   0.5046192988079182E+04   0.1943739759446515E+05   0.4270376584106985E+12   0.1864758420099769E+05   0.4761892851198187E+04   0.3208693871565533E+04   0.4153536647044922E+04   0.5028125783935469E+04   0.3431678896644581E+04   0.1973521876735301E+04   0.1537121595453711E+04   0.2060578484122792E+04   0.2702849536134583E+04   0.2101825776743889E+04   0.1545164400628288E+04   0.1943584637340773E+04   0.3400736806544515E+04   0.4897860548537313E+04   0.3962592707362667E+04   0.2948780350591126E+04   0.4215034862872762E+04   0.1609522766771325E+05   0.4559955795695767E+12   0.1590640484050193E+05   0.4134216975508809E+04   0.2938385005574745E+04   0.4085719950432674E+04   0.5085262542291498E+04   0.3516419730887556E+04   0.2007427763746310E+04   0.1732150821704052E+04   0.2664665168480547E+04   0.3575440869327032E+04   0.2729989038857667E+04   0.1801644192963295E+04   0.2073553740226367E+04   0.3648417206521298E+04   0.5361749384608301E+04   0.4319727516498159E+04   0.2974799981658593E+04   0.3973755393670304E+04   0.1464385313172327E+05   0.4485648221571674E+12   0.1467766944173730E+05   0.3963165831423436E+04   0.3026765948355610E+04   0.4553778330511861E+04   0.5693804888638583E+04   0.3848108411983640E+04   0.2235309169850225E+04   0.2073418438284436E+04   0.3262784487711955E+04   0.4330814945908633E+04   0.3315564435903504E+04   0.2140396183307972E+04   0.2300793321917070E+04   0.3961448326762699E+04   0.5964032714655422E+04   0.4785986540651599E+04   0.3086326365735229E+04   0.3869268283044171E+04   0.1370442582229557E+05   0.4123326405670705E+12
  0.1938063297448418E+04   0.1622893492444982E+04   0.1927513120047305E+04   0.2945488028830684E+04   0.3992597222452258E+04   0.3386133200546850E+04   0.2929954297114005E+04   0.4463232975658252E+04   0.1492777923631471E+05   0.1214974522607453E+06   0.1814927109167905E+05   0.5086634876818470E+04   0.3835277497843743E+04   0.5891110673766410E+04   0.7744604279160054E+04   0.4639449678474335E+04   0.2410877814647635E+04   0.1746856200659073E+04   0.2149058554179856E+04   0.2720131567018387E+04   0.2074177362068045E+04   0.1423367808266699E+04   0.1650483206404615E+04   0.2720056347178914E+04   0.3654651338948498E+04   0.3075540636010464E+04   0.2528511513248988E+04   0.3808950339716406E+04   0.1300835044617429E+05   0.1233353648879724E+06   0.1573774376866336E+05   0.4405252902378109E+04   0.3477663777519662E+04   0.5691854000940902E+04   0.7804826715533271E+04   0.4726544735869193E+04   0.2378323290802955E+04   0.1882729485103416E+04   0.2704006866708028E+04   0.3531258267250952E+04   0.2672825902690573E+04   0.1718827289674343E+04   0.1855028857994746E+04   0.3016905546890155E+04   0.4075910528366831E+04   0.3432112106319977E+04   0.2604199053091535E+04   0.3696635406088029E+04   0.1274869474016059E+05   0.1425607014291677E+06   0.1482530793383453E+05   0.4194733978348089E+04   0.3511338595290858E+04   0.6240731898964680E+04   0.8781813614096562E+04   0.5130361582386759E+04   0.2556043575503813E+04   0.2178838614996009E+04   0.3274797760363351E+04   0.4249455713189366E+04   0.3235325620605179E+04   0.2084931177965895E+04   0.2137489794982964E+04   0.3344126017935509E+04   0.4550760270039656E+04   0.3842499203668939E+04   0.2752308201324502E+04   0.3682978384345699E+04   0.1270961580424982E+05   0.1586334527044609E+06
  0.2105985897065950E+04   0.1577618130642355E+04   0.1660706230426834E+04   0.2391466574086123E+04   0.3122181452199748E+04   0.2710432944459948E+04   0.2543980014950692E+04   0.3825376657482548E+04   0.1020858905959110E+05   0.3236335368891090E+05   0.1340707774954469E+05   0.4995145398566976E+04   0.4503499857164438E+04   0.8818672093844345E+04   0.1383453046386705E+05   0.6597364688427348E+04   0.2937191152363764E+04   0.2000657642830331E+04   0.2304437598317695E+04   0.2791971051600266E+04   0.2131578325678347E+04   0.1391042058408361E+04   0.1470207887477724E+04   0.2355724929569451E+04   0.3102026563897548E+04   0.2626762975358931E+04   0.2230366290835090E+04   0.3348643562819466E+04   0.9514859422249083E+04   0.3087128317056876E+05   0.1202714017841698E+05   0.4381941886358893E+04   0.4030635559926101E+04   0.8332823460486063E+04   0.1400602929145663E+05   0.6729886955877579E+04   0.2847404839010495E+04   0.2068856313498510E+04   0.2754417770742921E+04   0.3437970768444799E+04   0.2640472173382098E+04   0.1690701308128178E+04   0.1742704430134110E+04   0.2761737635768169E+04   0.3620976644763808E+04   0.3051961938945777E+04   0.2360243075617856E+04   0.3357189316525584E+04   0.1003476446882300E+05   0.3524059273713957E+05   0.1204787788554490E+05   0.4230128656759570E+04   0.3979985484816315E+04   0.8850638657656593E+04   0.1591051528620670E+05   0.7285786544892876E+04   0.2982412719474827E+04   0.2313606892692123E+04   0.3268906606599173E+04   0.4060003740210569E+04   0.3141150158573368E+04   0.2057703836752733E+04   0.2075617666538309E+04   0.3153781571829878E+04   0.4105783349358371E+04   0.3469695454029013E+04   0.2546012287368292E+04   0.3426759491578346E+04   0.1052554454382688E+05   0.3950789393937405E+05
  0.2468966771783016E+04   0.1691500531975226E+04   0.1550421410070716E+04   0.2061054395505114E+04   0.2643298175577914E+04   0.2301138788819589E+04   0.2217481574681093E+04   0.3214166311031729E+04   0.6943167887431040E+04   0.1442596657164028E+05   0.8915911908470714E+04   0.4511212354497644E+04   0.4978535788065326E+04   0.1328534739659071E+05   0.3120609715658373E+05   0.9665271045289683E+04   0.3506217724091403E+04   0.2290834248800454E+04   0.2583387283008113E+04   0.3041142370997310E+04   0.2317282927268886E+04   0.1463472699214176E+04   0.1400347716885733E+04   0.2194920116278558E+04   0.2925937012543721E+04   0.2423210368717094E+04   0.1993441252822568E+04   0.2852922373784896E+04   0.6631735744184129E+04   0.1364165365389511E+05   0.8185357087810392E+04   0.4008753684898214E+04   0.4373577096122199E+04   0.1207777232297705E+05   0.3175856647008066E+05   0.9648077625227725E+04   0.3334256009263926E+04   0.2286631988406354E+04   0.2899623317588136E+04   0.3489836939764558E+04   0.2696212863282605E+04   0.1724965758745933E+04   0.1708382177191020E+04   0.2721504447748360E+04   0.3609355625374178E+04   0.2949307695440700E+04   0.2186131241769916E+04   0.2932764215522929E+04   0.7155990411830639E+04   0.1542202622753140E+05   0.8644355964188397E+04   0.3951045058729462E+04   0.4220800416168919E+04   0.1212719625349984E+05   0.3632423787512557E+05   0.1024187486821077E+05   0.3410804169346331E+04   0.2480050399690565E+04   0.3354464748647459E+04   0.4012912430018241E+04   0.3110241467438166E+04   0.2061914485615805E+04   0.2068738862033631E+04   0.3191482400381373E+04   0.4171670160335942E+04   0.3410177472075829E+04   0.2416637967713035E+04   0.3055370780832046E+04   0.7611826948338796E+04   0.1718659523726596E+05
  0.3061802686824316E+04   0.1966669547247103E+04   0.1602226378587589E+04   0.1922291411676498E+04   0.2411643604825259E+04   0.2060129904765422E+04   0.1930760420059046E+04   0.2657011409203747E+04   0.4896926124391981E+04   0.8092154336033297E+04   0.5989431632155187E+04   0.3849646835667209E+04   0.5064044544228764E+04   0.1789131329347449E+05   0.1219053204865799E+06   0.1389333008851543E+05   0.4066347876593274E+04   0.2633528236131791E+04   0.3102101865555847E+04   0.3659657063777964E+04   0.2710643424379651E+04   0.1654002888549038E+04   0.1438781580703070E+04   0.2161362509779437E+04   0.2916071326044398E+04   0.2330464098246287E+04   0.1787311354460076E+04   0.2376381118455517E+04   0.4672235091366209E+04   0.7619220407131887E+04   0.5554523949462513E+04   0.3445176648254148E+04   0.4378149249019521E+04   0.1551602191378031E+05   0.1282076706233639E+06   0.1296629221844829E+05   0.3755144202161810E+04   0.2559442109685650E+04   0.3296875202427972E+04   0.3963759611842248E+04   0.2970779200845365E+04   0.1845950112702593E+04   0.1740348376496703E+04   0.2770081721584714E+04   0.3742401845705104E+04   0.2941551402765678E+04   0.2040735834729272E+04   0.2505069566001340E+04   0.5049835409698865E+04   0.8518307607162764E+04   0.6043075110889999E+04   0.3464429883539809E+04   0.4162444335517232E+04   0.1458945631869939E+05   0.1462902564154294E+06   0.1293286335752640E+05   0.3733884149339149E+04   0.2709176380410813E+04   0.3728221789019197E+04   0.4458069173235359E+04   0.3311999161301348E+04   0.2129590096514578E+04   0.2097264725322677E+04   0.3294298826313835E+04   0.4382594592554471E+04   0.3445548456553025E+04   0.2316224559397799E+04   0.2668846436260447E+04   0.5382050197734195E+04   0.9410900360045345E+04
  0.3963217554422605E+04   0.2378308240720493E+04   0.1792222678130635E+04   0.1951575527903889E+04   0.2350567952377653E+04   0.1934448764538752E+04   0.1687061196304906E+04   0.2176353411704179E+04   0.3621801838962282E+04   0.5253978473652843E+04   0.4250157946694969E+04   0.3246242655724026E+04   0.4761338639163977E+04   0.1827470145983304E+05   0.4098389303553732E+12   0.1768709443814974E+05   0.4542973038703150E+04   0.3083052302401324E+04   0.4040362374173172E+04   0.4953917350208604E+04   0.3428221643390519E+04   0.1969554200308503E+04   0.1578127832964729E+04   0.2217411434213567E+04   0.2932012244089514E+04   0.2268807400126066E+04   0.1609216146156334E+04   0.1977323810702704E+04   0.3466114787992881E+04   0.4971502561696338E+04   0.3988685969228814E+04   0.2923010257752494E+04   0.4134382246675490E+04   0.1561301004254401E+05   0.4327915562065619E+12   0.1550939623578990E+05   0.4079945877544988E+04   0.2935722375369777E+04   0.4153819908816361E+04   0.5228128077693916E+04   0.3632333060789809E+04   0.2088083022243836E+04   0.1840672565963521E+04   0.2852795807111958E+04   0.3810019939739797E+04   0.2917150595108974E+04   0.1913687892909251E+04   0.2161162561412977E+04   0.3773914122766584E+04   0.5528187524144550E+04   0.4408121188736684E+04   0.2993712867915248E+04   0.3959394658991838E+04   0.1440976749792284E+05   0.4215238452280453E+12   0.1446095689465746E+05   0.3952004861121735E+04   0.3043539470031113E+04   0.4629344496856267E+04   0.5837117965972238E+04   0.3954858466447367E+04   0.2314032332630306E+04   0.2167902913074039E+04   0.3395002516706022E+04   0.4478955600367217E+04   0.3441335328193759E+04   0.2228141341400497E+04   0.2370538389319585E+04   0.4047929863867742E+04   0.6068230745158546E+04
  0.5349085687713681E+04   0.2901436718190755E+04   0.2067101392613938E+04   0.2107353104596853E+04   0.2431577838844338E+04   0.1915857925684619E+04   0.1516463384712139E+04   0.1799718742882496E+04   0.2818358117049762E+04   0.3815090842639240E+04   0.3233494631745452E+04   0.2784844774066236E+04   0.4261740667975001E+04   0.1430906174022970E+05   0.1184582061135371E+06   0.1718890271570762E+05   0.4820963296969981E+04   0.3661314941444346E+04   0.5685701467380920E+04   0.7608738308639630E+04   0.4651647027164475E+04   0.2407238738388894E+04   0.1785731734937186E+04   0.2304219052943746E+04   0.2932270583388289E+04   0.2218468877234765E+04   0.1484689212123022E+04   0.1690000706553296E+04   0.2785352914142919E+04   0.3739634986243752E+04   0.3141925539043257E+04   0.2544351895709544E+04   0.3806991792158630E+04   0.1309562491303986E+05   0.1273172579506522E+06   0.1524793609320595E+05   0.4298895183717735E+04   0.3433088498924831E+04   0.5727763123561100E+04   0.8028007883262601E+04   0.4899852749816212E+04   0.2467087970451636E+04   0.1994165463286177E+04   0.2898024581938891E+04   0.3755042573132313E+04   0.2836928530474475E+04   0.1823531455496573E+04   0.1940844635169783E+04   0.3123867910594687E+04   0.4215368216549161E+04   0.3542447015820749E+04   0.2660986774586647E+04   0.3750969979181143E+04   0.1302995343566686E+05   0.1472168839577980E+06   0.1446358919981224E+05   0.4132233502619952E+04   0.3489563499158310E+04   0.6291277418697168E+04   0.9014008207764082E+04   0.5292210155755462E+04   0.2643974176717864E+04   0.2278582837140455E+04   0.3416247294566899E+04   0.4392223647739690E+04   0.3341435260580025E+04   0.2163718719005242E+04   0.2202338815870391E+04   0.3412405317932490E+04   0.4634970988092929E+04
  0.7561019636074743E+04   0.3508646238156048E+04   0.2389668190135611E+04   0.2389035293874514E+04   0.2677464708357239E+04   0.2045427144669452E+04   0.1469025854211453E+04   0.1552225289834886E+04   0.2317879971560975E+04   0.3053163086507890E+04   0.2642644943782209E+04   0.2437549078661275E+04   0.3690860251177271E+04   0.9972783396583769E+04   0.3112405670458938E+05   0.1275147767658511E+05   0.4732052479016328E+04   0.4280463974502723E+04   0.8462706285806822E+04   0.1358398886413177E+05   0.6645606874151070E+04   0.2932761847925236E+04   0.2026031330084236E+04   0.2427157142003570E+04   0.2953014271669583E+04   0.2242284872092566E+04   0.1445823654707133E+04   0.1519709253117646E+04   0.2444118309220134E+04   0.3228862397868876E+04   0.2739702070830217E+04   0.2280031509794382E+04   0.3400050059053308E+04   0.9827323195352325E+04   0.3177676725298196E+05   0.1179070584300148E+05   0.4269356591760743E+04   0.3945313176644133E+04   0.8291533744371029E+04   0.1444193006689552E+05   0.7009196402319691E+04   0.2942921503823433E+04   0.2171251138209905E+04   0.2929504584241725E+04   0.3629282347665753E+04   0.2778597569590047E+04   0.1787445205891223E+04   0.1832287931095938E+04   0.2875667454610323E+04   0.3772501804132361E+04   0.3191489063530538E+04   0.2446798476513756E+04   0.3453509106699754E+04   0.1045095739856775E+05   0.3649323169845243E+05   0.1188708135042328E+05   0.4155316156883122E+04   0.3922957154921741E+04   0.8835752773419186E+04   0.1637150151391255E+05   0.7548581858244598E+04   0.3077085787146444E+04   0.2407343086817145E+04   0.3400315188828339E+04   0.4185548192683950E+04   0.3229702748132818E+04   0.2128933815457835E+04   0.2140292804002344E+04   0.3221855737969712E+04   0.4194001568839867E+04
  0.1113242355080412E+05   0.4178714073976968E+04   0.2755336621962361E+04   0.2851623494866693E+04   0.3172273361091574E+04   0.2358687460163362E+04   0.1573357290604047E+04   0.1456579571685068E+04   0.2040047714784280E+04   0.2671220026506346E+04   0.2305723876141451E+04   0.2143398262627130E+04   0.3113934300591720E+04   0.6819460229820867E+04   0.1387098313183031E+05   0.8505462153277265E+04   0.4283567021836305E+04   0.4719607184173188E+04   0.1266503683225001E+05   0.3062571014835226E+05   0.9707779175333422E+04   0.3484853865865817E+04   0.2291630914845676E+04   0.2654919542445592E+04   0.3139359482523214E+04   0.2394255471533517E+04   0.1510237866385198E+04   0.1460995517145787E+04   0.2318229628895841E+04   0.3110569946985740E+04   0.2583032383332706E+04   0.2069940249463245E+04   0.2922256280615358E+04   0.6877065489801212E+04   0.1400797927814870E+05   0.8133108429220764E+04   0.3923840919850542E+04   0.4262348602609476E+04   0.1184461324001065E+05   0.3280384486727880E+05   0.1002857692052965E+05   0.3421102494474469E+04   0.2368423413320327E+04   0.3042082904788720E+04   0.3645968840897806E+04   0.2813683318779829E+04   0.1815900446526035E+04   0.1805727500891848E+04   0.2856447224875941E+04   0.3792935491651615E+04   0.3119642471832501E+04   0.2294616138374587E+04   0.3039552916896528E+04   0.7456769756325449E+04   0.1593787016225511E+05   0.8643811544851971E+04   0.3897265389670137E+04   0.4145707218730781E+04   0.1195143346215665E+05   0.3744426153193725E+05   0.1061399299409471E+05   0.3499039029375117E+04   0.2556613055005605E+04   0.3464214470824338E+04   0.4120801756135339E+04   0.3188388946691905E+04   0.2129704106134763E+04   0.2138144901383730E+04   0.3270050448600254E+04   0.4275831804122176E+04
  0.1634551871767488E+05   0.4878936498297718E+04   0.3179584948209253E+04   0.3602229051692013E+04   0.4067435482660907E+04   0.2898329163394565E+04   0.1834805352593029E+04   0.1517052711900805E+04   0.1946811009754962E+04   0.2514747401640965E+04   0.2116547185288039E+04   0.1879809045478745E+04   0.2572154687111662E+04   0.4798449695106308E+04   0.7791284596771110E+04   0.5729447337738550E+04   0.3670342040558877E+04   0.4807156177874092E+04   0.1695229232232857E+05   0.1202771925486650E+06   0.1368837166356136E+05   0.3994961484818893E+04   0.2601395372287127E+04   0.3116199263120879E+04   0.3704366875109099E+04   0.2764370640125609E+04   0.1694082969236905E+04   0.1510091479881082E+04   0.2322421856112574E+04   0.3152811214227520E+04   0.2523179465179849E+04   0.1879764646546673E+04   0.2445523278817695E+04   0.4825724861902790E+04   0.7805229727923900E+04   0.5578242497027526E+04   0.3401996191874014E+04   0.4277937568196918E+04   0.1503379035232768E+05   0.1320839295496974E+06   0.1319621265103431E+05   0.3800990933037853E+04   0.2612454988164356E+04   0.3406996487085731E+04   0.4103458351407889E+04   0.3081100643786539E+04   0.1935003245446081E+04   0.1848236198152078E+04   0.2933273401141078E+04   0.3958492941485832E+04   0.3131499136543330E+04   0.2159967078799088E+04   0.2606869237795584E+04   0.5238952925011875E+04   0.8781109093266974E+04   0.6105785095808050E+04   0.3447787531960506E+04   0.4104180139938670E+04   0.1422759870186767E+05   0.1501280251292933E+06   0.1320485708334382E+05   0.3788754408918059E+04   0.2760215772450761E+04   0.3814822620655089E+04   0.4561733405859118E+04   0.3390338659568940E+04   0.2198634897057375E+04   0.2175862361213288E+04   0.3391624088449433E+04   0.4503681563039941E+04
  0.2114960646860468E+05   0.5491103177595151E+04   0.3719347365552886E+04   0.4824116703194745E+04   0.5679567896793003E+04   0.3748478623889981E+04   0.2233806304377447E+04   0.1709358856496437E+04   0.2003020600150279E+04   0.2485460460656806E+04   0.2008121845008099E+04   0.1647984441615223E+04   0.2102593723906887E+04   0.3540831191499395E+04   0.5078976955427427E+04   0.4092538688796834E+04   0.3117261456940951E+04   0.4563106865583282E+04   0.1742202185931279E+05   0.3925732018494755E+12   0.1699729476033730E+05   0.4397928242555813E+04   0.3007937224564897E+04   0.3994643723689776E+04   0.4965910943184386E+04   0.3482800449281303E+04   0.2008466179059682E+04   0.1657595205150615E+04   0.2408069444510753E+04   0.3191400740522547E+04   0.2465856429753932E+04   0.1705237411725875E+04   0.2043585454705925E+04   0.3569767359505749E+04   0.5093532032048080E+04   0.4048022826669895E+04   0.2923702120271538E+04   0.4094385936645610E+04   0.1528847084646948E+05   0.4100066383416312E+12   0.1524538927087464E+05   0.4058198692839183E+04   0.2951425659056978E+04   0.4238907272853485E+04   0.5390383913338565E+04   0.3762312511238280E+04   0.2181434531218985E+04   0.1959109732625385E+04   0.3042944898588341E+04   0.4040608100719366E+04   0.3104154901889151E+04   0.2031768933212032E+04   0.2255388266267470E+04   0.3902196407653359E+04   0.5692923860424778E+04   0.4494920758450639E+04   0.3017244452314713E+04   0.3957659165475313E+04   0.1423912308023627E+05   0.3953989728225231E+12   0.1429428134929076E+05   0.3949097602658262E+04   0.3060840046132156E+04   0.4695637534975118E+04   0.5965167055492539E+04   0.4052649675669226E+04   0.2389178463594149E+04   0.2257224309427567E+04   0.3513948324959093E+04   0.4607824882712285E+04
  0.2060837455887892E+05   0.5818529583291768E+04   0.4389877263532307E+04   0.6838345215699826E+04   0.8800501103973807E+04   0.5081951990464450E+04   0.2747797904476075E+04   0.1976715072179194E+04   0.2146733112858175E+04   0.2541582724966569E+04   0.1968051811733574E+04   0.1478635952913972E+04   0.1739241361007280E+04   0.2768090875446706E+04   0.3733387847069228E+04   0.3160160501301480E+04   0.2703565325990727E+04   0.4148834288883615E+04   0.1403041091640160E+05   0.1181395386825997E+06   0.1642207213545735E+05   0.4622396118786978E+04   0.3538723097126797E+04   0.5566166449893932E+04   0.7612387576720526E+04   0.4744330518089678E+04   0.2451120887137558E+04   0.1864837457789323E+04   0.2494511991842763E+04   0.3173941606620029E+04   0.2390294656468858E+04   0.1575245921363432E+04   0.1758264924638309E+04   0.2879731153776080E+04   0.3857877819029800E+04   0.3235877384214452E+04   0.2586135866311872E+04   0.3843920701942907E+04   0.1333320066456792E+05   0.1320652214345674E+06   0.1484763778369385E+05   0.4222808481174086E+04   0.3407960667698071E+04   0.5785964620684826E+04   0.8283336574096218E+04   0.5092945563787137E+04   0.2570008743867449E+04   0.2116021103377868E+04   0.3094045031033149E+04   0.3974589871361687E+04   0.3000497897577587E+04   0.1933186251726049E+04   0.2031749172164432E+04   0.3231663297702294E+04   0.4351855158296676E+04   0.3650511627058478E+04   0.2721181812929195E+04   0.3814092996668060E+04   0.1334621700115913E+05   0.1515685991224814E+06   0.1413258736630251E+05   0.4078685933324111E+04   0.3469710014082520E+04   0.6331369997187420E+04   0.9222423482800383E+04   0.5441795095676952E+04   0.2727968895494096E+04   0.2372882115646814E+04   0.3543620322851355E+04   0.4515677930956479E+04
  0.1547371336090333E+05   0.5685576579763379E+04   0.5112217044456611E+04   0.1014360843434690E+05   0.1574498179634336E+05   0.7218971158347716E+04   0.3344010705151717E+04   0.2280184878284004E+04   0.2377717397177417E+04   0.2715266189383913E+04   0.2056367546578169E+04   0.1425703650297763E+04   0.1506928871333663E+04   0.2310890184640468E+04   0.3061581772581444E+04   0.2646745146703610E+04   0.2395621217809104E+04   0.3640398133896760E+04   0.9996217996124256E+04   0.3066497407221761E+05   0.1224628701922860E+05   0.4529039013426102E+04   0.4111565061544329E+04   0.8218066451733235E+04   0.1359926992789896E+05   0.6814857198857069E+04   0.2980815786260182E+04   0.2092062025519443E+04   0.2585853715681693E+04   0.3144522527100666E+04   0.2379585417744553E+04   0.1528073981415319E+04   0.1595502920491363E+04   0.2556274708295938E+04   0.3380372172947948E+04   0.2876632609663540E+04   0.2355337431379080E+04   0.3486000318250549E+04   0.1023845344260141E+05   0.3292043198449499E+05   0.1160956151928589E+05   0.4182850910215408E+04   0.3881765463936180E+04   0.8281982406045943E+04   0.1494047189790472E+05   0.7319560190588895E+04   0.3054137799721211E+04   0.2284200389948916E+04   0.3107042932933427E+04   0.3817621448225337E+04   0.2916457277758576E+04   0.1888456804087335E+04   0.1925689139647053E+04   0.2988305269774381E+04   0.3918454126642072E+04   0.3327327988452789E+04   0.2535792997909496E+04   0.3554726825646012E+04   0.1087131484768565E+05   0.3768211401486785E+05   0.1173061010911770E+05   0.4087406886115969E+04   0.3869915907520808E+04   0.8811769870013282E+04   0.1678864096728227E+05   0.7794346697087611E+04   0.3167455751990902E+04   0.2495598336081632E+04   0.3517828528395728E+04   0.4292988798268382E+04
  0.1053857096153860E+05   0.5159938639719466E+04   0.5662097142463762E+04   0.1512313734290645E+05   0.3539598020168400E+05   0.1063985593223314E+05   0.3987514358402424E+04   0.2615531713088125E+04   0.2762616955462195E+04   0.3113058087309497E+04   0.2322576814363028E+04   0.1520351810713805E+04   0.1425114146740080E+04   0.2082114793851952E+04   0.2769275483399185E+04   0.2379109953169500E+04   0.2133934085413066E+04   0.3089876451393390E+04   0.6863683990403393E+04   0.1364842514526981E+05   0.8216835550222677E+04   0.4111244457689156E+04   0.4519815494705726E+04   0.1218747072431556E+05   0.3067987513866994E+05   0.9935185391120996E+04   0.3520713735932277E+04   0.2332731594044698E+04   0.2764519338634254E+04   0.3272809316021827E+04   0.2499851136792488E+04   0.1584530609071468E+04   0.1547231495692934E+04   0.2462710738026564E+04   0.3315117797677315E+04   0.2764677249793124E+04   0.2171622909671960E+04   0.3021707654012351E+04   0.7180749464467059E+04   0.1447519004606712E+05   0.8119011473403085E+04   0.3861384355515407E+04   0.4176562062207490E+04   0.1166203468462794E+05   0.3400409634758873E+05   0.1046351545916912E+05   0.3525876535251058E+04   0.2460918017059289E+04   0.3188354751163224E+04   0.3802057560770624E+04   0.2932367253732482E+04   0.1911263999197490E+04   0.1906301977626669E+04   0.2988271251000614E+04   0.3967999937792574E+04   0.3284709196376535E+04   0.2404737432383577E+04   0.3149095798238231E+04   0.7752785947190996E+04   0.1642601474719838E+05   0.8636922817714058E+04   0.3847703441823128E+04   0.4077180832312151E+04   0.1177815195655717E+05   0.3846608602496324E+05   0.1096919491145020E+05   0.3583711361770615E+04   0.2628168147604709E+04   0.3561033325727202E+04   0.4212264360264883E+04
  0.7216009093195701E+04   0.4469605746983226E+04   0.5821513495671649E+04   0.2031506679198306E+05   0.1310849418508285E+06   0.1552676038281912E+05   0.4630248008973758E+04   0.2999700047841449E+04   0.3414498980080173E+04   0.3898166966388531E+04   0.2818989279713430E+04   0.1771236530915352E+04   0.1496443776838393E+04   0.2035746889786325E+04   0.2686390781981779E+04   0.2239695167192263E+04   0.1892012035848519E+04   0.2555204601889596E+04   0.4810149410880693E+04   0.7666175273151217E+04   0.5565833717906590E+04   0.3543825755774278E+04   0.4615931681651710E+04   0.1620186893221725E+05   0.1209684768631149E+06   0.1372489804054306E+05   0.3983806418851941E+04   0.2609168687784047E+04   0.3173317584702407E+04   0.3794693051855685E+04   0.2851885604181738E+04   0.1763476048984265E+04   0.1607939049451786E+04   0.2504466980145698E+04   0.3407453802110021E+04   0.2736227291036371E+04   0.1996432603002171E+04   0.2541056888637515E+04   0.5016073322072713E+04   0.8044144999688467E+04   0.5630561066474654E+04   0.3379001738772424E+04   0.4206843681386300E+04   0.1463751845709735E+05   0.1365187207138552E+06   0.1351525415669777E+05   0.3867767687915804E+04   0.2676536440142816E+04   0.3522936078071078E+04   0.4246739121321347E+04   0.3194681748054453E+04   0.2029315738800513E+04   0.1959473431128975E+04   0.3092306560088352E+04   0.4164060613997520E+04   0.3315153672919673E+04   0.2280229292642283E+04   0.2710508034221072E+04   0.5423192938435137E+04   0.9028846143896075E+04   0.6160772004376744E+04   0.3433230599989296E+04   0.4054031010389078E+04   0.1389457984592450E+05   0.1536018397523748E+06   0.1347983941582423E+05   0.3842846112335034E+04   0.2807140394809968E+04   0.3889092765244824E+04   0.4648991759593508E+04
  0.5152984922628093E+04   0.3836666546940256E+04   0.5536586877526512E+04   0.2090849779014995E+05   0.3288727258926043E+12   0.1989391697393528E+05   0.5164335644865026E+04   0.3486455432524939E+04   0.4511364403722777E+04   0.5376260931968424E+04   0.3638908458709740E+04   0.2163537206200972E+04   0.1694742672569507E+04   0.2122678026343813E+04   0.2688686755968176E+04   0.2145028458428720E+04   0.1668642941965219E+04   0.2089289237117567E+04   0.3538346874007925E+04   0.5012769978650397E+04   0.4011404112349888E+04   0.3040034719078330E+04   0.4435617818540235E+04   0.1682379401031559E+05   0.3753095049430848E+12   0.1652709304125696E+05   0.4312209629691545E+04   0.2972937925138913E+04   0.4001359428287820E+04   0.5043453313859854E+04   0.3580435197340356E+04   0.2079606863731932E+04   0.1765296506088206E+04   0.2620746128914529E+04   0.3468107310174769E+04   0.2681621247076090E+04   0.1823751915516517E+04   0.2132963095851616E+04   0.3699153876071804E+04   0.5247813563008988E+04   0.4129628446883440E+04   0.2943256758765948E+04   0.4084398355792170E+04   0.1508373182512404E+05   0.3877018097429432E+12   0.1508011490940280E+05   0.4059474628055323E+04   0.2979027626656095E+04   0.4332282621342780E+04   0.5560141941843157E+04   0.3897511465243554E+04   0.2280987174739825E+04   0.2081247966080204E+04   0.3228249277749070E+04   0.4259962844227048E+04   0.3284526579330864E+04   0.2150312915804257E+04   0.2350763897266652E+04   0.4026397421082324E+04   0.5847691171920867E+04   0.4574632544853128E+04   0.3041219376561894E+04   0.3962297039881373E+04   0.1410884880001450E+05   0.3702252526001933E+12   0.1415719112165147E+05   0.3949058656423355E+04   0.3075347397598687E+04   0.4748853857792530E+04   0.6072777584777876E+04
  0.3880708289519259E+04   0.3332820100940567E+04   0.4976970096090390E+04   0.1630185238148114E+05   0.1278751343763040E+06   0.1927565376861338E+05   0.5435873859954252E+04   0.4098586770862121E+04   0.6358708003057072E+04   0.8287005337656763E+04   0.4959634963919224E+04   0.2675992566461503E+04   0.1957501220009544E+04   0.2257097958072523E+04   0.2719081204333869E+04   0.2079072292562128E+04   0.1496463383764027E+04   0.1733439477810083E+04   0.2779352911990052E+04   0.3728503698370961E+04   0.3150500667106387E+04   0.2673779964048504E+04   0.4106988040473306E+04   0.1402229295521983E+05   0.1199440323089265E+06   0.1581445965048237E+05   0.4478527066438422E+04   0.3457436712263790E+04   0.5514156548515306E+04   0.7722657734502675E+04   0.4896438675366558E+04   0.2530549883254378E+04   0.1973468634444254E+04   0.2707819835320874E+04   0.3432693036891737E+04   0.2579303824268507E+04   0.1686296652070942E+04   0.1846823406534050E+04   0.2993286492938480E+04   0.3997418653077640E+04   0.3347544015673303E+04   0.2645809717144312E+04   0.3908086048049248E+04   0.1367478081603364E+05   0.1372205118475919E+06   0.1451482978757077E+05   0.4168955837709233E+04   0.3396067933432963E+04   0.5855955820216031E+04   0.8551882473381087E+04   0.5293308328483494E+04   0.2679758649527525E+04   0.2241781578939557E+04   0.3285044185771921E+04   0.4182982911225204E+04   0.3157704709624796E+04   0.2042709688436641E+04   0.2122884486789165E+04   0.3334929477583541E+04   0.4479231311508694E+04   0.3751249105441819E+04   0.2780317203640136E+04   0.3879258467639132E+04   0.1367043730888632E+05   0.1554469218364301E+06   0.1382015884958495E+05   0.4029601942686612E+04   0.3448627470761043E+04   0.6356555031147888E+04   0.9398832031200049E+04
  0.3095597872064969E+04   0.2939004158503218E+04   0.4315354496504333E+04   0.1118848546914420E+05   0.3562578355462431E+05   0.1439167115941600E+05   0.5297674608851591E+04   0.4765687172204343E+04   0.9431788497086038E+04   0.1478054531037150E+05   0.7091650885689840E+04   0.3269401285945482E+04   0.2242727389905912E+04   0.2439163570352863E+04   0.2821631811419357E+04   0.2124314890673832E+04   0.1435419817012676E+04   0.1512868960080554E+04   0.2356749125579800E+04   0.3130930934560313E+04   0.2707565895501029E+04   0.2405244669228860E+04   0.3656503453810488E+04   0.1022197785564635E+05   0.3082329869986127E+05   0.1186354663291175E+05   0.4375203254339351E+04   0.3986662040589028E+04   0.8061944949663623E+04   0.1381821557077417E+05   0.7073160495151981E+04   0.3067969560779822E+04   0.2188049392908015E+04   0.2768732551804601E+04   0.3354745549494869E+04   0.2533921625200436E+04   0.1629583256197885E+04   0.1689630546150217E+04   0.2683339565389181E+04   0.3546149548804167E+04   0.3027908289653392E+04   0.2447802307737411E+04   0.3594998863263554E+04   0.1071147055329956E+05   0.3420368303693023E+05   0.1146688857003540E+05   0.4115511966287912E+04   0.3833710584173860E+04   0.8291102700692405E+04   0.1546574460306409E+05   0.7641765020256435E+04   0.3172840803980974E+04   0.2401214757072020E+04   0.3280270953132568E+04   0.3996544616284964E+04   0.3048749661327601E+04   0.1989016396569430E+04   0.2018378124002167E+04   0.3094905336331504E+04   0.4053494891976614E+04   0.3454431595688435E+04   0.2622492610661502E+04   0.3654312358879386E+04   0.1127549241837296E+05   0.3876005194222344E+05   0.1157043619464738E+05   0.4022697079060834E+04   0.3817645463088000E+04   0.8773117734811332E+04   0.1714620553064649E+05
  0.2627248397157831E+04   0.2601890668127451E+04   0.3658919347856934E+04   0.7608530158352897E+04   0.1596620972279454E+05   0.9738688460227282E+04   0.4804891832734274E+04   0.5279811212686655E+04   0.1410069543215083E+05   0.3315892572990510E+05   0.1046448066239105E+05   0.3893344526243170E+04   0.2547189426662415E+04   0.2749982814271693E+04   0.3129594848357026E+04   0.2346167204763011E+04   0.1520351024614152E+04   0.1444078317533913E+04   0.2173578097477283E+04   0.2921122560988708E+04   0.2505764563914920E+04   0.2175720446052227E+04   0.3125854887175911E+04   0.7038100811515285E+04   0.1368894174219925E+05   0.8026314584078823E+04   0.3983985081594190E+04   0.4368339714200615E+04   0.1182532612798663E+05   0.3122131822676006E+05   0.1029971160797757E+05   0.3599369390471963E+04   0.2403804700484052E+04   0.2900713551618357E+04   0.3429689239597998E+04   0.2624550352140262E+04   0.1678220784049211E+04   0.1651096217057617E+04   0.2619546746698985E+04   0.3529255740055580E+04   0.2958200877941311E+04   0.2289718402351521E+04   0.3140748555302191E+04   0.7518883927921734E+04   0.1500141430671765E+05   0.8129113844063009E+04   0.3814988838751834E+04   0.4109392142873565E+04   0.1151391148647316E+05   0.3527369043306309E+05   0.1092354019456573E+05   0.3639667880313066E+04   0.2557884505787423E+04   0.3331945270897962E+04   0.3951663555961027E+04   0.3046997214759048E+04   0.2006392088437957E+04   0.2005578542713298E+04   0.3112254157214209E+04   0.4129233027626929E+04   0.3439230393827173E+04   0.2511581415819216E+04   0.3255492886616177E+04   0.8031313956995647E+04   0.1686653343020263E+05   0.8617432438276386E+04   0.3799056735113350E+04   0.4011590944840166E+04   0.1159988370716781E+05   0.3935166467931264E+05
  0.2371406934552631E+04   0.2301668172183265E+04   0.3049039529771180E+04   0.5372519655718630E+04   0.8974930638974980E+04   0.6649011985021499E+04   0.4167194284877997E+04   0.5447486139837790E+04   0.1900965710512312E+05   0.1239701647251160E+06   0.1509845137343552E+05   0.4481379392069774E+04   0.2890536014530327E+04   0.3312286729310659E+04   0.3823002422070246E+04   0.2807776550600665E+04   0.1763235431284833E+04   0.1527847645023911E+04   0.2174490704105398E+04   0.2909434985484030E+04   0.2413715339748795E+04   0.1954056213191758E+04   0.2591804015469465E+04   0.4907342819863919E+04   0.7679973716455700E+04   0.5479271984745244E+04   0.3459876794342199E+04   0.4478062075756918E+04   0.1560606302756245E+05   0.1234264113136052E+06   0.1394503239278861E+05   0.4018462268515419E+04   0.2647027469386638E+04   0.3261638670599631E+04   0.3917093089014348E+04   0.2962645535966970E+04   0.1853635435320080E+04   0.1723925233335474E+04   0.2698020138269422E+04   0.3669115478517286E+04   0.2959408794716077E+04   0.2128577457124591E+04   0.2653654154667736E+04   0.5227820357316478E+04   0.8313769164303330E+04   0.5700091160627316E+04   0.3369842548163194E+04   0.4156943420046899E+04   0.1430567376187053E+05   0.1411903278434862E+06   0.1388671205108443E+05   0.3946475901432382E+04   0.2745803621004199E+04   0.3638102143211235E+04   0.4386215372243239E+04   0.3305652155067535E+04   0.2123953025401840E+04   0.2069242156256851E+04   0.3242038601760494E+04   0.4353435727021978E+04   0.3487046171280106E+04   0.2396623601729174E+04   0.2810803096258895E+04   0.5594510257658876E+04   0.9250996951478841E+04   0.6202917081835684E+04   0.3417509510992566E+04   0.4007612654507000E+04   0.1357870439509603E+05   0.1565678989237014E+06
  0.2237294308709043E+04   0.2033419650533821E+04   0.2511042456821398E+04   0.3975400251838602E+04   0.5831496843259416E+04   0.4768019368848686E+04   0.3593989937466848E+04   0.5231051063580346E+04   0.1976552954713510E+05   0.3177994730814823E+12   0.1897553525772338E+05   0.4933718400833784E+04   0.3324410154112481E+04   0.4302540847815977E+04   0.5205663527202401E+04   0.3614497159593643E+04   0.2153515939485045E+04   0.1734937405595154E+04   0.2294714959193403E+04   0.2942648638183081E+04   0.2329792613672258E+04   0.1736357407651462E+04   0.2123751535627887E+04   0.3596914444138417E+04   0.5032207634908731E+04   0.3990837743403152E+04   0.3003986084838766E+04   0.4364528273194258E+04   0.1642987082477568E+05   0.3581138462254988E+12   0.1623059770250189E+05   0.4272769229592845E+04   0.2968740732365117E+04   0.4047141692876060E+04   0.5168263020264419E+04   0.3707926175585852E+04   0.2173563137119459E+04   0.1892202352950846E+04   0.2845117450539086E+04   0.3750922580988111E+04   0.2906220895312268E+04   0.1956461405569921E+04   0.2237243805059216E+04   0.3843416969868438E+04   0.5420400210314645E+04   0.4224016975619924E+04   0.2975070825314780E+04   0.4095141279509053E+04   0.1496572311294856E+05   0.3659320968686156E+12   0.1498383961101415E+05   0.4075572596398740E+04   0.3012993998694069E+04   0.4426609520919853E+04   0.5727440013929020E+04   0.4030528399528792E+04   0.2381265132210644E+04   0.2201862907005503E+04   0.3403051265005194E+04   0.4462203172667644E+04   0.3452970263430308E+04   0.2264693619947261E+04   0.2442767933624343E+04   0.4140945823256685E+04   0.5985871087359704E+04   0.4642878575126824E+04   0.3062228988717649E+04   0.3968129243526318E+04   0.1399966055250964E+05   0.3460304579516477E+12
  0.2185372854941208E+04   0.1820814734132084E+04   0.2082592005585242E+04   0.3084019833281864E+04   0.4217071170304860E+04   0.3639204181704311E+04   0.3148685794044613E+04   0.4766116204037995E+04   0.1574793725134631E+05   0.1221029275492781E+06   0.1820047346312360E+05   0.5141803653907836E+04   0.3879684549300748E+04   0.6012629077682525E+04   0.7988243287328444E+04   0.4954087913616278E+04   0.2670326919912697E+04   0.1995408265261492E+04   0.2422174653470201E+04   0.2947014593646466E+04   0.2234806565143210E+04   0.1558178944281356E+04   0.1770851677739066E+04   0.2838313759153172E+04   0.3783316395159538E+04   0.3190407607848687E+04   0.2684351811469526E+04   0.4120430314414162E+04   0.1422231164262264E+05   0.1233379171264960E+06   0.1533519954671243E+05   0.4378202310724011E+04   0.3408437942143940E+04   0.5513324778797658E+04   0.7910411618941860E+04   0.5089426598696586E+04   0.2634954987061247E+04   0.2102176430875906E+04   0.2933543380156138E+04   0.3697713229317162E+04   0.2776492532595622E+04   0.1810191154766579E+04   0.1948296302439661E+04   0.3117447214009928E+04   0.4147935493120524E+04   0.3468418737193105E+04   0.2716386793373315E+04   0.3989386959873300E+04   0.1408031444168560E+05   0.1424780944121311E+06   0.1423046386584222E+05   0.4130384424603158E+04   0.3392086806653687E+04   0.5928877736949809E+04   0.8817767203282394E+04   0.5490470198832027E+04   0.2790165304006556E+04   0.2365970399270508E+04   0.3465232198571560E+04   0.4374614559877499E+04   0.3303794371272002E+04   0.2147894126343735E+04   0.2210241022580158E+04   0.3429330897556953E+04   0.4592597215981596E+04   0.3840621939199603E+04   0.2834751785631303E+04   0.3940928564700153E+04   0.1398042045217320E+05   0.1587218691688796E+06
  0.2288637642517209E+04   0.1742321443404054E+04   0.1806580041400944E+04   0.2529047541186826E+04   0.3342997574748398E+04   0.2971371007092338E+04   0.2803243688994136E+04   0.4173644994871655E+04   0.1095767655123142E+05   0.3348363913480101E+05   0.1352860048665681E+05   0.4991422009641058E+04   0.4494782139328012E+04   0.8891633480055212E+04   0.1422383393553737E+05   0.7136780623574010E+04   0.3267307818547841E+04   0.2263220870083702E+04   0.2557435599306739E+04   0.2980347207829929E+04   0.2236131668807367E+04   0.1487059142993177E+04   0.1559208287250478E+04   0.2443055821882745E+04   0.3246349725773135E+04   0.2811443657643581E+04   0.2454742101715380E+04   0.3723480426658385E+04   0.1059917490444274E+05   0.3145320011395134E+05   0.1157816076172722E+05   0.4260740100036787E+04   0.3896655659368839E+04   0.7973999469273571E+04   0.1418572021171834E+05   0.7392375065819439E+04   0.3182415926109472E+04   0.2304548598630028E+04   0.2965468171061276E+04   0.3573468997494895E+04   0.2696979276962220E+04   0.1743170079245894E+04   0.1795146190636406E+04   0.2817659956309875E+04   0.3717242076879639E+04   0.3185216304477932E+04   0.2550078111052718E+04   0.3717119947353804E+04   0.1121479444373388E+05   0.3554232902356507E+05   0.1134828634754365E+05   0.4061370206809609E+04   0.3795751691853749E+04   0.8307851091312001E+04   0.1598758401074702E+05   0.7959709640309004E+04   0.3292115415985323E+04   0.2516841097661625E+04   0.3443615831063478E+04   0.4160827819877568E+04   0.3171157996322493E+04   0.2085224407150396E+04   0.2106625329816367E+04   0.3191649606487514E+04   0.4173391564987589E+04   0.3568773052893768E+04   0.2703043705988337E+04   0.3746949681954281E+04   0.1164710798829395E+05   0.3969035211337504E+05
  0.2623053284735065E+04   0.1851131704006517E+04   0.1723197174190401E+04   0.2245428122226489E+04   0.2905535076033580E+04   0.2599506551314285E+04   0.2505827600846927E+04   0.3548211854105840E+04   0.7453598184198007E+04   0.1501233924697846E+05   0.9123014651742516E+04   0.4526893233625091E+04   0.4978134267913924E+04   0.1328831601575821E+05   0.3188829130927281E+05   0.1054382233230240E+05   0.3877395991849713E+04   0.2536674707246022E+04   0.2798096729908989E+04   0.3205523664629529E+04   0.2416341007623727E+04   0.1562332895085966E+04   0.1502635867063364E+04   0.2302107932370672E+04   0.3112079488210479E+04   0.2671721295429431E+04   0.2256715461572345E+04   0.3207399835173397E+04   0.7309028678792374E+04   0.1393043959565083E+05   0.7912632218075214E+04   0.3892570117469288E+04   0.4255459664941203E+04   0.1155417880882755E+05   0.3211935826964994E+05   0.1075921329994315E+05   0.3708084976736682E+04   0.2495726648598675E+04   0.3053441729829513E+04   0.3599713407301956E+04   0.2760066146640430E+04   0.1784198579763276E+04   0.1765645046859490E+04   0.2781129105834540E+04   0.3744131603601394E+04   0.3155051077036726E+04   0.2416636250953065E+04   0.3270305909882915E+04   0.7871030559723187E+04   0.1555092145972687E+05   0.8151522716155433E+04   0.3779149624405354E+04   0.4054954496157261E+04   0.1138651706439827E+05   0.3654057061126675E+05   0.1138393913801490E+05   0.3754964322093994E+04   0.2654086485222981E+04   0.3467497312634737E+04   0.4089544225353885E+04   0.3153276631070460E+04   0.2097432361498314E+04   0.2099833625814162E+04   0.3224609957783358E+04   0.4272446450863522E+04   0.3579001508776512E+04   0.2611152854323415E+04   0.3353963483403879E+04   0.8282232629676406E+04   0.1724396152714303E+05
  0.3227637513471301E+04   0.2155387749109543E+04   0.1835531051632515E+04   0.2205534384695813E+04   0.2757415104967150E+04   0.2412116143650421E+04   0.2232380750893224E+04   0.2948682800404228E+04   0.5233516908704350E+04   0.8460830498036665E+04   0.6228305133515035E+04   0.3938950382159307E+04   0.5160567728413595E+04   0.1795669769997018E+05   0.1203723444978654E+06   0.1498619087414276E+05   0.4413633589243204E+04   0.2839077552970230E+04   0.3279357569795434E+04   0.3823124829081873E+04   0.2850184995440355E+04   0.1799248911384890E+04   0.1599883222524045E+04   0.2349883477423021E+04   0.3168507644941243E+04   0.2624368599072003E+04   0.2053955835695866E+04   0.2669077549732719E+04   0.5068008344399191E+04   0.7799705337010038E+04   0.5452448393162778E+04   0.3409323344767570E+04   0.4382497961526738E+04   0.1513440898896285E+05   0.1271611092852898E+06   0.1429754751525355E+05   0.4086170543002679E+04   0.2706290804633629E+04   0.3370778494378741E+04   0.4059734137883062E+04   0.3087467671856346E+04   0.1957089605657280E+04   0.1850722621492767E+04   0.2894908397805900E+04   0.3928483719409931E+04   0.3183966432754054E+04   0.2268642664590920E+04   0.2775278732264233E+04   0.5447768916937003E+04   0.8595178193372663E+04   0.5777131731849029E+04   0.3369065066632408E+04   0.4121396376385946E+04   0.1401969935048336E+05   0.1458284218642463E+06   0.1427943349036451E+05   0.4029498629609498E+04   0.2815310191902528E+04   0.3747047900731254E+04   0.4515842422199214E+04   0.3409209514096470E+04   0.2214835139034292E+04   0.2173576468754039E+04   0.3378345451210188E+04   0.4522159584132137E+04   0.3642823824360752E+04   0.2505171054669114E+04   0.2903562074304341E+04   0.5746546295666729E+04   0.9439412373636322E+04
  0.4177618652962067E+04   0.2619717162428506E+04   0.2091033499286958E+04   0.2327305407727574E+04   0.2759712234018313E+04   0.2299705944917669E+04   0.1974609072933853E+04   0.2416445838954175E+04   0.3854183959008279E+04   0.5528363109736938E+04   0.4498069202728077E+04   0.3423813442659576E+04   0.5018385724656656E+04   0.1894318172317997E+05   0.3064720254056713E+12   0.1833607313156458E+05   0.4782385055025579E+04   0.3220805300327524E+04   0.4179116270526709E+04   0.5142327924826123E+04   0.3657130226274286E+04   0.2191064098805760E+04   0.1817765880938518E+04   0.2504875302596859E+04   0.3231573397864715E+04   0.2548619871092436E+04   0.1839714717889644E+04   0.2194592699466788E+04   0.3700970589244170E+04   0.5116589029911916E+04   0.4016588876366809E+04   0.2999641696661495E+04   0.4337005154384107E+04   0.1619541576198132E+05   0.3410488171995667E+12   0.1606698913498507E+05   0.4268022301503162E+04   0.2987099528535984E+04   0.4120223373900910E+04   0.5324341731754522E+04   0.3853781820534163E+04   0.2282112270691267E+04   0.2030437144826769E+04   0.3072282159402291E+04   0.4030262186022614E+04   0.3131180793110513E+04   0.2096193676384885E+04   0.2349349868723889E+04   0.3993290910819439E+04   0.5599412518280339E+04   0.4323110278284237E+04   0.3013484760954706E+04   0.4118634333633844E+04   0.1490592652851252E+05   0.3447464913912491E+12   0.1493110413982793E+05   0.4099514337111765E+04   0.3048665169762932E+04   0.4515820810506477E+04   0.5884103400194454E+04   0.4155300039238166E+04   0.2477739273445964E+04   0.2316650215342562E+04   0.3562809107006007E+04   0.4642703561071917E+04   0.3605278967003560E+04   0.2371160122370843E+04   0.2527747937208628E+04   0.4241452413968592E+04   0.6102345637721130E+04
  0.5652851274137612E+04   0.3206595445439376E+04   0.2399182842058759E+04   0.2497049857811106E+04   0.2810944697547664E+04   0.2218264543384062E+04   0.1758101400288452E+04   0.1996472728325544E+04   0.2996615786594062E+04   0.4053592965247906E+04   0.3492397469081267E+04   0.3036290832217959E+04   0.4649411874259084E+04   0.1554627629641217E+05   0.1196465261299204E+06   0.1734241381329409E+05   0.4921816354854255E+04   0.3721104959825882E+04   0.5777297542926604E+04   0.7863645576061674E+04   0.5039948638758855E+04   0.2716592273433206E+04   0.2077705646685452E+04   0.2627305028793696E+04   0.3210088958242296E+04   0.2422594107518310E+04   0.1653190461596016E+04   0.1841183637302892E+04   0.2932620852624914E+04   0.3882535151171127E+04   0.3267273607881125E+04   0.2725324164579678E+04   0.4175108088476615E+04   0.1457503726282659E+05   0.1278493291250689E+06   0.1495679698005560E+05   0.4311490785549623E+04   0.3383728518960113E+04   0.5549262936570050E+04   0.8150129806352017E+04   0.5307162013638157E+04   0.2755113247268655E+04   0.2242720801718772E+04   0.3162540831847734E+04   0.3959758996943075E+04   0.2974143895264489E+04   0.1940321767839455E+04   0.2056324787593828E+04   0.3244903543679442E+04   0.4300655695099918E+04   0.3591267652113318E+04   0.2791891455412436E+04   0.4079187849797326E+04   0.1451564100459138E+05   0.1475832083892821E+06   0.1397828596778267E+05   0.4101162032729953E+04   0.3391526846105891E+04   0.5997401057496756E+04   0.9067942664094753E+04   0.5675852026190445E+04   0.2896128181045952E+04   0.2484075881648641E+04   0.3629961834341871E+04   0.4545084913197754E+04   0.3435002458065754E+04   0.2245338240728184E+04   0.2290588999598490E+04   0.3511468234107359E+04   0.4688182307876215E+04
  0.8018937288942867E+04   0.3876508846118672E+04   0.2726792332411461E+04   0.2742735357029936E+04   0.2989203747407249E+04   0.2268726748134489E+04   0.1669581284720693E+04   0.1732956209246036E+04   0.2489907433318111E+04   0.3299479948707762E+04   0.2930873200855035E+04   0.2739005593940174E+04   0.4121578684352921E+04   0.1100439206516001E+05   0.3229292326452243E+05   0.1285043278019010E+05   0.4753899914230932E+04   0.4287344756267629E+04   0.8494756930995574E+04   0.1399829344193428E+05   0.7316143627712889E+04   0.3321889931818603E+04   0.2328912302316466E+04   0.2718159414369813E+04   0.3176854571380159E+04   0.2380026673160185E+04   0.1570615217540956E+04   0.1636209627577821E+04   0.2558736966125625E+04   0.3394597297496974E+04   0.2946195888998176E+04   0.2533689563450306E+04   0.3827384036324686E+04   0.1108278734501425E+05   0.3242538217776455E+05   0.1136782568067281E+05   0.4176915346973064E+04   0.3833461433830244E+04   0.7936276270681216E+04   0.1465347429232202E+05   0.7748016744662654E+04   0.3313861613095374E+04   0.2433323223208770E+04   0.3167144594202472E+04   0.3791946266578857E+04   0.2861631642367024E+04   0.1862635051451307E+04   0.1906068284565829E+04   0.2952721914584606E+04   0.3886073720809712E+04   0.3341506262904781E+04   0.2655890716560893E+04   0.3843918960980578E+04   0.1172173147810231E+05   0.3686567861602784E+05   0.1124161971998567E+05   0.4015342898551883E+04   0.3763321756845164E+04   0.8323067793967193E+04   0.1648115895661083E+05   0.8260176226731603E+04   0.3406251413949629E+04   0.2626589294556232E+04   0.3592604581493359E+04   0.4306369408137920E+04   0.3280271975667225E+04   0.2173936960745106E+04   0.2187436853343425E+04   0.3275566519079043E+04   0.4274920075423766E+04
  0.1185085223474163E+05   0.4597666344205350E+04   0.3086292661981201E+04   0.3183955123047519E+04   0.3448054347366950E+04   0.2548088557357028E+04   0.1767553041524345E+04   0.1663977979649907E+04   0.2262823778907913E+04   0.2974761162410732E+04   0.2650012540882895E+04   0.2480732435649902E+04   0.3519418180340491E+04   0.7483592279847712E+04   0.1446500630890815E+05   0.8662356465088025E+04   0.4313679276171833E+04   0.4744213547835217E+04   0.1265241797365702E+05   0.3140318862316107E+05   0.1082137672784243E+05   0.3922648478862225E+04   0.2571624578883102E+04   0.2892840800023643E+04   0.3326125177432810E+04   0.2521319799156660E+04   0.1636378009656820E+04   0.1591051194648786E+04   0.2456704673342014E+04   0.3329099227359928E+04   0.2864555574245775E+04   0.2366181668555561E+04   0.3321670242622586E+04   0.7646725509971347E+04   0.1431788955826966E+05   0.7856909305407124E+04   0.3828796466275449E+04   0.4172528271881305E+04   0.1135241615913837E+05   0.3325932016800429E+05   0.1127695713626616E+05   0.3835751127170540E+04   0.2600536840252743E+04   0.3213998471621056E+04   0.3774044767111508E+04   0.2899286215628743E+04   0.1896327785180031E+04   0.1884900439958432E+04   0.2940996008861389E+04   0.3952287265966862E+04   0.3347994077600517E+04   0.2545904045452006E+04   0.3402678087274282E+04   0.8220000812928243E+04   0.1609373336895213E+05   0.8176273135867721E+04   0.3749198299552121E+04   0.4008248316649111E+04   0.1126836203659803E+05   0.3774529150014373E+05   0.1182430929289878E+05   0.3865552949959442E+04   0.2745211884959308E+04   0.3590703860181212E+04   0.4211557745371794E+04   0.3247800988629630E+04   0.2181279649763233E+04   0.2186082538986786E+04   0.3322409050400796E+04   0.4394479794147136E+04
  0.1738852644253799E+05   0.5310391621007395E+04   0.3501724663038029E+04   0.3952880165516825E+04   0.4353722273844684E+04   0.3104310305558927E+04   0.2063633851757943E+04   0.1790929831450038E+04   0.2280059236248811E+04   0.2918990623965340E+04   0.2527262473553287E+04   0.2232188394130813E+04   0.2922110930171177E+04   0.5218301418784096E+04   0.8161837008807615E+04   0.5930159329054128E+04   0.3772659905741983E+04   0.4946335531436939E+04   0.1711594112315149E+05   0.1196135722654132E+06   0.1512257443677017E+05   0.4410060528137484E+04   0.2833508565417506E+04   0.3301007639311104E+04   0.3881570988421450E+04   0.2933192829697969E+04   0.1868887950932125E+04   0.1702330180938960E+04   0.2550197898920952E+04   0.3449976139108109E+04   0.2859010060624007E+04   0.2181030105995682E+04   0.2775596312317264E+04   0.5272707669126215E+04   0.7996166996646832E+04   0.5470002300065819E+04   0.3384017296467816E+04   0.4319417316436343E+04   0.1475985586202572E+05   0.1317433113319355E+06   0.1473761812577271E+05   0.4175773027048256E+04   0.2779375247743192E+04   0.3491727973650889E+04   0.4212414419200415E+04   0.3218463416558940E+04   0.2067391515989238E+04   0.1982025706905556E+04   0.3088198150295253E+04   0.4177733921671289E+04   0.3402508031903442E+04   0.2410190638755933E+04   0.2899111030559899E+04   0.5664841743686055E+04   0.8872512309122611E+04   0.5853562157193610E+04   0.3372058499044157E+04   0.4094380603795082E+04   0.1376382589223334E+05   0.1502104036478611E+06   0.1466743597061379E+05   0.4110504620388451E+04   0.2880979595963935E+04   0.3845383944781957E+04   0.4630809134212874E+04   0.3501531156295719E+04   0.2298668860050766E+04   0.2269294518263644E+04   0.3498035568496162E+04   0.4666877797999726E+04
  0.2226428411404047E+05   0.5872108667731285E+04   0.4017402885123799E+04   0.5236622216223149E+04   0.6026246156675392E+04   0.4020893652830654E+04   0.2526033921497481E+04   0.2056919556138488E+04   0.2439318968443320E+04   0.2961106846686399E+04   0.2432367713301024E+04   0.1981497708807170E+04   0.2388424375947050E+04   0.3822495243560681E+04   0.5357997543030360E+04   0.4323726101878964E+04   0.3313566129556573E+04   0.4881909974922975E+04   0.1838378878354327E+05   0.2949459600083449E+12   0.1792243124576851E+05   0.4694996731905957E+04   0.3164355449349797E+04   0.4124270428047209E+04   0.5163286373916302E+04   0.3750564257695058E+04   0.2264795560560678E+04   0.1932299567400683E+04   0.2740460902393279E+04   0.3541486142744571E+04   0.2789272171495549E+04   0.1968546231112972E+04   0.2291696231252320E+04   0.3836769671889781E+04   0.5247595887494101E+04   0.4076029786148128E+04   0.3018602062443236E+04   0.4341684274331646E+04   0.1608074441803562E+05   0.3241732597606292E+12   0.1600034491031639E+05   0.4287796066841662E+04   0.3020796550439790E+04   0.4210372000093277E+04   0.5497868290208842E+04   0.4008133121702102E+04   0.2398165069039339E+04   0.2173225330342347E+04   0.3294691115068322E+04   0.4298080962541627E+04   0.3349358043545099E+04   0.2236842925197926E+04   0.2463273707203180E+04   0.4141001319448287E+04   0.5774906146965172E+04   0.4420148911161024E+04   0.3053725181535029E+04   0.4148115541151976E+04   0.1488009325145577E+05   0.3241879342414708E+12   0.1490044080873401E+05   0.4125461454106483E+04   0.3082193800600484E+04   0.4595020101875254E+04   0.6023597876997019E+04   0.4266990230083300E+04   0.2566751481437521E+04   0.2422153233343821E+04   0.3704003842993088E+04   0.4797984221825019E+04
  0.2162819867401086E+05   0.6114142654918088E+04   0.4650012520430377E+04   0.7354920477405986E+04   0.9282121630771857E+04   0.5483081762086678E+04   0.3116753371139753E+04   0.2361572911362613E+04   0.2595082496366691E+04   0.2977328048973618E+04   0.2317555543234176E+04   0.1757469131532095E+04   0.1971516318163365E+04   0.2980326317086593E+04   0.3983349096332764E+04   0.3423240164261709E+04   0.2982469370245637E+04   0.4608495530855223E+04   0.1562450478809031E+05   0.1198469518789561E+06   0.1666456191476480E+05   0.4762679543040063E+04   0.3611850940362895E+04   0.5631971964574019E+04   0.7876570664884004E+04   0.5194502023793513E+04   0.2802047071207047E+04   0.2192972106674562E+04   0.2859426858927592E+04   0.3494747943867746E+04   0.2631202372997692E+04   0.1772059644683201E+04   0.1935282833138446E+04   0.3051359461294452E+04   0.4012650185793491E+04   0.3369951686013230E+04   0.2787889593946332E+04   0.4258634824316679E+04   0.1503177204815676E+05   0.1330660167510633E+06   0.1465501372261007E+05   0.4269643267141125E+04   0.3376293267438220E+04   0.5609421882389953E+04   0.8419743386573564E+04   0.5535803532012082E+04   0.2883084616013201E+04   0.2388014734204276E+04   0.3387055440443099E+04   0.4211072090240798E+04   0.3165758653952238E+04   0.2071067482100537E+04   0.2165512655203011E+04   0.3369528299744236E+04   0.4448257918917342E+04   0.3710050149684881E+04   0.2867297020305201E+04   0.4170225843073438E+04   0.1495210370681298E+05   0.1523277077960328E+06   0.1374464531766237E+05   0.4076308418694977E+04   0.3390671432226301E+04   0.6055606591654936E+04   0.9291961563653478E+04   0.5842609343199566E+04   0.2993532630835361E+04   0.2592475099141687E+04   0.3775632615459763E+04   0.4691095076091267E+04
  0.1643098725449556E+05   0.5932142717902948E+04   0.5342189126193685E+04   0.1079720461212375E+05   0.1651872850402243E+05   0.7854109617281086E+04   0.3788810973606308E+04   0.2667004885213643E+04   0.2775728520027428E+04   0.3065311049538619E+04   0.2314423963102024E+04   0.1656741423330519E+04   0.1717320577537564E+04   0.2512364507345229E+04   0.3329341251547316E+04   0.2957730681740951E+04   0.2732538183639800E+04   0.4140801612446897E+04   0.1126866883262267E+05   0.3187404897458400E+05   0.1232601115101964E+05   0.4573301307568127E+04   0.4132279394513394E+04   0.8215317736277959E+04   0.1403473011657169E+05   0.7595528725270763E+04   0.3418955854030059E+04   0.2428358495050641E+04   0.2908506933421751E+04   0.3398226576909018E+04   0.2545530907807646E+04   0.1677171295743666E+04   0.1735213022385064E+04   0.2694013151198971E+04   0.3564008753254021E+04   0.3101082917818798E+04   0.2632882849973503E+04   0.3955963410867057E+04   0.1163344560411554E+05   0.3362649285070180E+05   0.1121293153987497E+05   0.4116030157936544E+04   0.3789974033803002E+04   0.7933112426829396E+04   0.1517965553939296E+05   0.8119076190106746E+04   0.3453454030808871E+04   0.2567288941593665E+04   0.3366185208805145E+04   0.4002819619090546E+04   0.3021873800287300E+04   0.1982707573071542E+04   0.2017325072269219E+04   0.3083080533361542E+04   0.4046356877086456E+04   0.3490911325118284E+04   0.2759973810477360E+04   0.3968335957548386E+04   0.1221013810832403E+05   0.3811557581779005E+05   0.1113685630169727E+05   0.3973173809785493E+04   0.3732624952807189E+04   0.8329329761141445E+04   0.1692654145878521E+05   0.8532593286155789E+04   0.3510646721457647E+04   0.2726855418107944E+04   0.3723771324572989E+04   0.4430090187471275E+04
  0.1136315953720368E+05   0.5419188215179516E+04   0.5911174562578895E+04   0.1592561513449164E+05   0.3682355531533129E+05   0.1167571948361258E+05   0.4492911051418135E+04   0.2987457914007345E+04   0.3118946341589067E+04   0.3411213436399181E+04   0.2542160735352968E+04   0.1743901603543694E+04   0.1661854680881920E+04   0.2337594976385212E+04   0.3107821481442723E+04   0.2762145407595498E+04   0.2512460643425881E+04   0.3555551955630208E+04   0.7658371006339013E+04   0.1424762893903554E+05   0.8330013297206322E+04   0.4154042314150003E+04   0.4566316130991196E+04   0.1216240527369954E+05   0.3154001498216526E+05   0.1124653533503416E+05   0.4013849091606621E+04   0.2640936927955825E+04   0.3021586115393545E+04   0.3478293074329498E+04   0.2650638379550530E+04   0.1733648981424744E+04   0.1700667775844194E+04   0.2627666735382477E+04   0.3560726949705869E+04   0.3073344393968746E+04   0.2494650564981274E+04   0.3457399026550839E+04   0.8025239697044552E+04   0.1480306934366861E+05   0.7842570401364238E+04   0.3785442672029954E+04   0.4111934260719104E+04   0.1120112549623831E+05   0.3454182065685203E+05   0.1182135818724210E+05   0.3972806798581521E+04   0.2711383078994125E+04   0.3374965406997554E+04   0.3945214829496549E+04   0.3036206946647683E+04   0.2009392084562122E+04   0.2003797715723934E+04   0.3093762837708723E+04   0.4147571344663074E+04   0.3531032629848042E+04   0.2672098317875129E+04   0.3531443941431841E+04   0.8551625503740044E+04   0.1660521030112459E+05   0.8195187292271032E+04   0.3721244843556279E+04   0.3965095027038597E+04   0.1115002385006518E+05   0.3884001369410560E+05   0.1222821089193443E+05   0.3966415897078916E+04   0.2827799100437430E+04   0.3698218727350254E+04   0.4314563635982736E+04
  0.7881023957017657E+04   0.4782594846126168E+04   0.6163474749095963E+04   0.2133248120211297E+05   0.1313133584454562E+06   0.1701611169946526E+05   0.5146718358691386E+04   0.3350511258504210E+04   0.3765169212350405E+04   0.4195181721841072E+04   0.3059242330000612E+04   0.2034067619974024E+04   0.1804551391877585E+04   0.2411334300438893E+04   0.3140162455235744E+04   0.2699985881311388E+04   0.2287028665676521E+04   0.2954165810683971E+04   0.5300446646845002E+04   0.8037246150690150E+04   0.5732885456433353E+04   0.3657174556024022E+04   0.4791648238146837E+04   0.1645074138551153E+05   0.1210815532568170E+06   0.1544711898037595E+05   0.4455440770743853E+04   0.2863202503598593E+04   0.3364047018983599E+04   0.3983200035844358E+04   0.3045230883981044E+04   0.1962904402821027E+04   0.1826106192585750E+04   0.2765105272581393E+04   0.3741902664960080E+04   0.3106547078916981E+04   0.2325867355589491E+04   0.2901330151787893E+04   0.5504486492783512E+04   0.8243788000225748E+04   0.5518457911560925E+04   0.3376799014214100E+04   0.4280182566387666E+04   0.1445863782565782E+05   0.1368016562321623E+06   0.1522652471182143E+05   0.4277637482657676E+04   0.2859743738660952E+04   0.3616783896754682E+04   0.4366473053797993E+04   0.3348963894350681E+04   0.2179061505113920E+04   0.2112493841696368E+04   0.3272121459223295E+04   0.4410437060689856E+04   0.3608921919092322E+04   0.2547833210299340E+04   0.3019467637740700E+04   0.5869929914293512E+04   0.9132753640669380E+04   0.5922726770811050E+04   0.3374995783942598E+04   0.4071022705568699E+04   0.1352487173606090E+05   0.1541575848530694E+06   0.1502950730839262E+05   0.4184347876362786E+04   0.2939535397746232E+04   0.3929687211245250E+04   0.4727426135473883E+04
  0.5689245884087229E+04   0.4207294961114666E+04   0.6014567251707700E+04   0.2239757662162046E+05   0.2304067202529935E+12   0.2133187325438160E+05   0.5611805532150366E+04   0.3799148836661313E+04   0.4895514471939056E+04   0.5725411487171212E+04   0.3960878906221940E+04   0.2498799335761277E+04   0.2083339293771216E+04   0.2610079833624451E+04   0.3220516237218424E+04   0.2618958229206306E+04   0.2040676494633012E+04   0.2413529886024984E+04   0.3861580804539422E+04   0.5294872557058093E+04   0.4227277977078445E+04   0.3251798341705650E+04   0.4806485509206683E+04   0.1803513322996885E+05   0.2832760161300000E+12   0.1768676099455257E+05   0.4657731771847524E+04   0.3144888896696946E+04   0.4122875174759233E+04   0.5248007780696795E+04   0.3880383149859499E+04   0.2364589254156564E+04   0.2068833978921262E+04   0.2990296109469282E+04   0.3860163140043790E+04   0.3041026291969318E+04   0.2113893940991000E+04   0.2406175087928288E+04   0.3992314384550849E+04   0.5409202508460507E+04   0.4158097815256658E+04   0.3053504448118570E+04   0.4368615623956928E+04   0.1605112197741779E+05   0.3075419876361954E+12   0.1599942531529293E+05   0.4323266942992210E+04   0.3063595193737198E+04   0.4308812209258487E+04   0.5677078508487665E+04   0.4162638718717353E+04   0.2515702007567423E+04   0.2314830317025250E+04   0.3506067596413613E+04   0.4547777697414034E+04   0.3554858524516381E+04   0.2373303414963623E+04   0.2574007136378511E+04   0.4280158146386934E+04   0.5938731617856409E+04   0.4509596857423679E+04   0.3091842845515964E+04   0.4177956297270231E+04   0.1486794267792543E+05   0.3042933575230952E+12   0.1487407502942693E+05   0.4148628294575763E+04   0.3110479682875293E+04   0.4660380249794144E+04   0.6140882022305635E+04
  0.4343213245441065E+04   0.3745585892130798E+04   0.5546016598558264E+04   0.1795794432176722E+05   0.1315235217963133E+06   0.2035003535106182E+05   0.5769022827911161E+04   0.4362536811228472E+04   0.6814820629968463E+04   0.8767061821120013E+04   0.5444147091266271E+04   0.3098948468594308E+04   0.2386757169360530E+04   0.2754851100624006E+04   0.3202345799788410E+04   0.2468197145675388E+04   0.1806420032357658E+04   0.1995518511421806E+04   0.3020222679099606E+04   0.3987529027622024E+04   0.3416213219111522E+04   0.2975258620393549E+04   0.4626770740329646E+04   0.1591746071863697E+05   0.1221099772358667E+06   0.1613350000356304E+05   0.4652426461286898E+04   0.3541988665834464E+04   0.5557961003454357E+04   0.7994237444673437E+04   0.5397614941019559E+04   0.2915383757698930E+04   0.2331069565752903E+04   0.3107037618163043E+04   0.3789127631680283E+04   0.2850787983624593E+04   0.1906470481015905E+04   0.2045102558411880E+04   0.3185000085625628E+04   0.4161867235672963E+04   0.3488703334736921E+04   0.2864348598539128E+04   0.4360224493220881E+04   0.1555026073202647E+05   0.1386325812749413E+06   0.1440872712585265E+05   0.4245041815443908E+04   0.3380055059308922E+04   0.5683017723851438E+04   0.8700444075431309E+04   0.5763664535400803E+04   0.3012138385494869E+04   0.2532060140423946E+04   0.3600633996863259E+04   0.4445286717763567E+04   0.3345978376348554E+04   0.2197732263458540E+04   0.2271363309373236E+04   0.3486294343931867E+04   0.4584766684932910E+04   0.3819833002789182E+04   0.2938459081992588E+04   0.4256511813581600E+04   0.1536614091562683E+05   0.1565462514931795E+06   0.1351829420743841E+05   0.4051723072747533E+04   0.3386515503461798E+04   0.6098862266202698E+04   0.9481741543135549E+04
  0.3549976568107054E+04   0.3382220576415009E+04   0.4892776788379113E+04   0.1239474562175314E+05   0.3767515875839135E+05   0.1526842639952017E+05   0.5557061028000035E+04   0.4997526445258103E+04   0.9998972556166165E+04   0.1555889711510212E+05   0.7878982660764256E+04   0.3779329558659387E+04   0.2671256439918594E+04   0.2874299446681086E+04   0.3203795323466558E+04   0.2411629096783318E+04   0.1691947117296788E+04   0.1748095132296578E+04   0.2583016536795238E+04   0.3416344119968885E+04   0.3037080656076673E+04   0.2771369176716460E+04   0.4214765446114547E+04   0.1169664615513141E+05   0.3206466077835816E+05   0.1192708486167711E+05   0.4438928726608829E+04   0.4019547541533109E+04   0.8029998513558644E+04   0.1427119079907043E+05   0.7944632983501728E+04   0.3545924519762016E+04   0.2551399829661224E+04   0.3117161086649251E+04   0.3633123406771360E+04   0.2723460349247890E+04   0.1798869508521357E+04   0.1848603019773520E+04   0.2840353818207293E+04   0.3744438352585928E+04   0.3266755544020656E+04   0.2744292814323373E+04   0.4098590969037854E+04   0.1221717451807433E+05   0.3495840687022779E+05   0.1109644307751764E+05   0.4071376721402507E+04   0.3760023078190596E+04   0.7951022318282147E+04   0.1572857600436315E+05   0.8487814463088012E+04   0.3593698097657888E+04   0.2700449293876657E+04   0.3556273648213057E+04   0.4200032711804684E+04   0.3172751006066955E+04   0.2098987211431940E+04   0.2124695185852609E+04   0.3204285538305608E+04   0.4193000093467573E+04   0.3628663747282633E+04   0.2857997824128504E+04   0.4084592946926944E+04   0.1266206785017570E+05   0.3924539359219152E+05   0.1102589611120760E+05   0.3931369527464231E+04   0.3700575203501022E+04   0.8320799466592325E+04   0.1730826725180884E+05
  0.3142943099451457E+04   0.3081621639967158E+04   0.4193266199926633E+04   0.8385251215390050E+04   0.1699544445936984E+05   0.1046626629546048E+05   0.5064757912763950E+04   0.5541091225807220E+04   0.1483058988402429E+05   0.3464667555265399E+05   0.1177333268278479E+05   0.4471898125563293E+04   0.2953265675066743E+04   0.3125867862007830E+04   0.3446163973626170E+04   0.2591152093731031E+04   0.1768415035164162E+04   0.1705255796045358E+04   0.2456453631634889E+04   0.3288790865104520E+04   0.2920858282718171E+04   0.2588200601319631E+04   0.3641309970651120E+04   0.7941907607199469E+04   0.1429099578309749E+05   0.8101772991165075E+04   0.4037828493962471E+04   0.4433824573269764E+04   0.1179064311772073E+05   0.3215218833525856E+05   0.1177444860031489E+05   0.4137472309576267E+04   0.2734745605495048E+04   0.3173160064458914E+04   0.3650491246162013E+04   0.2795105856714485E+04   0.1846359300280182E+04   0.1823875558416737E+04   0.2806547061605816E+04   0.3797042625949523E+04   0.3288612472667756E+04   0.2633875549381654E+04   0.3604826149461815E+04   0.8422230920878286E+04   0.1534425379396395E+05   0.7855240656802219E+04   0.3756226232202024E+04   0.4067056453987189E+04   0.1108396255329390E+05   0.3588194992507166E+05   0.1236568385838417E+05   0.4111151309464826E+04   0.2822459898576398E+04   0.3530134919846426E+04   0.4107037635925355E+04   0.3165860962112138E+04   0.2119036630962609E+04   0.2118125992263119E+04   0.3235047667161345E+04   0.4325045525462278E+04   0.3699318014212867E+04   0.2790770488510855E+04   0.3651366680151481E+04   0.8854513978914139E+04   0.1706561882432118E+05   0.8201728147622951E+04   0.3692116805954742E+04   0.3922073785249827E+04   0.1102397079498329E+05   0.3978747376138763E+05
  0.2993217242019557E+04   0.2813938739706994E+04   0.3525565215144979E+04   0.5895695853806184E+04   0.9611449256028416E+04   0.7244100028020380E+04   0.4481433050760112E+04   0.5823695858752056E+04   0.2007756027182981E+05   0.1250267632965491E+06   0.1697122861458020E+05   0.5069712669631738E+04   0.3264832469506230E+04   0.3661563680409917E+04   0.4128255397137027E+04   0.3076836159367364E+04   0.2054397859706428E+04   0.1864292199382706E+04   0.2585274252270895E+04   0.3404389665939980E+04   0.2915054616055158E+04   0.2384172280084979E+04   0.3031183815498863E+04   0.5456226934548730E+04   0.8050294777471304E+04   0.5616830080821214E+04   0.3582408517996150E+04   0.4684638761377377E+04   0.1592802312409662E+05   0.1242285577678986E+06   0.1590611434373479E+05   0.4536248702011729E+04   0.2918699702699016E+04   0.3456766722187497E+04   0.4114643215953153E+04   0.3176136774606014E+04   0.2073156569304703E+04   0.1963233150174007E+04   0.2985628689745255E+04   0.4033983330624519E+04   0.3357382926133258E+04   0.2480277937866828E+04   0.3037587569312163E+04   0.5748755355511988E+04   0.8520461518118376E+04   0.5586139061813001E+04   0.3381454132031926E+04   0.4257287879118473E+04   0.1421011922036376E+05   0.1420195546900137E+06   0.1573131493435844E+05   0.4383573234766610E+04   0.2941847540186424E+04   0.3739471054761063E+04   0.4514692290122322E+04   0.3473439213643097E+04   0.2287525265822565E+04   0.2237689126277439E+04   0.3441996135816508E+04   0.4621459895670749E+04   0.3798285962130421E+04   0.2677157591635380E+04   0.3131715513384571E+04   0.6055733230199183E+04   0.9365494660107332E+04   0.5979315399646714E+04   0.3374772043601406E+04   0.4047324426129336E+04   0.1329203466167448E+05   0.1575312754371052E+06
  0.2911184714291022E+04   0.2547217533982672E+04   0.2929708811006466E+04   0.4363892212673068E+04   0.6299580923845241E+04   0.5268451488097297E+04   0.3975640022695712E+04   0.5769173072245317E+04   0.2154840048267156E+05   0.2241636428340998E+12   0.2068931816829837E+05   0.5437184129743790E+04   0.3648494906874056E+04   0.4660345867248748E+04   0.5555666853128049E+04   0.3978155605769475E+04   0.2524583422274155E+04   0.2157397646821131E+04   0.2824400233758445E+04   0.3521038680739723E+04   0.2844746608478874E+04   0.2140007019702581E+04   0.2479624584874011E+04   0.3954585089804385E+04   0.5315949665230445E+04   0.4192704270813246E+04   0.3228176631532521E+04   0.4778502211533206E+04   0.1785037451872570E+05   0.2715156455007303E+12   0.1758636839054277E+05   0.4658258447569215E+04   0.3153327545822262E+04   0.4161458308234492E+04   0.5378330683055172E+04   0.4033937343206114E+04   0.2481549112830171E+04   0.2218851997130757E+04   0.3244677245874944E+04   0.4177068984985694E+04   0.3294618122271047E+04   0.2267965190031561E+04   0.2530320116235605E+04   0.4157273586059665E+04   0.5587570344695387E+04   0.4253225285360568E+04   0.3097976766406448E+04   0.4409197844310789E+04   0.1607652341653241E+05   0.2912055638359464E+12   0.1603742615663645E+05   0.4366888673395330E+04   0.3110186019222954E+04   0.4408139410796264E+04   0.5852133314442483E+04   0.4310381791071908E+04   0.2629703327378058E+04   0.2450487761173940E+04   0.3701320573015422E+04   0.4774091794258976E+04   0.3742947537542301E+04   0.2501398739305832E+04   0.2677466371760183E+04   0.4405644196642485E+04   0.6084387577159020E+04   0.4587042070150669E+04   0.3124647825325749E+04   0.4203572350683550E+04   0.1485284833115378E+05   0.2850937801321849E+12
  0.2776864052004327E+04   0.2283860797613712E+04   0.2457774672695029E+04   0.3416572770477204E+04   0.4624520986461429E+04   0.4095820712259587E+04   0.3585592506085790E+04   0.5411490328546957E+04   0.1780542997824531E+05   0.1261652088182928E+06   0.1931748678967774E+05   0.5506243737616072E+04   0.4145804773230218E+04   0.6414036266823077E+04   0.8465251762653086E+04   0.5508969374097911E+04   0.3138182527297284E+04   0.2461268857794226E+04   0.2960710097341379E+04   0.3469537887578628E+04   0.2656600235297517E+04   0.1893634463306335E+04   0.2057449073793319E+04   0.3102873236170534E+04   0.4049182061423839E+04   0.3457319583999183E+04   0.3003891275097660E+04   0.4689383464515388E+04   0.1636705941243160E+05   0.1259050156792632E+06   0.1571925309613330E+05   0.4580336628164375E+04   0.3502629902008943E+04   0.5538581596967407E+04   0.8187619123758041E+04   0.5631648716996698E+04   0.3046681435291955E+04   0.2483104124618978E+04   0.3360143230104766E+04   0.4082995216812880E+04   0.3072844775546779E+04   0.2049187518236477E+04   0.2163656821077307E+04   0.3325335102674928E+04   0.4320028659209212E+04   0.3615135131585774E+04   0.2948059255998795E+04   0.4470613073579777E+04   0.1609435537372183E+05   0.1442473337320590E+06   0.1419976697785299E+05   0.4231140862547686E+04   0.3389824061659481E+04   0.5760927585159512E+04   0.8976475655516853E+04   0.5981067585628222E+04   0.3136673572718467E+04   0.2669877203707463E+04   0.3798037941511370E+04   0.4657329519582358E+04   0.3510503051121180E+04   0.2316479072519162E+04   0.2370212669088818E+04   0.3591185502831329E+04   0.4705443025237036E+04   0.3916701023621644E+04   0.3002045743085073E+04   0.4333227463557642E+04   0.1573886328770707E+05   0.1601124092108514E+06
  0.2744432060063307E+04   0.2147041207143963E+04   0.2173286335042267E+04   0.2878149275311750E+04   0.3769996390898096E+04   0.3444217741152441E+04   0.3281797214770793E+04   0.4827599983886352E+04   0.1244411626272745E+05   0.3552720610688330E+05   0.1433089522878068E+05   0.5260870513043737E+04   0.4727250242542742E+04   0.9380950029620641E+04   0.1500376765963132E+05   0.8052992863060408E+04   0.3831389152212409E+04   0.2726029582300662E+04   0.3022996426718700E+04   0.3388861027498757E+04   0.2547594688250917E+04   0.1764455557215854E+04   0.1814807289452154E+04   0.2689804207345904E+04   0.3545895468177157E+04   0.3155563417929574E+04   0.2844296373948345E+04   0.4328700303368921E+04   0.1224044475977118E+05   0.3271936662980472E+05   0.1162827040361105E+05   0.4341179024806858E+04   0.3940151427514053E+04   0.7917956496871137E+04   0.1465277066006032E+05   0.8336928118522010E+04   0.3691772305147324E+04   0.2689121308969396E+04   0.3334266585805340E+04   0.3871734904399397E+04   0.2905867646351337E+04   0.1928871110732951E+04   0.1969766738392308E+04   0.2990421423363696E+04   0.3927189627939049E+04   0.3435192297435659E+04   0.2861011301098819E+04   0.4246179701891190E+04   0.1280509872174650E+05   0.3633740545723600E+05   0.1100376214569672E+05   0.4037186965112835E+04   0.3738323119812944E+04   0.7978569191235044E+04   0.1627029499560549E+05   0.8839542414477864E+04   0.3728366305572573E+04   0.2827825180853797E+04   0.3732267810247179E+04   0.4378736625533251E+04   0.3310281626196897E+04   0.2207881039785339E+04   0.2224744681351578E+04   0.3312802039496894E+04   0.4322010759488083E+04   0.3751006791379333E+04   0.2946495513754072E+04   0.4188087688472915E+04   0.1306340820108012E+05   0.4021900367934844E+05
  0.2997639845266132E+04   0.2234770362263482E+04   0.2132870779435070E+04   0.2692464826273530E+04   0.3439555941007711E+04   0.3152625529307198E+04   0.3028015328217468E+04   0.4149006363584430E+04   0.8382194197437469E+04   0.1602271097990094E+05   0.9762441707308681E+04   0.4786142706161939E+04   0.5248909440946817E+04   0.1395158248677990E+05   0.3342488536367068E+05   0.1208424175996718E+05   0.4516755321279737E+04   0.2970561027838196E+04   0.3189401027211649E+04   0.3536819290981058E+04   0.2682291417669415E+04   0.1830436969884142E+04   0.1783715538506116E+04   0.2607455905865036E+04   0.3503403423046582E+04   0.3112668798607628E+04   0.2696462364011842E+04   0.3763044560721989E+04   0.8302202863975988E+04   0.1453314636565862E+05   0.7955878925885548E+04   0.3955923318600897E+04   0.4337219586631098E+04   0.1151240289557510E+05   0.3310971110529688E+05   0.1236583445712574E+05   0.4281663878301791E+04   0.2844383134562416E+04   0.3337798274314615E+04   0.3832695864219440E+04   0.2946756047305082E+04   0.1967733088238993E+04   0.1954069713818740E+04   0.2986098034059035E+04   0.4029590958424177E+04   0.3502265892637907E+04   0.2776775348846786E+04   0.3755620379911828E+04   0.8818767649488502E+04   0.1590586113840046E+05   0.7882627786733370E+04   0.3735754851252786E+04   0.4032210983392629E+04   0.1098700290703558E+05   0.3720836969845381E+05   0.1288773270773648E+05   0.4244048358184333E+04   0.2928940806839684E+04   0.3674427470165935E+04   0.4254516728604901E+04   0.3284241016176341E+04   0.2221705383321269E+04   0.2224464971789230E+04   0.3361392597145797E+04   0.4480886047385505E+04   0.3849057664202217E+04   0.2898369194933749E+04   0.3758294621762793E+04   0.9119807712633174E+04   0.1745969156771939E+05
  0.3595843969280212E+04   0.2567520446713480E+04   0.2331056157734518E+04   0.2820633294289747E+04   0.3468220698826564E+04   0.3082337737034848E+04   0.2787954545176779E+04   0.3478204515436363E+04   0.5836572442074483E+04   0.9083258312756290E+04   0.6759557032733726E+04   0.4252840295991305E+04   0.5564916054354701E+04   0.1906351198928358E+05   0.1221649083768805E+06   0.1718376725951237E+05   0.5061604249407641E+04   0.3232046604761962E+04   0.3625939974847598E+04   0.4134307010604822E+04   0.3142989750156034E+04   0.2113502364843836E+04   0.1959215197855131E+04   0.2789240752745476E+04   0.3696896943721404E+04   0.3158854258451990E+04   0.2512211829997356E+04   0.3140972111992111E+04   0.5664559955912105E+04   0.8168092857603733E+04   0.5564347701028288E+04   0.3539323142063374E+04   0.4614692388419056E+04   0.1551821153199811E+05   0.1285697215904002E+06   0.1645241001933418E+05   0.4640600938885013E+04   0.2991673129454061E+04   0.3568891251460922E+04   0.4264237697264060E+04   0.3317097630471913E+04   0.2192565817703091E+04   0.2106793402144648E+04   0.3204084832463910E+04   0.4317473425953138E+04   0.3603347978203701E+04   0.2637237693166963E+04   0.3176946421677073E+04   0.5993155958825119E+04   0.8807354388944157E+04   0.5663072827374451E+04   0.3392663734241342E+04   0.4244298632975610E+04   0.1399661907207973E+05   0.1471317489220174E+06   0.1622443417830143E+05   0.4486738385166762E+04   0.3021062544707208E+04   0.3854458462812105E+04   0.4651192212971068E+04   0.3587412805168099E+04   0.2389047291197609E+04   0.2354010073742689E+04   0.3594141096680882E+04   0.4806859814334624E+04   0.3966771807528136E+04   0.2794648601664097E+04   0.3232183917274848E+04   0.6216598545175145E+04   0.9562701989169986E+04
  0.4614873514055350E+04   0.3096832495015678E+04   0.2667120338815799E+04   0.3067913084431166E+04   0.3587306337919964E+04   0.3020036415961350E+04   0.2525514076995530E+04   0.2874647627254110E+04   0.4287195202711826E+04   0.5990003857557286E+04   0.4964952518916497E+04   0.3813321791686446E+04   0.5606409681731816E+04   0.2097346594006413E+05   0.2176059682463633E+12   0.2028151659205995E+05   0.5332118796631814E+04   0.3553280341514313E+04   0.4512480454793958E+04   0.5491692551415592E+04   0.4055193508657225E+04   0.2591256467027941E+04   0.2267455284176170E+04   0.3068667473542063E+04   0.3847596638835492E+04   0.3096580378494407E+04   0.2268611025482295E+04   0.2575861968310062E+04   0.4086512446121791E+04   0.5400636532680893E+04   0.4205650652136546E+04   0.3233465817352279E+04   0.4785847266324470E+04   0.1778792146326820E+05   0.2597166009069154E+12   0.1758356618720172E+05   0.4685693023784057E+04   0.3181656301554707E+04   0.4228152035085728E+04   0.5538373736294464E+04   0.4200268729251984E+04   0.2607953828526966E+04   0.2374976654637710E+04   0.3495309604927070E+04   0.4483278744245537E+04   0.3542175061254371E+04   0.2424078573130428E+04   0.2657539942266562E+04   0.4322888377057195E+04   0.5770926404351970E+04   0.4353258839415746E+04   0.3146584536923999E+04   0.4456103476500687E+04   0.1613136369106044E+05   0.2752101333760909E+12   0.1609170565348475E+05   0.4412312817632742E+04   0.3156127538706292E+04   0.4502226157752677E+04   0.6014978645914724E+04   0.4445761499818295E+04   0.2736075058778662E+04   0.2576334081214705E+04   0.3876452847694682E+04   0.4972994723151419E+04   0.3909955986925943E+04   0.2617807413589736E+04   0.2770414720984703E+04   0.4513501018352392E+04   0.6206871598629125E+04
  0.6252014336592683E+04   0.3768463316733651E+04   0.2999157672755706E+04   0.3214137203472247E+04   0.3555740916528321E+04   0.2844216019380948E+04   0.2248817662316234E+04   0.2399893110403332E+04   0.3356957047953027E+04   0.4463573997711371E+04   0.3941901064528730E+04   0.3492267807778151E+04   0.5358263883058099E+04   0.1794384347256495E+05   0.1240659858386192E+06   0.1849105596669261E+05   0.5311751539390230E+04   0.3987887735825921E+04   0.6129414182808656E+04   0.8336242944039230E+04   0.5653145816373551E+04   0.3220935770540827E+04   0.2572959014324919E+04   0.3198627675394125E+04   0.3764207722020156E+04   0.2870624065126745E+04   0.2008960318106759E+04   0.2147436851281963E+04   0.3216315990759406E+04   0.4153185502710311E+04   0.3534060599614424E+04   0.3058774328901539E+04   0.4783181092181850E+04   0.1692209701258098E+05   0.1307633762925934E+06   0.1539520138415836E+05   0.4536904020485110E+04   0.3485904088243818E+04   0.5559098786537746E+04   0.8431304579214026E+04   0.5881349938552464E+04   0.3187348681058230E+04   0.2641376685345915E+04   0.3610193534448093E+04   0.4367674076057056E+04   0.3290141339783141E+04   0.2194005160029582E+04   0.2284966903278662E+04   0.3465405215058353E+04   0.4478522348046634E+04   0.3742125625965476E+04   0.3033379785925561E+04   0.4581970534198472E+04   0.1663364315350012E+05   0.1496588492502501E+06   0.1401273463402476E+05   0.4222402072906440E+04   0.3401241616150015E+04   0.5835576830105411E+04   0.9234912833391583E+04   0.6180189826269850E+04   0.3252134224722144E+04   0.2797429955738609E+04   0.3975149549769899E+04   0.4843314432541144E+04   0.3656004615186526E+04   0.2424260763908088E+04   0.2459159731520261E+04   0.3681106834750225E+04   0.4806672126172612E+04
  0.8939340872734118E+04   0.4532337838918563E+04   0.3310714745207768E+04   0.3358747252270455E+04   0.3573276491442826E+04   0.2748680397372703E+04   0.2095548059858520E+04   0.2120994138289348E+04   0.2860437097118155E+04   0.3739224719256051E+04   0.3417880402465739E+04   0.3246227420536648E+04   0.4839128520659048E+04   0.1272812907058616E+05   0.3432457738377605E+05   0.1358404866384774E+05   0.5030863820410030E+04   0.4519311342391311E+04   0.8914239535044544E+04   0.1477700277408604E+05   0.8339625415459208E+04   0.3929977083363789E+04   0.2819125757008893E+04   0.3207930943805020E+04   0.3606367545377918E+04   0.2710914573478258E+04   0.1864626390737969E+04   0.1908077182542255E+04   0.2821989610742660E+04   0.3705018584404608E+04   0.3301297465940248E+04   0.2941363684906822E+04   0.4469568628244358E+04   0.1285798838447225E+05   0.3370929910879816E+05   0.1140698235123901E+05   0.4271516547208145E+04   0.3886106841330059E+04   0.7860750612984321E+04   0.1513135811635002E+05   0.8749496710407151E+04   0.3846966239132932E+04   0.2833802699044861E+04   0.3551367598508206E+04   0.4105710219167243E+04   0.3085982764468077E+04   0.2061308567426509E+04   0.2093044350579778E+04   0.3138007499453024E+04   0.4104936101594296E+04   0.3599626864199694E+04   0.2977189358332516E+04   0.4391090966967042E+04   0.1337311911812976E+05   0.3769327297325529E+05   0.1092257582313153E+05   0.4008575662063088E+04   0.3720418012657692E+04   0.8006226895178630E+04   0.1678020607010394E+05   0.9162387678506959E+04   0.3852403616488228E+04   0.2945380109037657E+04   0.3890108907077145E+04   0.4535191441709571E+04   0.3431377178483292E+04   0.2306538306497010E+04   0.2314761571968767E+04   0.3405929661168645E+04   0.4430395359179687E+04
  0.1338166693813813E+05   0.5346815416188015E+04   0.3649302561315449E+04   0.3734817741121189E+04   0.3930711959671874E+04   0.2944623392909408E+04   0.2172108573773460E+04   0.2093792005422642E+04   0.2732171984120468E+04   0.3533463216656491E+04   0.3233506914288757E+04   0.3037590705701670E+04   0.4175240306886910E+04   0.8540249668356893E+04   0.1545515905909579E+05   0.9222010987202722E+04   0.4571191720288150E+04   0.5021986780040493E+04   0.1325470098555224E+05   0.3297800930352947E+05   0.1255495049508954E+05   0.4611391564386902E+04   0.3027458146548195E+04   0.3295732344547127E+04   0.3668730642115012E+04   0.2804140954280062E+04   0.1920406252930214E+04   0.1887861951719719E+04   0.2779982680383191E+04   0.3739024311630634E+04   0.3325631939607175E+04   0.2827051887372741E+04   0.3908719718984482E+04   0.8711160135670632E+04   0.1491917897845393E+05   0.7872971543566887E+04   0.3900226475104949E+04   0.4268051401566473E+04   0.1130577686636367E+05   0.3429858335038033E+05   0.1298674114606174E+05   0.4436170623054874E+04   0.2962333220573802E+04   0.3507085466848274E+04   0.4016325395201623E+04   0.3098787769114728E+04   0.2091956746706214E+04   0.2085601395498961E+04   0.3160208170599068E+04   0.4251300712512103E+04   0.3707516243284292E+04   0.2917369268754567E+04   0.3902792409676039E+04   0.9199105826126235E+04   0.1645806399125409E+05   0.7914391851947967E+04   0.3719471622572465E+04   0.4002593437896496E+04   0.1089858128515219E+05   0.3846234883016923E+05   0.1336949443233070E+05   0.4366024405310646E+04   0.3026906058443445E+04   0.3803804020109429E+04   0.4383747889542785E+04   0.3388219374050194E+04   0.2314576118087002E+04   0.2320119673772289E+04   0.3470182396387042E+04   0.4612282392184620E+04
  0.1979112301341255E+05   0.6112670202840278E+04   0.4055769693081340E+04   0.4514145812081100E+04   0.4823591701567953E+04   0.3500404185076215E+04   0.2502317565694561E+04   0.2311094007997187E+04   0.2924983263361147E+04   0.3666069711403987E+04   0.3236864939122775E+04   0.2822971142411272E+04   0.3495244609478211E+04   0.5888139150276537E+04   0.8769473965102668E+04   0.6403341625759745E+04   0.4084745885996253E+04   0.5373165165638483E+04   0.1825101121953731E+05   0.1220548728175848E+06   0.1759059235933714E+05   0.5106363059878036E+04   0.3240707954506740E+04   0.3643703345304447E+04   0.4196550676188300E+04   0.3245077774451502E+04   0.2201414852940393E+04   0.2079536953764738E+04   0.3012021260234805E+04   0.4004643728796744E+04   0.3419358161433144E+04   0.2661035384044929E+04   0.3272769741280323E+04   0.5906924828199087E+04   0.8361518397331156E+04   0.5559752082102860E+04   0.3519900917523104E+04   0.4572412540396471E+04   0.1519512838983305E+05   0.1336807797742838E+06   0.1704514562866826E+05   0.4758189499367763E+04   0.3074884147660057E+04   0.3691518958232219E+04   0.4421948590188105E+04   0.3460582148320685E+04   0.2315064460533947E+04   0.2250878068262766E+04   0.3414016066814772E+04   0.4585101382299206E+04   0.3837620676394080E+04   0.2790822670940471E+04   0.3313176758319617E+04   0.6227414810690248E+04   0.9088698075163831E+04   0.5740882931164518E+04   0.3405948927207688E+04   0.4235784650554854E+04   0.1380321956432747E+05   0.1519206363278807E+06   0.1668333207193680E+05   0.4581541305787866E+04   0.3093621388298942E+04   0.3957470924883340E+04   0.4771321745905306E+04   0.3687372740450387E+04   0.2480662164383476E+04   0.2458622622998899E+04   0.3725788946208320E+04   0.4963777051299452E+04
  0.2498264853845452E+05   0.6636860801849939E+04   0.4557219057351903E+04   0.5892557738390804E+04   0.6573483554853254E+04   0.4502753359276008E+04   0.3039759527324127E+04   0.2665031465757162E+04   0.3218461571261689E+04   0.3829801234768616E+04   0.3190026289374252E+04   0.2562160975436613E+04   0.2878826984471137E+04   0.4292251758151745E+04   0.5812069110456177E+04   0.4759244306738764E+04   0.3708021104919577E+04   0.5510346381477731E+04   0.2061847891396911E+05   0.2107729363782274E+12   0.2005863586536478E+05   0.5282005660735194E+04   0.3502461696921564E+04   0.4434988930131031E+04   0.5510643711474519E+04   0.4176323031631321E+04   0.2687971987181425E+04   0.2403114300593060E+04   0.3330820663128978E+04   0.4186904554975908E+04   0.3362855972392321E+04   0.2416845427885048E+04   0.2692654103542875E+04   0.4244170610675378E+04   0.5530719027666411E+04   0.4253387463649150E+04   0.3259500028885840E+04   0.4817859702942947E+04   0.1781125552981261E+05   0.2479285658830439E+12   0.1764548211407521E+05   0.4730544800185702E+04   0.3222882858892981E+04   0.4312627901946473E+04   0.5714430775251074E+04   0.4370023362823476E+04   0.2737198241380777E+04   0.2530915482824109E+04   0.3735233539254672E+04   0.4771389378701234E+04   0.3777138272156391E+04   0.2576601815995427E+04   0.2782293920493851E+04   0.4481870470882221E+04   0.5949431802448400E+04   0.4451370603923528E+04   0.3194772266451049E+04   0.4503197160763108E+04   0.1619420451086528E+05   0.2595973098603426E+12   0.1614349140441330E+05   0.4454303667550765E+04   0.3197783008892524E+04   0.4586123769495399E+04   0.6159199444591672E+04   0.4564381175225674E+04   0.2831572374421389E+04   0.2689332213264567E+04   0.4028465821455119E+04   0.5141578292859514E+04
