     1      -0.00902369       0.00902369       3.99390524
     2      -0.00569036       0.00569036       3.99223858
     3      -0.00235702       0.00235702       3.99057191
     4       0.00097631      -0.00097631       3.98890524
     5       0.00430964      -0.00430964       3.98723858
     6      -0.00784518       0.00784518       3.99861929
     7      -0.00451184       0.00451184       3.99695262
     8      -0.00117851       0.00117851       3.99528595
     9       0.00215482      -0.00215482       3.99361929
    10       0.00548816      -0.00548816       3.99195262
    11      -0.00666667       0.00666667       4.00333333
    12      -0.00333333       0.00333333       4.00166667
    13       0.00000000       0.00000000       4.00000000
    14       0.00333333      -0.00333333       3.99833333
    15       0.00666667      -0.00666667       3.99666667
    16      -0.00548816       0.00548816       4.00804738
    17      -0.00215482       0.00215482       4.00638071
    18       0.00117851      -0.00117851       4.00471405
    19       0.00451184      -0.00451184       4.00304738
    20       0.00784518      -0.00784518       4.00138071
    21      -0.00430964       0.00430964       4.01276142
    22      -0.00097631       0.00097631       4.01109476
    23       0.00235702      -0.00235702       4.00942809
    24       0.00569036      -0.00569036       4.00776142
    25       0.00902369      -0.00902369       4.00609476
    26      -0.00402369       0.00902369       3.99390524
    27      -0.00069036       0.00569036       3.99223858
    28       0.00264298       0.00235702       3.99057191
    29       0.00597631      -0.00097631       3.98890524
    30       0.00930964      -0.00430964       3.98723858
    31      -0.00284518       0.00784518       3.99861929
    32       0.00048816       0.00451184       3.99695262
    33       0.00382149       0.00117851       3.99528595
    34       0.00715482      -0.00215482       3.99361929
    35       0.01048816      -0.00548816       3.99195262
    36      -0.00166667       0.00666667       4.00333333
    37       0.00166667       0.00333333       4.00166667
    38       0.00500000       0.00000000       4.00000000
    39       0.00833333      -0.00333333       3.99833333
    40       0.01166667      -0.00666667       3.99666667
    41      -0.00048816       0.00548816       4.00804738
    42       0.00284518       0.00215482       4.00638071
    43       0.00617851      -0.00117851       4.00471405
    44       0.00951184      -0.00451184       4.00304738
    45       0.01284518      -0.00784518       4.00138071
    46       0.00069036       0.00430964       4.01276142
    47       0.00402369       0.00097631       4.01109476
    48       0.00735702      -0.00235702       4.00942809
    49       0.01069036      -0.00569036       4.00776142
    50       0.01402369      -0.00902369       4.00609476
    51       0.00097631       0.00902369       3.99390524
    52       0.00430964       0.00569036       3.99223858
    53       0.00764298       0.00235702       3.99057191
    54       0.01097631      -0.00097631       3.98890524
    55       0.01430964      -0.00430964       3.98723858
    56       0.00215482       0.00784518       3.99861929
    57       0.00548816       0.00451184       3.99695262
    58       0.00882149       0.00117851       3.99528595
    59       0.01215482      -0.00215482       3.99361929
    60       0.01548816      -0.00548816       3.99195262
    61       0.00333333       0.00666667       4.00333333
    62       0.00666667       0.00333333       4.00166667
    63       0.01000000       0.00000000       4.00000000
    64       0.01333333      -0.00333333       3.99833333
    65       0.01666667      -0.00666667       3.99666667
    66       0.00451184       0.00548816       4.00804738
    67       0.00784518       0.00215482       4.00638071
    68       0.01117851      -0.00117851       4.00471405
    69       0.01451184      -0.00451184       4.00304738
    70       0.01784518      -0.00784518       4.00138071
    71       0.00569036       0.00430964       4.01276142
    72       0.00902369       0.00097631       4.01109476
    73       0.01235702      -0.00235702       4.00942809
    74       0.01569036      -0.00569036       4.00776142
    75       0.01902369      -0.00902369       4.00609476
    76       0.00597631       0.00902369       3.99390524
    77       0.00930964       0.00569036       3.99223858
    78       0.01264298       0.00235702       3.99057191
    79       0.01597631      -0.00097631       3.98890524
    80       0.01930964      -0.00430964       3.98723858
    81       0.00715482       0.00784518       3.99861929
    82       0.01048816       0.00451184       3.99695262
    83       0.01382149       0.00117851       3.99528595
    84       0.01715482      -0.00215482       3.99361929
    85       0.02048816      -0.00548816       3.99195262
    86       0.00833333       0.00666667       4.00333333
    87       0.01166667       0.00333333       4.00166667
    88       0.01500000       0.00000000       4.00000000
    89       0.01833333      -0.00333333       3.99833333
    90       0.02166667      -0.00666667       3.99666667
    91       0.00951184       0.00548816       4.00804738
    92       0.01284518       0.00215482       4.00638071
    93       0.01617851      -0.00117851       4.00471405
    94       0.01951184      -0.00451184       4.00304738
    95       0.02284518      -0.00784518       4.00138071
    96       0.01069036       0.00430964       4.01276142
    97       0.01402369       0.00097631       4.01109476
    98       0.01735702      -0.00235702       4.00942809
    99       0.02069036      -0.00569036       4.00776142
   100       0.02402369      -0.00902369       4.00609476
   101       0.01097631       0.00902369       3.99390524
   102       0.01430964       0.00569036       3.99223858
   103       0.01764298       0.00235702       3.99057191
   104       0.02097631      -0.00097631       3.98890524
   105       0.02430964      -0.00430964       3.98723858
   106       0.01215482       0.00784518       3.99861929
   107       0.01548816       0.00451184       3.99695262
   108       0.01882149       0.00117851       3.99528595
   109       0.02215482      -0.00215482       3.99361929
   110       0.02548816      -0.00548816       3.99195262
   111       0.01333333       0.00666667       4.00333333
   112       0.01666667       0.00333333       4.00166667
   113       0.02000000       0.00000000       4.00000000
   114       0.02333333      -0.00333333       3.99833333
   115       0.02666667      -0.00666667       3.99666667
   116       0.01451184       0.00548816       4.00804738
   117       0.01784518       0.00215482       4.00638071
   118       0.02117851      -0.00117851       4.00471405
   119       0.02451184      -0.00451184       4.00304738
   120       0.02784518      -0.00784518       4.00138071
   121       0.01569036       0.00430964       4.01276142
   122       0.01902369       0.00097631       4.01109476
   123       0.02235702      -0.00235702       4.00942809
   124       0.02569036      -0.00569036       4.00776142
   125       0.02902369      -0.00902369       4.00609476
   126       0.01597631       0.00902369       3.99390524
   127       0.01930964       0.00569036       3.99223858
   128       0.02264298       0.00235702       3.99057191
   129       0.02597631      -0.00097631       3.98890524
   130       0.02930964      -0.00430964       3.98723858
   131       0.01715482       0.00784518       3.99861929
   132       0.02048816       0.00451184       3.99695262
   133       0.02382149       0.00117851       3.99528595
   134       0.02715482      -0.00215482       3.99361929
   135       0.03048816      -0.00548816       3.99195262
   136       0.01833333       0.00666667       4.00333333
   137       0.02166667       0.00333333       4.00166667
   138       0.02500000       0.00000000       4.00000000
   139       0.02833333      -0.00333333       3.99833333
   140       0.03166667      -0.00666667       3.99666667
   141       0.01951184       0.00548816       4.00804738
   142       0.02284518       0.00215482       4.00638071
   143       0.02617851      -0.00117851       4.00471405
   144       0.02951184      -0.00451184       4.00304738
   145       0.03284518      -0.00784518       4.00138071
   146       0.02069036       0.00430964       4.01276142
   147       0.02402369       0.00097631       4.01109476
   148       0.02735702      -0.00235702       4.00942809
   149       0.03069036      -0.00569036       4.00776142
   150       0.03402369      -0.00902369       4.00609476
   151       0.02097631       0.00902369       3.99390524
   152       0.02430964       0.00569036       3.99223858
   153       0.02764298       0.00235702       3.99057191
   154       0.03097631      -0.00097631       3.98890524
   155       0.03430964      -0.00430964       3.98723858
   156       0.02215482       0.00784518       3.99861929
   157       0.02548816       0.00451184       3.99695262
   158       0.02882149       0.00117851       3.99528595
   159       0.03215482      -0.00215482       3.99361929
   160       0.03548816      -0.00548816       3.99195262
   161       0.02333333       0.00666667       4.00333333
   162       0.02666667       0.00333333       4.00166667
   163       0.03000000       0.00000000       4.00000000
   164       0.03333333      -0.00333333       3.99833333
   165       0.03666667      -0.00666667       3.99666667
   166       0.02451184       0.00548816       4.00804738
   167       0.02784518       0.00215482       4.00638071
   168       0.03117851      -0.00117851       4.00471405
   169       0.03451184      -0.00451184       4.00304738
   170       0.03784518      -0.00784518       4.00138071
   171       0.02569036       0.00430964       4.01276142
   172       0.02902369       0.00097631       4.01109476
   173       0.03235702      -0.00235702       4.00942809
   174       0.03569036      -0.00569036       4.00776142
   175       0.03902369      -0.00902369       4.00609476
   176       0.02597631       0.00902369       3.99390524
   177       0.02930964       0.00569036       3.99223858
   178       0.03264298       0.00235702       3.99057191
   179       0.03597631      -0.00097631       3.98890524
   180       0.03930964      -0.00430964       3.98723858
   181       0.02715482       0.00784518       3.99861929
   182       0.03048816       0.00451184       3.99695262
   183       0.03382149       0.00117851       3.99528595
   184       0.03715482      -0.00215482       3.99361929
   185       0.04048816      -0.00548816       3.99195262
   186       0.02833333       0.00666667       4.00333333
   187       0.03166667       0.00333333       4.00166667
   188       0.03500000       0.00000000       4.00000000
   189       0.03833333      -0.00333333       3.99833333
   190       0.04166667      -0.00666667       3.99666667
   191       0.02951184       0.00548816       4.00804738
   192       0.03284518       0.00215482       4.00638071
   193       0.03617851      -0.00117851       4.00471405
   194       0.03951184      -0.00451184       4.00304738
   195       0.04284518      -0.00784518       4.00138071
   196       0.03069036       0.00430964       4.01276142
   197       0.03402369       0.00097631       4.01109476
   198       0.03735702      -0.00235702       4.00942809
   199       0.04069036      -0.00569036       4.00776142
   200       0.04402369      -0.00902369       4.00609476
   201       0.03097631       0.00902369       3.99390524
   202       0.03430964       0.00569036       3.99223858
   203       0.03764298       0.00235702       3.99057191
   204       0.04097631      -0.00097631       3.98890524
   205       0.04430964      -0.00430964       3.98723858
   206       0.03215482       0.00784518       3.99861929
   207       0.03548816       0.00451184       3.99695262
   208       0.03882149       0.00117851       3.99528595
   209       0.04215482      -0.00215482       3.99361929
   210       0.04548816      -0.00548816       3.99195262
   211       0.03333333       0.00666667       4.00333333
   212       0.03666667       0.00333333       4.00166667
   213       0.04000000       0.00000000       4.00000000
   214       0.04333333      -0.00333333       3.99833333
   215       0.04666667      -0.00666667       3.99666667
   216       0.03451184       0.00548816       4.00804738
   217       0.03784518       0.00215482       4.00638071
   218       0.04117851      -0.00117851       4.00471405
   219       0.04451184      -0.00451184       4.00304738
   220       0.04784518      -0.00784518       4.00138071
   221       0.03569036       0.00430964       4.01276142
   222       0.03902369       0.00097631       4.01109476
   223       0.04235702      -0.00235702       4.00942809
   224       0.04569036      -0.00569036       4.00776142
   225       0.04902369      -0.00902369       4.00609476
   226       0.03597631       0.00902369       3.99390524
   227       0.03930964       0.00569036       3.99223858
   228       0.04264298       0.00235702       3.99057191
   229       0.04597631      -0.00097631       3.98890524
   230       0.04930964      -0.00430964       3.98723858
   231       0.03715482       0.00784518       3.99861929
   232       0.04048816       0.00451184       3.99695262
   233       0.04382149       0.00117851       3.99528595
   234       0.04715482      -0.00215482       3.99361929
   235       0.05048816      -0.00548816       3.99195262
   236       0.03833333       0.00666667       4.00333333
   237       0.04166667       0.00333333       4.00166667
   238       0.04500000       0.00000000       4.00000000
   239       0.04833333      -0.00333333       3.99833333
   240       0.05166667      -0.00666667       3.99666667
   241       0.03951184       0.00548816       4.00804738
   242       0.04284518       0.00215482       4.00638071
   243       0.04617851      -0.00117851       4.00471405
   244       0.04951184      -0.00451184       4.00304738
   245       0.05284518      -0.00784518       4.00138071
   246       0.04069036       0.00430964       4.01276142
   247       0.04402369       0.00097631       4.01109476
   248       0.04735702      -0.00235702       4.00942809
   249       0.05069036      -0.00569036       4.00776142
   250       0.05402369      -0.00902369       4.00609476
   251       0.04097631       0.00902369       3.99390524
   252       0.04430964       0.00569036       3.99223858
   253       0.04764298       0.00235702       3.99057191
   254       0.05097631      -0.00097631       3.98890524
   255       0.05430964      -0.00430964       3.98723858
   256       0.04215482       0.00784518       3.99861929
   257       0.04548816       0.00451184       3.99695262
   258       0.04882149       0.00117851       3.99528595
   259       0.05215482      -0.00215482       3.99361929
   260       0.05548816      -0.00548816       3.99195262
   261       0.04333333       0.00666667       4.00333333
   262       0.04666667       0.00333333       4.00166667
   263       0.05000000       0.00000000       4.00000000
   264       0.05333333      -0.00333333       3.99833333
   265       0.05666667      -0.00666667       3.99666667
   266       0.04451184       0.00548816       4.00804738
   267       0.04784518       0.00215482       4.00638071
   268       0.05117851      -0.00117851       4.00471405
   269       0.05451184      -0.00451184       4.00304738
   270       0.05784518      -0.00784518       4.00138071
   271       0.04569036       0.00430964       4.01276142
   272       0.04902369       0.00097631       4.01109476
   273       0.05235702      -0.00235702       4.00942809
   274       0.05569036      -0.00569036       4.00776142
   275       0.05902369      -0.00902369       4.00609476
   276       0.04597631       0.00902369       3.99390524
   277       0.04930964       0.00569036       3.99223858
   278       0.05264298       0.00235702       3.99057191
   279       0.05597631      -0.00097631       3.98890524
   280       0.05930964      -0.00430964       3.98723858
   281       0.04715482       0.00784518       3.99861929
   282       0.05048816       0.00451184       3.99695262
   283       0.05382149       0.00117851       3.99528595
   284       0.05715482      -0.00215482       3.99361929
   285       0.06048816      -0.00548816       3.99195262
   286       0.04833333       0.00666667       4.00333333
   287       0.05166667       0.00333333       4.00166667
   288       0.05500000       0.00000000       4.00000000
   289       0.05833333      -0.00333333       3.99833333
   290       0.06166667      -0.00666667       3.99666667
   291       0.04951184       0.00548816       4.00804738
   292       0.05284518       0.00215482       4.00638071
   293       0.05617851      -0.00117851       4.00471405
   294       0.05951184      -0.00451184       4.00304738
   295       0.06284518      -0.00784518       4.00138071
   296       0.05069036       0.00430964       4.01276142
   297       0.05402369       0.00097631       4.01109476
   298       0.05735702      -0.00235702       4.00942809
   299       0.06069036      -0.00569036       4.00776142
   300       0.06402369      -0.00902369       4.00609476
   301       0.05097631       0.00902369       3.99390524
   302       0.05430964       0.00569036       3.99223858
   303       0.05764298       0.00235702       3.99057191
   304       0.06097631      -0.00097631       3.98890524
   305       0.06430964      -0.00430964       3.98723858
   306       0.05215482       0.00784518       3.99861929
   307       0.05548816       0.00451184       3.99695262
   308       0.05882149       0.00117851       3.99528595
   309       0.06215482      -0.00215482       3.99361929
   310       0.06548816      -0.00548816       3.99195262
   311       0.05333333       0.00666667       4.00333333
   312       0.05666667       0.00333333       4.00166667
   313       0.06000000       0.00000000       4.00000000
   314       0.06333333      -0.00333333       3.99833333
   315       0.06666667      -0.00666667       3.99666667
   316       0.05451184       0.00548816       4.00804738
   317       0.05784518       0.00215482       4.00638071
   318       0.06117851      -0.00117851       4.00471405
   319       0.06451184      -0.00451184       4.00304738
   320       0.06784518      -0.00784518       4.00138071
   321       0.05569036       0.00430964       4.01276142
   322       0.05902369       0.00097631       4.01109476
   323       0.06235702      -0.00235702       4.00942809
   324       0.06569036      -0.00569036       4.00776142
   325       0.06902369      -0.00902369       4.00609476
   326       0.05597631       0.00902369       3.99390524
   327       0.05930964       0.00569036       3.99223858
   328       0.06264298       0.00235702       3.99057191
   329       0.06597631      -0.00097631       3.98890524
   330       0.06930964      -0.00430964       3.98723858
   331       0.05715482       0.00784518       3.99861929
   332       0.06048816       0.00451184       3.99695262
   333       0.06382149       0.00117851       3.99528595
   334       0.06715482      -0.00215482       3.99361929
   335       0.07048816      -0.00548816       3.99195262
   336       0.05833333       0.00666667       4.00333333
   337       0.06166667       0.00333333       4.00166667
   338       0.06500000       0.00000000       4.00000000
   339       0.06833333      -0.00333333       3.99833333
   340       0.07166667      -0.00666667       3.99666667
   341       0.05951184       0.00548816       4.00804738
   342       0.06284518       0.00215482       4.00638071
   343       0.06617851      -0.00117851       4.00471405
   344       0.06951184      -0.00451184       4.00304738
   345       0.07284518      -0.00784518       4.00138071
   346       0.06069036       0.00430964       4.01276142
   347       0.06402369       0.00097631       4.01109476
   348       0.06735702      -0.00235702       4.00942809
   349       0.07069036      -0.00569036       4.00776142
   350       0.07402369      -0.00902369       4.00609476
   351       0.06097631       0.00902369       3.99390524
   352       0.06430964       0.00569036       3.99223858
   353       0.06764298       0.00235702       3.99057191
   354       0.07097631      -0.00097631       3.98890524
   355       0.07430964      -0.00430964       3.98723858
   356       0.06215482       0.00784518       3.99861929
   357       0.06548816       0.00451184       3.99695262
   358       0.06882149       0.00117851       3.99528595
   359       0.07215482      -0.00215482       3.99361929
   360       0.07548816      -0.00548816       3.99195262
   361       0.06333333       0.00666667       4.00333333
   362       0.06666667       0.00333333       4.00166667
   363       0.07000000       0.00000000       4.00000000
   364       0.07333333      -0.00333333       3.99833333
   365       0.07666667      -0.00666667       3.99666667
   366       0.06451184       0.00548816       4.00804738
   367       0.06784518       0.00215482       4.00638071
   368       0.07117851      -0.00117851       4.00471405
   369       0.07451184      -0.00451184       4.00304738
   370       0.07784518      -0.00784518       4.00138071
   371       0.06569036       0.00430964       4.01276142
   372       0.06902369       0.00097631       4.01109476
   373       0.07235702      -0.00235702       4.00942809
   374       0.07569036      -0.00569036       4.00776142
   375       0.07902369      -0.00902369       4.00609476
   376       0.06597631       0.00902369       3.99390524
   377       0.06930964       0.00569036       3.99223858
   378       0.07264298       0.00235702       3.99057191
   379       0.07597631      -0.00097631       3.98890524
   380       0.07930964      -0.00430964       3.98723858
   381       0.06715482       0.00784518       3.99861929
   382       0.07048816       0.00451184       3.99695262
   383       0.07382149       0.00117851       3.99528595
   384       0.07715482      -0.00215482       3.99361929
   385       0.08048816      -0.00548816       3.99195262
   386       0.06833333       0.00666667       4.00333333
   387       0.07166667       0.00333333       4.00166667
   388       0.07500000       0.00000000       4.00000000
   389       0.07833333      -0.00333333       3.99833333
   390       0.08166667      -0.00666667       3.99666667
   391       0.06951184       0.00548816       4.00804738
   392       0.07284518       0.00215482       4.00638071
   393       0.07617851      -0.00117851       4.00471405
   394       0.07951184      -0.00451184       4.00304738
   395       0.08284518      -0.00784518       4.00138071
   396       0.07069036       0.00430964       4.01276142
   397       0.07402369       0.00097631       4.01109476
   398       0.07735702      -0.00235702       4.00942809
   399       0.08069036      -0.00569036       4.00776142
   400       0.08402369      -0.00902369       4.00609476
   401       0.07097631       0.00902369       3.99390524
   402       0.07430964       0.00569036       3.99223858
   403       0.07764298       0.00235702       3.99057191
   404       0.08097631      -0.00097631       3.98890524
   405       0.08430964      -0.00430964       3.98723858
   406       0.07215482       0.00784518       3.99861929
   407       0.07548816       0.00451184       3.99695262
   408       0.07882149       0.00117851       3.99528595
   409       0.08215482      -0.00215482       3.99361929
   410       0.08548816      -0.00548816       3.99195262
   411       0.07333333       0.00666667       4.00333333
   412       0.07666667       0.00333333       4.00166667
   413       0.08000000       0.00000000       4.00000000
   414       0.08333333      -0.00333333       3.99833333
   415       0.08666667      -0.00666667       3.99666667
   416       0.07451184       0.00548816       4.00804738
   417       0.07784518       0.00215482       4.00638071
   418       0.08117851      -0.00117851       4.00471405
   419       0.08451184      -0.00451184       4.00304738
   420       0.08784518      -0.00784518       4.00138071
   421       0.07569036       0.00430964       4.01276142
   422       0.07902369       0.00097631       4.01109476
   423       0.08235702      -0.00235702       4.00942809
   424       0.08569036      -0.00569036       4.00776142
   425       0.08902369      -0.00902369       4.00609476
   426       0.07597631       0.00902369       3.99390524
   427       0.07930964       0.00569036       3.99223858
   428       0.08264298       0.00235702       3.99057191
   429       0.08597631      -0.00097631       3.98890524
   430       0.08930964      -0.00430964       3.98723858
   431       0.07715482       0.00784518       3.99861929
   432       0.08048816       0.00451184       3.99695262
   433       0.08382149       0.00117851       3.99528595
   434       0.08715482      -0.00215482       3.99361929
   435       0.09048816      -0.00548816       3.99195262
   436       0.07833333       0.00666667       4.00333333
   437       0.08166667       0.00333333       4.00166667
   438       0.08500000       0.00000000       4.00000000
   439       0.08833333      -0.00333333       3.99833333
   440       0.09166667      -0.00666667       3.99666667
   441       0.07951184       0.00548816       4.00804738
   442       0.08284518       0.00215482       4.00638071
   443       0.08617851      -0.00117851       4.00471405
   444       0.08951184      -0.00451184       4.00304738
   445       0.09284518      -0.00784518       4.00138071
   446       0.08069036       0.00430964       4.01276142
   447       0.08402369       0.00097631       4.01109476
   448       0.08735702      -0.00235702       4.00942809
   449       0.09069036      -0.00569036       4.00776142
   450       0.09402369      -0.00902369       4.00609476
   451       0.08097631       0.00902369       3.99390524
   452       0.08430964       0.00569036       3.99223858
   453       0.08764298       0.00235702       3.99057191
   454       0.09097631      -0.00097631       3.98890524
   455       0.09430964      -0.00430964       3.98723858
   456       0.08215482       0.00784518       3.99861929
   457       0.08548816       0.00451184       3.99695262
   458       0.08882149       0.00117851       3.99528595
   459       0.09215482      -0.00215482       3.99361929
   460       0.09548816      -0.00548816       3.99195262
   461       0.08333333       0.00666667       4.00333333
   462       0.08666667       0.00333333       4.00166667
   463       0.09000000       0.00000000       4.00000000
   464       0.09333333      -0.00333333       3.99833333
   465       0.09666667      -0.00666667       3.99666667
   466       0.08451184       0.00548816       4.00804738
   467       0.08784518       0.00215482       4.00638071
   468       0.09117851      -0.00117851       4.00471405
   469       0.09451184      -0.00451184       4.00304738
   470       0.09784518      -0.00784518       4.00138071
   471       0.08569036       0.00430964       4.01276142
   472       0.08902369       0.00097631       4.01109476
   473       0.09235702      -0.00235702       4.00942809
   474       0.09569036      -0.00569036       4.00776142
   475       0.09902369      -0.00902369       4.00609476
   476       0.08597631       0.00902369       3.99390524
   477       0.08930964       0.00569036       3.99223858
   478       0.09264298       0.00235702       3.99057191
   479       0.09597631      -0.00097631       3.98890524
   480       0.09930964      -0.00430964       3.98723858
   481       0.08715482       0.00784518       3.99861929
   482       0.09048816       0.00451184       3.99695262
   483       0.09382149       0.00117851       3.99528595
   484       0.09715482      -0.00215482       3.99361929
   485       0.10048816      -0.00548816       3.99195262
   486       0.08833333       0.00666667       4.00333333
   487       0.09166667       0.00333333       4.00166667
   488       0.09500000       0.00000000       4.00000000
   489       0.09833333      -0.00333333       3.99833333
   490       0.10166667      -0.00666667       3.99666667
   491       0.08951184       0.00548816       4.00804738
   492       0.09284518       0.00215482       4.00638071
   493       0.09617851      -0.00117851       4.00471405
   494       0.09951184      -0.00451184       4.00304738
   495       0.10284518      -0.00784518       4.00138071
   496       0.09069036       0.00430964       4.01276142
   497       0.09402369       0.00097631       4.01109476
   498       0.09735702      -0.00235702       4.00942809
   499       0.10069036      -0.00569036       4.00776142
   500       0.10402369      -0.00902369       4.00609476
   501       0.09097631       0.00902369       3.99390524
   502       0.09430964       0.00569036       3.99223858
   503       0.09764298       0.00235702       3.99057191
   504       0.10097631      -0.00097631       3.98890524
   505       0.10430964      -0.00430964       3.98723858
   506       0.09215482       0.00784518       3.99861929
   507       0.09548816       0.00451184       3.99695262
   508       0.09882149       0.00117851       3.99528595
   509       0.10215482      -0.00215482       3.99361929
   510       0.10548816      -0.00548816       3.99195262
   511       0.09333333       0.00666667       4.00333333
   512       0.09666667       0.00333333       4.00166667
   513       0.10000000       0.00000000       4.00000000
   514       0.10333333      -0.00333333       3.99833333
   515       0.10666667      -0.00666667       3.99666667
   516       0.09451184       0.00548816       4.00804738
   517       0.09784518       0.00215482       4.00638071
   518       0.10117851      -0.00117851       4.00471405
   519       0.10451184      -0.00451184       4.00304738
   520       0.10784518      -0.00784518       4.00138071
   521       0.09569036       0.00430964       4.01276142
   522       0.09902369       0.00097631       4.01109476
   523       0.10235702      -0.00235702       4.00942809
   524       0.10569036      -0.00569036       4.00776142
   525       0.10902369      -0.00902369       4.00609476
   526       0.09597631       0.00902369       3.99390524
   527       0.09930964       0.00569036       3.99223858
   528       0.10264298       0.00235702       3.99057191
   529       0.10597631      -0.00097631       3.98890524
   530       0.10930964      -0.00430964       3.98723858
   531       0.09715482       0.00784518       3.99861929
   532       0.10048816       0.00451184       3.99695262
   533       0.10382149       0.00117851       3.99528595
   534       0.10715482      -0.00215482       3.99361929
   535       0.11048816      -0.00548816       3.99195262
   536       0.09833333       0.00666667       4.00333333
   537       0.10166667       0.00333333       4.00166667
   538       0.10500000       0.00000000       4.00000000
   539       0.10833333      -0.00333333       3.99833333
   540       0.11166667      -0.00666667       3.99666667
   541       0.09951184       0.00548816       4.00804738
   542       0.10284518       0.00215482       4.00638071
   543       0.10617851      -0.00117851       4.00471405
   544       0.10951184      -0.00451184       4.00304738
   545       0.11284518      -0.00784518       4.00138071
   546       0.10069036       0.00430964       4.01276142
   547       0.10402369       0.00097631       4.01109476
   548       0.10735702      -0.00235702       4.00942809
   549       0.11069036      -0.00569036       4.00776142
   550       0.11402369      -0.00902369       4.00609476
   551       0.10097631       0.00902369       3.99390524
   552       0.10430964       0.00569036       3.99223858
   553       0.10764298       0.00235702       3.99057191
   554       0.11097631      -0.00097631       3.98890524
   555       0.11430964      -0.00430964       3.98723858
   556       0.10215482       0.00784518       3.99861929
   557       0.10548816       0.00451184       3.99695262
   558       0.10882149       0.00117851       3.99528595
   559       0.11215482      -0.00215482       3.99361929
   560       0.11548816      -0.00548816       3.99195262
   561       0.10333333       0.00666667       4.00333333
   562       0.10666667       0.00333333       4.00166667
   563       0.11000000       0.00000000       4.00000000
   564       0.11333333      -0.00333333       3.99833333
   565       0.11666667      -0.00666667       3.99666667
   566       0.10451184       0.00548816       4.00804738
   567       0.10784518       0.00215482       4.00638071
   568       0.11117851      -0.00117851       4.00471405
   569       0.11451184      -0.00451184       4.00304738
   570       0.11784518      -0.00784518       4.00138071
   571       0.10569036       0.00430964       4.01276142
   572       0.10902369       0.00097631       4.01109476
   573       0.11235702      -0.00235702       4.00942809
   574       0.11569036      -0.00569036       4.00776142
   575       0.11902369      -0.00902369       4.00609476
   576       0.10597631       0.00902369       3.99390524
   577       0.10930964       0.00569036       3.99223858
   578       0.11264298       0.00235702       3.99057191
   579       0.11597631      -0.00097631       3.98890524
   580       0.11930964      -0.00430964       3.98723858
   581       0.10715482       0.00784518       3.99861929
   582       0.11048816       0.00451184       3.99695262
   583       0.11382149       0.00117851       3.99528595
   584       0.11715482      -0.00215482       3.99361929
   585       0.12048816      -0.00548816       3.99195262
   586       0.10833333       0.00666667       4.00333333
   587       0.11166667       0.00333333       4.00166667
   588       0.11500000       0.00000000       4.00000000
   589       0.11833333      -0.00333333       3.99833333
   590       0.12166667      -0.00666667       3.99666667
   591       0.10951184       0.00548816       4.00804738
   592       0.11284518       0.00215482       4.00638071
   593       0.11617851      -0.00117851       4.00471405
   594       0.11951184      -0.00451184       4.00304738
   595       0.12284518      -0.00784518       4.00138071
   596       0.11069036       0.00430964       4.01276142
   597       0.11402369       0.00097631       4.01109476
   598       0.11735702      -0.00235702       4.00942809
   599       0.12069036      -0.00569036       4.00776142
   600       0.12402369      -0.00902369       4.00609476
   601       0.11097631       0.00902369       3.99390524
   602       0.11430964       0.00569036       3.99223858
   603       0.11764298       0.00235702       3.99057191
   604       0.12097631      -0.00097631       3.98890524
   605       0.12430964      -0.00430964       3.98723858
   606       0.11215482       0.00784518       3.99861929
   607       0.11548816       0.00451184       3.99695262
   608       0.11882149       0.00117851       3.99528595
   609       0.12215482      -0.00215482       3.99361929
   610       0.12548816      -0.00548816       3.99195262
   611       0.11333333       0.00666667       4.00333333
   612       0.11666667       0.00333333       4.00166667
   613       0.12000000       0.00000000       4.00000000
   614       0.12333333      -0.00333333       3.99833333
   615       0.12666667      -0.00666667       3.99666667
   616       0.11451184       0.00548816       4.00804738
   617       0.11784518       0.00215482       4.00638071
   618       0.12117851      -0.00117851       4.00471405
   619       0.12451184      -0.00451184       4.00304738
   620       0.12784518      -0.00784518       4.00138071
   621       0.11569036       0.00430964       4.01276142
   622       0.11902369       0.00097631       4.01109476
   623       0.12235702      -0.00235702       4.00942809
   624       0.12569036      -0.00569036       4.00776142
   625       0.12902369      -0.00902369       4.00609476
   626       0.11597631       0.00902369       3.99390524
   627       0.11930964       0.00569036       3.99223858
   628       0.12264298       0.00235702       3.99057191
   629       0.12597631      -0.00097631       3.98890524
   630       0.12930964      -0.00430964       3.98723858
   631       0.11715482       0.00784518       3.99861929
   632       0.12048816       0.00451184       3.99695262
   633       0.12382149       0.00117851       3.99528595
   634       0.12715482      -0.00215482       3.99361929
   635       0.13048816      -0.00548816       3.99195262
   636       0.11833333       0.00666667       4.00333333
   637       0.12166667       0.00333333       4.00166667
   638       0.12500000       0.00000000       4.00000000
   639       0.12833333      -0.00333333       3.99833333
   640       0.13166667      -0.00666667       3.99666667
   641       0.11951184       0.00548816       4.00804738
   642       0.12284518       0.00215482       4.00638071
   643       0.12617851      -0.00117851       4.00471405
   644       0.12951184      -0.00451184       4.00304738
   645       0.13284518      -0.00784518       4.00138071
   646       0.12069036       0.00430964       4.01276142
   647       0.12402369       0.00097631       4.01109476
   648       0.12735702      -0.00235702       4.00942809
   649       0.13069036      -0.00569036       4.00776142
   650       0.13402369      -0.00902369       4.00609476
   651       0.12097631       0.00902369       3.99390524
   652       0.12430964       0.00569036       3.99223858
   653       0.12764298       0.00235702       3.99057191
   654       0.13097631      -0.00097631       3.98890524
   655       0.13430964      -0.00430964       3.98723858
   656       0.12215482       0.00784518       3.99861929
   657       0.12548816       0.00451184       3.99695262
   658       0.12882149       0.00117851       3.99528595
   659       0.13215482      -0.00215482       3.99361929
   660       0.13548816      -0.00548816       3.99195262
   661       0.12333333       0.00666667       4.00333333
   662       0.12666667       0.00333333       4.00166667
   663       0.13000000       0.00000000       4.00000000
   664       0.13333333      -0.00333333       3.99833333
   665       0.13666667      -0.00666667       3.99666667
   666       0.12451184       0.00548816       4.00804738
   667       0.12784518       0.00215482       4.00638071
   668       0.13117851      -0.00117851       4.00471405
   669       0.13451184      -0.00451184       4.00304738
   670       0.13784518      -0.00784518       4.00138071
   671       0.12569036       0.00430964       4.01276142
   672       0.12902369       0.00097631       4.01109476
   673       0.13235702      -0.00235702       4.00942809
   674       0.13569036      -0.00569036       4.00776142
   675       0.13902369      -0.00902369       4.00609476
   676       0.12597631       0.00902369       3.99390524
   677       0.12930964       0.00569036       3.99223858
   678       0.13264298       0.00235702       3.99057191
   679       0.13597631      -0.00097631       3.98890524
   680       0.13930964      -0.00430964       3.98723858
   681       0.12715482       0.00784518       3.99861929
   682       0.13048816       0.00451184       3.99695262
   683       0.13382149       0.00117851       3.99528595
   684       0.13715482      -0.00215482       3.99361929
   685       0.14048816      -0.00548816       3.99195262
   686       0.12833333       0.00666667       4.00333333
   687       0.13166667       0.00333333       4.00166667
   688       0.13500000       0.00000000       4.00000000
   689       0.13833333      -0.00333333       3.99833333
   690       0.14166667      -0.00666667       3.99666667
   691       0.12951184       0.00548816       4.00804738
   692       0.13284518       0.00215482       4.00638071
   693       0.13617851      -0.00117851       4.00471405
   694       0.13951184      -0.00451184       4.00304738
   695       0.14284518      -0.00784518       4.00138071
   696       0.13069036       0.00430964       4.01276142
   697       0.13402369       0.00097631       4.01109476
   698       0.13735702      -0.00235702       4.00942809
   699       0.14069036      -0.00569036       4.00776142
   700       0.14402369      -0.00902369       4.00609476
   701       0.13097631       0.00902369       3.99390524
   702       0.13430964       0.00569036       3.99223858
   703       0.13764298       0.00235702       3.99057191
   704       0.14097631      -0.00097631       3.98890524
   705       0.14430964      -0.00430964       3.98723858
   706       0.13215482       0.00784518       3.99861929
   707       0.13548816       0.00451184       3.99695262
   708       0.13882149       0.00117851       3.99528595
   709       0.14215482      -0.00215482       3.99361929
   710       0.14548816      -0.00548816       3.99195262
   711       0.13333333       0.00666667       4.00333333
   712       0.13666667       0.00333333       4.00166667
   713       0.14000000       0.00000000       4.00000000
   714       0.14333333      -0.00333333       3.99833333
   715       0.14666667      -0.00666667       3.99666667
   716       0.13451184       0.00548816       4.00804738
   717       0.13784518       0.00215482       4.00638071
   718       0.14117851      -0.00117851       4.00471405
   719       0.14451184      -0.00451184       4.00304738
   720       0.14784518      -0.00784518       4.00138071
   721       0.13569036       0.00430964       4.01276142
   722       0.13902369       0.00097631       4.01109476
   723       0.14235702      -0.00235702       4.00942809
   724       0.14569036      -0.00569036       4.00776142
   725       0.14902369      -0.00902369       4.00609476
   726       0.13597631       0.00902369       3.99390524
   727       0.13930964       0.00569036       3.99223858
   728       0.14264298       0.00235702       3.99057191
   729       0.14597631      -0.00097631       3.98890524
   730       0.14930964      -0.00430964       3.98723858
   731       0.13715482       0.00784518       3.99861929
   732       0.14048816       0.00451184       3.99695262
   733       0.14382149       0.00117851       3.99528595
   734       0.14715482      -0.00215482       3.99361929
   735       0.15048816      -0.00548816       3.99195262
   736       0.13833333       0.00666667       4.00333333
   737       0.14166667       0.00333333       4.00166667
   738       0.14500000       0.00000000       4.00000000
   739       0.14833333      -0.00333333       3.99833333
   740       0.15166667      -0.00666667       3.99666667
   741       0.13951184       0.00548816       4.00804738
   742       0.14284518       0.00215482       4.00638071
   743       0.14617851      -0.00117851       4.00471405
   744       0.14951184      -0.00451184       4.00304738
   745       0.15284518      -0.00784518       4.00138071
   746       0.14069036       0.00430964       4.01276142
   747       0.14402369       0.00097631       4.01109476
   748       0.14735702      -0.00235702       4.00942809
   749       0.15069036      -0.00569036       4.00776142
   750       0.15402369      -0.00902369       4.00609476
   751       0.14097631       0.00902369       3.99390524
   752       0.14430964       0.00569036       3.99223858
   753       0.14764298       0.00235702       3.99057191
   754       0.15097631      -0.00097631       3.98890524
   755       0.15430964      -0.00430964       3.98723858
   756       0.14215482       0.00784518       3.99861929
   757       0.14548816       0.00451184       3.99695262
   758       0.14882149       0.00117851       3.99528595
   759       0.15215482      -0.00215482       3.99361929
   760       0.15548816      -0.00548816       3.99195262
   761       0.14333333       0.00666667       4.00333333
   762       0.14666667       0.00333333       4.00166667
   763       0.15000000       0.00000000       4.00000000
   764       0.15333333      -0.00333333       3.99833333
   765       0.15666667      -0.00666667       3.99666667
   766       0.14451184       0.00548816       4.00804738
   767       0.14784518       0.00215482       4.00638071
   768       0.15117851      -0.00117851       4.00471405
   769       0.15451184      -0.00451184       4.00304738
   770       0.15784518      -0.00784518       4.00138071
   771       0.14569036       0.00430964       4.01276142
   772       0.14902369       0.00097631       4.01109476
   773       0.15235702      -0.00235702       4.00942809
   774       0.15569036      -0.00569036       4.00776142
   775       0.15902369      -0.00902369       4.00609476
   776       0.14597631       0.00902369       3.99390524
   777       0.14930964       0.00569036       3.99223858
   778       0.15264298       0.00235702       3.99057191
   779       0.15597631      -0.00097631       3.98890524
   780       0.15930964      -0.00430964       3.98723858
   781       0.14715482       0.00784518       3.99861929
   782       0.15048816       0.00451184       3.99695262
   783       0.15382149       0.00117851       3.99528595
   784       0.15715482      -0.00215482       3.99361929
   785       0.16048816      -0.00548816       3.99195262
   786       0.14833333       0.00666667       4.00333333
   787       0.15166667       0.00333333       4.00166667
   788       0.15500000       0.00000000       4.00000000
   789       0.15833333      -0.00333333       3.99833333
   790       0.16166667      -0.00666667       3.99666667
   791       0.14951184       0.00548816       4.00804738
   792       0.15284518       0.00215482       4.00638071
   793       0.15617851      -0.00117851       4.00471405
   794       0.15951184      -0.00451184       4.00304738
   795       0.16284518      -0.00784518       4.00138071
   796       0.15069036       0.00430964       4.01276142
   797       0.15402369       0.00097631       4.01109476
   798       0.15735702      -0.00235702       4.00942809
   799       0.16069036      -0.00569036       4.00776142
   800       0.16402369      -0.00902369       4.00609476
   801       0.15097631       0.00902369       3.99390524
   802       0.15430964       0.00569036       3.99223858
   803       0.15764298       0.00235702       3.99057191
   804       0.16097631      -0.00097631       3.98890524
   805       0.16430964      -0.00430964       3.98723858
   806       0.15215482       0.00784518       3.99861929
   807       0.15548816       0.00451184       3.99695262
   808       0.15882149       0.00117851       3.99528595
   809       0.16215482      -0.00215482       3.99361929
   810       0.16548816      -0.00548816       3.99195262
   811       0.15333333       0.00666667       4.00333333
   812       0.15666667       0.00333333       4.00166667
   813       0.16000000       0.00000000       4.00000000
   814       0.16333333      -0.00333333       3.99833333
   815       0.16666667      -0.00666667       3.99666667
   816       0.15451184       0.00548816       4.00804738
   817       0.15784518       0.00215482       4.00638071
   818       0.16117851      -0.00117851       4.00471405
   819       0.16451184      -0.00451184       4.00304738
   820       0.16784518      -0.00784518       4.00138071
   821       0.15569036       0.00430964       4.01276142
   822       0.15902369       0.00097631       4.01109476
   823       0.16235702      -0.00235702       4.00942809
   824       0.16569036      -0.00569036       4.00776142
   825       0.16902369      -0.00902369       4.00609476
   826       0.15597631       0.00902369       3.99390524
   827       0.15930964       0.00569036       3.99223858
   828       0.16264298       0.00235702       3.99057191
   829       0.16597631      -0.00097631       3.98890524
   830       0.16930964      -0.00430964       3.98723858
   831       0.15715482       0.00784518       3.99861929
   832       0.16048816       0.00451184       3.99695262
   833       0.16382149       0.00117851       3.99528595
   834       0.16715482      -0.00215482       3.99361929
   835       0.17048816      -0.00548816       3.99195262
   836       0.15833333       0.00666667       4.00333333
   837       0.16166667       0.00333333       4.00166667
   838       0.16500000       0.00000000       4.00000000
   839       0.16833333      -0.00333333       3.99833333
   840       0.17166667      -0.00666667       3.99666667
   841       0.15951184       0.00548816       4.00804738
   842       0.16284518       0.00215482       4.00638071
   843       0.16617851      -0.00117851       4.00471405
   844       0.16951184      -0.00451184       4.00304738
   845       0.17284518      -0.00784518       4.00138071
   846       0.16069036       0.00430964       4.01276142
   847       0.16402369       0.00097631       4.01109476
   848       0.16735702      -0.00235702       4.00942809
   849       0.17069036      -0.00569036       4.00776142
   850       0.17402369      -0.00902369       4.00609476
   851       0.16097631       0.00902369       3.99390524
   852       0.16430964       0.00569036       3.99223858
   853       0.16764298       0.00235702       3.99057191
   854       0.17097631      -0.00097631       3.98890524
   855       0.17430964      -0.00430964       3.98723858
   856       0.16215482       0.00784518       3.99861929
   857       0.16548816       0.00451184       3.99695262
   858       0.16882149       0.00117851       3.99528595
   859       0.17215482      -0.00215482       3.99361929
   860       0.17548816      -0.00548816       3.99195262
   861       0.16333333       0.00666667       4.00333333
   862       0.16666667       0.00333333       4.00166667
   863       0.17000000       0.00000000       4.00000000
   864       0.17333333      -0.00333333       3.99833333
   865       0.17666667      -0.00666667       3.99666667
   866       0.16451184       0.00548816       4.00804738
   867       0.16784518       0.00215482       4.00638071
   868       0.17117851      -0.00117851       4.00471405
   869       0.17451184      -0.00451184       4.00304738
   870       0.17784518      -0.00784518       4.00138071
   871       0.16569036       0.00430964       4.01276142
   872       0.16902369       0.00097631       4.01109476
   873       0.17235702      -0.00235702       4.00942809
   874       0.17569036      -0.00569036       4.00776142
   875       0.17902369      -0.00902369       4.00609476
   876       0.16597631       0.00902369       3.99390524
   877       0.16930964       0.00569036       3.99223858
   878       0.17264298       0.00235702       3.99057191
   879       0.17597631      -0.00097631       3.98890524
   880       0.17930964      -0.00430964       3.98723858
   881       0.16715482       0.00784518       3.99861929
   882       0.17048816       0.00451184       3.99695262
   883       0.17382149       0.00117851       3.99528595
   884       0.17715482      -0.00215482       3.99361929
   885       0.18048816      -0.00548816       3.99195262
   886       0.16833333       0.00666667       4.00333333
   887       0.17166667       0.00333333       4.00166667
   888       0.17500000       0.00000000       4.00000000
   889       0.17833333      -0.00333333       3.99833333
   890       0.18166667      -0.00666667       3.99666667
   891       0.16951184       0.00548816       4.00804738
   892       0.17284518       0.00215482       4.00638071
   893       0.17617851      -0.00117851       4.00471405
   894       0.17951184      -0.00451184       4.00304738
   895       0.18284518      -0.00784518       4.00138071
   896       0.17069036       0.00430964       4.01276142
   897       0.17402369       0.00097631       4.01109476
   898       0.17735702      -0.00235702       4.00942809
   899       0.18069036      -0.00569036       4.00776142
   900       0.18402369      -0.00902369       4.00609476
   901       0.17097631       0.00902369       3.99390524
   902       0.17430964       0.00569036       3.99223858
   903       0.17764298       0.00235702       3.99057191
   904       0.18097631      -0.00097631       3.98890524
   905       0.18430964      -0.00430964       3.98723858
   906       0.17215482       0.00784518       3.99861929
   907       0.17548816       0.00451184       3.99695262
   908       0.17882149       0.00117851       3.99528595
   909       0.18215482      -0.00215482       3.99361929
   910       0.18548816      -0.00548816       3.99195262
   911       0.17333333       0.00666667       4.00333333
   912       0.17666667       0.00333333       4.00166667
   913       0.18000000       0.00000000       4.00000000
   914       0.18333333      -0.00333333       3.99833333
   915       0.18666667      -0.00666667       3.99666667
   916       0.17451184       0.00548816       4.00804738
   917       0.17784518       0.00215482       4.00638071
   918       0.18117851      -0.00117851       4.00471405
   919       0.18451184      -0.00451184       4.00304738
   920       0.18784518      -0.00784518       4.00138071
   921       0.17569036       0.00430964       4.01276142
   922       0.17902369       0.00097631       4.01109476
   923       0.18235702      -0.00235702       4.00942809
   924       0.18569036      -0.00569036       4.00776142
   925       0.18902369      -0.00902369       4.00609476
   926       0.17597631       0.00902369       3.99390524
   927       0.17930964       0.00569036       3.99223858
   928       0.18264298       0.00235702       3.99057191
   929       0.18597631      -0.00097631       3.98890524
   930       0.18930964      -0.00430964       3.98723858
   931       0.17715482       0.00784518       3.99861929
   932       0.18048816       0.00451184       3.99695262
   933       0.18382149       0.00117851       3.99528595
   934       0.18715482      -0.00215482       3.99361929
   935       0.19048816      -0.00548816       3.99195262
   936       0.17833333       0.00666667       4.00333333
   937       0.18166667       0.00333333       4.00166667
   938       0.18500000       0.00000000       4.00000000
   939       0.18833333      -0.00333333       3.99833333
   940       0.19166667      -0.00666667       3.99666667
   941       0.17951184       0.00548816       4.00804738
   942       0.18284518       0.00215482       4.00638071
   943       0.18617851      -0.00117851       4.00471405
   944       0.18951184      -0.00451184       4.00304738
   945       0.19284518      -0.00784518       4.00138071
   946       0.18069036       0.00430964       4.01276142
   947       0.18402369       0.00097631       4.01109476
   948       0.18735702      -0.00235702       4.00942809
   949       0.19069036      -0.00569036       4.00776142
   950       0.19402369      -0.00902369       4.00609476
   951       0.18097631       0.00902369       3.99390524
   952       0.18430964       0.00569036       3.99223858
   953       0.18764298       0.00235702       3.99057191
   954       0.19097631      -0.00097631       3.98890524
   955       0.19430964      -0.00430964       3.98723858
   956       0.18215482       0.00784518       3.99861929
   957       0.18548816       0.00451184       3.99695262
   958       0.18882149       0.00117851       3.99528595
   959       0.19215482      -0.00215482       3.99361929
   960       0.19548816      -0.00548816       3.99195262
   961       0.18333333       0.00666667       4.00333333
   962       0.18666667       0.00333333       4.00166667
   963       0.19000000       0.00000000       4.00000000
   964       0.19333333      -0.00333333       3.99833333
   965       0.19666667      -0.00666667       3.99666667
   966       0.18451184       0.00548816       4.00804738
   967       0.18784518       0.00215482       4.00638071
   968       0.19117851      -0.00117851       4.00471405
   969       0.19451184      -0.00451184       4.00304738
   970       0.19784518      -0.00784518       4.00138071
   971       0.18569036       0.00430964       4.01276142
   972       0.18902369       0.00097631       4.01109476
   973       0.19235702      -0.00235702       4.00942809
   974       0.19569036      -0.00569036       4.00776142
   975       0.19902369      -0.00902369       4.00609476
   976       0.18597631       0.00902369       3.99390524
   977       0.18930964       0.00569036       3.99223858
   978       0.19264298       0.00235702       3.99057191
   979       0.19597631      -0.00097631       3.98890524
   980       0.19930964      -0.00430964       3.98723858
   981       0.18715482       0.00784518       3.99861929
   982       0.19048816       0.00451184       3.99695262
   983       0.19382149       0.00117851       3.99528595
   984       0.19715482      -0.00215482       3.99361929
   985       0.20048816      -0.00548816       3.99195262
   986       0.18833333       0.00666667       4.00333333
   987       0.19166667       0.00333333       4.00166667
   988       0.19500000       0.00000000       4.00000000
   989       0.19833333      -0.00333333       3.99833333
   990       0.20166667      -0.00666667       3.99666667
   991       0.18951184       0.00548816       4.00804738
   992       0.19284518       0.00215482       4.00638071
   993       0.19617851      -0.00117851       4.00471405
   994       0.19951184      -0.00451184       4.00304738
   995       0.20284518      -0.00784518       4.00138071
   996       0.19069036       0.00430964       4.01276142
   997       0.19402369       0.00097631       4.01109476
   998       0.19735702      -0.00235702       4.00942809
   999       0.20069036      -0.00569036       4.00776142
  1000       0.20402369      -0.00902369       4.00609476
  1001       0.19097631       0.00902369       3.99390524
  1002       0.19430964       0.00569036       3.99223858
  1003       0.19764298       0.00235702       3.99057191
  1004       0.20097631      -0.00097631       3.98890524
  1005       0.20430964      -0.00430964       3.98723858
  1006       0.19215482       0.00784518       3.99861929
  1007       0.19548816       0.00451184       3.99695262
  1008       0.19882149       0.00117851       3.99528595
  1009       0.20215482      -0.00215482       3.99361929
  1010       0.20548816      -0.00548816       3.99195262
  1011       0.19333333       0.00666667       4.00333333
  1012       0.19666667       0.00333333       4.00166667
  1013       0.20000000       0.00000000       4.00000000
  1014       0.20333333      -0.00333333       3.99833333
  1015       0.20666667      -0.00666667       3.99666667
  1016       0.19451184       0.00548816       4.00804738
  1017       0.19784518       0.00215482       4.00638071
  1018       0.20117851      -0.00117851       4.00471405
  1019       0.20451184      -0.00451184       4.00304738
  1020       0.20784518      -0.00784518       4.00138071
  1021       0.19569036       0.00430964       4.01276142
  1022       0.19902369       0.00097631       4.01109476
  1023       0.20235702      -0.00235702       4.00942809
  1024       0.20569036      -0.00569036       4.00776142
  1025       0.20902369      -0.00902369       4.00609476
  1026       0.19597631       0.00902369       3.99390524
  1027       0.19930964       0.00569036       3.99223858
  1028       0.20264298       0.00235702       3.99057191
  1029       0.20597631      -0.00097631       3.98890524
  1030       0.20930964      -0.00430964       3.98723858
  1031       0.19715482       0.00784518       3.99861929
  1032       0.20048816       0.00451184       3.99695262
  1033       0.20382149       0.00117851       3.99528595
  1034       0.20715482      -0.00215482       3.99361929
  1035       0.21048816      -0.00548816       3.99195262
  1036       0.19833333       0.00666667       4.00333333
  1037       0.20166667       0.00333333       4.00166667
  1038       0.20500000       0.00000000       4.00000000
  1039       0.20833333      -0.00333333       3.99833333
  1040       0.21166667      -0.00666667       3.99666667
  1041       0.19951184       0.00548816       4.00804738
  1042       0.20284518       0.00215482       4.00638071
  1043       0.20617851      -0.00117851       4.00471405
  1044       0.20951184      -0.00451184       4.00304738
  1045       0.21284518      -0.00784518       4.00138071
  1046       0.20069036       0.00430964       4.01276142
  1047       0.20402369       0.00097631       4.01109476
  1048       0.20735702      -0.00235702       4.00942809
  1049       0.21069036      -0.00569036       4.00776142
  1050       0.21402369      -0.00902369       4.00609476
  1051       0.20097631       0.00902369       3.99390524
  1052       0.20430964       0.00569036       3.99223858
  1053       0.20764298       0.00235702       3.99057191
  1054       0.21097631      -0.00097631       3.98890524
  1055       0.21430964      -0.00430964       3.98723858
  1056       0.20215482       0.00784518       3.99861929
  1057       0.20548816       0.00451184       3.99695262
  1058       0.20882149       0.00117851       3.99528595
  1059       0.21215482      -0.00215482       3.99361929
  1060       0.21548816      -0.00548816       3.99195262
  1061       0.20333333       0.00666667       4.00333333
  1062       0.20666667       0.00333333       4.00166667
  1063       0.21000000       0.00000000       4.00000000
  1064       0.21333333      -0.00333333       3.99833333
  1065       0.21666667      -0.00666667       3.99666667
  1066       0.20451184       0.00548816       4.00804738
  1067       0.20784518       0.00215482       4.00638071
  1068       0.21117851      -0.00117851       4.00471405
  1069       0.21451184      -0.00451184       4.00304738
  1070       0.21784518      -0.00784518       4.00138071
  1071       0.20569036       0.00430964       4.01276142
  1072       0.20902369       0.00097631       4.01109476
  1073       0.21235702      -0.00235702       4.00942809
  1074       0.21569036      -0.00569036       4.00776142
  1075       0.21902369      -0.00902369       4.00609476
  1076       0.20597631       0.00902369       3.99390524
  1077       0.20930964       0.00569036       3.99223858
  1078       0.21264298       0.00235702       3.99057191
  1079       0.21597631      -0.00097631       3.98890524
  1080       0.21930964      -0.00430964       3.98723858
  1081       0.20715482       0.00784518       3.99861929
  1082       0.21048816       0.00451184       3.99695262
  1083       0.21382149       0.00117851       3.99528595
  1084       0.21715482      -0.00215482       3.99361929
  1085       0.22048816      -0.00548816       3.99195262
  1086       0.20833333       0.00666667       4.00333333
  1087       0.21166667       0.00333333       4.00166667
  1088       0.21500000       0.00000000       4.00000000
  1089       0.21833333      -0.00333333       3.99833333
  1090       0.22166667      -0.00666667       3.99666667
  1091       0.20951184       0.00548816       4.00804738
  1092       0.21284518       0.00215482       4.00638071
  1093       0.21617851      -0.00117851       4.00471405
  1094       0.21951184      -0.00451184       4.00304738
  1095       0.22284518      -0.00784518       4.00138071
  1096       0.21069036       0.00430964       4.01276142
  1097       0.21402369       0.00097631       4.01109476
  1098       0.21735702      -0.00235702       4.00942809
  1099       0.22069036      -0.00569036       4.00776142
  1100       0.22402369      -0.00902369       4.00609476
  1101       0.21097631       0.00902369       3.99390524
  1102       0.21430964       0.00569036       3.99223858
  1103       0.21764298       0.00235702       3.99057191
  1104       0.22097631      -0.00097631       3.98890524
  1105       0.22430964      -0.00430964       3.98723858
  1106       0.21215482       0.00784518       3.99861929
  1107       0.21548816       0.00451184       3.99695262
  1108       0.21882149       0.00117851       3.99528595
  1109       0.22215482      -0.00215482       3.99361929
  1110       0.22548816      -0.00548816       3.99195262
  1111       0.21333333       0.00666667       4.00333333
  1112       0.21666667       0.00333333       4.00166667
  1113       0.22000000       0.00000000       4.00000000
  1114       0.22333333      -0.00333333       3.99833333
  1115       0.22666667      -0.00666667       3.99666667
  1116       0.21451184       0.00548816       4.00804738
  1117       0.21784518       0.00215482       4.00638071
  1118       0.22117851      -0.00117851       4.00471405
  1119       0.22451184      -0.00451184       4.00304738
  1120       0.22784518      -0.00784518       4.00138071
  1121       0.21569036       0.00430964       4.01276142
  1122       0.21902369       0.00097631       4.01109476
  1123       0.22235702      -0.00235702       4.00942809
  1124       0.22569036      -0.00569036       4.00776142
  1125       0.22902369      -0.00902369       4.00609476
  1126       0.21597631       0.00902369       3.99390524
  1127       0.21930964       0.00569036       3.99223858
  1128       0.22264298       0.00235702       3.99057191
  1129       0.22597631      -0.00097631       3.98890524
  1130       0.22930964      -0.00430964       3.98723858
  1131       0.21715482       0.00784518       3.99861929
  1132       0.22048816       0.00451184       3.99695262
  1133       0.22382149       0.00117851       3.99528595
  1134       0.22715482      -0.00215482       3.99361929
  1135       0.23048816      -0.00548816       3.99195262
  1136       0.21833333       0.00666667       4.00333333
  1137       0.22166667       0.00333333       4.00166667
  1138       0.22500000       0.00000000       4.00000000
  1139       0.22833333      -0.00333333       3.99833333
  1140       0.23166667      -0.00666667       3.99666667
  1141       0.21951184       0.00548816       4.00804738
  1142       0.22284518       0.00215482       4.00638071
  1143       0.22617851      -0.00117851       4.00471405
  1144       0.22951184      -0.00451184       4.00304738
  1145       0.23284518      -0.00784518       4.00138071
  1146       0.22069036       0.00430964       4.01276142
  1147       0.22402369       0.00097631       4.01109476
  1148       0.22735702      -0.00235702       4.00942809
  1149       0.23069036      -0.00569036       4.00776142
  1150       0.23402369      -0.00902369       4.00609476
  1151       0.22097631       0.00902369       3.99390524
  1152       0.22430964       0.00569036       3.99223858
  1153       0.22764298       0.00235702       3.99057191
  1154       0.23097631      -0.00097631       3.98890524
  1155       0.23430964      -0.00430964       3.98723858
  1156       0.22215482       0.00784518       3.99861929
  1157       0.22548816       0.00451184       3.99695262
  1158       0.22882149       0.00117851       3.99528595
  1159       0.23215482      -0.00215482       3.99361929
  1160       0.23548816      -0.00548816       3.99195262
  1161       0.22333333       0.00666667       4.00333333
  1162       0.22666667       0.00333333       4.00166667
  1163       0.23000000       0.00000000       4.00000000
  1164       0.23333333      -0.00333333       3.99833333
  1165       0.23666667      -0.00666667       3.99666667
  1166       0.22451184       0.00548816       4.00804738
  1167       0.22784518       0.00215482       4.00638071
  1168       0.23117851      -0.00117851       4.00471405
  1169       0.23451184      -0.00451184       4.00304738
  1170       0.23784518      -0.00784518       4.00138071
  1171       0.22569036       0.00430964       4.01276142
  1172       0.22902369       0.00097631       4.01109476
  1173       0.23235702      -0.00235702       4.00942809
  1174       0.23569036      -0.00569036       4.00776142
  1175       0.23902369      -0.00902369       4.00609476
  1176       0.22597631       0.00902369       3.99390524
  1177       0.22930964       0.00569036       3.99223858
  1178       0.23264298       0.00235702       3.99057191
  1179       0.23597631      -0.00097631       3.98890524
  1180       0.23930964      -0.00430964       3.98723858
  1181       0.22715482       0.00784518       3.99861929
  1182       0.23048816       0.00451184       3.99695262
  1183       0.23382149       0.00117851       3.99528595
  1184       0.23715482      -0.00215482       3.99361929
  1185       0.24048816      -0.00548816       3.99195262
  1186       0.22833333       0.00666667       4.00333333
  1187       0.23166667       0.00333333       4.00166667
  1188       0.23500000       0.00000000       4.00000000
  1189       0.23833333      -0.00333333       3.99833333
  1190       0.24166667      -0.00666667       3.99666667
  1191       0.22951184       0.00548816       4.00804738
  1192       0.23284518       0.00215482       4.00638071
  1193       0.23617851      -0.00117851       4.00471405
  1194       0.23951184      -0.00451184       4.00304738
  1195       0.24284518      -0.00784518       4.00138071
  1196       0.23069036       0.00430964       4.01276142
  1197       0.23402369       0.00097631       4.01109476
  1198       0.23735702      -0.00235702       4.00942809
  1199       0.24069036      -0.00569036       4.00776142
  1200       0.24402369      -0.00902369       4.00609476
  1201       0.23097631       0.00902369       3.99390524
  1202       0.23430964       0.00569036       3.99223858
  1203       0.23764298       0.00235702       3.99057191
  1204       0.24097631      -0.00097631       3.98890524
  1205       0.24430964      -0.00430964       3.98723858
  1206       0.23215482       0.00784518       3.99861929
  1207       0.23548816       0.00451184       3.99695262
  1208       0.23882149       0.00117851       3.99528595
  1209       0.24215482      -0.00215482       3.99361929
  1210       0.24548816      -0.00548816       3.99195262
  1211       0.23333333       0.00666667       4.00333333
  1212       0.23666667       0.00333333       4.00166667
  1213       0.24000000       0.00000000       4.00000000
  1214       0.24333333      -0.00333333       3.99833333
  1215       0.24666667      -0.00666667       3.99666667
  1216       0.23451184       0.00548816       4.00804738
  1217       0.23784518       0.00215482       4.00638071
  1218       0.24117851      -0.00117851       4.00471405
  1219       0.24451184      -0.00451184       4.00304738
  1220       0.24784518      -0.00784518       4.00138071
  1221       0.23569036       0.00430964       4.01276142
  1222       0.23902369       0.00097631       4.01109476
  1223       0.24235702      -0.00235702       4.00942809
  1224       0.24569036      -0.00569036       4.00776142
  1225       0.24902369      -0.00902369       4.00609476
  1226       0.23597631       0.00902369       3.99390524
  1227       0.23930964       0.00569036       3.99223858
  1228       0.24264298       0.00235702       3.99057191
  1229       0.24597631      -0.00097631       3.98890524
  1230       0.24930964      -0.00430964       3.98723858
  1231       0.23715482       0.00784518       3.99861929
  1232       0.24048816       0.00451184       3.99695262
  1233       0.24382149       0.00117851       3.99528595
  1234       0.24715482      -0.00215482       3.99361929
  1235       0.25048816      -0.00548816       3.99195262
  1236       0.23833333       0.00666667       4.00333333
  1237       0.24166667       0.00333333       4.00166667
  1238       0.24500000       0.00000000       4.00000000
  1239       0.24833333      -0.00333333       3.99833333
  1240       0.25166667      -0.00666667       3.99666667
  1241       0.23951184       0.00548816       4.00804738
  1242       0.24284518       0.00215482       4.00638071
  1243       0.24617851      -0.00117851       4.00471405
  1244       0.24951184      -0.00451184       4.00304738
  1245       0.25284518      -0.00784518       4.00138071
  1246       0.24069036       0.00430964       4.01276142
  1247       0.24402369       0.00097631       4.01109476
  1248       0.24735702      -0.00235702       4.00942809
  1249       0.25069036      -0.00569036       4.00776142
  1250       0.25402369      -0.00902369       4.00609476
  1251       0.24097631       0.00902369       3.99390524
  1252       0.24430964       0.00569036       3.99223858
  1253       0.24764298       0.00235702       3.99057191
  1254       0.25097631      -0.00097631       3.98890524
  1255       0.25430964      -0.00430964       3.98723858
  1256       0.24215482       0.00784518       3.99861929
  1257       0.24548816       0.00451184       3.99695262
  1258       0.24882149       0.00117851       3.99528595
  1259       0.25215482      -0.00215482       3.99361929
  1260       0.25548816      -0.00548816       3.99195262
  1261       0.24333333       0.00666667       4.00333333
  1262       0.24666667       0.00333333       4.00166667
  1263       0.25000000       0.00000000       4.00000000
  1264       0.25333333      -0.00333333       3.99833333
  1265       0.25666667      -0.00666667       3.99666667
  1266       0.24451184       0.00548816       4.00804738
  1267       0.24784518       0.00215482       4.00638071
  1268       0.25117851      -0.00117851       4.00471405
  1269       0.25451184      -0.00451184       4.00304738
  1270       0.25784518      -0.00784518       4.00138071
  1271       0.24569036       0.00430964       4.01276142
  1272       0.24902369       0.00097631       4.01109476
  1273       0.25235702      -0.00235702       4.00942809
  1274       0.25569036      -0.00569036       4.00776142
  1275       0.25902369      -0.00902369       4.00609476
  1276       0.24597631       0.00902369       3.99390524
  1277       0.24930964       0.00569036       3.99223858
  1278       0.25264298       0.00235702       3.99057191
  1279       0.25597631      -0.00097631       3.98890524
  1280       0.25930964      -0.00430964       3.98723858
  1281       0.24715482       0.00784518       3.99861929
  1282       0.25048816       0.00451184       3.99695262
  1283       0.25382149       0.00117851       3.99528595
  1284       0.25715482      -0.00215482       3.99361929
  1285       0.26048816      -0.00548816       3.99195262
  1286       0.24833333       0.00666667       4.00333333
  1287       0.25166667       0.00333333       4.00166667
  1288       0.25500000       0.00000000       4.00000000
  1289       0.25833333      -0.00333333       3.99833333
  1290       0.26166667      -0.00666667       3.99666667
  1291       0.24951184       0.00548816       4.00804738
  1292       0.25284518       0.00215482       4.00638071
  1293       0.25617851      -0.00117851       4.00471405
  1294       0.25951184      -0.00451184       4.00304738
  1295       0.26284518      -0.00784518       4.00138071
  1296       0.25069036       0.00430964       4.01276142
  1297       0.25402369       0.00097631       4.01109476
  1298       0.25735702      -0.00235702       4.00942809
  1299       0.26069036      -0.00569036       4.00776142
  1300       0.26402369      -0.00902369       4.00609476
  1301       0.25097631       0.00902369       3.99390524
  1302       0.25430964       0.00569036       3.99223858
  1303       0.25764298       0.00235702       3.99057191
  1304       0.26097631      -0.00097631       3.98890524
  1305       0.26430964      -0.00430964       3.98723858
  1306       0.25215482       0.00784518       3.99861929
  1307       0.25548816       0.00451184       3.99695262
  1308       0.25882149       0.00117851       3.99528595
  1309       0.26215482      -0.00215482       3.99361929
  1310       0.26548816      -0.00548816       3.99195262
  1311       0.25333333       0.00666667       4.00333333
  1312       0.25666667       0.00333333       4.00166667
  1313       0.26000000       0.00000000       4.00000000
  1314       0.26333333      -0.00333333       3.99833333
  1315       0.26666667      -0.00666667       3.99666667
  1316       0.25451184       0.00548816       4.00804738
  1317       0.25784518       0.00215482       4.00638071
  1318       0.26117851      -0.00117851       4.00471405
  1319       0.26451184      -0.00451184       4.00304738
  1320       0.26784518      -0.00784518       4.00138071
  1321       0.25569036       0.00430964       4.01276142
  1322       0.25902369       0.00097631       4.01109476
  1323       0.26235702      -0.00235702       4.00942809
  1324       0.26569036      -0.00569036       4.00776142
  1325       0.26902369      -0.00902369       4.00609476
  1326       0.25597631       0.00902369       3.99390524
  1327       0.25930964       0.00569036       3.99223858
  1328       0.26264298       0.00235702       3.99057191
  1329       0.26597631      -0.00097631       3.98890524
  1330       0.26930964      -0.00430964       3.98723858
  1331       0.25715482       0.00784518       3.99861929
  1332       0.26048816       0.00451184       3.99695262
  1333       0.26382149       0.00117851       3.99528595
  1334       0.26715482      -0.00215482       3.99361929
  1335       0.27048816      -0.00548816       3.99195262
  1336       0.25833333       0.00666667       4.00333333
  1337       0.26166667       0.00333333       4.00166667
  1338       0.26500000       0.00000000       4.00000000
  1339       0.26833333      -0.00333333       3.99833333
  1340       0.27166667      -0.00666667       3.99666667
  1341       0.25951184       0.00548816       4.00804738
  1342       0.26284518       0.00215482       4.00638071
  1343       0.26617851      -0.00117851       4.00471405
  1344       0.26951184      -0.00451184       4.00304738
  1345       0.27284518      -0.00784518       4.00138071
  1346       0.26069036       0.00430964       4.01276142
  1347       0.26402369       0.00097631       4.01109476
  1348       0.26735702      -0.00235702       4.00942809
  1349       0.27069036      -0.00569036       4.00776142
  1350       0.27402369      -0.00902369       4.00609476
  1351       0.26097631       0.00902369       3.99390524
  1352       0.26430964       0.00569036       3.99223858
  1353       0.26764298       0.00235702       3.99057191
  1354       0.27097631      -0.00097631       3.98890524
  1355       0.27430964      -0.00430964       3.98723858
  1356       0.26215482       0.00784518       3.99861929
  1357       0.26548816       0.00451184       3.99695262
  1358       0.26882149       0.00117851       3.99528595
  1359       0.27215482      -0.00215482       3.99361929
  1360       0.27548816      -0.00548816       3.99195262
  1361       0.26333333       0.00666667       4.00333333
  1362       0.26666667       0.00333333       4.00166667
  1363       0.27000000       0.00000000       4.00000000
  1364       0.27333333      -0.00333333       3.99833333
  1365       0.27666667      -0.00666667       3.99666667
  1366       0.26451184       0.00548816       4.00804738
  1367       0.26784518       0.00215482       4.00638071
  1368       0.27117851      -0.00117851       4.00471405
  1369       0.27451184      -0.00451184       4.00304738
  1370       0.27784518      -0.00784518       4.00138071
  1371       0.26569036       0.00430964       4.01276142
  1372       0.26902369       0.00097631       4.01109476
  1373       0.27235702      -0.00235702       4.00942809
  1374       0.27569036      -0.00569036       4.00776142
  1375       0.27902369      -0.00902369       4.00609476
  1376       0.26597631       0.00902369       3.99390524
  1377       0.26930964       0.00569036       3.99223858
  1378       0.27264298       0.00235702       3.99057191
  1379       0.27597631      -0.00097631       3.98890524
  1380       0.27930964      -0.00430964       3.98723858
  1381       0.26715482       0.00784518       3.99861929
  1382       0.27048816       0.00451184       3.99695262
  1383       0.27382149       0.00117851       3.99528595
  1384       0.27715482      -0.00215482       3.99361929
  1385       0.28048816      -0.00548816       3.99195262
  1386       0.26833333       0.00666667       4.00333333
  1387       0.27166667       0.00333333       4.00166667
  1388       0.27500000       0.00000000       4.00000000
  1389       0.27833333      -0.00333333       3.99833333
  1390       0.28166667      -0.00666667       3.99666667
  1391       0.26951184       0.00548816       4.00804738
  1392       0.27284518       0.00215482       4.00638071
  1393       0.27617851      -0.00117851       4.00471405
  1394       0.27951184      -0.00451184       4.00304738
  1395       0.28284518      -0.00784518       4.00138071
  1396       0.27069036       0.00430964       4.01276142
  1397       0.27402369       0.00097631       4.01109476
  1398       0.27735702      -0.00235702       4.00942809
  1399       0.28069036      -0.00569036       4.00776142
  1400       0.28402369      -0.00902369       4.00609476
  1401       0.27097631       0.00902369       3.99390524
  1402       0.27430964       0.00569036       3.99223858
  1403       0.27764298       0.00235702       3.99057191
  1404       0.28097631      -0.00097631       3.98890524
  1405       0.28430964      -0.00430964       3.98723858
  1406       0.27215482       0.00784518       3.99861929
  1407       0.27548816       0.00451184       3.99695262
  1408       0.27882149       0.00117851       3.99528595
  1409       0.28215482      -0.00215482       3.99361929
  1410       0.28548816      -0.00548816       3.99195262
  1411       0.27333333       0.00666667       4.00333333
  1412       0.27666667       0.00333333       4.00166667
  1413       0.28000000       0.00000000       4.00000000
  1414       0.28333333      -0.00333333       3.99833333
  1415       0.28666667      -0.00666667       3.99666667
  1416       0.27451184       0.00548816       4.00804738
  1417       0.27784518       0.00215482       4.00638071
  1418       0.28117851      -0.00117851       4.00471405
  1419       0.28451184      -0.00451184       4.00304738
  1420       0.28784518      -0.00784518       4.00138071
  1421       0.27569036       0.00430964       4.01276142
  1422       0.27902369       0.00097631       4.01109476
  1423       0.28235702      -0.00235702       4.00942809
  1424       0.28569036      -0.00569036       4.00776142
  1425       0.28902369      -0.00902369       4.00609476
  1426       0.27597631       0.00902369       3.99390524
  1427       0.27930964       0.00569036       3.99223858
  1428       0.28264298       0.00235702       3.99057191
  1429       0.28597631      -0.00097631       3.98890524
  1430       0.28930964      -0.00430964       3.98723858
  1431       0.27715482       0.00784518       3.99861929
  1432       0.28048816       0.00451184       3.99695262
  1433       0.28382149       0.00117851       3.99528595
  1434       0.28715482      -0.00215482       3.99361929
  1435       0.29048816      -0.00548816       3.99195262
  1436       0.27833333       0.00666667       4.00333333
  1437       0.28166667       0.00333333       4.00166667
  1438       0.28500000       0.00000000       4.00000000
  1439       0.28833333      -0.00333333       3.99833333
  1440       0.29166667      -0.00666667       3.99666667
  1441       0.27951184       0.00548816       4.00804738
  1442       0.28284518       0.00215482       4.00638071
  1443       0.28617851      -0.00117851       4.00471405
  1444       0.28951184      -0.00451184       4.00304738
  1445       0.29284518      -0.00784518       4.00138071
  1446       0.28069036       0.00430964       4.01276142
  1447       0.28402369       0.00097631       4.01109476
  1448       0.28735702      -0.00235702       4.00942809
  1449       0.29069036      -0.00569036       4.00776142
  1450       0.29402369      -0.00902369       4.00609476
  1451       0.28097631       0.00902369       3.99390524
  1452       0.28430964       0.00569036       3.99223858
  1453       0.28764298       0.00235702       3.99057191
  1454       0.29097631      -0.00097631       3.98890524
  1455       0.29430964      -0.00430964       3.98723858
  1456       0.28215482       0.00784518       3.99861929
  1457       0.28548816       0.00451184       3.99695262
  1458       0.28882149       0.00117851       3.99528595
  1459       0.29215482      -0.00215482       3.99361929
  1460       0.29548816      -0.00548816       3.99195262
  1461       0.28333333       0.00666667       4.00333333
  1462       0.28666667       0.00333333       4.00166667
  1463       0.29000000       0.00000000       4.00000000
  1464       0.29333333      -0.00333333       3.99833333
  1465       0.29666667      -0.00666667       3.99666667
  1466       0.28451184       0.00548816       4.00804738
  1467       0.28784518       0.00215482       4.00638071
  1468       0.29117851      -0.00117851       4.00471405
  1469       0.29451184      -0.00451184       4.00304738
  1470       0.29784518      -0.00784518       4.00138071
  1471       0.28569036       0.00430964       4.01276142
  1472       0.28902369       0.00097631       4.01109476
  1473       0.29235702      -0.00235702       4.00942809
  1474       0.29569036      -0.00569036       4.00776142
  1475       0.29902369      -0.00902369       4.00609476
  1476       0.28597631       0.00902369       3.99390524
  1477       0.28930964       0.00569036       3.99223858
  1478       0.29264298       0.00235702       3.99057191
  1479       0.29597631      -0.00097631       3.98890524
  1480       0.29930964      -0.00430964       3.98723858
  1481       0.28715482       0.00784518       3.99861929
  1482       0.29048816       0.00451184       3.99695262
  1483       0.29382149       0.00117851       3.99528595
  1484       0.29715482      -0.00215482       3.99361929
  1485       0.30048816      -0.00548816       3.99195262
  1486       0.28833333       0.00666667       4.00333333
  1487       0.29166667       0.00333333       4.00166667
  1488       0.29500000       0.00000000       4.00000000
  1489       0.29833333      -0.00333333       3.99833333
  1490       0.30166667      -0.00666667       3.99666667
  1491       0.28951184       0.00548816       4.00804738
  1492       0.29284518       0.00215482       4.00638071
  1493       0.29617851      -0.00117851       4.00471405
  1494       0.29951184      -0.00451184       4.00304738
  1495       0.30284518      -0.00784518       4.00138071
  1496       0.29069036       0.00430964       4.01276142
  1497       0.29402369       0.00097631       4.01109476
  1498       0.29735702      -0.00235702       4.00942809
  1499       0.30069036      -0.00569036       4.00776142
  1500       0.30402369      -0.00902369       4.00609476
  1501       0.29097631       0.00902369       3.99390524
  1502       0.29430964       0.00569036       3.99223858
  1503       0.29764298       0.00235702       3.99057191
  1504       0.30097631      -0.00097631       3.98890524
  1505       0.30430964      -0.00430964       3.98723858
  1506       0.29215482       0.00784518       3.99861929
  1507       0.29548816       0.00451184       3.99695262
  1508       0.29882149       0.00117851       3.99528595
  1509       0.30215482      -0.00215482       3.99361929
  1510       0.30548816      -0.00548816       3.99195262
  1511       0.29333333       0.00666667       4.00333333
  1512       0.29666667       0.00333333       4.00166667
  1513       0.30000000       0.00000000       4.00000000
  1514       0.30333333      -0.00333333       3.99833333
  1515       0.30666667      -0.00666667       3.99666667
  1516       0.29451184       0.00548816       4.00804738
  1517       0.29784518       0.00215482       4.00638071
  1518       0.30117851      -0.00117851       4.00471405
  1519       0.30451184      -0.00451184       4.00304738
  1520       0.30784518      -0.00784518       4.00138071
  1521       0.29569036       0.00430964       4.01276142
  1522       0.29902369       0.00097631       4.01109476
  1523       0.30235702      -0.00235702       4.00942809
  1524       0.30569036      -0.00569036       4.00776142
  1525       0.30902369      -0.00902369       4.00609476
  1526       0.29597631       0.00902369       3.99390524
  1527       0.29930964       0.00569036       3.99223858
  1528       0.30264298       0.00235702       3.99057191
  1529       0.30597631      -0.00097631       3.98890524
  1530       0.30930964      -0.00430964       3.98723858
  1531       0.29715482       0.00784518       3.99861929
  1532       0.30048816       0.00451184       3.99695262
  1533       0.30382149       0.00117851       3.99528595
  1534       0.30715482      -0.00215482       3.99361929
  1535       0.31048816      -0.00548816       3.99195262
  1536       0.29833333       0.00666667       4.00333333
  1537       0.30166667       0.00333333       4.00166667
  1538       0.30500000       0.00000000       4.00000000
  1539       0.30833333      -0.00333333       3.99833333
  1540       0.31166667      -0.00666667       3.99666667
  1541       0.29951184       0.00548816       4.00804738
  1542       0.30284518       0.00215482       4.00638071
  1543       0.30617851      -0.00117851       4.00471405
  1544       0.30951184      -0.00451184       4.00304738
  1545       0.31284518      -0.00784518       4.00138071
  1546       0.30069036       0.00430964       4.01276142
  1547       0.30402369       0.00097631       4.01109476
  1548       0.30735702      -0.00235702       4.00942809
  1549       0.31069036      -0.00569036       4.00776142
  1550       0.31402369      -0.00902369       4.00609476
  1551       0.30097631       0.00902369       3.99390524
  1552       0.30430964       0.00569036       3.99223858
  1553       0.30764298       0.00235702       3.99057191
  1554       0.31097631      -0.00097631       3.98890524
  1555       0.31430964      -0.00430964       3.98723858
  1556       0.30215482       0.00784518       3.99861929
  1557       0.30548816       0.00451184       3.99695262
  1558       0.30882149       0.00117851       3.99528595
  1559       0.31215482      -0.00215482       3.99361929
  1560       0.31548816      -0.00548816       3.99195262
  1561       0.30333333       0.00666667       4.00333333
  1562       0.30666667       0.00333333       4.00166667
  1563       0.31000000       0.00000000       4.00000000
  1564       0.31333333      -0.00333333       3.99833333
  1565       0.31666667      -0.00666667       3.99666667
  1566       0.30451184       0.00548816       4.00804738
  1567       0.30784518       0.00215482       4.00638071
  1568       0.31117851      -0.00117851       4.00471405
  1569       0.31451184      -0.00451184       4.00304738
  1570       0.31784518      -0.00784518       4.00138071
  1571       0.30569036       0.00430964       4.01276142
  1572       0.30902369       0.00097631       4.01109476
  1573       0.31235702      -0.00235702       4.00942809
  1574       0.31569036      -0.00569036       4.00776142
  1575       0.31902369      -0.00902369       4.00609476
  1576       0.30597631       0.00902369       3.99390524
  1577       0.30930964       0.00569036       3.99223858
  1578       0.31264298       0.00235702       3.99057191
  1579       0.31597631      -0.00097631       3.98890524
  1580       0.31930964      -0.00430964       3.98723858
  1581       0.30715482       0.00784518       3.99861929
  1582       0.31048816       0.00451184       3.99695262
  1583       0.31382149       0.00117851       3.99528595
  1584       0.31715482      -0.00215482       3.99361929
  1585       0.32048816      -0.00548816       3.99195262
  1586       0.30833333       0.00666667       4.00333333
  1587       0.31166667       0.00333333       4.00166667
  1588       0.31500000       0.00000000       4.00000000
  1589       0.31833333      -0.00333333       3.99833333
  1590       0.32166667      -0.00666667       3.99666667
  1591       0.30951184       0.00548816       4.00804738
  1592       0.31284518       0.00215482       4.00638071
  1593       0.31617851      -0.00117851       4.00471405
  1594       0.31951184      -0.00451184       4.00304738
  1595       0.32284518      -0.00784518       4.00138071
  1596       0.31069036       0.00430964       4.01276142
  1597       0.31402369       0.00097631       4.01109476
  1598       0.31735702      -0.00235702       4.00942809
  1599       0.32069036      -0.00569036       4.00776142
  1600       0.32402369      -0.00902369       4.00609476
  1601       0.31097631       0.00902369       3.99390524
  1602       0.31430964       0.00569036       3.99223858
  1603       0.31764298       0.00235702       3.99057191
  1604       0.32097631      -0.00097631       3.98890524
  1605       0.32430964      -0.00430964       3.98723858
  1606       0.31215482       0.00784518       3.99861929
  1607       0.31548816       0.00451184       3.99695262
  1608       0.31882149       0.00117851       3.99528595
  1609       0.32215482      -0.00215482       3.99361929
  1610       0.32548816      -0.00548816       3.99195262
  1611       0.31333333       0.00666667       4.00333333
  1612       0.31666667       0.00333333       4.00166667
  1613       0.32000000       0.00000000       4.00000000
  1614       0.32333333      -0.00333333       3.99833333
  1615       0.32666667      -0.00666667       3.99666667
  1616       0.31451184       0.00548816       4.00804738
  1617       0.31784518       0.00215482       4.00638071
  1618       0.32117851      -0.00117851       4.00471405
  1619       0.32451184      -0.00451184       4.00304738
  1620       0.32784518      -0.00784518       4.00138071
  1621       0.31569036       0.00430964       4.01276142
  1622       0.31902369       0.00097631       4.01109476
  1623       0.32235702      -0.00235702       4.00942809
  1624       0.32569036      -0.00569036       4.00776142
  1625       0.32902369      -0.00902369       4.00609476
  1626       0.31597631       0.00902369       3.99390524
  1627       0.31930964       0.00569036       3.99223858
  1628       0.32264298       0.00235702       3.99057191
  1629       0.32597631      -0.00097631       3.98890524
  1630       0.32930964      -0.00430964       3.98723858
  1631       0.31715482       0.00784518       3.99861929
  1632       0.32048816       0.00451184       3.99695262
  1633       0.32382149       0.00117851       3.99528595
  1634       0.32715482      -0.00215482       3.99361929
  1635       0.33048816      -0.00548816       3.99195262
  1636       0.31833333       0.00666667       4.00333333
  1637       0.32166667       0.00333333       4.00166667
  1638       0.32500000       0.00000000       4.00000000
  1639       0.32833333      -0.00333333       3.99833333
  1640       0.33166667      -0.00666667       3.99666667
  1641       0.31951184       0.00548816       4.00804738
  1642       0.32284518       0.00215482       4.00638071
  1643       0.32617851      -0.00117851       4.00471405
  1644       0.32951184      -0.00451184       4.00304738
  1645       0.33284518      -0.00784518       4.00138071
  1646       0.32069036       0.00430964       4.01276142
  1647       0.32402369       0.00097631       4.01109476
  1648       0.32735702      -0.00235702       4.00942809
  1649       0.33069036      -0.00569036       4.00776142
  1650       0.33402369      -0.00902369       4.00609476
  1651       0.32097631       0.00902369       3.99390524
  1652       0.32430964       0.00569036       3.99223858
  1653       0.32764298       0.00235702       3.99057191
  1654       0.33097631      -0.00097631       3.98890524
  1655       0.33430964      -0.00430964       3.98723858
  1656       0.32215482       0.00784518       3.99861929
  1657       0.32548816       0.00451184       3.99695262
  1658       0.32882149       0.00117851       3.99528595
  1659       0.33215482      -0.00215482       3.99361929
  1660       0.33548816      -0.00548816       3.99195262
  1661       0.32333333       0.00666667       4.00333333
  1662       0.32666667       0.00333333       4.00166667
  1663       0.33000000       0.00000000       4.00000000
  1664       0.33333333      -0.00333333       3.99833333
  1665       0.33666667      -0.00666667       3.99666667
  1666       0.32451184       0.00548816       4.00804738
  1667       0.32784518       0.00215482       4.00638071
  1668       0.33117851      -0.00117851       4.00471405
  1669       0.33451184      -0.00451184       4.00304738
  1670       0.33784518      -0.00784518       4.00138071
  1671       0.32569036       0.00430964       4.01276142
  1672       0.32902369       0.00097631       4.01109476
  1673       0.33235702      -0.00235702       4.00942809
  1674       0.33569036      -0.00569036       4.00776142
  1675       0.33902369      -0.00902369       4.00609476
  1676       0.32597631       0.00902369       3.99390524
  1677       0.32930964       0.00569036       3.99223858
  1678       0.33264298       0.00235702       3.99057191
  1679       0.33597631      -0.00097631       3.98890524
  1680       0.33930964      -0.00430964       3.98723858
  1681       0.32715482       0.00784518       3.99861929
  1682       0.33048816       0.00451184       3.99695262
  1683       0.33382149       0.00117851       3.99528595
  1684       0.33715482      -0.00215482       3.99361929
  1685       0.34048816      -0.00548816       3.99195262
  1686       0.32833333       0.00666667       4.00333333
  1687       0.33166667       0.00333333       4.00166667
  1688       0.33500000       0.00000000       4.00000000
  1689       0.33833333      -0.00333333       3.99833333
  1690       0.34166667      -0.00666667       3.99666667
  1691       0.32951184       0.00548816       4.00804738
  1692       0.33284518       0.00215482       4.00638071
  1693       0.33617851      -0.00117851       4.00471405
  1694       0.33951184      -0.00451184       4.00304738
  1695       0.34284518      -0.00784518       4.00138071
  1696       0.33069036       0.00430964       4.01276142
  1697       0.33402369       0.00097631       4.01109476
  1698       0.33735702      -0.00235702       4.00942809
  1699       0.34069036      -0.00569036       4.00776142
  1700       0.34402369      -0.00902369       4.00609476
  1701       0.33097631       0.00902369       3.99390524
  1702       0.33430964       0.00569036       3.99223858
  1703       0.33764298       0.00235702       3.99057191
  1704       0.34097631      -0.00097631       3.98890524
  1705       0.34430964      -0.00430964       3.98723858
  1706       0.33215482       0.00784518       3.99861929
  1707       0.33548816       0.00451184       3.99695262
  1708       0.33882149       0.00117851       3.99528595
  1709       0.34215482      -0.00215482       3.99361929
  1710       0.34548816      -0.00548816       3.99195262
  1711       0.33333333       0.00666667       4.00333333
  1712       0.33666667       0.00333333       4.00166667
  1713       0.34000000       0.00000000       4.00000000
  1714       0.34333333      -0.00333333       3.99833333
  1715       0.34666667      -0.00666667       3.99666667
  1716       0.33451184       0.00548816       4.00804738
  1717       0.33784518       0.00215482       4.00638071
  1718       0.34117851      -0.00117851       4.00471405
  1719       0.34451184      -0.00451184       4.00304738
  1720       0.34784518      -0.00784518       4.00138071
  1721       0.33569036       0.00430964       4.01276142
  1722       0.33902369       0.00097631       4.01109476
  1723       0.34235702      -0.00235702       4.00942809
  1724       0.34569036      -0.00569036       4.00776142
  1725       0.34902369      -0.00902369       4.00609476
  1726       0.33597631       0.00902369       3.99390524
  1727       0.33930964       0.00569036       3.99223858
  1728       0.34264298       0.00235702       3.99057191
  1729       0.34597631      -0.00097631       3.98890524
  1730       0.34930964      -0.00430964       3.98723858
  1731       0.33715482       0.00784518       3.99861929
  1732       0.34048816       0.00451184       3.99695262
  1733       0.34382149       0.00117851       3.99528595
  1734       0.34715482      -0.00215482       3.99361929
  1735       0.35048816      -0.00548816       3.99195262
  1736       0.33833333       0.00666667       4.00333333
  1737       0.34166667       0.00333333       4.00166667
  1738       0.34500000       0.00000000       4.00000000
  1739       0.34833333      -0.00333333       3.99833333
  1740       0.35166667      -0.00666667       3.99666667
  1741       0.33951184       0.00548816       4.00804738
  1742       0.34284518       0.00215482       4.00638071
  1743       0.34617851      -0.00117851       4.00471405
  1744       0.34951184      -0.00451184       4.00304738
  1745       0.35284518      -0.00784518       4.00138071
  1746       0.34069036       0.00430964       4.01276142
  1747       0.34402369       0.00097631       4.01109476
  1748       0.34735702      -0.00235702       4.00942809
  1749       0.35069036      -0.00569036       4.00776142
  1750       0.35402369      -0.00902369       4.00609476
  1751       0.34097631       0.00902369       3.99390524
  1752       0.34430964       0.00569036       3.99223858
  1753       0.34764298       0.00235702       3.99057191
  1754       0.35097631      -0.00097631       3.98890524
  1755       0.35430964      -0.00430964       3.98723858
  1756       0.34215482       0.00784518       3.99861929
  1757       0.34548816       0.00451184       3.99695262
  1758       0.34882149       0.00117851       3.99528595
  1759       0.35215482      -0.00215482       3.99361929
  1760       0.35548816      -0.00548816       3.99195262
  1761       0.34333333       0.00666667       4.00333333
  1762       0.34666667       0.00333333       4.00166667
  1763       0.35000000       0.00000000       4.00000000
  1764       0.35333333      -0.00333333       3.99833333
  1765       0.35666667      -0.00666667       3.99666667
  1766       0.34451184       0.00548816       4.00804738
  1767       0.34784518       0.00215482       4.00638071
  1768       0.35117851      -0.00117851       4.00471405
  1769       0.35451184      -0.00451184       4.00304738
  1770       0.35784518      -0.00784518       4.00138071
  1771       0.34569036       0.00430964       4.01276142
  1772       0.34902369       0.00097631       4.01109476
  1773       0.35235702      -0.00235702       4.00942809
  1774       0.35569036      -0.00569036       4.00776142
  1775       0.35902369      -0.00902369       4.00609476
  1776       0.34597631       0.00902369       3.99390524
  1777       0.34930964       0.00569036       3.99223858
  1778       0.35264298       0.00235702       3.99057191
  1779       0.35597631      -0.00097631       3.98890524
  1780       0.35930964      -0.00430964       3.98723858
  1781       0.34715482       0.00784518       3.99861929
  1782       0.35048816       0.00451184       3.99695262
  1783       0.35382149       0.00117851       3.99528595
  1784       0.35715482      -0.00215482       3.99361929
  1785       0.36048816      -0.00548816       3.99195262
  1786       0.34833333       0.00666667       4.00333333
  1787       0.35166667       0.00333333       4.00166667
  1788       0.35500000       0.00000000       4.00000000
  1789       0.35833333      -0.00333333       3.99833333
  1790       0.36166667      -0.00666667       3.99666667
  1791       0.34951184       0.00548816       4.00804738
  1792       0.35284518       0.00215482       4.00638071
  1793       0.35617851      -0.00117851       4.00471405
  1794       0.35951184      -0.00451184       4.00304738
  1795       0.36284518      -0.00784518       4.00138071
  1796       0.35069036       0.00430964       4.01276142
  1797       0.35402369       0.00097631       4.01109476
  1798       0.35735702      -0.00235702       4.00942809
  1799       0.36069036      -0.00569036       4.00776142
  1800       0.36402369      -0.00902369       4.00609476
  1801       0.35097631       0.00902369       3.99390524
  1802       0.35430964       0.00569036       3.99223858
  1803       0.35764298       0.00235702       3.99057191
  1804       0.36097631      -0.00097631       3.98890524
  1805       0.36430964      -0.00430964       3.98723858
  1806       0.35215482       0.00784518       3.99861929
  1807       0.35548816       0.00451184       3.99695262
  1808       0.35882149       0.00117851       3.99528595
  1809       0.36215482      -0.00215482       3.99361929
  1810       0.36548816      -0.00548816       3.99195262
  1811       0.35333333       0.00666667       4.00333333
  1812       0.35666667       0.00333333       4.00166667
  1813       0.36000000       0.00000000       4.00000000
  1814       0.36333333      -0.00333333       3.99833333
  1815       0.36666667      -0.00666667       3.99666667
  1816       0.35451184       0.00548816       4.00804738
  1817       0.35784518       0.00215482       4.00638071
  1818       0.36117851      -0.00117851       4.00471405
  1819       0.36451184      -0.00451184       4.00304738
  1820       0.36784518      -0.00784518       4.00138071
  1821       0.35569036       0.00430964       4.01276142
  1822       0.35902369       0.00097631       4.01109476
  1823       0.36235702      -0.00235702       4.00942809
  1824       0.36569036      -0.00569036       4.00776142
  1825       0.36902369      -0.00902369       4.00609476
  1826       0.35597631       0.00902369       3.99390524
  1827       0.35930964       0.00569036       3.99223858
  1828       0.36264298       0.00235702       3.99057191
  1829       0.36597631      -0.00097631       3.98890524
  1830       0.36930964      -0.00430964       3.98723858
  1831       0.35715482       0.00784518       3.99861929
  1832       0.36048816       0.00451184       3.99695262
  1833       0.36382149       0.00117851       3.99528595
  1834       0.36715482      -0.00215482       3.99361929
  1835       0.37048816      -0.00548816       3.99195262
  1836       0.35833333       0.00666667       4.00333333
  1837       0.36166667       0.00333333       4.00166667
  1838       0.36500000       0.00000000       4.00000000
  1839       0.36833333      -0.00333333       3.99833333
  1840       0.37166667      -0.00666667       3.99666667
  1841       0.35951184       0.00548816       4.00804738
  1842       0.36284518       0.00215482       4.00638071
  1843       0.36617851      -0.00117851       4.00471405
  1844       0.36951184      -0.00451184       4.00304738
  1845       0.37284518      -0.00784518       4.00138071
  1846       0.36069036       0.00430964       4.01276142
  1847       0.36402369       0.00097631       4.01109476
  1848       0.36735702      -0.00235702       4.00942809
  1849       0.37069036      -0.00569036       4.00776142
  1850       0.37402369      -0.00902369       4.00609476
  1851       0.36097631       0.00902369       3.99390524
  1852       0.36430964       0.00569036       3.99223858
  1853       0.36764298       0.00235702       3.99057191
  1854       0.37097631      -0.00097631       3.98890524
  1855       0.37430964      -0.00430964       3.98723858
  1856       0.36215482       0.00784518       3.99861929
  1857       0.36548816       0.00451184       3.99695262
  1858       0.36882149       0.00117851       3.99528595
  1859       0.37215482      -0.00215482       3.99361929
  1860       0.37548816      -0.00548816       3.99195262
  1861       0.36333333       0.00666667       4.00333333
  1862       0.36666667       0.00333333       4.00166667
  1863       0.37000000       0.00000000       4.00000000
  1864       0.37333333      -0.00333333       3.99833333
  1865       0.37666667      -0.00666667       3.99666667
  1866       0.36451184       0.00548816       4.00804738
  1867       0.36784518       0.00215482       4.00638071
  1868       0.37117851      -0.00117851       4.00471405
  1869       0.37451184      -0.00451184       4.00304738
  1870       0.37784518      -0.00784518       4.00138071
  1871       0.36569036       0.00430964       4.01276142
  1872       0.36902369       0.00097631       4.01109476
  1873       0.37235702      -0.00235702       4.00942809
  1874       0.37569036      -0.00569036       4.00776142
  1875       0.37902369      -0.00902369       4.00609476
  1876       0.36597631       0.00902369       3.99390524
  1877       0.36930964       0.00569036       3.99223858
  1878       0.37264298       0.00235702       3.99057191
  1879       0.37597631      -0.00097631       3.98890524
  1880       0.37930964      -0.00430964       3.98723858
  1881       0.36715482       0.00784518       3.99861929
  1882       0.37048816       0.00451184       3.99695262
  1883       0.37382149       0.00117851       3.99528595
  1884       0.37715482      -0.00215482       3.99361929
  1885       0.38048816      -0.00548816       3.99195262
  1886       0.36833333       0.00666667       4.00333333
  1887       0.37166667       0.00333333       4.00166667
  1888       0.37500000       0.00000000       4.00000000
  1889       0.37833333      -0.00333333       3.99833333
  1890       0.38166667      -0.00666667       3.99666667
  1891       0.36951184       0.00548816       4.00804738
  1892       0.37284518       0.00215482       4.00638071
  1893       0.37617851      -0.00117851       4.00471405
  1894       0.37951184      -0.00451184       4.00304738
  1895       0.38284518      -0.00784518       4.00138071
  1896       0.37069036       0.00430964       4.01276142
  1897       0.37402369       0.00097631       4.01109476
  1898       0.37735702      -0.00235702       4.00942809
  1899       0.38069036      -0.00569036       4.00776142
  1900       0.38402369      -0.00902369       4.00609476
  1901       0.37097631       0.00902369       3.99390524
  1902       0.37430964       0.00569036       3.99223858
  1903       0.37764298       0.00235702       3.99057191
  1904       0.38097631      -0.00097631       3.98890524
  1905       0.38430964      -0.00430964       3.98723858
  1906       0.37215482       0.00784518       3.99861929
  1907       0.37548816       0.00451184       3.99695262
  1908       0.37882149       0.00117851       3.99528595
  1909       0.38215482      -0.00215482       3.99361929
  1910       0.38548816      -0.00548816       3.99195262
  1911       0.37333333       0.00666667       4.00333333
  1912       0.37666667       0.00333333       4.00166667
  1913       0.38000000       0.00000000       4.00000000
  1914       0.38333333      -0.00333333       3.99833333
  1915       0.38666667      -0.00666667       3.99666667
  1916       0.37451184       0.00548816       4.00804738
  1917       0.37784518       0.00215482       4.00638071
  1918       0.38117851      -0.00117851       4.00471405
  1919       0.38451184      -0.00451184       4.00304738
  1920       0.38784518      -0.00784518       4.00138071
  1921       0.37569036       0.00430964       4.01276142
  1922       0.37902369       0.00097631       4.01109476
  1923       0.38235702      -0.00235702       4.00942809
  1924       0.38569036      -0.00569036       4.00776142
  1925       0.38902369      -0.00902369       4.00609476
  1926       0.37597631       0.00902369       3.99390524
  1927       0.37930964       0.00569036       3.99223858
  1928       0.38264298       0.00235702       3.99057191
  1929       0.38597631      -0.00097631       3.98890524
  1930       0.38930964      -0.00430964       3.98723858
  1931       0.37715482       0.00784518       3.99861929
  1932       0.38048816       0.00451184       3.99695262
  1933       0.38382149       0.00117851       3.99528595
  1934       0.38715482      -0.00215482       3.99361929
  1935       0.39048816      -0.00548816       3.99195262
  1936       0.37833333       0.00666667       4.00333333
  1937       0.38166667       0.00333333       4.00166667
  1938       0.38500000       0.00000000       4.00000000
  1939       0.38833333      -0.00333333       3.99833333
  1940       0.39166667      -0.00666667       3.99666667
  1941       0.37951184       0.00548816       4.00804738
  1942       0.38284518       0.00215482       4.00638071
  1943       0.38617851      -0.00117851       4.00471405
  1944       0.38951184      -0.00451184       4.00304738
  1945       0.39284518      -0.00784518       4.00138071
  1946       0.38069036       0.00430964       4.01276142
  1947       0.38402369       0.00097631       4.01109476
  1948       0.38735702      -0.00235702       4.00942809
  1949       0.39069036      -0.00569036       4.00776142
  1950       0.39402369      -0.00902369       4.00609476
  1951       0.38097631       0.00902369       3.99390524
  1952       0.38430964       0.00569036       3.99223858
  1953       0.38764298       0.00235702       3.99057191
  1954       0.39097631      -0.00097631       3.98890524
  1955       0.39430964      -0.00430964       3.98723858
  1956       0.38215482       0.00784518       3.99861929
  1957       0.38548816       0.00451184       3.99695262
  1958       0.38882149       0.00117851       3.99528595
  1959       0.39215482      -0.00215482       3.99361929
  1960       0.39548816      -0.00548816       3.99195262
  1961       0.38333333       0.00666667       4.00333333
  1962       0.38666667       0.00333333       4.00166667
  1963       0.39000000       0.00000000       4.00000000
  1964       0.39333333      -0.00333333       3.99833333
  1965       0.39666667      -0.00666667       3.99666667
  1966       0.38451184       0.00548816       4.00804738
  1967       0.38784518       0.00215482       4.00638071
  1968       0.39117851      -0.00117851       4.00471405
  1969       0.39451184      -0.00451184       4.00304738
  1970       0.39784518      -0.00784518       4.00138071
  1971       0.38569036       0.00430964       4.01276142
  1972       0.38902369       0.00097631       4.01109476
  1973       0.39235702      -0.00235702       4.00942809
  1974       0.39569036      -0.00569036       4.00776142
  1975       0.39902369      -0.00902369       4.00609476
  1976       0.38597631       0.00902369       3.99390524
  1977       0.38930964       0.00569036       3.99223858
  1978       0.39264298       0.00235702       3.99057191
  1979       0.39597631      -0.00097631       3.98890524
  1980       0.39930964      -0.00430964       3.98723858
  1981       0.38715482       0.00784518       3.99861929
  1982       0.39048816       0.00451184       3.99695262
  1983       0.39382149       0.00117851       3.99528595
  1984       0.39715482      -0.00215482       3.99361929
  1985       0.40048816      -0.00548816       3.99195262
  1986       0.38833333       0.00666667       4.00333333
  1987       0.39166667       0.00333333       4.00166667
  1988       0.39500000       0.00000000       4.00000000
  1989       0.39833333      -0.00333333       3.99833333
  1990       0.40166667      -0.00666667       3.99666667
  1991       0.38951184       0.00548816       4.00804738
  1992       0.39284518       0.00215482       4.00638071
  1993       0.39617851      -0.00117851       4.00471405
  1994       0.39951184      -0.00451184       4.00304738
  1995       0.40284518      -0.00784518       4.00138071
  1996       0.39069036       0.00430964       4.01276142
  1997       0.39402369       0.00097631       4.01109476
  1998       0.39735702      -0.00235702       4.00942809
  1999       0.40069036      -0.00569036       4.00776142
  2000       0.40402369      -0.00902369       4.00609476
  2001       0.39097631       0.00902369       3.99390524
  2002       0.39430964       0.00569036       3.99223858
  2003       0.39764298       0.00235702       3.99057191
  2004       0.40097631      -0.00097631       3.98890524
  2005       0.40430964      -0.00430964       3.98723858
  2006       0.39215482       0.00784518       3.99861929
  2007       0.39548816       0.00451184       3.99695262
  2008       0.39882149       0.00117851       3.99528595
  2009       0.40215482      -0.00215482       3.99361929
  2010       0.40548816      -0.00548816       3.99195262
  2011       0.39333333       0.00666667       4.00333333
  2012       0.39666667       0.00333333       4.00166667
  2013       0.40000000       0.00000000       4.00000000
  2014       0.40333333      -0.00333333       3.99833333
  2015       0.40666667      -0.00666667       3.99666667
  2016       0.39451184       0.00548816       4.00804738
  2017       0.39784518       0.00215482       4.00638071
  2018       0.40117851      -0.00117851       4.00471405
  2019       0.40451184      -0.00451184       4.00304738
  2020       0.40784518      -0.00784518       4.00138071
  2021       0.39569036       0.00430964       4.01276142
  2022       0.39902369       0.00097631       4.01109476
  2023       0.40235702      -0.00235702       4.00942809
  2024       0.40569036      -0.00569036       4.00776142
  2025       0.40902369      -0.00902369       4.00609476
  2026       0.39597631       0.00902369       3.99390524
  2027       0.39930964       0.00569036       3.99223858
  2028       0.40264298       0.00235702       3.99057191
  2029       0.40597631      -0.00097631       3.98890524
  2030       0.40930964      -0.00430964       3.98723858
  2031       0.39715482       0.00784518       3.99861929
  2032       0.40048816       0.00451184       3.99695262
  2033       0.40382149       0.00117851       3.99528595
  2034       0.40715482      -0.00215482       3.99361929
  2035       0.41048816      -0.00548816       3.99195262
  2036       0.39833333       0.00666667       4.00333333
  2037       0.40166667       0.00333333       4.00166667
  2038       0.40500000       0.00000000       4.00000000
  2039       0.40833333      -0.00333333       3.99833333
  2040       0.41166667      -0.00666667       3.99666667
  2041       0.39951184       0.00548816       4.00804738
  2042       0.40284518       0.00215482       4.00638071
  2043       0.40617851      -0.00117851       4.00471405
  2044       0.40951184      -0.00451184       4.00304738
  2045       0.41284518      -0.00784518       4.00138071
  2046       0.40069036       0.00430964       4.01276142
  2047       0.40402369       0.00097631       4.01109476
  2048       0.40735702      -0.00235702       4.00942809
  2049       0.41069036      -0.00569036       4.00776142
  2050       0.41402369      -0.00902369       4.00609476
  2051       0.40097631       0.00902369       3.99390524
  2052       0.40430964       0.00569036       3.99223858
  2053       0.40764298       0.00235702       3.99057191
  2054       0.41097631      -0.00097631       3.98890524
  2055       0.41430964      -0.00430964       3.98723858
  2056       0.40215482       0.00784518       3.99861929
  2057       0.40548816       0.00451184       3.99695262
  2058       0.40882149       0.00117851       3.99528595
  2059       0.41215482      -0.00215482       3.99361929
  2060       0.41548816      -0.00548816       3.99195262
  2061       0.40333333       0.00666667       4.00333333
  2062       0.40666667       0.00333333       4.00166667
  2063       0.41000000       0.00000000       4.00000000
  2064       0.41333333      -0.00333333       3.99833333
  2065       0.41666667      -0.00666667       3.99666667
  2066       0.40451184       0.00548816       4.00804738
  2067       0.40784518       0.00215482       4.00638071
  2068       0.41117851      -0.00117851       4.00471405
  2069       0.41451184      -0.00451184       4.00304738
  2070       0.41784518      -0.00784518       4.00138071
  2071       0.40569036       0.00430964       4.01276142
  2072       0.40902369       0.00097631       4.01109476
  2073       0.41235702      -0.00235702       4.00942809
  2074       0.41569036      -0.00569036       4.00776142
  2075       0.41902369      -0.00902369       4.00609476
  2076       0.40597631       0.00902369       3.99390524
  2077       0.40930964       0.00569036       3.99223858
  2078       0.41264298       0.00235702       3.99057191
  2079       0.41597631      -0.00097631       3.98890524
  2080       0.41930964      -0.00430964       3.98723858
  2081       0.40715482       0.00784518       3.99861929
  2082       0.41048816       0.00451184       3.99695262
  2083       0.41382149       0.00117851       3.99528595
  2084       0.41715482      -0.00215482       3.99361929
  2085       0.42048816      -0.00548816       3.99195262
  2086       0.40833333       0.00666667       4.00333333
  2087       0.41166667       0.00333333       4.00166667
  2088       0.41500000       0.00000000       4.00000000
  2089       0.41833333      -0.00333333       3.99833333
  2090       0.42166667      -0.00666667       3.99666667
  2091       0.40951184       0.00548816       4.00804738
  2092       0.41284518       0.00215482       4.00638071
  2093       0.41617851      -0.00117851       4.00471405
  2094       0.41951184      -0.00451184       4.00304738
  2095       0.42284518      -0.00784518       4.00138071
  2096       0.41069036       0.00430964       4.01276142
  2097       0.41402369       0.00097631       4.01109476
  2098       0.41735702      -0.00235702       4.00942809
  2099       0.42069036      -0.00569036       4.00776142
  2100       0.42402369      -0.00902369       4.00609476
  2101       0.41097631       0.00902369       3.99390524
  2102       0.41430964       0.00569036       3.99223858
  2103       0.41764298       0.00235702       3.99057191
  2104       0.42097631      -0.00097631       3.98890524
  2105       0.42430964      -0.00430964       3.98723858
  2106       0.41215482       0.00784518       3.99861929
  2107       0.41548816       0.00451184       3.99695262
  2108       0.41882149       0.00117851       3.99528595
  2109       0.42215482      -0.00215482       3.99361929
  2110       0.42548816      -0.00548816       3.99195262
  2111       0.41333333       0.00666667       4.00333333
  2112       0.41666667       0.00333333       4.00166667
  2113       0.42000000       0.00000000       4.00000000
  2114       0.42333333      -0.00333333       3.99833333
  2115       0.42666667      -0.00666667       3.99666667
  2116       0.41451184       0.00548816       4.00804738
  2117       0.41784518       0.00215482       4.00638071
  2118       0.42117851      -0.00117851       4.00471405
  2119       0.42451184      -0.00451184       4.00304738
  2120       0.42784518      -0.00784518       4.00138071
  2121       0.41569036       0.00430964       4.01276142
  2122       0.41902369       0.00097631       4.01109476
  2123       0.42235702      -0.00235702       4.00942809
  2124       0.42569036      -0.00569036       4.00776142
  2125       0.42902369      -0.00902369       4.00609476
  2126       0.41597631       0.00902369       3.99390524
  2127       0.41930964       0.00569036       3.99223858
  2128       0.42264298       0.00235702       3.99057191
  2129       0.42597631      -0.00097631       3.98890524
  2130       0.42930964      -0.00430964       3.98723858
  2131       0.41715482       0.00784518       3.99861929
  2132       0.42048816       0.00451184       3.99695262
  2133       0.42382149       0.00117851       3.99528595
  2134       0.42715482      -0.00215482       3.99361929
  2135       0.43048816      -0.00548816       3.99195262
  2136       0.41833333       0.00666667       4.00333333
  2137       0.42166667       0.00333333       4.00166667
  2138       0.42500000       0.00000000       4.00000000
  2139       0.42833333      -0.00333333       3.99833333
  2140       0.43166667      -0.00666667       3.99666667
  2141       0.41951184       0.00548816       4.00804738
  2142       0.42284518       0.00215482       4.00638071
  2143       0.42617851      -0.00117851       4.00471405
  2144       0.42951184      -0.00451184       4.00304738
  2145       0.43284518      -0.00784518       4.00138071
  2146       0.42069036       0.00430964       4.01276142
  2147       0.42402369       0.00097631       4.01109476
  2148       0.42735702      -0.00235702       4.00942809
  2149       0.43069036      -0.00569036       4.00776142
  2150       0.43402369      -0.00902369       4.00609476
  2151       0.42097631       0.00902369       3.99390524
  2152       0.42430964       0.00569036       3.99223858
  2153       0.42764298       0.00235702       3.99057191
  2154       0.43097631      -0.00097631       3.98890524
  2155       0.43430964      -0.00430964       3.98723858
  2156       0.42215482       0.00784518       3.99861929
  2157       0.42548816       0.00451184       3.99695262
  2158       0.42882149       0.00117851       3.99528595
  2159       0.43215482      -0.00215482       3.99361929
  2160       0.43548816      -0.00548816       3.99195262
  2161       0.42333333       0.00666667       4.00333333
  2162       0.42666667       0.00333333       4.00166667
  2163       0.43000000       0.00000000       4.00000000
  2164       0.43333333      -0.00333333       3.99833333
  2165       0.43666667      -0.00666667       3.99666667
  2166       0.42451184       0.00548816       4.00804738
  2167       0.42784518       0.00215482       4.00638071
  2168       0.43117851      -0.00117851       4.00471405
  2169       0.43451184      -0.00451184       4.00304738
  2170       0.43784518      -0.00784518       4.00138071
  2171       0.42569036       0.00430964       4.01276142
  2172       0.42902369       0.00097631       4.01109476
  2173       0.43235702      -0.00235702       4.00942809
  2174       0.43569036      -0.00569036       4.00776142
  2175       0.43902369      -0.00902369       4.00609476
  2176       0.42597631       0.00902369       3.99390524
  2177       0.42930964       0.00569036       3.99223858
  2178       0.43264298       0.00235702       3.99057191
  2179       0.43597631      -0.00097631       3.98890524
  2180       0.43930964      -0.00430964       3.98723858
  2181       0.42715482       0.00784518       3.99861929
  2182       0.43048816       0.00451184       3.99695262
  2183       0.43382149       0.00117851       3.99528595
  2184       0.43715482      -0.00215482       3.99361929
  2185       0.44048816      -0.00548816       3.99195262
  2186       0.42833333       0.00666667       4.00333333
  2187       0.43166667       0.00333333       4.00166667
  2188       0.43500000       0.00000000       4.00000000
  2189       0.43833333      -0.00333333       3.99833333
  2190       0.44166667      -0.00666667       3.99666667
  2191       0.42951184       0.00548816       4.00804738
  2192       0.43284518       0.00215482       4.00638071
  2193       0.43617851      -0.00117851       4.00471405
  2194       0.43951184      -0.00451184       4.00304738
  2195       0.44284518      -0.00784518       4.00138071
  2196       0.43069036       0.00430964       4.01276142
  2197       0.43402369       0.00097631       4.01109476
  2198       0.43735702      -0.00235702       4.00942809
  2199       0.44069036      -0.00569036       4.00776142
  2200       0.44402369      -0.00902369       4.00609476
  2201       0.43097631       0.00902369       3.99390524
  2202       0.43430964       0.00569036       3.99223858
  2203       0.43764298       0.00235702       3.99057191
  2204       0.44097631      -0.00097631       3.98890524
  2205       0.44430964      -0.00430964       3.98723858
  2206       0.43215482       0.00784518       3.99861929
  2207       0.43548816       0.00451184       3.99695262
  2208       0.43882149       0.00117851       3.99528595
  2209       0.44215482      -0.00215482       3.99361929
  2210       0.44548816      -0.00548816       3.99195262
  2211       0.43333333       0.00666667       4.00333333
  2212       0.43666667       0.00333333       4.00166667
  2213       0.44000000       0.00000000       4.00000000
  2214       0.44333333      -0.00333333       3.99833333
  2215       0.44666667      -0.00666667       3.99666667
  2216       0.43451184       0.00548816       4.00804738
  2217       0.43784518       0.00215482       4.00638071
  2218       0.44117851      -0.00117851       4.00471405
  2219       0.44451184      -0.00451184       4.00304738
  2220       0.44784518      -0.00784518       4.00138071
  2221       0.43569036       0.00430964       4.01276142
  2222       0.43902369       0.00097631       4.01109476
  2223       0.44235702      -0.00235702       4.00942809
  2224       0.44569036      -0.00569036       4.00776142
  2225       0.44902369      -0.00902369       4.00609476
  2226       0.43597631       0.00902369       3.99390524
  2227       0.43930964       0.00569036       3.99223858
  2228       0.44264298       0.00235702       3.99057191
  2229       0.44597631      -0.00097631       3.98890524
  2230       0.44930964      -0.00430964       3.98723858
  2231       0.43715482       0.00784518       3.99861929
  2232       0.44048816       0.00451184       3.99695262
  2233       0.44382149       0.00117851       3.99528595
  2234       0.44715482      -0.00215482       3.99361929
  2235       0.45048816      -0.00548816       3.99195262
  2236       0.43833333       0.00666667       4.00333333
  2237       0.44166667       0.00333333       4.00166667
  2238       0.44500000       0.00000000       4.00000000
  2239       0.44833333      -0.00333333       3.99833333
  2240       0.45166667      -0.00666667       3.99666667
  2241       0.43951184       0.00548816       4.00804738
  2242       0.44284518       0.00215482       4.00638071
  2243       0.44617851      -0.00117851       4.00471405
  2244       0.44951184      -0.00451184       4.00304738
  2245       0.45284518      -0.00784518       4.00138071
  2246       0.44069036       0.00430964       4.01276142
  2247       0.44402369       0.00097631       4.01109476
  2248       0.44735702      -0.00235702       4.00942809
  2249       0.45069036      -0.00569036       4.00776142
  2250       0.45402369      -0.00902369       4.00609476
  2251       0.44097631       0.00902369       3.99390524
  2252       0.44430964       0.00569036       3.99223858
  2253       0.44764298       0.00235702       3.99057191
  2254       0.45097631      -0.00097631       3.98890524
  2255       0.45430964      -0.00430964       3.98723858
  2256       0.44215482       0.00784518       3.99861929
  2257       0.44548816       0.00451184       3.99695262
  2258       0.44882149       0.00117851       3.99528595
  2259       0.45215482      -0.00215482       3.99361929
  2260       0.45548816      -0.00548816       3.99195262
  2261       0.44333333       0.00666667       4.00333333
  2262       0.44666667       0.00333333       4.00166667
  2263       0.45000000       0.00000000       4.00000000
  2264       0.45333333      -0.00333333       3.99833333
  2265       0.45666667      -0.00666667       3.99666667
  2266       0.44451184       0.00548816       4.00804738
  2267       0.44784518       0.00215482       4.00638071
  2268       0.45117851      -0.00117851       4.00471405
  2269       0.45451184      -0.00451184       4.00304738
  2270       0.45784518      -0.00784518       4.00138071
  2271       0.44569036       0.00430964       4.01276142
  2272       0.44902369       0.00097631       4.01109476
  2273       0.45235702      -0.00235702       4.00942809
  2274       0.45569036      -0.00569036       4.00776142
  2275       0.45902369      -0.00902369       4.00609476
  2276       0.44597631       0.00902369       3.99390524
  2277       0.44930964       0.00569036       3.99223858
  2278       0.45264298       0.00235702       3.99057191
  2279       0.45597631      -0.00097631       3.98890524
  2280       0.45930964      -0.00430964       3.98723858
  2281       0.44715482       0.00784518       3.99861929
  2282       0.45048816       0.00451184       3.99695262
  2283       0.45382149       0.00117851       3.99528595
  2284       0.45715482      -0.00215482       3.99361929
  2285       0.46048816      -0.00548816       3.99195262
  2286       0.44833333       0.00666667       4.00333333
  2287       0.45166667       0.00333333       4.00166667
  2288       0.45500000       0.00000000       4.00000000
  2289       0.45833333      -0.00333333       3.99833333
  2290       0.46166667      -0.00666667       3.99666667
  2291       0.44951184       0.00548816       4.00804738
  2292       0.45284518       0.00215482       4.00638071
  2293       0.45617851      -0.00117851       4.00471405
  2294       0.45951184      -0.00451184       4.00304738
  2295       0.46284518      -0.00784518       4.00138071
  2296       0.45069036       0.00430964       4.01276142
  2297       0.45402369       0.00097631       4.01109476
  2298       0.45735702      -0.00235702       4.00942809
  2299       0.46069036      -0.00569036       4.00776142
  2300       0.46402369      -0.00902369       4.00609476
  2301       0.45097631       0.00902369       3.99390524
  2302       0.45430964       0.00569036       3.99223858
  2303       0.45764298       0.00235702       3.99057191
  2304       0.46097631      -0.00097631       3.98890524
  2305       0.46430964      -0.00430964       3.98723858
  2306       0.45215482       0.00784518       3.99861929
  2307       0.45548816       0.00451184       3.99695262
  2308       0.45882149       0.00117851       3.99528595
  2309       0.46215482      -0.00215482       3.99361929
  2310       0.46548816      -0.00548816       3.99195262
  2311       0.45333333       0.00666667       4.00333333
  2312       0.45666667       0.00333333       4.00166667
  2313       0.46000000       0.00000000       4.00000000
  2314       0.46333333      -0.00333333       3.99833333
  2315       0.46666667      -0.00666667       3.99666667
  2316       0.45451184       0.00548816       4.00804738
  2317       0.45784518       0.00215482       4.00638071
  2318       0.46117851      -0.00117851       4.00471405
  2319       0.46451184      -0.00451184       4.00304738
  2320       0.46784518      -0.00784518       4.00138071
  2321       0.45569036       0.00430964       4.01276142
  2322       0.45902369       0.00097631       4.01109476
  2323       0.46235702      -0.00235702       4.00942809
  2324       0.46569036      -0.00569036       4.00776142
  2325       0.46902369      -0.00902369       4.00609476
  2326       0.45597631       0.00902369       3.99390524
  2327       0.45930964       0.00569036       3.99223858
  2328       0.46264298       0.00235702       3.99057191
  2329       0.46597631      -0.00097631       3.98890524
  2330       0.46930964      -0.00430964       3.98723858
  2331       0.45715482       0.00784518       3.99861929
  2332       0.46048816       0.00451184       3.99695262
  2333       0.46382149       0.00117851       3.99528595
  2334       0.46715482      -0.00215482       3.99361929
  2335       0.47048816      -0.00548816       3.99195262
  2336       0.45833333       0.00666667       4.00333333
  2337       0.46166667       0.00333333       4.00166667
  2338       0.46500000       0.00000000       4.00000000
  2339       0.46833333      -0.00333333       3.99833333
  2340       0.47166667      -0.00666667       3.99666667
  2341       0.45951184       0.00548816       4.00804738
  2342       0.46284518       0.00215482       4.00638071
  2343       0.46617851      -0.00117851       4.00471405
  2344       0.46951184      -0.00451184       4.00304738
  2345       0.47284518      -0.00784518       4.00138071
  2346       0.46069036       0.00430964       4.01276142
  2347       0.46402369       0.00097631       4.01109476
  2348       0.46735702      -0.00235702       4.00942809
  2349       0.47069036      -0.00569036       4.00776142
  2350       0.47402369      -0.00902369       4.00609476
  2351       0.46097631       0.00902369       3.99390524
  2352       0.46430964       0.00569036       3.99223858
  2353       0.46764298       0.00235702       3.99057191
  2354       0.47097631      -0.00097631       3.98890524
  2355       0.47430964      -0.00430964       3.98723858
  2356       0.46215482       0.00784518       3.99861929
  2357       0.46548816       0.00451184       3.99695262
  2358       0.46882149       0.00117851       3.99528595
  2359       0.47215482      -0.00215482       3.99361929
  2360       0.47548816      -0.00548816       3.99195262
  2361       0.46333333       0.00666667       4.00333333
  2362       0.46666667       0.00333333       4.00166667
  2363       0.47000000       0.00000000       4.00000000
  2364       0.47333333      -0.00333333       3.99833333
  2365       0.47666667      -0.00666667       3.99666667
  2366       0.46451184       0.00548816       4.00804738
  2367       0.46784518       0.00215482       4.00638071
  2368       0.47117851      -0.00117851       4.00471405
  2369       0.47451184      -0.00451184       4.00304738
  2370       0.47784518      -0.00784518       4.00138071
  2371       0.46569036       0.00430964       4.01276142
  2372       0.46902369       0.00097631       4.01109476
  2373       0.47235702      -0.00235702       4.00942809
  2374       0.47569036      -0.00569036       4.00776142
  2375       0.47902369      -0.00902369       4.00609476
  2376       0.46597631       0.00902369       3.99390524
  2377       0.46930964       0.00569036       3.99223858
  2378       0.47264298       0.00235702       3.99057191
  2379       0.47597631      -0.00097631       3.98890524
  2380       0.47930964      -0.00430964       3.98723858
  2381       0.46715482       0.00784518       3.99861929
  2382       0.47048816       0.00451184       3.99695262
  2383       0.47382149       0.00117851       3.99528595
  2384       0.47715482      -0.00215482       3.99361929
  2385       0.48048816      -0.00548816       3.99195262
  2386       0.46833333       0.00666667       4.00333333
  2387       0.47166667       0.00333333       4.00166667
  2388       0.47500000       0.00000000       4.00000000
  2389       0.47833333      -0.00333333       3.99833333
  2390       0.48166667      -0.00666667       3.99666667
  2391       0.46951184       0.00548816       4.00804738
  2392       0.47284518       0.00215482       4.00638071
  2393       0.47617851      -0.00117851       4.00471405
  2394       0.47951184      -0.00451184       4.00304738
  2395       0.48284518      -0.00784518       4.00138071
  2396       0.47069036       0.00430964       4.01276142
  2397       0.47402369       0.00097631       4.01109476
  2398       0.47735702      -0.00235702       4.00942809
  2399       0.48069036      -0.00569036       4.00776142
  2400       0.48402369      -0.00902369       4.00609476
  2401       0.47097631       0.00902369       3.99390524
  2402       0.47430964       0.00569036       3.99223858
  2403       0.47764298       0.00235702       3.99057191
  2404       0.48097631      -0.00097631       3.98890524
  2405       0.48430964      -0.00430964       3.98723858
  2406       0.47215482       0.00784518       3.99861929
  2407       0.47548816       0.00451184       3.99695262
  2408       0.47882149       0.00117851       3.99528595
  2409       0.48215482      -0.00215482       3.99361929
  2410       0.48548816      -0.00548816       3.99195262
  2411       0.47333333       0.00666667       4.00333333
  2412       0.47666667       0.00333333       4.00166667
  2413       0.48000000       0.00000000       4.00000000
  2414       0.48333333      -0.00333333       3.99833333
  2415       0.48666667      -0.00666667       3.99666667
  2416       0.47451184       0.00548816       4.00804738
  2417       0.47784518       0.00215482       4.00638071
  2418       0.48117851      -0.00117851       4.00471405
  2419       0.48451184      -0.00451184       4.00304738
  2420       0.48784518      -0.00784518       4.00138071
  2421       0.47569036       0.00430964       4.01276142
  2422       0.47902369       0.00097631       4.01109476
  2423       0.48235702      -0.00235702       4.00942809
  2424       0.48569036      -0.00569036       4.00776142
  2425       0.48902369      -0.00902369       4.00609476
  2426       0.47597631       0.00902369       3.99390524
  2427       0.47930964       0.00569036       3.99223858
  2428       0.48264298       0.00235702       3.99057191
  2429       0.48597631      -0.00097631       3.98890524
  2430       0.48930964      -0.00430964       3.98723858
  2431       0.47715482       0.00784518       3.99861929
  2432       0.48048816       0.00451184       3.99695262
  2433       0.48382149       0.00117851       3.99528595
  2434       0.48715482      -0.00215482       3.99361929
  2435       0.49048816      -0.00548816       3.99195262
  2436       0.47833333       0.00666667       4.00333333
  2437       0.48166667       0.00333333       4.00166667
  2438       0.48500000       0.00000000       4.00000000
  2439       0.48833333      -0.00333333       3.99833333
  2440       0.49166667      -0.00666667       3.99666667
  2441       0.47951184       0.00548816       4.00804738
  2442       0.48284518       0.00215482       4.00638071
  2443       0.48617851      -0.00117851       4.00471405
  2444       0.48951184      -0.00451184       4.00304738
  2445       0.49284518      -0.00784518       4.00138071
  2446       0.48069036       0.00430964       4.01276142
  2447       0.48402369       0.00097631       4.01109476
  2448       0.48735702      -0.00235702       4.00942809
  2449       0.49069036      -0.00569036       4.00776142
  2450       0.49402369      -0.00902369       4.00609476
  2451       0.48097631       0.00902369       3.99390524
  2452       0.48430964       0.00569036       3.99223858
  2453       0.48764298       0.00235702       3.99057191
  2454       0.49097631      -0.00097631       3.98890524
  2455       0.49430964      -0.00430964       3.98723858
  2456       0.48215482       0.00784518       3.99861929
  2457       0.48548816       0.00451184       3.99695262
  2458       0.48882149       0.00117851       3.99528595
  2459       0.49215482      -0.00215482       3.99361929
  2460       0.49548816      -0.00548816       3.99195262
  2461       0.48333333       0.00666667       4.00333333
  2462       0.48666667       0.00333333       4.00166667
  2463       0.49000000       0.00000000       4.00000000
  2464       0.49333333      -0.00333333       3.99833333
  2465       0.49666667      -0.00666667       3.99666667
  2466       0.48451184       0.00548816       4.00804738
  2467       0.48784518       0.00215482       4.00638071
  2468       0.49117851      -0.00117851       4.00471405
  2469       0.49451184      -0.00451184       4.00304738
  2470       0.49784518      -0.00784518       4.00138071
  2471       0.48569036       0.00430964       4.01276142
  2472       0.48902369       0.00097631       4.01109476
  2473       0.49235702      -0.00235702       4.00942809
  2474       0.49569036      -0.00569036       4.00776142
  2475       0.49902369      -0.00902369       4.00609476
  2476       0.48597631       0.00902369       3.99390524
  2477       0.48930964       0.00569036       3.99223858
  2478       0.49264298       0.00235702       3.99057191
  2479       0.49597631      -0.00097631       3.98890524
  2480       0.49930964      -0.00430964       3.98723858
  2481       0.48715482       0.00784518       3.99861929
  2482       0.49048816       0.00451184       3.99695262
  2483       0.49382149       0.00117851       3.99528595
  2484       0.49715482      -0.00215482       3.99361929
  2485       0.50048816      -0.00548816       3.99195262
  2486       0.48833333       0.00666667       4.00333333
  2487       0.49166667       0.00333333       4.00166667
  2488       0.49500000       0.00000000       4.00000000
  2489       0.49833333      -0.00333333       3.99833333
  2490       0.50166667      -0.00666667       3.99666667
  2491       0.48951184       0.00548816       4.00804738
  2492       0.49284518       0.00215482       4.00638071
  2493       0.49617851      -0.00117851       4.00471405
  2494       0.49951184      -0.00451184       4.00304738
  2495       0.50284518      -0.00784518       4.00138071
  2496       0.49069036       0.00430964       4.01276142
  2497       0.49402369       0.00097631       4.01109476
  2498       0.49735702      -0.00235702       4.00942809
  2499       0.50069036      -0.00569036       4.00776142
  2500       0.50402369      -0.00902369       4.00609476
  2501       0.49097631       0.00902369       3.99390524
  2502       0.49430964       0.00569036       3.99223858
  2503       0.49764298       0.00235702       3.99057191
  2504       0.50097631      -0.00097631       3.98890524
  2505       0.50430964      -0.00430964       3.98723858
  2506       0.49215482       0.00784518       3.99861929
  2507       0.49548816       0.00451184       3.99695262
  2508       0.49882149       0.00117851       3.99528595
  2509       0.50215482      -0.00215482       3.99361929
  2510       0.50548816      -0.00548816       3.99195262
  2511       0.49333333       0.00666667       4.00333333
  2512       0.49666667       0.00333333       4.00166667
  2513       0.50000000       0.00000000       4.00000000
  2514       0.50333333      -0.00333333       3.99833333
  2515       0.50666667      -0.00666667       3.99666667
  2516       0.49451184       0.00548816       4.00804738
  2517       0.49784518       0.00215482       4.00638071
  2518       0.50117851      -0.00117851       4.00471405
  2519       0.50451184      -0.00451184       4.00304738
  2520       0.50784518      -0.00784518       4.00138071
  2521       0.49569036       0.00430964       4.01276142
  2522       0.49902369       0.00097631       4.01109476
  2523       0.50235702      -0.00235702       4.00942809
  2524       0.50569036      -0.00569036       4.00776142
  2525       0.50902369      -0.00902369       4.00609476
  2526       0.49597631       0.00902369       3.99390524
  2527       0.49930964       0.00569036       3.99223858
  2528       0.50264298       0.00235702       3.99057191
  2529       0.50597631      -0.00097631       3.98890524
  2530       0.50930964      -0.00430964       3.98723858
  2531       0.49715482       0.00784518       3.99861929
  2532       0.50048816       0.00451184       3.99695262
  2533       0.50382149       0.00117851       3.99528595
  2534       0.50715482      -0.00215482       3.99361929
  2535       0.51048816      -0.00548816       3.99195262
  2536       0.49833333       0.00666667       4.00333333
  2537       0.50166667       0.00333333       4.00166667
  2538       0.50500000       0.00000000       4.00000000
  2539       0.50833333      -0.00333333       3.99833333
  2540       0.51166667      -0.00666667       3.99666667
  2541       0.49951184       0.00548816       4.00804738
  2542       0.50284518       0.00215482       4.00638071
  2543       0.50617851      -0.00117851       4.00471405
  2544       0.50951184      -0.00451184       4.00304738
  2545       0.51284518      -0.00784518       4.00138071
  2546       0.50069036       0.00430964       4.01276142
  2547       0.50402369       0.00097631       4.01109476
  2548       0.50735702      -0.00235702       4.00942809
  2549       0.51069036      -0.00569036       4.00776142
  2550       0.51402369      -0.00902369       4.00609476
  2551       0.50097631       0.00902369       3.99390524
  2552       0.50430964       0.00569036       3.99223858
  2553       0.50764298       0.00235702       3.99057191
  2554       0.51097631      -0.00097631       3.98890524
  2555       0.51430964      -0.00430964       3.98723858
  2556       0.50215482       0.00784518       3.99861929
  2557       0.50548816       0.00451184       3.99695262
  2558       0.50882149       0.00117851       3.99528595
  2559       0.51215482      -0.00215482       3.99361929
  2560       0.51548816      -0.00548816       3.99195262
  2561       0.50333333       0.00666667       4.00333333
  2562       0.50666667       0.00333333       4.00166667
  2563       0.51000000       0.00000000       4.00000000
  2564       0.51333333      -0.00333333       3.99833333
  2565       0.51666667      -0.00666667       3.99666667
  2566       0.50451184       0.00548816       4.00804738
  2567       0.50784518       0.00215482       4.00638071
  2568       0.51117851      -0.00117851       4.00471405
  2569       0.51451184      -0.00451184       4.00304738
  2570       0.51784518      -0.00784518       4.00138071
  2571       0.50569036       0.00430964       4.01276142
  2572       0.50902369       0.00097631       4.01109476
  2573       0.51235702      -0.00235702       4.00942809
  2574       0.51569036      -0.00569036       4.00776142
  2575       0.51902369      -0.00902369       4.00609476
  2576       0.50597631       0.00902369       3.99390524
  2577       0.50930964       0.00569036       3.99223858
  2578       0.51264298       0.00235702       3.99057191
  2579       0.51597631      -0.00097631       3.98890524
  2580       0.51930964      -0.00430964       3.98723858
  2581       0.50715482       0.00784518       3.99861929
  2582       0.51048816       0.00451184       3.99695262
  2583       0.51382149       0.00117851       3.99528595
  2584       0.51715482      -0.00215482       3.99361929
  2585       0.52048816      -0.00548816       3.99195262
  2586       0.50833333       0.00666667       4.00333333
  2587       0.51166667       0.00333333       4.00166667
  2588       0.51500000       0.00000000       4.00000000
  2589       0.51833333      -0.00333333       3.99833333
  2590       0.52166667      -0.00666667       3.99666667
  2591       0.50951184       0.00548816       4.00804738
  2592       0.51284518       0.00215482       4.00638071
  2593       0.51617851      -0.00117851       4.00471405
  2594       0.51951184      -0.00451184       4.00304738
  2595       0.52284518      -0.00784518       4.00138071
  2596       0.51069036       0.00430964       4.01276142
  2597       0.51402369       0.00097631       4.01109476
  2598       0.51735702      -0.00235702       4.00942809
  2599       0.52069036      -0.00569036       4.00776142
  2600       0.52402369      -0.00902369       4.00609476
  2601       0.51097631       0.00902369       3.99390524
  2602       0.51430964       0.00569036       3.99223858
  2603       0.51764298       0.00235702       3.99057191
  2604       0.52097631      -0.00097631       3.98890524
  2605       0.52430964      -0.00430964       3.98723858
  2606       0.51215482       0.00784518       3.99861929
  2607       0.51548816       0.00451184       3.99695262
  2608       0.51882149       0.00117851       3.99528595
  2609       0.52215482      -0.00215482       3.99361929
  2610       0.52548816      -0.00548816       3.99195262
  2611       0.51333333       0.00666667       4.00333333
  2612       0.51666667       0.00333333       4.00166667
  2613       0.52000000       0.00000000       4.00000000
  2614       0.52333333      -0.00333333       3.99833333
  2615       0.52666667      -0.00666667       3.99666667
  2616       0.51451184       0.00548816       4.00804738
  2617       0.51784518       0.00215482       4.00638071
  2618       0.52117851      -0.00117851       4.00471405
  2619       0.52451184      -0.00451184       4.00304738
  2620       0.52784518      -0.00784518       4.00138071
  2621       0.51569036       0.00430964       4.01276142
  2622       0.51902369       0.00097631       4.01109476
  2623       0.52235702      -0.00235702       4.00942809
  2624       0.52569036      -0.00569036       4.00776142
  2625       0.52902369      -0.00902369       4.00609476
  2626       0.51597631       0.00902369       3.99390524
  2627       0.51930964       0.00569036       3.99223858
  2628       0.52264298       0.00235702       3.99057191
  2629       0.52597631      -0.00097631       3.98890524
  2630       0.52930964      -0.00430964       3.98723858
  2631       0.51715482       0.00784518       3.99861929
  2632       0.52048816       0.00451184       3.99695262
  2633       0.52382149       0.00117851       3.99528595
  2634       0.52715482      -0.00215482       3.99361929
  2635       0.53048816      -0.00548816       3.99195262
  2636       0.51833333       0.00666667       4.00333333
  2637       0.52166667       0.00333333       4.00166667
  2638       0.52500000       0.00000000       4.00000000
  2639       0.52833333      -0.00333333       3.99833333
  2640       0.53166667      -0.00666667       3.99666667
  2641       0.51951184       0.00548816       4.00804738
  2642       0.52284518       0.00215482       4.00638071
  2643       0.52617851      -0.00117851       4.00471405
  2644       0.52951184      -0.00451184       4.00304738
  2645       0.53284518      -0.00784518       4.00138071
  2646       0.52069036       0.00430964       4.01276142
  2647       0.52402369       0.00097631       4.01109476
  2648       0.52735702      -0.00235702       4.00942809
  2649       0.53069036      -0.00569036       4.00776142
  2650       0.53402369      -0.00902369       4.00609476
  2651       0.52097631       0.00902369       3.99390524
  2652       0.52430964       0.00569036       3.99223858
  2653       0.52764298       0.00235702       3.99057191
  2654       0.53097631      -0.00097631       3.98890524
  2655       0.53430964      -0.00430964       3.98723858
  2656       0.52215482       0.00784518       3.99861929
  2657       0.52548816       0.00451184       3.99695262
  2658       0.52882149       0.00117851       3.99528595
  2659       0.53215482      -0.00215482       3.99361929
  2660       0.53548816      -0.00548816       3.99195262
  2661       0.52333333       0.00666667       4.00333333
  2662       0.52666667       0.00333333       4.00166667
  2663       0.53000000       0.00000000       4.00000000
  2664       0.53333333      -0.00333333       3.99833333
  2665       0.53666667      -0.00666667       3.99666667
  2666       0.52451184       0.00548816       4.00804738
  2667       0.52784518       0.00215482       4.00638071
  2668       0.53117851      -0.00117851       4.00471405
  2669       0.53451184      -0.00451184       4.00304738
  2670       0.53784518      -0.00784518       4.00138071
  2671       0.52569036       0.00430964       4.01276142
  2672       0.52902369       0.00097631       4.01109476
  2673       0.53235702      -0.00235702       4.00942809
  2674       0.53569036      -0.00569036       4.00776142
  2675       0.53902369      -0.00902369       4.00609476
  2676       0.52597631       0.00902369       3.99390524
  2677       0.52930964       0.00569036       3.99223858
  2678       0.53264298       0.00235702       3.99057191
  2679       0.53597631      -0.00097631       3.98890524
  2680       0.53930964      -0.00430964       3.98723858
  2681       0.52715482       0.00784518       3.99861929
  2682       0.53048816       0.00451184       3.99695262
  2683       0.53382149       0.00117851       3.99528595
  2684       0.53715482      -0.00215482       3.99361929
  2685       0.54048816      -0.00548816       3.99195262
  2686       0.52833333       0.00666667       4.00333333
  2687       0.53166667       0.00333333       4.00166667
  2688       0.53500000       0.00000000       4.00000000
  2689       0.53833333      -0.00333333       3.99833333
  2690       0.54166667      -0.00666667       3.99666667
  2691       0.52951184       0.00548816       4.00804738
  2692       0.53284518       0.00215482       4.00638071
  2693       0.53617851      -0.00117851       4.00471405
  2694       0.53951184      -0.00451184       4.00304738
  2695       0.54284518      -0.00784518       4.00138071
  2696       0.53069036       0.00430964       4.01276142
  2697       0.53402369       0.00097631       4.01109476
  2698       0.53735702      -0.00235702       4.00942809
  2699       0.54069036      -0.00569036       4.00776142
  2700       0.54402369      -0.00902369       4.00609476
  2701       0.53097631       0.00902369       3.99390524
  2702       0.53430964       0.00569036       3.99223858
  2703       0.53764298       0.00235702       3.99057191
  2704       0.54097631      -0.00097631       3.98890524
  2705       0.54430964      -0.00430964       3.98723858
  2706       0.53215482       0.00784518       3.99861929
  2707       0.53548816       0.00451184       3.99695262
  2708       0.53882149       0.00117851       3.99528595
  2709       0.54215482      -0.00215482       3.99361929
  2710       0.54548816      -0.00548816       3.99195262
  2711       0.53333333       0.00666667       4.00333333
  2712       0.53666667       0.00333333       4.00166667
  2713       0.54000000       0.00000000       4.00000000
  2714       0.54333333      -0.00333333       3.99833333
  2715       0.54666667      -0.00666667       3.99666667
  2716       0.53451184       0.00548816       4.00804738
  2717       0.53784518       0.00215482       4.00638071
  2718       0.54117851      -0.00117851       4.00471405
  2719       0.54451184      -0.00451184       4.00304738
  2720       0.54784518      -0.00784518       4.00138071
  2721       0.53569036       0.00430964       4.01276142
  2722       0.53902369       0.00097631       4.01109476
  2723       0.54235702      -0.00235702       4.00942809
  2724       0.54569036      -0.00569036       4.00776142
  2725       0.54902369      -0.00902369       4.00609476
  2726       0.53597631       0.00902369       3.99390524
  2727       0.53930964       0.00569036       3.99223858
  2728       0.54264298       0.00235702       3.99057191
  2729       0.54597631      -0.00097631       3.98890524
  2730       0.54930964      -0.00430964       3.98723858
  2731       0.53715482       0.00784518       3.99861929
  2732       0.54048816       0.00451184       3.99695262
  2733       0.54382149       0.00117851       3.99528595
  2734       0.54715482      -0.00215482       3.99361929
  2735       0.55048816      -0.00548816       3.99195262
  2736       0.53833333       0.00666667       4.00333333
  2737       0.54166667       0.00333333       4.00166667
  2738       0.54500000       0.00000000       4.00000000
  2739       0.54833333      -0.00333333       3.99833333
  2740       0.55166667      -0.00666667       3.99666667
  2741       0.53951184       0.00548816       4.00804738
  2742       0.54284518       0.00215482       4.00638071
  2743       0.54617851      -0.00117851       4.00471405
  2744       0.54951184      -0.00451184       4.00304738
  2745       0.55284518      -0.00784518       4.00138071
  2746       0.54069036       0.00430964       4.01276142
  2747       0.54402369       0.00097631       4.01109476
  2748       0.54735702      -0.00235702       4.00942809
  2749       0.55069036      -0.00569036       4.00776142
  2750       0.55402369      -0.00902369       4.00609476
  2751       0.54097631       0.00902369       3.99390524
  2752       0.54430964       0.00569036       3.99223858
  2753       0.54764298       0.00235702       3.99057191
  2754       0.55097631      -0.00097631       3.98890524
  2755       0.55430964      -0.00430964       3.98723858
  2756       0.54215482       0.00784518       3.99861929
  2757       0.54548816       0.00451184       3.99695262
  2758       0.54882149       0.00117851       3.99528595
  2759       0.55215482      -0.00215482       3.99361929
  2760       0.55548816      -0.00548816       3.99195262
  2761       0.54333333       0.00666667       4.00333333
  2762       0.54666667       0.00333333       4.00166667
  2763       0.55000000       0.00000000       4.00000000
  2764       0.55333333      -0.00333333       3.99833333
  2765       0.55666667      -0.00666667       3.99666667
  2766       0.54451184       0.00548816       4.00804738
  2767       0.54784518       0.00215482       4.00638071
  2768       0.55117851      -0.00117851       4.00471405
  2769       0.55451184      -0.00451184       4.00304738
  2770       0.55784518      -0.00784518       4.00138071
  2771       0.54569036       0.00430964       4.01276142
  2772       0.54902369       0.00097631       4.01109476
  2773       0.55235702      -0.00235702       4.00942809
  2774       0.55569036      -0.00569036       4.00776142
  2775       0.55902369      -0.00902369       4.00609476
  2776       0.54597631       0.00902369       3.99390524
  2777       0.54930964       0.00569036       3.99223858
  2778       0.55264298       0.00235702       3.99057191
  2779       0.55597631      -0.00097631       3.98890524
  2780       0.55930964      -0.00430964       3.98723858
  2781       0.54715482       0.00784518       3.99861929
  2782       0.55048816       0.00451184       3.99695262
  2783       0.55382149       0.00117851       3.99528595
  2784       0.55715482      -0.00215482       3.99361929
  2785       0.56048816      -0.00548816       3.99195262
  2786       0.54833333       0.00666667       4.00333333
  2787       0.55166667       0.00333333       4.00166667
  2788       0.55500000       0.00000000       4.00000000
  2789       0.55833333      -0.00333333       3.99833333
  2790       0.56166667      -0.00666667       3.99666667
  2791       0.54951184       0.00548816       4.00804738
  2792       0.55284518       0.00215482       4.00638071
  2793       0.55617851      -0.00117851       4.00471405
  2794       0.55951184      -0.00451184       4.00304738
  2795       0.56284518      -0.00784518       4.00138071
  2796       0.55069036       0.00430964       4.01276142
  2797       0.55402369       0.00097631       4.01109476
  2798       0.55735702      -0.00235702       4.00942809
  2799       0.56069036      -0.00569036       4.00776142
  2800       0.56402369      -0.00902369       4.00609476
  2801       0.55097631       0.00902369       3.99390524
  2802       0.55430964       0.00569036       3.99223858
  2803       0.55764298       0.00235702       3.99057191
  2804       0.56097631      -0.00097631       3.98890524
  2805       0.56430964      -0.00430964       3.98723858
  2806       0.55215482       0.00784518       3.99861929
  2807       0.55548816       0.00451184       3.99695262
  2808       0.55882149       0.00117851       3.99528595
  2809       0.56215482      -0.00215482       3.99361929
  2810       0.56548816      -0.00548816       3.99195262
  2811       0.55333333       0.00666667       4.00333333
  2812       0.55666667       0.00333333       4.00166667
  2813       0.56000000       0.00000000       4.00000000
  2814       0.56333333      -0.00333333       3.99833333
  2815       0.56666667      -0.00666667       3.99666667
  2816       0.55451184       0.00548816       4.00804738
  2817       0.55784518       0.00215482       4.00638071
  2818       0.56117851      -0.00117851       4.00471405
  2819       0.56451184      -0.00451184       4.00304738
  2820       0.56784518      -0.00784518       4.00138071
  2821       0.55569036       0.00430964       4.01276142
  2822       0.55902369       0.00097631       4.01109476
  2823       0.56235702      -0.00235702       4.00942809
  2824       0.56569036      -0.00569036       4.00776142
  2825       0.56902369      -0.00902369       4.00609476
  2826       0.55597631       0.00902369       3.99390524
  2827       0.55930964       0.00569036       3.99223858
  2828       0.56264298       0.00235702       3.99057191
  2829       0.56597631      -0.00097631       3.98890524
  2830       0.56930964      -0.00430964       3.98723858
  2831       0.55715482       0.00784518       3.99861929
  2832       0.56048816       0.00451184       3.99695262
  2833       0.56382149       0.00117851       3.99528595
  2834       0.56715482      -0.00215482       3.99361929
  2835       0.57048816      -0.00548816       3.99195262
  2836       0.55833333       0.00666667       4.00333333
  2837       0.56166667       0.00333333       4.00166667
  2838       0.56500000       0.00000000       4.00000000
  2839       0.56833333      -0.00333333       3.99833333
  2840       0.57166667      -0.00666667       3.99666667
  2841       0.55951184       0.00548816       4.00804738
  2842       0.56284518       0.00215482       4.00638071
  2843       0.56617851      -0.00117851       4.00471405
  2844       0.56951184      -0.00451184       4.00304738
  2845       0.57284518      -0.00784518       4.00138071
  2846       0.56069036       0.00430964       4.01276142
  2847       0.56402369       0.00097631       4.01109476
  2848       0.56735702      -0.00235702       4.00942809
  2849       0.57069036      -0.00569036       4.00776142
  2850       0.57402369      -0.00902369       4.00609476
  2851       0.56097631       0.00902369       3.99390524
  2852       0.56430964       0.00569036       3.99223858
  2853       0.56764298       0.00235702       3.99057191
  2854       0.57097631      -0.00097631       3.98890524
  2855       0.57430964      -0.00430964       3.98723858
  2856       0.56215482       0.00784518       3.99861929
  2857       0.56548816       0.00451184       3.99695262
  2858       0.56882149       0.00117851       3.99528595
  2859       0.57215482      -0.00215482       3.99361929
  2860       0.57548816      -0.00548816       3.99195262
  2861       0.56333333       0.00666667       4.00333333
  2862       0.56666667       0.00333333       4.00166667
  2863       0.57000000       0.00000000       4.00000000
  2864       0.57333333      -0.00333333       3.99833333
  2865       0.57666667      -0.00666667       3.99666667
  2866       0.56451184       0.00548816       4.00804738
  2867       0.56784518       0.00215482       4.00638071
  2868       0.57117851      -0.00117851       4.00471405
  2869       0.57451184      -0.00451184       4.00304738
  2870       0.57784518      -0.00784518       4.00138071
  2871       0.56569036       0.00430964       4.01276142
  2872       0.56902369       0.00097631       4.01109476
  2873       0.57235702      -0.00235702       4.00942809
  2874       0.57569036      -0.00569036       4.00776142
  2875       0.57902369      -0.00902369       4.00609476
  2876       0.56597631       0.00902369       3.99390524
  2877       0.56930964       0.00569036       3.99223858
  2878       0.57264298       0.00235702       3.99057191
  2879       0.57597631      -0.00097631       3.98890524
  2880       0.57930964      -0.00430964       3.98723858
  2881       0.56715482       0.00784518       3.99861929
  2882       0.57048816       0.00451184       3.99695262
  2883       0.57382149       0.00117851       3.99528595
  2884       0.57715482      -0.00215482       3.99361929
  2885       0.58048816      -0.00548816       3.99195262
  2886       0.56833333       0.00666667       4.00333333
  2887       0.57166667       0.00333333       4.00166667
  2888       0.57500000       0.00000000       4.00000000
  2889       0.57833333      -0.00333333       3.99833333
  2890       0.58166667      -0.00666667       3.99666667
  2891       0.56951184       0.00548816       4.00804738
  2892       0.57284518       0.00215482       4.00638071
  2893       0.57617851      -0.00117851       4.00471405
  2894       0.57951184      -0.00451184       4.00304738
  2895       0.58284518      -0.00784518       4.00138071
  2896       0.57069036       0.00430964       4.01276142
  2897       0.57402369       0.00097631       4.01109476
  2898       0.57735702      -0.00235702       4.00942809
  2899       0.58069036      -0.00569036       4.00776142
  2900       0.58402369      -0.00902369       4.00609476
  2901       0.57097631       0.00902369       3.99390524
  2902       0.57430964       0.00569036       3.99223858
  2903       0.57764298       0.00235702       3.99057191
  2904       0.58097631      -0.00097631       3.98890524
  2905       0.58430964      -0.00430964       3.98723858
  2906       0.57215482       0.00784518       3.99861929
  2907       0.57548816       0.00451184       3.99695262
  2908       0.57882149       0.00117851       3.99528595
  2909       0.58215482      -0.00215482       3.99361929
  2910       0.58548816      -0.00548816       3.99195262
  2911       0.57333333       0.00666667       4.00333333
  2912       0.57666667       0.00333333       4.00166667
  2913       0.58000000       0.00000000       4.00000000
  2914       0.58333333      -0.00333333       3.99833333
  2915       0.58666667      -0.00666667       3.99666667
  2916       0.57451184       0.00548816       4.00804738
  2917       0.57784518       0.00215482       4.00638071
  2918       0.58117851      -0.00117851       4.00471405
  2919       0.58451184      -0.00451184       4.00304738
  2920       0.58784518      -0.00784518       4.00138071
  2921       0.57569036       0.00430964       4.01276142
  2922       0.57902369       0.00097631       4.01109476
  2923       0.58235702      -0.00235702       4.00942809
  2924       0.58569036      -0.00569036       4.00776142
  2925       0.58902369      -0.00902369       4.00609476
  2926       0.57597631       0.00902369       3.99390524
  2927       0.57930964       0.00569036       3.99223858
  2928       0.58264298       0.00235702       3.99057191
  2929       0.58597631      -0.00097631       3.98890524
  2930       0.58930964      -0.00430964       3.98723858
  2931       0.57715482       0.00784518       3.99861929
  2932       0.58048816       0.00451184       3.99695262
  2933       0.58382149       0.00117851       3.99528595
  2934       0.58715482      -0.00215482       3.99361929
  2935       0.59048816      -0.00548816       3.99195262
  2936       0.57833333       0.00666667       4.00333333
  2937       0.58166667       0.00333333       4.00166667
  2938       0.58500000       0.00000000       4.00000000
  2939       0.58833333      -0.00333333       3.99833333
  2940       0.59166667      -0.00666667       3.99666667
  2941       0.57951184       0.00548816       4.00804738
  2942       0.58284518       0.00215482       4.00638071
  2943       0.58617851      -0.00117851       4.00471405
  2944       0.58951184      -0.00451184       4.00304738
  2945       0.59284518      -0.00784518       4.00138071
  2946       0.58069036       0.00430964       4.01276142
  2947       0.58402369       0.00097631       4.01109476
  2948       0.58735702      -0.00235702       4.00942809
  2949       0.59069036      -0.00569036       4.00776142
  2950       0.59402369      -0.00902369       4.00609476
  2951       0.58097631       0.00902369       3.99390524
  2952       0.58430964       0.00569036       3.99223858
  2953       0.58764298       0.00235702       3.99057191
  2954       0.59097631      -0.00097631       3.98890524
  2955       0.59430964      -0.00430964       3.98723858
  2956       0.58215482       0.00784518       3.99861929
  2957       0.58548816       0.00451184       3.99695262
  2958       0.58882149       0.00117851       3.99528595
  2959       0.59215482      -0.00215482       3.99361929
  2960       0.59548816      -0.00548816       3.99195262
  2961       0.58333333       0.00666667       4.00333333
  2962       0.58666667       0.00333333       4.00166667
  2963       0.59000000       0.00000000       4.00000000
  2964       0.59333333      -0.00333333       3.99833333
  2965       0.59666667      -0.00666667       3.99666667
  2966       0.58451184       0.00548816       4.00804738
  2967       0.58784518       0.00215482       4.00638071
  2968       0.59117851      -0.00117851       4.00471405
  2969       0.59451184      -0.00451184       4.00304738
  2970       0.59784518      -0.00784518       4.00138071
  2971       0.58569036       0.00430964       4.01276142
  2972       0.58902369       0.00097631       4.01109476
  2973       0.59235702      -0.00235702       4.00942809
  2974       0.59569036      -0.00569036       4.00776142
  2975       0.59902369      -0.00902369       4.00609476
  2976       0.58597631       0.00902369       3.99390524
  2977       0.58930964       0.00569036       3.99223858
  2978       0.59264298       0.00235702       3.99057191
  2979       0.59597631      -0.00097631       3.98890524
  2980       0.59930964      -0.00430964       3.98723858
  2981       0.58715482       0.00784518       3.99861929
  2982       0.59048816       0.00451184       3.99695262
  2983       0.59382149       0.00117851       3.99528595
  2984       0.59715482      -0.00215482       3.99361929
  2985       0.60048816      -0.00548816       3.99195262
  2986       0.58833333       0.00666667       4.00333333
  2987       0.59166667       0.00333333       4.00166667
  2988       0.59500000       0.00000000       4.00000000
  2989       0.59833333      -0.00333333       3.99833333
  2990       0.60166667      -0.00666667       3.99666667
  2991       0.58951184       0.00548816       4.00804738
  2992       0.59284518       0.00215482       4.00638071
  2993       0.59617851      -0.00117851       4.00471405
  2994       0.59951184      -0.00451184       4.00304738
  2995       0.60284518      -0.00784518       4.00138071
  2996       0.59069036       0.00430964       4.01276142
  2997       0.59402369       0.00097631       4.01109476
  2998       0.59735702      -0.00235702       4.00942809
  2999       0.60069036      -0.00569036       4.00776142
  3000       0.60402369      -0.00902369       4.00609476
  3001       0.59097631       0.00902369       3.99390524
  3002       0.59430964       0.00569036       3.99223858
  3003       0.59764298       0.00235702       3.99057191
  3004       0.60097631      -0.00097631       3.98890524
  3005       0.60430964      -0.00430964       3.98723858
  3006       0.59215482       0.00784518       3.99861929
  3007       0.59548816       0.00451184       3.99695262
  3008       0.59882149       0.00117851       3.99528595
  3009       0.60215482      -0.00215482       3.99361929
  3010       0.60548816      -0.00548816       3.99195262
  3011       0.59333333       0.00666667       4.00333333
  3012       0.59666667       0.00333333       4.00166667
  3013       0.60000000       0.00000000       4.00000000
  3014       0.60333333      -0.00333333       3.99833333
  3015       0.60666667      -0.00666667       3.99666667
  3016       0.59451184       0.00548816       4.00804738
  3017       0.59784518       0.00215482       4.00638071
  3018       0.60117851      -0.00117851       4.00471405
  3019       0.60451184      -0.00451184       4.00304738
  3020       0.60784518      -0.00784518       4.00138071
  3021       0.59569036       0.00430964       4.01276142
  3022       0.59902369       0.00097631       4.01109476
  3023       0.60235702      -0.00235702       4.00942809
  3024       0.60569036      -0.00569036       4.00776142
  3025       0.60902369      -0.00902369       4.00609476
  3026       0.59597631       0.00902369       3.99390524
  3027       0.59930964       0.00569036       3.99223858
  3028       0.60264298       0.00235702       3.99057191
  3029       0.60597631      -0.00097631       3.98890524
  3030       0.60930964      -0.00430964       3.98723858
  3031       0.59715482       0.00784518       3.99861929
  3032       0.60048816       0.00451184       3.99695262
  3033       0.60382149       0.00117851       3.99528595
  3034       0.60715482      -0.00215482       3.99361929
  3035       0.61048816      -0.00548816       3.99195262
  3036       0.59833333       0.00666667       4.00333333
  3037       0.60166667       0.00333333       4.00166667
  3038       0.60500000       0.00000000       4.00000000
  3039       0.60833333      -0.00333333       3.99833333
  3040       0.61166667      -0.00666667       3.99666667
  3041       0.59951184       0.00548816       4.00804738
  3042       0.60284518       0.00215482       4.00638071
  3043       0.60617851      -0.00117851       4.00471405
  3044       0.60951184      -0.00451184       4.00304738
  3045       0.61284518      -0.00784518       4.00138071
  3046       0.60069036       0.00430964       4.01276142
  3047       0.60402369       0.00097631       4.01109476
  3048       0.60735702      -0.00235702       4.00942809
  3049       0.61069036      -0.00569036       4.00776142
  3050       0.61402369      -0.00902369       4.00609476
  3051       0.60097631       0.00902369       3.99390524
  3052       0.60430964       0.00569036       3.99223858
  3053       0.60764298       0.00235702       3.99057191
  3054       0.61097631      -0.00097631       3.98890524
  3055       0.61430964      -0.00430964       3.98723858
  3056       0.60215482       0.00784518       3.99861929
  3057       0.60548816       0.00451184       3.99695262
  3058       0.60882149       0.00117851       3.99528595
  3059       0.61215482      -0.00215482       3.99361929
  3060       0.61548816      -0.00548816       3.99195262
  3061       0.60333333       0.00666667       4.00333333
  3062       0.60666667       0.00333333       4.00166667
  3063       0.61000000       0.00000000       4.00000000
  3064       0.61333333      -0.00333333       3.99833333
  3065       0.61666667      -0.00666667       3.99666667
  3066       0.60451184       0.00548816       4.00804738
  3067       0.60784518       0.00215482       4.00638071
  3068       0.61117851      -0.00117851       4.00471405
  3069       0.61451184      -0.00451184       4.00304738
  3070       0.61784518      -0.00784518       4.00138071
  3071       0.60569036       0.00430964       4.01276142
  3072       0.60902369       0.00097631       4.01109476
  3073       0.61235702      -0.00235702       4.00942809
  3074       0.61569036      -0.00569036       4.00776142
  3075       0.61902369      -0.00902369       4.00609476
  3076       0.60597631       0.00902369       3.99390524
  3077       0.60930964       0.00569036       3.99223858
  3078       0.61264298       0.00235702       3.99057191
  3079       0.61597631      -0.00097631       3.98890524
  3080       0.61930964      -0.00430964       3.98723858
  3081       0.60715482       0.00784518       3.99861929
  3082       0.61048816       0.00451184       3.99695262
  3083       0.61382149       0.00117851       3.99528595
  3084       0.61715482      -0.00215482       3.99361929
  3085       0.62048816      -0.00548816       3.99195262
  3086       0.60833333       0.00666667       4.00333333
  3087       0.61166667       0.00333333       4.00166667
  3088       0.61500000       0.00000000       4.00000000
  3089       0.61833333      -0.00333333       3.99833333
  3090       0.62166667      -0.00666667       3.99666667
  3091       0.60951184       0.00548816       4.00804738
  3092       0.61284518       0.00215482       4.00638071
  3093       0.61617851      -0.00117851       4.00471405
  3094       0.61951184      -0.00451184       4.00304738
  3095       0.62284518      -0.00784518       4.00138071
  3096       0.61069036       0.00430964       4.01276142
  3097       0.61402369       0.00097631       4.01109476
  3098       0.61735702      -0.00235702       4.00942809
  3099       0.62069036      -0.00569036       4.00776142
  3100       0.62402369      -0.00902369       4.00609476
  3101       0.61097631       0.00902369       3.99390524
  3102       0.61430964       0.00569036       3.99223858
  3103       0.61764298       0.00235702       3.99057191
  3104       0.62097631      -0.00097631       3.98890524
  3105       0.62430964      -0.00430964       3.98723858
  3106       0.61215482       0.00784518       3.99861929
  3107       0.61548816       0.00451184       3.99695262
  3108       0.61882149       0.00117851       3.99528595
  3109       0.62215482      -0.00215482       3.99361929
  3110       0.62548816      -0.00548816       3.99195262
  3111       0.61333333       0.00666667       4.00333333
  3112       0.61666667       0.00333333       4.00166667
  3113       0.62000000       0.00000000       4.00000000
  3114       0.62333333      -0.00333333       3.99833333
  3115       0.62666667      -0.00666667       3.99666667
  3116       0.61451184       0.00548816       4.00804738
  3117       0.61784518       0.00215482       4.00638071
  3118       0.62117851      -0.00117851       4.00471405
  3119       0.62451184      -0.00451184       4.00304738
  3120       0.62784518      -0.00784518       4.00138071
  3121       0.61569036       0.00430964       4.01276142
  3122       0.61902369       0.00097631       4.01109476
  3123       0.62235702      -0.00235702       4.00942809
  3124       0.62569036      -0.00569036       4.00776142
  3125       0.62902369      -0.00902369       4.00609476
  3126       0.61597631       0.00902369       3.99390524
  3127       0.61930964       0.00569036       3.99223858
  3128       0.62264298       0.00235702       3.99057191
  3129       0.62597631      -0.00097631       3.98890524
  3130       0.62930964      -0.00430964       3.98723858
  3131       0.61715482       0.00784518       3.99861929
  3132       0.62048816       0.00451184       3.99695262
  3133       0.62382149       0.00117851       3.99528595
  3134       0.62715482      -0.00215482       3.99361929
  3135       0.63048816      -0.00548816       3.99195262
  3136       0.61833333       0.00666667       4.00333333
  3137       0.62166667       0.00333333       4.00166667
  3138       0.62500000       0.00000000       4.00000000
  3139       0.62833333      -0.00333333       3.99833333
  3140       0.63166667      -0.00666667       3.99666667
  3141       0.61951184       0.00548816       4.00804738
  3142       0.62284518       0.00215482       4.00638071
  3143       0.62617851      -0.00117851       4.00471405
  3144       0.62951184      -0.00451184       4.00304738
  3145       0.63284518      -0.00784518       4.00138071
  3146       0.62069036       0.00430964       4.01276142
  3147       0.62402369       0.00097631       4.01109476
  3148       0.62735702      -0.00235702       4.00942809
  3149       0.63069036      -0.00569036       4.00776142
  3150       0.63402369      -0.00902369       4.00609476
  3151       0.62097631       0.00902369       3.99390524
  3152       0.62430964       0.00569036       3.99223858
  3153       0.62764298       0.00235702       3.99057191
  3154       0.63097631      -0.00097631       3.98890524
  3155       0.63430964      -0.00430964       3.98723858
  3156       0.62215482       0.00784518       3.99861929
  3157       0.62548816       0.00451184       3.99695262
  3158       0.62882149       0.00117851       3.99528595
  3159       0.63215482      -0.00215482       3.99361929
  3160       0.63548816      -0.00548816       3.99195262
  3161       0.62333333       0.00666667       4.00333333
  3162       0.62666667       0.00333333       4.00166667
  3163       0.63000000       0.00000000       4.00000000
  3164       0.63333333      -0.00333333       3.99833333
  3165       0.63666667      -0.00666667       3.99666667
  3166       0.62451184       0.00548816       4.00804738
  3167       0.62784518       0.00215482       4.00638071
  3168       0.63117851      -0.00117851       4.00471405
  3169       0.63451184      -0.00451184       4.00304738
  3170       0.63784518      -0.00784518       4.00138071
  3171       0.62569036       0.00430964       4.01276142
  3172       0.62902369       0.00097631       4.01109476
  3173       0.63235702      -0.00235702       4.00942809
  3174       0.63569036      -0.00569036       4.00776142
  3175       0.63902369      -0.00902369       4.00609476
  3176       0.62597631       0.00902369       3.99390524
  3177       0.62930964       0.00569036       3.99223858
  3178       0.63264298       0.00235702       3.99057191
  3179       0.63597631      -0.00097631       3.98890524
  3180       0.63930964      -0.00430964       3.98723858
  3181       0.62715482       0.00784518       3.99861929
  3182       0.63048816       0.00451184       3.99695262
  3183       0.63382149       0.00117851       3.99528595
  3184       0.63715482      -0.00215482       3.99361929
  3185       0.64048816      -0.00548816       3.99195262
  3186       0.62833333       0.00666667       4.00333333
  3187       0.63166667       0.00333333       4.00166667
  3188       0.63500000       0.00000000       4.00000000
  3189       0.63833333      -0.00333333       3.99833333
  3190       0.64166667      -0.00666667       3.99666667
  3191       0.62951184       0.00548816       4.00804738
  3192       0.63284518       0.00215482       4.00638071
  3193       0.63617851      -0.00117851       4.00471405
  3194       0.63951184      -0.00451184       4.00304738
  3195       0.64284518      -0.00784518       4.00138071
  3196       0.63069036       0.00430964       4.01276142
  3197       0.63402369       0.00097631       4.01109476
  3198       0.63735702      -0.00235702       4.00942809
  3199       0.64069036      -0.00569036       4.00776142
  3200       0.64402369      -0.00902369       4.00609476
  3201       0.63097631       0.00902369       3.99390524
  3202       0.63430964       0.00569036       3.99223858
  3203       0.63764298       0.00235702       3.99057191
  3204       0.64097631      -0.00097631       3.98890524
  3205       0.64430964      -0.00430964       3.98723858
  3206       0.63215482       0.00784518       3.99861929
  3207       0.63548816       0.00451184       3.99695262
  3208       0.63882149       0.00117851       3.99528595
  3209       0.64215482      -0.00215482       3.99361929
  3210       0.64548816      -0.00548816       3.99195262
  3211       0.63333333       0.00666667       4.00333333
  3212       0.63666667       0.00333333       4.00166667
  3213       0.64000000       0.00000000       4.00000000
  3214       0.64333333      -0.00333333       3.99833333
  3215       0.64666667      -0.00666667       3.99666667
  3216       0.63451184       0.00548816       4.00804738
  3217       0.63784518       0.00215482       4.00638071
  3218       0.64117851      -0.00117851       4.00471405
  3219       0.64451184      -0.00451184       4.00304738
  3220       0.64784518      -0.00784518       4.00138071
  3221       0.63569036       0.00430964       4.01276142
  3222       0.63902369       0.00097631       4.01109476
  3223       0.64235702      -0.00235702       4.00942809
  3224       0.64569036      -0.00569036       4.00776142
  3225       0.64902369      -0.00902369       4.00609476
  3226       0.63597631       0.00902369       3.99390524
  3227       0.63930964       0.00569036       3.99223858
  3228       0.64264298       0.00235702       3.99057191
  3229       0.64597631      -0.00097631       3.98890524
  3230       0.64930964      -0.00430964       3.98723858
  3231       0.63715482       0.00784518       3.99861929
  3232       0.64048816       0.00451184       3.99695262
  3233       0.64382149       0.00117851       3.99528595
  3234       0.64715482      -0.00215482       3.99361929
  3235       0.65048816      -0.00548816       3.99195262
  3236       0.63833333       0.00666667       4.00333333
  3237       0.64166667       0.00333333       4.00166667
  3238       0.64500000       0.00000000       4.00000000
  3239       0.64833333      -0.00333333       3.99833333
  3240       0.65166667      -0.00666667       3.99666667
  3241       0.63951184       0.00548816       4.00804738
  3242       0.64284518       0.00215482       4.00638071
  3243       0.64617851      -0.00117851       4.00471405
  3244       0.64951184      -0.00451184       4.00304738
  3245       0.65284518      -0.00784518       4.00138071
  3246       0.64069036       0.00430964       4.01276142
  3247       0.64402369       0.00097631       4.01109476
  3248       0.64735702      -0.00235702       4.00942809
  3249       0.65069036      -0.00569036       4.00776142
  3250       0.65402369      -0.00902369       4.00609476
  3251       0.64097631       0.00902369       3.99390524
  3252       0.64430964       0.00569036       3.99223858
  3253       0.64764298       0.00235702       3.99057191
  3254       0.65097631      -0.00097631       3.98890524
  3255       0.65430964      -0.00430964       3.98723858
  3256       0.64215482       0.00784518       3.99861929
  3257       0.64548816       0.00451184       3.99695262
  3258       0.64882149       0.00117851       3.99528595
  3259       0.65215482      -0.00215482       3.99361929
  3260       0.65548816      -0.00548816       3.99195262
  3261       0.64333333       0.00666667       4.00333333
  3262       0.64666667       0.00333333       4.00166667
  3263       0.65000000       0.00000000       4.00000000
  3264       0.65333333      -0.00333333       3.99833333
  3265       0.65666667      -0.00666667       3.99666667
  3266       0.64451184       0.00548816       4.00804738
  3267       0.64784518       0.00215482       4.00638071
  3268       0.65117851      -0.00117851       4.00471405
  3269       0.65451184      -0.00451184       4.00304738
  3270       0.65784518      -0.00784518       4.00138071
  3271       0.64569036       0.00430964       4.01276142
  3272       0.64902369       0.00097631       4.01109476
  3273       0.65235702      -0.00235702       4.00942809
  3274       0.65569036      -0.00569036       4.00776142
  3275       0.65902369      -0.00902369       4.00609476
  3276       0.64597631       0.00902369       3.99390524
  3277       0.64930964       0.00569036       3.99223858
  3278       0.65264298       0.00235702       3.99057191
  3279       0.65597631      -0.00097631       3.98890524
  3280       0.65930964      -0.00430964       3.98723858
  3281       0.64715482       0.00784518       3.99861929
  3282       0.65048816       0.00451184       3.99695262
  3283       0.65382149       0.00117851       3.99528595
  3284       0.65715482      -0.00215482       3.99361929
  3285       0.66048816      -0.00548816       3.99195262
  3286       0.64833333       0.00666667       4.00333333
  3287       0.65166667       0.00333333       4.00166667
  3288       0.65500000       0.00000000       4.00000000
  3289       0.65833333      -0.00333333       3.99833333
  3290       0.66166667      -0.00666667       3.99666667
  3291       0.64951184       0.00548816       4.00804738
  3292       0.65284518       0.00215482       4.00638071
  3293       0.65617851      -0.00117851       4.00471405
  3294       0.65951184      -0.00451184       4.00304738
  3295       0.66284518      -0.00784518       4.00138071
  3296       0.65069036       0.00430964       4.01276142
  3297       0.65402369       0.00097631       4.01109476
  3298       0.65735702      -0.00235702       4.00942809
  3299       0.66069036      -0.00569036       4.00776142
  3300       0.66402369      -0.00902369       4.00609476
  3301       0.65097631       0.00902369       3.99390524
  3302       0.65430964       0.00569036       3.99223858
  3303       0.65764298       0.00235702       3.99057191
  3304       0.66097631      -0.00097631       3.98890524
  3305       0.66430964      -0.00430964       3.98723858
  3306       0.65215482       0.00784518       3.99861929
  3307       0.65548816       0.00451184       3.99695262
  3308       0.65882149       0.00117851       3.99528595
  3309       0.66215482      -0.00215482       3.99361929
  3310       0.66548816      -0.00548816       3.99195262
  3311       0.65333333       0.00666667       4.00333333
  3312       0.65666667       0.00333333       4.00166667
  3313       0.66000000       0.00000000       4.00000000
  3314       0.66333333      -0.00333333       3.99833333
  3315       0.66666667      -0.00666667       3.99666667
  3316       0.65451184       0.00548816       4.00804738
  3317       0.65784518       0.00215482       4.00638071
  3318       0.66117851      -0.00117851       4.00471405
  3319       0.66451184      -0.00451184       4.00304738
  3320       0.66784518      -0.00784518       4.00138071
  3321       0.65569036       0.00430964       4.01276142
  3322       0.65902369       0.00097631       4.01109476
  3323       0.66235702      -0.00235702       4.00942809
  3324       0.66569036      -0.00569036       4.00776142
  3325       0.66902369      -0.00902369       4.00609476
  3326       0.65597631       0.00902369       3.99390524
  3327       0.65930964       0.00569036       3.99223858
  3328       0.66264298       0.00235702       3.99057191
  3329       0.66597631      -0.00097631       3.98890524
  3330       0.66930964      -0.00430964       3.98723858
  3331       0.65715482       0.00784518       3.99861929
  3332       0.66048816       0.00451184       3.99695262
  3333       0.66382149       0.00117851       3.99528595
  3334       0.66715482      -0.00215482       3.99361929
  3335       0.67048816      -0.00548816       3.99195262
  3336       0.65833333       0.00666667       4.00333333
  3337       0.66166667       0.00333333       4.00166667
  3338       0.66500000       0.00000000       4.00000000
  3339       0.66833333      -0.00333333       3.99833333
  3340       0.67166667      -0.00666667       3.99666667
  3341       0.65951184       0.00548816       4.00804738
  3342       0.66284518       0.00215482       4.00638071
  3343       0.66617851      -0.00117851       4.00471405
  3344       0.66951184      -0.00451184       4.00304738
  3345       0.67284518      -0.00784518       4.00138071
  3346       0.66069036       0.00430964       4.01276142
  3347       0.66402369       0.00097631       4.01109476
  3348       0.66735702      -0.00235702       4.00942809
  3349       0.67069036      -0.00569036       4.00776142
  3350       0.67402369      -0.00902369       4.00609476
  3351       0.66097631       0.00902369       3.99390524
  3352       0.66430964       0.00569036       3.99223858
  3353       0.66764298       0.00235702       3.99057191
  3354       0.67097631      -0.00097631       3.98890524
  3355       0.67430964      -0.00430964       3.98723858
  3356       0.66215482       0.00784518       3.99861929
  3357       0.66548816       0.00451184       3.99695262
  3358       0.66882149       0.00117851       3.99528595
  3359       0.67215482      -0.00215482       3.99361929
  3360       0.67548816      -0.00548816       3.99195262
  3361       0.66333333       0.00666667       4.00333333
  3362       0.66666667       0.00333333       4.00166667
  3363       0.67000000       0.00000000       4.00000000
  3364       0.67333333      -0.00333333       3.99833333
  3365       0.67666667      -0.00666667       3.99666667
  3366       0.66451184       0.00548816       4.00804738
  3367       0.66784518       0.00215482       4.00638071
  3368       0.67117851      -0.00117851       4.00471405
  3369       0.67451184      -0.00451184       4.00304738
  3370       0.67784518      -0.00784518       4.00138071
  3371       0.66569036       0.00430964       4.01276142
  3372       0.66902369       0.00097631       4.01109476
  3373       0.67235702      -0.00235702       4.00942809
  3374       0.67569036      -0.00569036       4.00776142
  3375       0.67902369      -0.00902369       4.00609476
  3376       0.66597631       0.00902369       3.99390524
  3377       0.66930964       0.00569036       3.99223858
  3378       0.67264298       0.00235702       3.99057191
  3379       0.67597631      -0.00097631       3.98890524
  3380       0.67930964      -0.00430964       3.98723858
  3381       0.66715482       0.00784518       3.99861929
  3382       0.67048816       0.00451184       3.99695262
  3383       0.67382149       0.00117851       3.99528595
  3384       0.67715482      -0.00215482       3.99361929
  3385       0.68048816      -0.00548816       3.99195262
  3386       0.66833333       0.00666667       4.00333333
  3387       0.67166667       0.00333333       4.00166667
  3388       0.67500000       0.00000000       4.00000000
  3389       0.67833333      -0.00333333       3.99833333
  3390       0.68166667      -0.00666667       3.99666667
  3391       0.66951184       0.00548816       4.00804738
  3392       0.67284518       0.00215482       4.00638071
  3393       0.67617851      -0.00117851       4.00471405
  3394       0.67951184      -0.00451184       4.00304738
  3395       0.68284518      -0.00784518       4.00138071
  3396       0.67069036       0.00430964       4.01276142
  3397       0.67402369       0.00097631       4.01109476
  3398       0.67735702      -0.00235702       4.00942809
  3399       0.68069036      -0.00569036       4.00776142
  3400       0.68402369      -0.00902369       4.00609476
  3401       0.67097631       0.00902369       3.99390524
  3402       0.67430964       0.00569036       3.99223858
  3403       0.67764298       0.00235702       3.99057191
  3404       0.68097631      -0.00097631       3.98890524
  3405       0.68430964      -0.00430964       3.98723858
  3406       0.67215482       0.00784518       3.99861929
  3407       0.67548816       0.00451184       3.99695262
  3408       0.67882149       0.00117851       3.99528595
  3409       0.68215482      -0.00215482       3.99361929
  3410       0.68548816      -0.00548816       3.99195262
  3411       0.67333333       0.00666667       4.00333333
  3412       0.67666667       0.00333333       4.00166667
  3413       0.68000000       0.00000000       4.00000000
  3414       0.68333333      -0.00333333       3.99833333
  3415       0.68666667      -0.00666667       3.99666667
  3416       0.67451184       0.00548816       4.00804738
  3417       0.67784518       0.00215482       4.00638071
  3418       0.68117851      -0.00117851       4.00471405
  3419       0.68451184      -0.00451184       4.00304738
  3420       0.68784518      -0.00784518       4.00138071
  3421       0.67569036       0.00430964       4.01276142
  3422       0.67902369       0.00097631       4.01109476
  3423       0.68235702      -0.00235702       4.00942809
  3424       0.68569036      -0.00569036       4.00776142
  3425       0.68902369      -0.00902369       4.00609476
  3426       0.67597631       0.00902369       3.99390524
  3427       0.67930964       0.00569036       3.99223858
  3428       0.68264298       0.00235702       3.99057191
  3429       0.68597631      -0.00097631       3.98890524
  3430       0.68930964      -0.00430964       3.98723858
  3431       0.67715482       0.00784518       3.99861929
  3432       0.68048816       0.00451184       3.99695262
  3433       0.68382149       0.00117851       3.99528595
  3434       0.68715482      -0.00215482       3.99361929
  3435       0.69048816      -0.00548816       3.99195262
  3436       0.67833333       0.00666667       4.00333333
  3437       0.68166667       0.00333333       4.00166667
  3438       0.68500000       0.00000000       4.00000000
  3439       0.68833333      -0.00333333       3.99833333
  3440       0.69166667      -0.00666667       3.99666667
  3441       0.67951184       0.00548816       4.00804738
  3442       0.68284518       0.00215482       4.00638071
  3443       0.68617851      -0.00117851       4.00471405
  3444       0.68951184      -0.00451184       4.00304738
  3445       0.69284518      -0.00784518       4.00138071
  3446       0.68069036       0.00430964       4.01276142
  3447       0.68402369       0.00097631       4.01109476
  3448       0.68735702      -0.00235702       4.00942809
  3449       0.69069036      -0.00569036       4.00776142
  3450       0.69402369      -0.00902369       4.00609476
  3451       0.68097631       0.00902369       3.99390524
  3452       0.68430964       0.00569036       3.99223858
  3453       0.68764298       0.00235702       3.99057191
  3454       0.69097631      -0.00097631       3.98890524
  3455       0.69430964      -0.00430964       3.98723858
  3456       0.68215482       0.00784518       3.99861929
  3457       0.68548816       0.00451184       3.99695262
  3458       0.68882149       0.00117851       3.99528595
  3459       0.69215482      -0.00215482       3.99361929
  3460       0.69548816      -0.00548816       3.99195262
  3461       0.68333333       0.00666667       4.00333333
  3462       0.68666667       0.00333333       4.00166667
  3463       0.69000000       0.00000000       4.00000000
  3464       0.69333333      -0.00333333       3.99833333
  3465       0.69666667      -0.00666667       3.99666667
  3466       0.68451184       0.00548816       4.00804738
  3467       0.68784518       0.00215482       4.00638071
  3468       0.69117851      -0.00117851       4.00471405
  3469       0.69451184      -0.00451184       4.00304738
  3470       0.69784518      -0.00784518       4.00138071
  3471       0.68569036       0.00430964       4.01276142
  3472       0.68902369       0.00097631       4.01109476
  3473       0.69235702      -0.00235702       4.00942809
  3474       0.69569036      -0.00569036       4.00776142
  3475       0.69902369      -0.00902369       4.00609476
  3476       0.68597631       0.00902369       3.99390524
  3477       0.68930964       0.00569036       3.99223858
  3478       0.69264298       0.00235702       3.99057191
  3479       0.69597631      -0.00097631       3.98890524
  3480       0.69930964      -0.00430964       3.98723858
  3481       0.68715482       0.00784518       3.99861929
  3482       0.69048816       0.00451184       3.99695262
  3483       0.69382149       0.00117851       3.99528595
  3484       0.69715482      -0.00215482       3.99361929
  3485       0.70048816      -0.00548816       3.99195262
  3486       0.68833333       0.00666667       4.00333333
  3487       0.69166667       0.00333333       4.00166667
  3488       0.69500000       0.00000000       4.00000000
  3489       0.69833333      -0.00333333       3.99833333
  3490       0.70166667      -0.00666667       3.99666667
  3491       0.68951184       0.00548816       4.00804738
  3492       0.69284518       0.00215482       4.00638071
  3493       0.69617851      -0.00117851       4.00471405
  3494       0.69951184      -0.00451184       4.00304738
  3495       0.70284518      -0.00784518       4.00138071
  3496       0.69069036       0.00430964       4.01276142
  3497       0.69402369       0.00097631       4.01109476
  3498       0.69735702      -0.00235702       4.00942809
  3499       0.70069036      -0.00569036       4.00776142
  3500       0.70402369      -0.00902369       4.00609476
  3501       0.69097631       0.00902369       3.99390524
  3502       0.69430964       0.00569036       3.99223858
  3503       0.69764298       0.00235702       3.99057191
  3504       0.70097631      -0.00097631       3.98890524
  3505       0.70430964      -0.00430964       3.98723858
  3506       0.69215482       0.00784518       3.99861929
  3507       0.69548816       0.00451184       3.99695262
  3508       0.69882149       0.00117851       3.99528595
  3509       0.70215482      -0.00215482       3.99361929
  3510       0.70548816      -0.00548816       3.99195262
  3511       0.69333333       0.00666667       4.00333333
  3512       0.69666667       0.00333333       4.00166667
  3513       0.70000000       0.00000000       4.00000000
  3514       0.70333333      -0.00333333       3.99833333
  3515       0.70666667      -0.00666667       3.99666667
  3516       0.69451184       0.00548816       4.00804738
  3517       0.69784518       0.00215482       4.00638071
  3518       0.70117851      -0.00117851       4.00471405
  3519       0.70451184      -0.00451184       4.00304738
  3520       0.70784518      -0.00784518       4.00138071
  3521       0.69569036       0.00430964       4.01276142
  3522       0.69902369       0.00097631       4.01109476
  3523       0.70235702      -0.00235702       4.00942809
  3524       0.70569036      -0.00569036       4.00776142
  3525       0.70902369      -0.00902369       4.00609476
  3526       0.69597631       0.00902369       3.99390524
  3527       0.69930964       0.00569036       3.99223858
  3528       0.70264298       0.00235702       3.99057191
  3529       0.70597631      -0.00097631       3.98890524
  3530       0.70930964      -0.00430964       3.98723858
  3531       0.69715482       0.00784518       3.99861929
  3532       0.70048816       0.00451184       3.99695262
  3533       0.70382149       0.00117851       3.99528595
  3534       0.70715482      -0.00215482       3.99361929
  3535       0.71048816      -0.00548816       3.99195262
  3536       0.69833333       0.00666667       4.00333333
  3537       0.70166667       0.00333333       4.00166667
  3538       0.70500000       0.00000000       4.00000000
  3539       0.70833333      -0.00333333       3.99833333
  3540       0.71166667      -0.00666667       3.99666667
  3541       0.69951184       0.00548816       4.00804738
  3542       0.70284518       0.00215482       4.00638071
  3543       0.70617851      -0.00117851       4.00471405
  3544       0.70951184      -0.00451184       4.00304738
  3545       0.71284518      -0.00784518       4.00138071
  3546       0.70069036       0.00430964       4.01276142
  3547       0.70402369       0.00097631       4.01109476
  3548       0.70735702      -0.00235702       4.00942809
  3549       0.71069036      -0.00569036       4.00776142
  3550       0.71402369      -0.00902369       4.00609476
  3551       0.70097631       0.00902369       3.99390524
  3552       0.70430964       0.00569036       3.99223858
  3553       0.70764298       0.00235702       3.99057191
  3554       0.71097631      -0.00097631       3.98890524
  3555       0.71430964      -0.00430964       3.98723858
  3556       0.70215482       0.00784518       3.99861929
  3557       0.70548816       0.00451184       3.99695262
  3558       0.70882149       0.00117851       3.99528595
  3559       0.71215482      -0.00215482       3.99361929
  3560       0.71548816      -0.00548816       3.99195262
  3561       0.70333333       0.00666667       4.00333333
  3562       0.70666667       0.00333333       4.00166667
  3563       0.71000000       0.00000000       4.00000000
  3564       0.71333333      -0.00333333       3.99833333
  3565       0.71666667      -0.00666667       3.99666667
  3566       0.70451184       0.00548816       4.00804738
  3567       0.70784518       0.00215482       4.00638071
  3568       0.71117851      -0.00117851       4.00471405
  3569       0.71451184      -0.00451184       4.00304738
  3570       0.71784518      -0.00784518       4.00138071
  3571       0.70569036       0.00430964       4.01276142
  3572       0.70902369       0.00097631       4.01109476
  3573       0.71235702      -0.00235702       4.00942809
  3574       0.71569036      -0.00569036       4.00776142
  3575       0.71902369      -0.00902369       4.00609476
  3576       0.70597631       0.00902369       3.99390524
  3577       0.70930964       0.00569036       3.99223858
  3578       0.71264298       0.00235702       3.99057191
  3579       0.71597631      -0.00097631       3.98890524
  3580       0.71930964      -0.00430964       3.98723858
  3581       0.70715482       0.00784518       3.99861929
  3582       0.71048816       0.00451184       3.99695262
  3583       0.71382149       0.00117851       3.99528595
  3584       0.71715482      -0.00215482       3.99361929
  3585       0.72048816      -0.00548816       3.99195262
  3586       0.70833333       0.00666667       4.00333333
  3587       0.71166667       0.00333333       4.00166667
  3588       0.71500000       0.00000000       4.00000000
  3589       0.71833333      -0.00333333       3.99833333
  3590       0.72166667      -0.00666667       3.99666667
  3591       0.70951184       0.00548816       4.00804738
  3592       0.71284518       0.00215482       4.00638071
  3593       0.71617851      -0.00117851       4.00471405
  3594       0.71951184      -0.00451184       4.00304738
  3595       0.72284518      -0.00784518       4.00138071
  3596       0.71069036       0.00430964       4.01276142
  3597       0.71402369       0.00097631       4.01109476
  3598       0.71735702      -0.00235702       4.00942809
  3599       0.72069036      -0.00569036       4.00776142
  3600       0.72402369      -0.00902369       4.00609476
  3601       0.71097631       0.00902369       3.99390524
  3602       0.71430964       0.00569036       3.99223858
  3603       0.71764298       0.00235702       3.99057191
  3604       0.72097631      -0.00097631       3.98890524
  3605       0.72430964      -0.00430964       3.98723858
  3606       0.71215482       0.00784518       3.99861929
  3607       0.71548816       0.00451184       3.99695262
  3608       0.71882149       0.00117851       3.99528595
  3609       0.72215482      -0.00215482       3.99361929
  3610       0.72548816      -0.00548816       3.99195262
  3611       0.71333333       0.00666667       4.00333333
  3612       0.71666667       0.00333333       4.00166667
  3613       0.72000000       0.00000000       4.00000000
  3614       0.72333333      -0.00333333       3.99833333
  3615       0.72666667      -0.00666667       3.99666667
  3616       0.71451184       0.00548816       4.00804738
  3617       0.71784518       0.00215482       4.00638071
  3618       0.72117851      -0.00117851       4.00471405
  3619       0.72451184      -0.00451184       4.00304738
  3620       0.72784518      -0.00784518       4.00138071
  3621       0.71569036       0.00430964       4.01276142
  3622       0.71902369       0.00097631       4.01109476
  3623       0.72235702      -0.00235702       4.00942809
  3624       0.72569036      -0.00569036       4.00776142
  3625       0.72902369      -0.00902369       4.00609476
  3626       0.71597631       0.00902369       3.99390524
  3627       0.71930964       0.00569036       3.99223858
  3628       0.72264298       0.00235702       3.99057191
  3629       0.72597631      -0.00097631       3.98890524
  3630       0.72930964      -0.00430964       3.98723858
  3631       0.71715482       0.00784518       3.99861929
  3632       0.72048816       0.00451184       3.99695262
  3633       0.72382149       0.00117851       3.99528595
  3634       0.72715482      -0.00215482       3.99361929
  3635       0.73048816      -0.00548816       3.99195262
  3636       0.71833333       0.00666667       4.00333333
  3637       0.72166667       0.00333333       4.00166667
  3638       0.72500000       0.00000000       4.00000000
  3639       0.72833333      -0.00333333       3.99833333
  3640       0.73166667      -0.00666667       3.99666667
  3641       0.71951184       0.00548816       4.00804738
  3642       0.72284518       0.00215482       4.00638071
  3643       0.72617851      -0.00117851       4.00471405
  3644       0.72951184      -0.00451184       4.00304738
  3645       0.73284518      -0.00784518       4.00138071
  3646       0.72069036       0.00430964       4.01276142
  3647       0.72402369       0.00097631       4.01109476
  3648       0.72735702      -0.00235702       4.00942809
  3649       0.73069036      -0.00569036       4.00776142
  3650       0.73402369      -0.00902369       4.00609476
  3651       0.72097631       0.00902369       3.99390524
  3652       0.72430964       0.00569036       3.99223858
  3653       0.72764298       0.00235702       3.99057191
  3654       0.73097631      -0.00097631       3.98890524
  3655       0.73430964      -0.00430964       3.98723858
  3656       0.72215482       0.00784518       3.99861929
  3657       0.72548816       0.00451184       3.99695262
  3658       0.72882149       0.00117851       3.99528595
  3659       0.73215482      -0.00215482       3.99361929
  3660       0.73548816      -0.00548816       3.99195262
  3661       0.72333333       0.00666667       4.00333333
  3662       0.72666667       0.00333333       4.00166667
  3663       0.73000000       0.00000000       4.00000000
  3664       0.73333333      -0.00333333       3.99833333
  3665       0.73666667      -0.00666667       3.99666667
  3666       0.72451184       0.00548816       4.00804738
  3667       0.72784518       0.00215482       4.00638071
  3668       0.73117851      -0.00117851       4.00471405
  3669       0.73451184      -0.00451184       4.00304738
  3670       0.73784518      -0.00784518       4.00138071
  3671       0.72569036       0.00430964       4.01276142
  3672       0.72902369       0.00097631       4.01109476
  3673       0.73235702      -0.00235702       4.00942809
  3674       0.73569036      -0.00569036       4.00776142
  3675       0.73902369      -0.00902369       4.00609476
  3676       0.72597631       0.00902369       3.99390524
  3677       0.72930964       0.00569036       3.99223858
  3678       0.73264298       0.00235702       3.99057191
  3679       0.73597631      -0.00097631       3.98890524
  3680       0.73930964      -0.00430964       3.98723858
  3681       0.72715482       0.00784518       3.99861929
  3682       0.73048816       0.00451184       3.99695262
  3683       0.73382149       0.00117851       3.99528595
  3684       0.73715482      -0.00215482       3.99361929
  3685       0.74048816      -0.00548816       3.99195262
  3686       0.72833333       0.00666667       4.00333333
  3687       0.73166667       0.00333333       4.00166667
  3688       0.73500000       0.00000000       4.00000000
  3689       0.73833333      -0.00333333       3.99833333
  3690       0.74166667      -0.00666667       3.99666667
  3691       0.72951184       0.00548816       4.00804738
  3692       0.73284518       0.00215482       4.00638071
  3693       0.73617851      -0.00117851       4.00471405
  3694       0.73951184      -0.00451184       4.00304738
  3695       0.74284518      -0.00784518       4.00138071
  3696       0.73069036       0.00430964       4.01276142
  3697       0.73402369       0.00097631       4.01109476
  3698       0.73735702      -0.00235702       4.00942809
  3699       0.74069036      -0.00569036       4.00776142
  3700       0.74402369      -0.00902369       4.00609476
  3701       0.73097631       0.00902369       3.99390524
  3702       0.73430964       0.00569036       3.99223858
  3703       0.73764298       0.00235702       3.99057191
  3704       0.74097631      -0.00097631       3.98890524
  3705       0.74430964      -0.00430964       3.98723858
  3706       0.73215482       0.00784518       3.99861929
  3707       0.73548816       0.00451184       3.99695262
  3708       0.73882149       0.00117851       3.99528595
  3709       0.74215482      -0.00215482       3.99361929
  3710       0.74548816      -0.00548816       3.99195262
  3711       0.73333333       0.00666667       4.00333333
  3712       0.73666667       0.00333333       4.00166667
  3713       0.74000000       0.00000000       4.00000000
  3714       0.74333333      -0.00333333       3.99833333
  3715       0.74666667      -0.00666667       3.99666667
  3716       0.73451184       0.00548816       4.00804738
  3717       0.73784518       0.00215482       4.00638071
  3718       0.74117851      -0.00117851       4.00471405
  3719       0.74451184      -0.00451184       4.00304738
  3720       0.74784518      -0.00784518       4.00138071
  3721       0.73569036       0.00430964       4.01276142
  3722       0.73902369       0.00097631       4.01109476
  3723       0.74235702      -0.00235702       4.00942809
  3724       0.74569036      -0.00569036       4.00776142
  3725       0.74902369      -0.00902369       4.00609476
  3726       0.73597631       0.00902369       3.99390524
  3727       0.73930964       0.00569036       3.99223858
  3728       0.74264298       0.00235702       3.99057191
  3729       0.74597631      -0.00097631       3.98890524
  3730       0.74930964      -0.00430964       3.98723858
  3731       0.73715482       0.00784518       3.99861929
  3732       0.74048816       0.00451184       3.99695262
  3733       0.74382149       0.00117851       3.99528595
  3734       0.74715482      -0.00215482       3.99361929
  3735       0.75048816      -0.00548816       3.99195262
  3736       0.73833333       0.00666667       4.00333333
  3737       0.74166667       0.00333333       4.00166667
  3738       0.74500000       0.00000000       4.00000000
  3739       0.74833333      -0.00333333       3.99833333
  3740       0.75166667      -0.00666667       3.99666667
  3741       0.73951184       0.00548816       4.00804738
  3742       0.74284518       0.00215482       4.00638071
  3743       0.74617851      -0.00117851       4.00471405
  3744       0.74951184      -0.00451184       4.00304738
  3745       0.75284518      -0.00784518       4.00138071
  3746       0.74069036       0.00430964       4.01276142
  3747       0.74402369       0.00097631       4.01109476
  3748       0.74735702      -0.00235702       4.00942809
  3749       0.75069036      -0.00569036       4.00776142
  3750       0.75402369      -0.00902369       4.00609476
  3751       0.74097631       0.00902369       3.99390524
  3752       0.74430964       0.00569036       3.99223858
  3753       0.74764298       0.00235702       3.99057191
  3754       0.75097631      -0.00097631       3.98890524
  3755       0.75430964      -0.00430964       3.98723858
  3756       0.74215482       0.00784518       3.99861929
  3757       0.74548816       0.00451184       3.99695262
  3758       0.74882149       0.00117851       3.99528595
  3759       0.75215482      -0.00215482       3.99361929
  3760       0.75548816      -0.00548816       3.99195262
  3761       0.74333333       0.00666667       4.00333333
  3762       0.74666667       0.00333333       4.00166667
  3763       0.75000000       0.00000000       4.00000000
  3764       0.75333333      -0.00333333       3.99833333
  3765       0.75666667      -0.00666667       3.99666667
  3766       0.74451184       0.00548816       4.00804738
  3767       0.74784518       0.00215482       4.00638071
  3768       0.75117851      -0.00117851       4.00471405
  3769       0.75451184      -0.00451184       4.00304738
  3770       0.75784518      -0.00784518       4.00138071
  3771       0.74569036       0.00430964       4.01276142
  3772       0.74902369       0.00097631       4.01109476
  3773       0.75235702      -0.00235702       4.00942809
  3774       0.75569036      -0.00569036       4.00776142
  3775       0.75902369      -0.00902369       4.00609476
  3776       0.74597631       0.00902369       3.99390524
  3777       0.74930964       0.00569036       3.99223858
  3778       0.75264298       0.00235702       3.99057191
  3779       0.75597631      -0.00097631       3.98890524
  3780       0.75930964      -0.00430964       3.98723858
  3781       0.74715482       0.00784518       3.99861929
  3782       0.75048816       0.00451184       3.99695262
  3783       0.75382149       0.00117851       3.99528595
  3784       0.75715482      -0.00215482       3.99361929
  3785       0.76048816      -0.00548816       3.99195262
  3786       0.74833333       0.00666667       4.00333333
  3787       0.75166667       0.00333333       4.00166667
  3788       0.75500000       0.00000000       4.00000000
  3789       0.75833333      -0.00333333       3.99833333
  3790       0.76166667      -0.00666667       3.99666667
  3791       0.74951184       0.00548816       4.00804738
  3792       0.75284518       0.00215482       4.00638071
  3793       0.75617851      -0.00117851       4.00471405
  3794       0.75951184      -0.00451184       4.00304738
  3795       0.76284518      -0.00784518       4.00138071
  3796       0.75069036       0.00430964       4.01276142
  3797       0.75402369       0.00097631       4.01109476
  3798       0.75735702      -0.00235702       4.00942809
  3799       0.76069036      -0.00569036       4.00776142
  3800       0.76402369      -0.00902369       4.00609476
  3801       0.75097631       0.00902369       3.99390524
  3802       0.75430964       0.00569036       3.99223858
  3803       0.75764298       0.00235702       3.99057191
  3804       0.76097631      -0.00097631       3.98890524
  3805       0.76430964      -0.00430964       3.98723858
  3806       0.75215482       0.00784518       3.99861929
  3807       0.75548816       0.00451184       3.99695262
  3808       0.75882149       0.00117851       3.99528595
  3809       0.76215482      -0.00215482       3.99361929
  3810       0.76548816      -0.00548816       3.99195262
  3811       0.75333333       0.00666667       4.00333333
  3812       0.75666667       0.00333333       4.00166667
  3813       0.76000000       0.00000000       4.00000000
  3814       0.76333333      -0.00333333       3.99833333
  3815       0.76666667      -0.00666667       3.99666667
  3816       0.75451184       0.00548816       4.00804738
  3817       0.75784518       0.00215482       4.00638071
  3818       0.76117851      -0.00117851       4.00471405
  3819       0.76451184      -0.00451184       4.00304738
  3820       0.76784518      -0.00784518       4.00138071
  3821       0.75569036       0.00430964       4.01276142
  3822       0.75902369       0.00097631       4.01109476
  3823       0.76235702      -0.00235702       4.00942809
  3824       0.76569036      -0.00569036       4.00776142
  3825       0.76902369      -0.00902369       4.00609476
  3826       0.75597631       0.00902369       3.99390524
  3827       0.75930964       0.00569036       3.99223858
  3828       0.76264298       0.00235702       3.99057191
  3829       0.76597631      -0.00097631       3.98890524
  3830       0.76930964      -0.00430964       3.98723858
  3831       0.75715482       0.00784518       3.99861929
  3832       0.76048816       0.00451184       3.99695262
  3833       0.76382149       0.00117851       3.99528595
  3834       0.76715482      -0.00215482       3.99361929
  3835       0.77048816      -0.00548816       3.99195262
  3836       0.75833333       0.00666667       4.00333333
  3837       0.76166667       0.00333333       4.00166667
  3838       0.76500000       0.00000000       4.00000000
  3839       0.76833333      -0.00333333       3.99833333
  3840       0.77166667      -0.00666667       3.99666667
  3841       0.75951184       0.00548816       4.00804738
  3842       0.76284518       0.00215482       4.00638071
  3843       0.76617851      -0.00117851       4.00471405
  3844       0.76951184      -0.00451184       4.00304738
  3845       0.77284518      -0.00784518       4.00138071
  3846       0.76069036       0.00430964       4.01276142
  3847       0.76402369       0.00097631       4.01109476
  3848       0.76735702      -0.00235702       4.00942809
  3849       0.77069036      -0.00569036       4.00776142
  3850       0.77402369      -0.00902369       4.00609476
  3851       0.76097631       0.00902369       3.99390524
  3852       0.76430964       0.00569036       3.99223858
  3853       0.76764298       0.00235702       3.99057191
  3854       0.77097631      -0.00097631       3.98890524
  3855       0.77430964      -0.00430964       3.98723858
  3856       0.76215482       0.00784518       3.99861929
  3857       0.76548816       0.00451184       3.99695262
  3858       0.76882149       0.00117851       3.99528595
  3859       0.77215482      -0.00215482       3.99361929
  3860       0.77548816      -0.00548816       3.99195262
  3861       0.76333333       0.00666667       4.00333333
  3862       0.76666667       0.00333333       4.00166667
  3863       0.77000000       0.00000000       4.00000000
  3864       0.77333333      -0.00333333       3.99833333
  3865       0.77666667      -0.00666667       3.99666667
  3866       0.76451184       0.00548816       4.00804738
  3867       0.76784518       0.00215482       4.00638071
  3868       0.77117851      -0.00117851       4.00471405
  3869       0.77451184      -0.00451184       4.00304738
  3870       0.77784518      -0.00784518       4.00138071
  3871       0.76569036       0.00430964       4.01276142
  3872       0.76902369       0.00097631       4.01109476
  3873       0.77235702      -0.00235702       4.00942809
  3874       0.77569036      -0.00569036       4.00776142
  3875       0.77902369      -0.00902369       4.00609476
  3876       0.76597631       0.00902369       3.99390524
  3877       0.76930964       0.00569036       3.99223858
  3878       0.77264298       0.00235702       3.99057191
  3879       0.77597631      -0.00097631       3.98890524
  3880       0.77930964      -0.00430964       3.98723858
  3881       0.76715482       0.00784518       3.99861929
  3882       0.77048816       0.00451184       3.99695262
  3883       0.77382149       0.00117851       3.99528595
  3884       0.77715482      -0.00215482       3.99361929
  3885       0.78048816      -0.00548816       3.99195262
  3886       0.76833333       0.00666667       4.00333333
  3887       0.77166667       0.00333333       4.00166667
  3888       0.77500000       0.00000000       4.00000000
  3889       0.77833333      -0.00333333       3.99833333
  3890       0.78166667      -0.00666667       3.99666667
  3891       0.76951184       0.00548816       4.00804738
  3892       0.77284518       0.00215482       4.00638071
  3893       0.77617851      -0.00117851       4.00471405
  3894       0.77951184      -0.00451184       4.00304738
  3895       0.78284518      -0.00784518       4.00138071
  3896       0.77069036       0.00430964       4.01276142
  3897       0.77402369       0.00097631       4.01109476
  3898       0.77735702      -0.00235702       4.00942809
  3899       0.78069036      -0.00569036       4.00776142
  3900       0.78402369      -0.00902369       4.00609476
  3901       0.77097631       0.00902369       3.99390524
  3902       0.77430964       0.00569036       3.99223858
  3903       0.77764298       0.00235702       3.99057191
  3904       0.78097631      -0.00097631       3.98890524
  3905       0.78430964      -0.00430964       3.98723858
  3906       0.77215482       0.00784518       3.99861929
  3907       0.77548816       0.00451184       3.99695262
  3908       0.77882149       0.00117851       3.99528595
  3909       0.78215482      -0.00215482       3.99361929
  3910       0.78548816      -0.00548816       3.99195262
  3911       0.77333333       0.00666667       4.00333333
  3912       0.77666667       0.00333333       4.00166667
  3913       0.78000000       0.00000000       4.00000000
  3914       0.78333333      -0.00333333       3.99833333
  3915       0.78666667      -0.00666667       3.99666667
  3916       0.77451184       0.00548816       4.00804738
  3917       0.77784518       0.00215482       4.00638071
  3918       0.78117851      -0.00117851       4.00471405
  3919       0.78451184      -0.00451184       4.00304738
  3920       0.78784518      -0.00784518       4.00138071
  3921       0.77569036       0.00430964       4.01276142
  3922       0.77902369       0.00097631       4.01109476
  3923       0.78235702      -0.00235702       4.00942809
  3924       0.78569036      -0.00569036       4.00776142
  3925       0.78902369      -0.00902369       4.00609476
  3926       0.77597631       0.00902369       3.99390524
  3927       0.77930964       0.00569036       3.99223858
  3928       0.78264298       0.00235702       3.99057191
  3929       0.78597631      -0.00097631       3.98890524
  3930       0.78930964      -0.00430964       3.98723858
  3931       0.77715482       0.00784518       3.99861929
  3932       0.78048816       0.00451184       3.99695262
  3933       0.78382149       0.00117851       3.99528595
  3934       0.78715482      -0.00215482       3.99361929
  3935       0.79048816      -0.00548816       3.99195262
  3936       0.77833333       0.00666667       4.00333333
  3937       0.78166667       0.00333333       4.00166667
  3938       0.78500000       0.00000000       4.00000000
  3939       0.78833333      -0.00333333       3.99833333
  3940       0.79166667      -0.00666667       3.99666667
  3941       0.77951184       0.00548816       4.00804738
  3942       0.78284518       0.00215482       4.00638071
  3943       0.78617851      -0.00117851       4.00471405
  3944       0.78951184      -0.00451184       4.00304738
  3945       0.79284518      -0.00784518       4.00138071
  3946       0.78069036       0.00430964       4.01276142
  3947       0.78402369       0.00097631       4.01109476
  3948       0.78735702      -0.00235702       4.00942809
  3949       0.79069036      -0.00569036       4.00776142
  3950       0.79402369      -0.00902369       4.00609476
  3951       0.78097631       0.00902369       3.99390524
  3952       0.78430964       0.00569036       3.99223858
  3953       0.78764298       0.00235702       3.99057191
  3954       0.79097631      -0.00097631       3.98890524
  3955       0.79430964      -0.00430964       3.98723858
  3956       0.78215482       0.00784518       3.99861929
  3957       0.78548816       0.00451184       3.99695262
  3958       0.78882149       0.00117851       3.99528595
  3959       0.79215482      -0.00215482       3.99361929
  3960       0.79548816      -0.00548816       3.99195262
  3961       0.78333333       0.00666667       4.00333333
  3962       0.78666667       0.00333333       4.00166667
  3963       0.79000000       0.00000000       4.00000000
  3964       0.79333333      -0.00333333       3.99833333
  3965       0.79666667      -0.00666667       3.99666667
  3966       0.78451184       0.00548816       4.00804738
  3967       0.78784518       0.00215482       4.00638071
  3968       0.79117851      -0.00117851       4.00471405
  3969       0.79451184      -0.00451184       4.00304738
  3970       0.79784518      -0.00784518       4.00138071
  3971       0.78569036       0.00430964       4.01276142
  3972       0.78902369       0.00097631       4.01109476
  3973       0.79235702      -0.00235702       4.00942809
  3974       0.79569036      -0.00569036       4.00776142
  3975       0.79902369      -0.00902369       4.00609476
  3976       0.78597631       0.00902369       3.99390524
  3977       0.78930964       0.00569036       3.99223858
  3978       0.79264298       0.00235702       3.99057191
  3979       0.79597631      -0.00097631       3.98890524
  3980       0.79930964      -0.00430964       3.98723858
  3981       0.78715482       0.00784518       3.99861929
  3982       0.79048816       0.00451184       3.99695262
  3983       0.79382149       0.00117851       3.99528595
  3984       0.79715482      -0.00215482       3.99361929
  3985       0.80048816      -0.00548816       3.99195262
  3986       0.78833333       0.00666667       4.00333333
  3987       0.79166667       0.00333333       4.00166667
  3988       0.79500000       0.00000000       4.00000000
  3989       0.79833333      -0.00333333       3.99833333
  3990       0.80166667      -0.00666667       3.99666667
  3991       0.78951184       0.00548816       4.00804738
  3992       0.79284518       0.00215482       4.00638071
  3993       0.79617851      -0.00117851       4.00471405
  3994       0.79951184      -0.00451184       4.00304738
  3995       0.80284518      -0.00784518       4.00138071
  3996       0.79069036       0.00430964       4.01276142
  3997       0.79402369       0.00097631       4.01109476
  3998       0.79735702      -0.00235702       4.00942809
  3999       0.80069036      -0.00569036       4.00776142
  4000       0.80402369      -0.00902369       4.00609476
  4001       0.79097631       0.00902369       3.99390524
  4002       0.79430964       0.00569036       3.99223858
  4003       0.79764298       0.00235702       3.99057191
  4004       0.80097631      -0.00097631       3.98890524
  4005       0.80430964      -0.00430964       3.98723858
  4006       0.79215482       0.00784518       3.99861929
  4007       0.79548816       0.00451184       3.99695262
  4008       0.79882149       0.00117851       3.99528595
  4009       0.80215482      -0.00215482       3.99361929
  4010       0.80548816      -0.00548816       3.99195262
  4011       0.79333333       0.00666667       4.00333333
  4012       0.79666667       0.00333333       4.00166667
  4013       0.80000000       0.00000000       4.00000000
  4014       0.80333333      -0.00333333       3.99833333
  4015       0.80666667      -0.00666667       3.99666667
  4016       0.79451184       0.00548816       4.00804738
  4017       0.79784518       0.00215482       4.00638071
  4018       0.80117851      -0.00117851       4.00471405
  4019       0.80451184      -0.00451184       4.00304738
  4020       0.80784518      -0.00784518       4.00138071
  4021       0.79569036       0.00430964       4.01276142
  4022       0.79902369       0.00097631       4.01109476
  4023       0.80235702      -0.00235702       4.00942809
  4024       0.80569036      -0.00569036       4.00776142
  4025       0.80902369      -0.00902369       4.00609476
  4026       0.79597631       0.00902369       3.99390524
  4027       0.79930964       0.00569036       3.99223858
  4028       0.80264298       0.00235702       3.99057191
  4029       0.80597631      -0.00097631       3.98890524
  4030       0.80930964      -0.00430964       3.98723858
  4031       0.79715482       0.00784518       3.99861929
  4032       0.80048816       0.00451184       3.99695262
  4033       0.80382149       0.00117851       3.99528595
  4034       0.80715482      -0.00215482       3.99361929
  4035       0.81048816      -0.00548816       3.99195262
  4036       0.79833333       0.00666667       4.00333333
  4037       0.80166667       0.00333333       4.00166667
  4038       0.80500000       0.00000000       4.00000000
  4039       0.80833333      -0.00333333       3.99833333
  4040       0.81166667      -0.00666667       3.99666667
  4041       0.79951184       0.00548816       4.00804738
  4042       0.80284518       0.00215482       4.00638071
  4043       0.80617851      -0.00117851       4.00471405
  4044       0.80951184      -0.00451184       4.00304738
  4045       0.81284518      -0.00784518       4.00138071
  4046       0.80069036       0.00430964       4.01276142
  4047       0.80402369       0.00097631       4.01109476
  4048       0.80735702      -0.00235702       4.00942809
  4049       0.81069036      -0.00569036       4.00776142
  4050       0.81402369      -0.00902369       4.00609476
  4051       0.80097631       0.00902369       3.99390524
  4052       0.80430964       0.00569036       3.99223858
  4053       0.80764298       0.00235702       3.99057191
  4054       0.81097631      -0.00097631       3.98890524
  4055       0.81430964      -0.00430964       3.98723858
  4056       0.80215482       0.00784518       3.99861929
  4057       0.80548816       0.00451184       3.99695262
  4058       0.80882149       0.00117851       3.99528595
  4059       0.81215482      -0.00215482       3.99361929
  4060       0.81548816      -0.00548816       3.99195262
  4061       0.80333333       0.00666667       4.00333333
  4062       0.80666667       0.00333333       4.00166667
  4063       0.81000000       0.00000000       4.00000000
  4064       0.81333333      -0.00333333       3.99833333
  4065       0.81666667      -0.00666667       3.99666667
  4066       0.80451184       0.00548816       4.00804738
  4067       0.80784518       0.00215482       4.00638071
  4068       0.81117851      -0.00117851       4.00471405
  4069       0.81451184      -0.00451184       4.00304738
  4070       0.81784518      -0.00784518       4.00138071
  4071       0.80569036       0.00430964       4.01276142
  4072       0.80902369       0.00097631       4.01109476
  4073       0.81235702      -0.00235702       4.00942809
  4074       0.81569036      -0.00569036       4.00776142
  4075       0.81902369      -0.00902369       4.00609476
  4076       0.80597631       0.00902369       3.99390524
  4077       0.80930964       0.00569036       3.99223858
  4078       0.81264298       0.00235702       3.99057191
  4079       0.81597631      -0.00097631       3.98890524
  4080       0.81930964      -0.00430964       3.98723858
  4081       0.80715482       0.00784518       3.99861929
  4082       0.81048816       0.00451184       3.99695262
  4083       0.81382149       0.00117851       3.99528595
  4084       0.81715482      -0.00215482       3.99361929
  4085       0.82048816      -0.00548816       3.99195262
  4086       0.80833333       0.00666667       4.00333333
  4087       0.81166667       0.00333333       4.00166667
  4088       0.81500000       0.00000000       4.00000000
  4089       0.81833333      -0.00333333       3.99833333
  4090       0.82166667      -0.00666667       3.99666667
  4091       0.80951184       0.00548816       4.00804738
  4092       0.81284518       0.00215482       4.00638071
  4093       0.81617851      -0.00117851       4.00471405
  4094       0.81951184      -0.00451184       4.00304738
  4095       0.82284518      -0.00784518       4.00138071
  4096       0.81069036       0.00430964       4.01276142
  4097       0.81402369       0.00097631       4.01109476
  4098       0.81735702      -0.00235702       4.00942809
  4099       0.82069036      -0.00569036       4.00776142
  4100       0.82402369      -0.00902369       4.00609476
  4101       0.81097631       0.00902369       3.99390524
  4102       0.81430964       0.00569036       3.99223858
  4103       0.81764298       0.00235702       3.99057191
  4104       0.82097631      -0.00097631       3.98890524
  4105       0.82430964      -0.00430964       3.98723858
  4106       0.81215482       0.00784518       3.99861929
  4107       0.81548816       0.00451184       3.99695262
  4108       0.81882149       0.00117851       3.99528595
  4109       0.82215482      -0.00215482       3.99361929
  4110       0.82548816      -0.00548816       3.99195262
  4111       0.81333333       0.00666667       4.00333333
  4112       0.81666667       0.00333333       4.00166667
  4113       0.82000000       0.00000000       4.00000000
  4114       0.82333333      -0.00333333       3.99833333
  4115       0.82666667      -0.00666667       3.99666667
  4116       0.81451184       0.00548816       4.00804738
  4117       0.81784518       0.00215482       4.00638071
  4118       0.82117851      -0.00117851       4.00471405
  4119       0.82451184      -0.00451184       4.00304738
  4120       0.82784518      -0.00784518       4.00138071
  4121       0.81569036       0.00430964       4.01276142
  4122       0.81902369       0.00097631       4.01109476
  4123       0.82235702      -0.00235702       4.00942809
  4124       0.82569036      -0.00569036       4.00776142
  4125       0.82902369      -0.00902369       4.00609476
  4126       0.81597631       0.00902369       3.99390524
  4127       0.81930964       0.00569036       3.99223858
  4128       0.82264298       0.00235702       3.99057191
  4129       0.82597631      -0.00097631       3.98890524
  4130       0.82930964      -0.00430964       3.98723858
  4131       0.81715482       0.00784518       3.99861929
  4132       0.82048816       0.00451184       3.99695262
  4133       0.82382149       0.00117851       3.99528595
  4134       0.82715482      -0.00215482       3.99361929
  4135       0.83048816      -0.00548816       3.99195262
  4136       0.81833333       0.00666667       4.00333333
  4137       0.82166667       0.00333333       4.00166667
  4138       0.82500000       0.00000000       4.00000000
  4139       0.82833333      -0.00333333       3.99833333
  4140       0.83166667      -0.00666667       3.99666667
  4141       0.81951184       0.00548816       4.00804738
  4142       0.82284518       0.00215482       4.00638071
  4143       0.82617851      -0.00117851       4.00471405
  4144       0.82951184      -0.00451184       4.00304738
  4145       0.83284518      -0.00784518       4.00138071
  4146       0.82069036       0.00430964       4.01276142
  4147       0.82402369       0.00097631       4.01109476
  4148       0.82735702      -0.00235702       4.00942809
  4149       0.83069036      -0.00569036       4.00776142
  4150       0.83402369      -0.00902369       4.00609476
  4151       0.82097631       0.00902369       3.99390524
  4152       0.82430964       0.00569036       3.99223858
  4153       0.82764298       0.00235702       3.99057191
  4154       0.83097631      -0.00097631       3.98890524
  4155       0.83430964      -0.00430964       3.98723858
  4156       0.82215482       0.00784518       3.99861929
  4157       0.82548816       0.00451184       3.99695262
  4158       0.82882149       0.00117851       3.99528595
  4159       0.83215482      -0.00215482       3.99361929
  4160       0.83548816      -0.00548816       3.99195262
  4161       0.82333333       0.00666667       4.00333333
  4162       0.82666667       0.00333333       4.00166667
  4163       0.83000000       0.00000000       4.00000000
  4164       0.83333333      -0.00333333       3.99833333
  4165       0.83666667      -0.00666667       3.99666667
  4166       0.82451184       0.00548816       4.00804738
  4167       0.82784518       0.00215482       4.00638071
  4168       0.83117851      -0.00117851       4.00471405
  4169       0.83451184      -0.00451184       4.00304738
  4170       0.83784518      -0.00784518       4.00138071
  4171       0.82569036       0.00430964       4.01276142
  4172       0.82902369       0.00097631       4.01109476
  4173       0.83235702      -0.00235702       4.00942809
  4174       0.83569036      -0.00569036       4.00776142
  4175       0.83902369      -0.00902369       4.00609476
  4176       0.82597631       0.00902369       3.99390524
  4177       0.82930964       0.00569036       3.99223858
  4178       0.83264298       0.00235702       3.99057191
  4179       0.83597631      -0.00097631       3.98890524
  4180       0.83930964      -0.00430964       3.98723858
  4181       0.82715482       0.00784518       3.99861929
  4182       0.83048816       0.00451184       3.99695262
  4183       0.83382149       0.00117851       3.99528595
  4184       0.83715482      -0.00215482       3.99361929
  4185       0.84048816      -0.00548816       3.99195262
  4186       0.82833333       0.00666667       4.00333333
  4187       0.83166667       0.00333333       4.00166667
  4188       0.83500000       0.00000000       4.00000000
  4189       0.83833333      -0.00333333       3.99833333
  4190       0.84166667      -0.00666667       3.99666667
  4191       0.82951184       0.00548816       4.00804738
  4192       0.83284518       0.00215482       4.00638071
  4193       0.83617851      -0.00117851       4.00471405
  4194       0.83951184      -0.00451184       4.00304738
  4195       0.84284518      -0.00784518       4.00138071
  4196       0.83069036       0.00430964       4.01276142
  4197       0.83402369       0.00097631       4.01109476
  4198       0.83735702      -0.00235702       4.00942809
  4199       0.84069036      -0.00569036       4.00776142
  4200       0.84402369      -0.00902369       4.00609476
  4201       0.83097631       0.00902369       3.99390524
  4202       0.83430964       0.00569036       3.99223858
  4203       0.83764298       0.00235702       3.99057191
  4204       0.84097631      -0.00097631       3.98890524
  4205       0.84430964      -0.00430964       3.98723858
  4206       0.83215482       0.00784518       3.99861929
  4207       0.83548816       0.00451184       3.99695262
  4208       0.83882149       0.00117851       3.99528595
  4209       0.84215482      -0.00215482       3.99361929
  4210       0.84548816      -0.00548816       3.99195262
  4211       0.83333333       0.00666667       4.00333333
  4212       0.83666667       0.00333333       4.00166667
  4213       0.84000000       0.00000000       4.00000000
  4214       0.84333333      -0.00333333       3.99833333
  4215       0.84666667      -0.00666667       3.99666667
  4216       0.83451184       0.00548816       4.00804738
  4217       0.83784518       0.00215482       4.00638071
  4218       0.84117851      -0.00117851       4.00471405
  4219       0.84451184      -0.00451184       4.00304738
  4220       0.84784518      -0.00784518       4.00138071
  4221       0.83569036       0.00430964       4.01276142
  4222       0.83902369       0.00097631       4.01109476
  4223       0.84235702      -0.00235702       4.00942809
  4224       0.84569036      -0.00569036       4.00776142
  4225       0.84902369      -0.00902369       4.00609476
  4226       0.83597631       0.00902369       3.99390524
  4227       0.83930964       0.00569036       3.99223858
  4228       0.84264298       0.00235702       3.99057191
  4229       0.84597631      -0.00097631       3.98890524
  4230       0.84930964      -0.00430964       3.98723858
  4231       0.83715482       0.00784518       3.99861929
  4232       0.84048816       0.00451184       3.99695262
  4233       0.84382149       0.00117851       3.99528595
  4234       0.84715482      -0.00215482       3.99361929
  4235       0.85048816      -0.00548816       3.99195262
  4236       0.83833333       0.00666667       4.00333333
  4237       0.84166667       0.00333333       4.00166667
  4238       0.84500000       0.00000000       4.00000000
  4239       0.84833333      -0.00333333       3.99833333
  4240       0.85166667      -0.00666667       3.99666667
  4241       0.83951184       0.00548816       4.00804738
  4242       0.84284518       0.00215482       4.00638071
  4243       0.84617851      -0.00117851       4.00471405
  4244       0.84951184      -0.00451184       4.00304738
  4245       0.85284518      -0.00784518       4.00138071
  4246       0.84069036       0.00430964       4.01276142
  4247       0.84402369       0.00097631       4.01109476
  4248       0.84735702      -0.00235702       4.00942809
  4249       0.85069036      -0.00569036       4.00776142
  4250       0.85402369      -0.00902369       4.00609476
  4251       0.84097631       0.00902369       3.99390524
  4252       0.84430964       0.00569036       3.99223858
  4253       0.84764298       0.00235702       3.99057191
  4254       0.85097631      -0.00097631       3.98890524
  4255       0.85430964      -0.00430964       3.98723858
  4256       0.84215482       0.00784518       3.99861929
  4257       0.84548816       0.00451184       3.99695262
  4258       0.84882149       0.00117851       3.99528595
  4259       0.85215482      -0.00215482       3.99361929
  4260       0.85548816      -0.00548816       3.99195262
  4261       0.84333333       0.00666667       4.00333333
  4262       0.84666667       0.00333333       4.00166667
  4263       0.85000000       0.00000000       4.00000000
  4264       0.85333333      -0.00333333       3.99833333
  4265       0.85666667      -0.00666667       3.99666667
  4266       0.84451184       0.00548816       4.00804738
  4267       0.84784518       0.00215482       4.00638071
  4268       0.85117851      -0.00117851       4.00471405
  4269       0.85451184      -0.00451184       4.00304738
  4270       0.85784518      -0.00784518       4.00138071
  4271       0.84569036       0.00430964       4.01276142
  4272       0.84902369       0.00097631       4.01109476
  4273       0.85235702      -0.00235702       4.00942809
  4274       0.85569036      -0.00569036       4.00776142
  4275       0.85902369      -0.00902369       4.00609476
  4276       0.84597631       0.00902369       3.99390524
  4277       0.84930964       0.00569036       3.99223858
  4278       0.85264298       0.00235702       3.99057191
  4279       0.85597631      -0.00097631       3.98890524
  4280       0.85930964      -0.00430964       3.98723858
  4281       0.84715482       0.00784518       3.99861929
  4282       0.85048816       0.00451184       3.99695262
  4283       0.85382149       0.00117851       3.99528595
  4284       0.85715482      -0.00215482       3.99361929
  4285       0.86048816      -0.00548816       3.99195262
  4286       0.84833333       0.00666667       4.00333333
  4287       0.85166667       0.00333333       4.00166667
  4288       0.85500000       0.00000000       4.00000000
  4289       0.85833333      -0.00333333       3.99833333
  4290       0.86166667      -0.00666667       3.99666667
  4291       0.84951184       0.00548816       4.00804738
  4292       0.85284518       0.00215482       4.00638071
  4293       0.85617851      -0.00117851       4.00471405
  4294       0.85951184      -0.00451184       4.00304738
  4295       0.86284518      -0.00784518       4.00138071
  4296       0.85069036       0.00430964       4.01276142
  4297       0.85402369       0.00097631       4.01109476
  4298       0.85735702      -0.00235702       4.00942809
  4299       0.86069036      -0.00569036       4.00776142
  4300       0.86402369      -0.00902369       4.00609476
  4301       0.85097631       0.00902369       3.99390524
  4302       0.85430964       0.00569036       3.99223858
  4303       0.85764298       0.00235702       3.99057191
  4304       0.86097631      -0.00097631       3.98890524
  4305       0.86430964      -0.00430964       3.98723858
  4306       0.85215482       0.00784518       3.99861929
  4307       0.85548816       0.00451184       3.99695262
  4308       0.85882149       0.00117851       3.99528595
  4309       0.86215482      -0.00215482       3.99361929
  4310       0.86548816      -0.00548816       3.99195262
  4311       0.85333333       0.00666667       4.00333333
  4312       0.85666667       0.00333333       4.00166667
  4313       0.86000000       0.00000000       4.00000000
  4314       0.86333333      -0.00333333       3.99833333
  4315       0.86666667      -0.00666667       3.99666667
  4316       0.85451184       0.00548816       4.00804738
  4317       0.85784518       0.00215482       4.00638071
  4318       0.86117851      -0.00117851       4.00471405
  4319       0.86451184      -0.00451184       4.00304738
  4320       0.86784518      -0.00784518       4.00138071
  4321       0.85569036       0.00430964       4.01276142
  4322       0.85902369       0.00097631       4.01109476
  4323       0.86235702      -0.00235702       4.00942809
  4324       0.86569036      -0.00569036       4.00776142
  4325       0.86902369      -0.00902369       4.00609476
  4326       0.85597631       0.00902369       3.99390524
  4327       0.85930964       0.00569036       3.99223858
  4328       0.86264298       0.00235702       3.99057191
  4329       0.86597631      -0.00097631       3.98890524
  4330       0.86930964      -0.00430964       3.98723858
  4331       0.85715482       0.00784518       3.99861929
  4332       0.86048816       0.00451184       3.99695262
  4333       0.86382149       0.00117851       3.99528595
  4334       0.86715482      -0.00215482       3.99361929
  4335       0.87048816      -0.00548816       3.99195262
  4336       0.85833333       0.00666667       4.00333333
  4337       0.86166667       0.00333333       4.00166667
  4338       0.86500000       0.00000000       4.00000000
  4339       0.86833333      -0.00333333       3.99833333
  4340       0.87166667      -0.00666667       3.99666667
  4341       0.85951184       0.00548816       4.00804738
  4342       0.86284518       0.00215482       4.00638071
  4343       0.86617851      -0.00117851       4.00471405
  4344       0.86951184      -0.00451184       4.00304738
  4345       0.87284518      -0.00784518       4.00138071
  4346       0.86069036       0.00430964       4.01276142
  4347       0.86402369       0.00097631       4.01109476
  4348       0.86735702      -0.00235702       4.00942809
  4349       0.87069036      -0.00569036       4.00776142
  4350       0.87402369      -0.00902369       4.00609476
  4351       0.86097631       0.00902369       3.99390524
  4352       0.86430964       0.00569036       3.99223858
  4353       0.86764298       0.00235702       3.99057191
  4354       0.87097631      -0.00097631       3.98890524
  4355       0.87430964      -0.00430964       3.98723858
  4356       0.86215482       0.00784518       3.99861929
  4357       0.86548816       0.00451184       3.99695262
  4358       0.86882149       0.00117851       3.99528595
  4359       0.87215482      -0.00215482       3.99361929
  4360       0.87548816      -0.00548816       3.99195262
  4361       0.86333333       0.00666667       4.00333333
  4362       0.86666667       0.00333333       4.00166667
  4363       0.87000000       0.00000000       4.00000000
  4364       0.87333333      -0.00333333       3.99833333
  4365       0.87666667      -0.00666667       3.99666667
  4366       0.86451184       0.00548816       4.00804738
  4367       0.86784518       0.00215482       4.00638071
  4368       0.87117851      -0.00117851       4.00471405
  4369       0.87451184      -0.00451184       4.00304738
  4370       0.87784518      -0.00784518       4.00138071
  4371       0.86569036       0.00430964       4.01276142
  4372       0.86902369       0.00097631       4.01109476
  4373       0.87235702      -0.00235702       4.00942809
  4374       0.87569036      -0.00569036       4.00776142
  4375       0.87902369      -0.00902369       4.00609476
  4376       0.86597631       0.00902369       3.99390524
  4377       0.86930964       0.00569036       3.99223858
  4378       0.87264298       0.00235702       3.99057191
  4379       0.87597631      -0.00097631       3.98890524
  4380       0.87930964      -0.00430964       3.98723858
  4381       0.86715482       0.00784518       3.99861929
  4382       0.87048816       0.00451184       3.99695262
  4383       0.87382149       0.00117851       3.99528595
  4384       0.87715482      -0.00215482       3.99361929
  4385       0.88048816      -0.00548816       3.99195262
  4386       0.86833333       0.00666667       4.00333333
  4387       0.87166667       0.00333333       4.00166667
  4388       0.87500000       0.00000000       4.00000000
  4389       0.87833333      -0.00333333       3.99833333
  4390       0.88166667      -0.00666667       3.99666667
  4391       0.86951184       0.00548816       4.00804738
  4392       0.87284518       0.00215482       4.00638071
  4393       0.87617851      -0.00117851       4.00471405
  4394       0.87951184      -0.00451184       4.00304738
  4395       0.88284518      -0.00784518       4.00138071
  4396       0.87069036       0.00430964       4.01276142
  4397       0.87402369       0.00097631       4.01109476
  4398       0.87735702      -0.00235702       4.00942809
  4399       0.88069036      -0.00569036       4.00776142
  4400       0.88402369      -0.00902369       4.00609476
  4401       0.87097631       0.00902369       3.99390524
  4402       0.87430964       0.00569036       3.99223858
  4403       0.87764298       0.00235702       3.99057191
  4404       0.88097631      -0.00097631       3.98890524
  4405       0.88430964      -0.00430964       3.98723858
  4406       0.87215482       0.00784518       3.99861929
  4407       0.87548816       0.00451184       3.99695262
  4408       0.87882149       0.00117851       3.99528595
  4409       0.88215482      -0.00215482       3.99361929
  4410       0.88548816      -0.00548816       3.99195262
  4411       0.87333333       0.00666667       4.00333333
  4412       0.87666667       0.00333333       4.00166667
  4413       0.88000000       0.00000000       4.00000000
  4414       0.88333333      -0.00333333       3.99833333
  4415       0.88666667      -0.00666667       3.99666667
  4416       0.87451184       0.00548816       4.00804738
  4417       0.87784518       0.00215482       4.00638071
  4418       0.88117851      -0.00117851       4.00471405
  4419       0.88451184      -0.00451184       4.00304738
  4420       0.88784518      -0.00784518       4.00138071
  4421       0.87569036       0.00430964       4.01276142
  4422       0.87902369       0.00097631       4.01109476
  4423       0.88235702      -0.00235702       4.00942809
  4424       0.88569036      -0.00569036       4.00776142
  4425       0.88902369      -0.00902369       4.00609476
  4426       0.87597631       0.00902369       3.99390524
  4427       0.87930964       0.00569036       3.99223858
  4428       0.88264298       0.00235702       3.99057191
  4429       0.88597631      -0.00097631       3.98890524
  4430       0.88930964      -0.00430964       3.98723858
  4431       0.87715482       0.00784518       3.99861929
  4432       0.88048816       0.00451184       3.99695262
  4433       0.88382149       0.00117851       3.99528595
  4434       0.88715482      -0.00215482       3.99361929
  4435       0.89048816      -0.00548816       3.99195262
  4436       0.87833333       0.00666667       4.00333333
  4437       0.88166667       0.00333333       4.00166667
  4438       0.88500000       0.00000000       4.00000000
  4439       0.88833333      -0.00333333       3.99833333
  4440       0.89166667      -0.00666667       3.99666667
  4441       0.87951184       0.00548816       4.00804738
  4442       0.88284518       0.00215482       4.00638071
  4443       0.88617851      -0.00117851       4.00471405
  4444       0.88951184      -0.00451184       4.00304738
  4445       0.89284518      -0.00784518       4.00138071
  4446       0.88069036       0.00430964       4.01276142
  4447       0.88402369       0.00097631       4.01109476
  4448       0.88735702      -0.00235702       4.00942809
  4449       0.89069036      -0.00569036       4.00776142
  4450       0.89402369      -0.00902369       4.00609476
  4451       0.88097631       0.00902369       3.99390524
  4452       0.88430964       0.00569036       3.99223858
  4453       0.88764298       0.00235702       3.99057191
  4454       0.89097631      -0.00097631       3.98890524
  4455       0.89430964      -0.00430964       3.98723858
  4456       0.88215482       0.00784518       3.99861929
  4457       0.88548816       0.00451184       3.99695262
  4458       0.88882149       0.00117851       3.99528595
  4459       0.89215482      -0.00215482       3.99361929
  4460       0.89548816      -0.00548816       3.99195262
  4461       0.88333333       0.00666667       4.00333333
  4462       0.88666667       0.00333333       4.00166667
  4463       0.89000000       0.00000000       4.00000000
  4464       0.89333333      -0.00333333       3.99833333
  4465       0.89666667      -0.00666667       3.99666667
  4466       0.88451184       0.00548816       4.00804738
  4467       0.88784518       0.00215482       4.00638071
  4468       0.89117851      -0.00117851       4.00471405
  4469       0.89451184      -0.00451184       4.00304738
  4470       0.89784518      -0.00784518       4.00138071
  4471       0.88569036       0.00430964       4.01276142
  4472       0.88902369       0.00097631       4.01109476
  4473       0.89235702      -0.00235702       4.00942809
  4474       0.89569036      -0.00569036       4.00776142
  4475       0.89902369      -0.00902369       4.00609476
  4476       0.88597631       0.00902369       3.99390524
  4477       0.88930964       0.00569036       3.99223858
  4478       0.89264298       0.00235702       3.99057191
  4479       0.89597631      -0.00097631       3.98890524
  4480       0.89930964      -0.00430964       3.98723858
  4481       0.88715482       0.00784518       3.99861929
  4482       0.89048816       0.00451184       3.99695262
  4483       0.89382149       0.00117851       3.99528595
  4484       0.89715482      -0.00215482       3.99361929
  4485       0.90048816      -0.00548816       3.99195262
  4486       0.88833333       0.00666667       4.00333333
  4487       0.89166667       0.00333333       4.00166667
  4488       0.89500000       0.00000000       4.00000000
  4489       0.89833333      -0.00333333       3.99833333
  4490       0.90166667      -0.00666667       3.99666667
  4491       0.88951184       0.00548816       4.00804738
  4492       0.89284518       0.00215482       4.00638071
  4493       0.89617851      -0.00117851       4.00471405
  4494       0.89951184      -0.00451184       4.00304738
  4495       0.90284518      -0.00784518       4.00138071
  4496       0.89069036       0.00430964       4.01276142
  4497       0.89402369       0.00097631       4.01109476
  4498       0.89735702      -0.00235702       4.00942809
  4499       0.90069036      -0.00569036       4.00776142
  4500       0.90402369      -0.00902369       4.00609476
  4501       0.89097631       0.00902369       3.99390524
  4502       0.89430964       0.00569036       3.99223858
  4503       0.89764298       0.00235702       3.99057191
  4504       0.90097631      -0.00097631       3.98890524
  4505       0.90430964      -0.00430964       3.98723858
  4506       0.89215482       0.00784518       3.99861929
  4507       0.89548816       0.00451184       3.99695262
  4508       0.89882149       0.00117851       3.99528595
  4509       0.90215482      -0.00215482       3.99361929
  4510       0.90548816      -0.00548816       3.99195262
  4511       0.89333333       0.00666667       4.00333333
  4512       0.89666667       0.00333333       4.00166667
  4513       0.90000000       0.00000000       4.00000000
  4514       0.90333333      -0.00333333       3.99833333
  4515       0.90666667      -0.00666667       3.99666667
  4516       0.89451184       0.00548816       4.00804738
  4517       0.89784518       0.00215482       4.00638071
  4518       0.90117851      -0.00117851       4.00471405
  4519       0.90451184      -0.00451184       4.00304738
  4520       0.90784518      -0.00784518       4.00138071
  4521       0.89569036       0.00430964       4.01276142
  4522       0.89902369       0.00097631       4.01109476
  4523       0.90235702      -0.00235702       4.00942809
  4524       0.90569036      -0.00569036       4.00776142
  4525       0.90902369      -0.00902369       4.00609476
  4526       0.89597631       0.00902369       3.99390524
  4527       0.89930964       0.00569036       3.99223858
  4528       0.90264298       0.00235702       3.99057191
  4529       0.90597631      -0.00097631       3.98890524
  4530       0.90930964      -0.00430964       3.98723858
  4531       0.89715482       0.00784518       3.99861929
  4532       0.90048816       0.00451184       3.99695262
  4533       0.90382149       0.00117851       3.99528595
  4534       0.90715482      -0.00215482       3.99361929
  4535       0.91048816      -0.00548816       3.99195262
  4536       0.89833333       0.00666667       4.00333333
  4537       0.90166667       0.00333333       4.00166667
  4538       0.90500000       0.00000000       4.00000000
  4539       0.90833333      -0.00333333       3.99833333
  4540       0.91166667      -0.00666667       3.99666667
  4541       0.89951184       0.00548816       4.00804738
  4542       0.90284518       0.00215482       4.00638071
  4543       0.90617851      -0.00117851       4.00471405
  4544       0.90951184      -0.00451184       4.00304738
  4545       0.91284518      -0.00784518       4.00138071
  4546       0.90069036       0.00430964       4.01276142
  4547       0.90402369       0.00097631       4.01109476
  4548       0.90735702      -0.00235702       4.00942809
  4549       0.91069036      -0.00569036       4.00776142
  4550       0.91402369      -0.00902369       4.00609476
  4551       0.90097631       0.00902369       3.99390524
  4552       0.90430964       0.00569036       3.99223858
  4553       0.90764298       0.00235702       3.99057191
  4554       0.91097631      -0.00097631       3.98890524
  4555       0.91430964      -0.00430964       3.98723858
  4556       0.90215482       0.00784518       3.99861929
  4557       0.90548816       0.00451184       3.99695262
  4558       0.90882149       0.00117851       3.99528595
  4559       0.91215482      -0.00215482       3.99361929
  4560       0.91548816      -0.00548816       3.99195262
  4561       0.90333333       0.00666667       4.00333333
  4562       0.90666667       0.00333333       4.00166667
  4563       0.91000000       0.00000000       4.00000000
  4564       0.91333333      -0.00333333       3.99833333
  4565       0.91666667      -0.00666667       3.99666667
  4566       0.90451184       0.00548816       4.00804738
  4567       0.90784518       0.00215482       4.00638071
  4568       0.91117851      -0.00117851       4.00471405
  4569       0.91451184      -0.00451184       4.00304738
  4570       0.91784518      -0.00784518       4.00138071
  4571       0.90569036       0.00430964       4.01276142
  4572       0.90902369       0.00097631       4.01109476
  4573       0.91235702      -0.00235702       4.00942809
  4574       0.91569036      -0.00569036       4.00776142
  4575       0.91902369      -0.00902369       4.00609476
  4576       0.90597631       0.00902369       3.99390524
  4577       0.90930964       0.00569036       3.99223858
  4578       0.91264298       0.00235702       3.99057191
  4579       0.91597631      -0.00097631       3.98890524
  4580       0.91930964      -0.00430964       3.98723858
  4581       0.90715482       0.00784518       3.99861929
  4582       0.91048816       0.00451184       3.99695262
  4583       0.91382149       0.00117851       3.99528595
  4584       0.91715482      -0.00215482       3.99361929
  4585       0.92048816      -0.00548816       3.99195262
  4586       0.90833333       0.00666667       4.00333333
  4587       0.91166667       0.00333333       4.00166667
  4588       0.91500000       0.00000000       4.00000000
  4589       0.91833333      -0.00333333       3.99833333
  4590       0.92166667      -0.00666667       3.99666667
  4591       0.90951184       0.00548816       4.00804738
  4592       0.91284518       0.00215482       4.00638071
  4593       0.91617851      -0.00117851       4.00471405
  4594       0.91951184      -0.00451184       4.00304738
  4595       0.92284518      -0.00784518       4.00138071
  4596       0.91069036       0.00430964       4.01276142
  4597       0.91402369       0.00097631       4.01109476
  4598       0.91735702      -0.00235702       4.00942809
  4599       0.92069036      -0.00569036       4.00776142
  4600       0.92402369      -0.00902369       4.00609476
  4601       0.91097631       0.00902369       3.99390524
  4602       0.91430964       0.00569036       3.99223858
  4603       0.91764298       0.00235702       3.99057191
  4604       0.92097631      -0.00097631       3.98890524
  4605       0.92430964      -0.00430964       3.98723858
  4606       0.91215482       0.00784518       3.99861929
  4607       0.91548816       0.00451184       3.99695262
  4608       0.91882149       0.00117851       3.99528595
  4609       0.92215482      -0.00215482       3.99361929
  4610       0.92548816      -0.00548816       3.99195262
  4611       0.91333333       0.00666667       4.00333333
  4612       0.91666667       0.00333333       4.00166667
  4613       0.92000000       0.00000000       4.00000000
  4614       0.92333333      -0.00333333       3.99833333
  4615       0.92666667      -0.00666667       3.99666667
  4616       0.91451184       0.00548816       4.00804738
  4617       0.91784518       0.00215482       4.00638071
  4618       0.92117851      -0.00117851       4.00471405
  4619       0.92451184      -0.00451184       4.00304738
  4620       0.92784518      -0.00784518       4.00138071
  4621       0.91569036       0.00430964       4.01276142
  4622       0.91902369       0.00097631       4.01109476
  4623       0.92235702      -0.00235702       4.00942809
  4624       0.92569036      -0.00569036       4.00776142
  4625       0.92902369      -0.00902369       4.00609476
  4626       0.91597631       0.00902369       3.99390524
  4627       0.91930964       0.00569036       3.99223858
  4628       0.92264298       0.00235702       3.99057191
  4629       0.92597631      -0.00097631       3.98890524
  4630       0.92930964      -0.00430964       3.98723858
  4631       0.91715482       0.00784518       3.99861929
  4632       0.92048816       0.00451184       3.99695262
  4633       0.92382149       0.00117851       3.99528595
  4634       0.92715482      -0.00215482       3.99361929
  4635       0.93048816      -0.00548816       3.99195262
  4636       0.91833333       0.00666667       4.00333333
  4637       0.92166667       0.00333333       4.00166667
  4638       0.92500000       0.00000000       4.00000000
  4639       0.92833333      -0.00333333       3.99833333
  4640       0.93166667      -0.00666667       3.99666667
  4641       0.91951184       0.00548816       4.00804738
  4642       0.92284518       0.00215482       4.00638071
  4643       0.92617851      -0.00117851       4.00471405
  4644       0.92951184      -0.00451184       4.00304738
  4645       0.93284518      -0.00784518       4.00138071
  4646       0.92069036       0.00430964       4.01276142
  4647       0.92402369       0.00097631       4.01109476
  4648       0.92735702      -0.00235702       4.00942809
  4649       0.93069036      -0.00569036       4.00776142
  4650       0.93402369      -0.00902369       4.00609476
  4651       0.92097631       0.00902369       3.99390524
  4652       0.92430964       0.00569036       3.99223858
  4653       0.92764298       0.00235702       3.99057191
  4654       0.93097631      -0.00097631       3.98890524
  4655       0.93430964      -0.00430964       3.98723858
  4656       0.92215482       0.00784518       3.99861929
  4657       0.92548816       0.00451184       3.99695262
  4658       0.92882149       0.00117851       3.99528595
  4659       0.93215482      -0.00215482       3.99361929
  4660       0.93548816      -0.00548816       3.99195262
  4661       0.92333333       0.00666667       4.00333333
  4662       0.92666667       0.00333333       4.00166667
  4663       0.93000000       0.00000000       4.00000000
  4664       0.93333333      -0.00333333       3.99833333
  4665       0.93666667      -0.00666667       3.99666667
  4666       0.92451184       0.00548816       4.00804738
  4667       0.92784518       0.00215482       4.00638071
  4668       0.93117851      -0.00117851       4.00471405
  4669       0.93451184      -0.00451184       4.00304738
  4670       0.93784518      -0.00784518       4.00138071
  4671       0.92569036       0.00430964       4.01276142
  4672       0.92902369       0.00097631       4.01109476
  4673       0.93235702      -0.00235702       4.00942809
  4674       0.93569036      -0.00569036       4.00776142
  4675       0.93902369      -0.00902369       4.00609476
  4676       0.92597631       0.00902369       3.99390524
  4677       0.92930964       0.00569036       3.99223858
  4678       0.93264298       0.00235702       3.99057191
  4679       0.93597631      -0.00097631       3.98890524
  4680       0.93930964      -0.00430964       3.98723858
  4681       0.92715482       0.00784518       3.99861929
  4682       0.93048816       0.00451184       3.99695262
  4683       0.93382149       0.00117851       3.99528595
  4684       0.93715482      -0.00215482       3.99361929
  4685       0.94048816      -0.00548816       3.99195262
  4686       0.92833333       0.00666667       4.00333333
  4687       0.93166667       0.00333333       4.00166667
  4688       0.93500000       0.00000000       4.00000000
  4689       0.93833333      -0.00333333       3.99833333
  4690       0.94166667      -0.00666667       3.99666667
  4691       0.92951184       0.00548816       4.00804738
  4692       0.93284518       0.00215482       4.00638071
  4693       0.93617851      -0.00117851       4.00471405
  4694       0.93951184      -0.00451184       4.00304738
  4695       0.94284518      -0.00784518       4.00138071
  4696       0.93069036       0.00430964       4.01276142
  4697       0.93402369       0.00097631       4.01109476
  4698       0.93735702      -0.00235702       4.00942809
  4699       0.94069036      -0.00569036       4.00776142
  4700       0.94402369      -0.00902369       4.00609476
  4701       0.93097631       0.00902369       3.99390524
  4702       0.93430964       0.00569036       3.99223858
  4703       0.93764298       0.00235702       3.99057191
  4704       0.94097631      -0.00097631       3.98890524
  4705       0.94430964      -0.00430964       3.98723858
  4706       0.93215482       0.00784518       3.99861929
  4707       0.93548816       0.00451184       3.99695262
  4708       0.93882149       0.00117851       3.99528595
  4709       0.94215482      -0.00215482       3.99361929
  4710       0.94548816      -0.00548816       3.99195262
  4711       0.93333333       0.00666667       4.00333333
  4712       0.93666667       0.00333333       4.00166667
  4713       0.94000000       0.00000000       4.00000000
  4714       0.94333333      -0.00333333       3.99833333
  4715       0.94666667      -0.00666667       3.99666667
  4716       0.93451184       0.00548816       4.00804738
  4717       0.93784518       0.00215482       4.00638071
  4718       0.94117851      -0.00117851       4.00471405
  4719       0.94451184      -0.00451184       4.00304738
  4720       0.94784518      -0.00784518       4.00138071
  4721       0.93569036       0.00430964       4.01276142
  4722       0.93902369       0.00097631       4.01109476
  4723       0.94235702      -0.00235702       4.00942809
  4724       0.94569036      -0.00569036       4.00776142
  4725       0.94902369      -0.00902369       4.00609476
  4726       0.93597631       0.00902369       3.99390524
  4727       0.93930964       0.00569036       3.99223858
  4728       0.94264298       0.00235702       3.99057191
  4729       0.94597631      -0.00097631       3.98890524
  4730       0.94930964      -0.00430964       3.98723858
  4731       0.93715482       0.00784518       3.99861929
  4732       0.94048816       0.00451184       3.99695262
  4733       0.94382149       0.00117851       3.99528595
  4734       0.94715482      -0.00215482       3.99361929
  4735       0.95048816      -0.00548816       3.99195262
  4736       0.93833333       0.00666667       4.00333333
  4737       0.94166667       0.00333333       4.00166667
  4738       0.94500000       0.00000000       4.00000000
  4739       0.94833333      -0.00333333       3.99833333
  4740       0.95166667      -0.00666667       3.99666667
  4741       0.93951184       0.00548816       4.00804738
  4742       0.94284518       0.00215482       4.00638071
  4743       0.94617851      -0.00117851       4.00471405
  4744       0.94951184      -0.00451184       4.00304738
  4745       0.95284518      -0.00784518       4.00138071
  4746       0.94069036       0.00430964       4.01276142
  4747       0.94402369       0.00097631       4.01109476
  4748       0.94735702      -0.00235702       4.00942809
  4749       0.95069036      -0.00569036       4.00776142
  4750       0.95402369      -0.00902369       4.00609476
  4751       0.94097631       0.00902369       3.99390524
  4752       0.94430964       0.00569036       3.99223858
  4753       0.94764298       0.00235702       3.99057191
  4754       0.95097631      -0.00097631       3.98890524
  4755       0.95430964      -0.00430964       3.98723858
  4756       0.94215482       0.00784518       3.99861929
  4757       0.94548816       0.00451184       3.99695262
  4758       0.94882149       0.00117851       3.99528595
  4759       0.95215482      -0.00215482       3.99361929
  4760       0.95548816      -0.00548816       3.99195262
  4761       0.94333333       0.00666667       4.00333333
  4762       0.94666667       0.00333333       4.00166667
  4763       0.95000000       0.00000000       4.00000000
  4764       0.95333333      -0.00333333       3.99833333
  4765       0.95666667      -0.00666667       3.99666667
  4766       0.94451184       0.00548816       4.00804738
  4767       0.94784518       0.00215482       4.00638071
  4768       0.95117851      -0.00117851       4.00471405
  4769       0.95451184      -0.00451184       4.00304738
  4770       0.95784518      -0.00784518       4.00138071
  4771       0.94569036       0.00430964       4.01276142
  4772       0.94902369       0.00097631       4.01109476
  4773       0.95235702      -0.00235702       4.00942809
  4774       0.95569036      -0.00569036       4.00776142
  4775       0.95902369      -0.00902369       4.00609476
  4776       0.94597631       0.00902369       3.99390524
  4777       0.94930964       0.00569036       3.99223858
  4778       0.95264298       0.00235702       3.99057191
  4779       0.95597631      -0.00097631       3.98890524
  4780       0.95930964      -0.00430964       3.98723858
  4781       0.94715482       0.00784518       3.99861929
  4782       0.95048816       0.00451184       3.99695262
  4783       0.95382149       0.00117851       3.99528595
  4784       0.95715482      -0.00215482       3.99361929
  4785       0.96048816      -0.00548816       3.99195262
  4786       0.94833333       0.00666667       4.00333333
  4787       0.95166667       0.00333333       4.00166667
  4788       0.95500000       0.00000000       4.00000000
  4789       0.95833333      -0.00333333       3.99833333
  4790       0.96166667      -0.00666667       3.99666667
  4791       0.94951184       0.00548816       4.00804738
  4792       0.95284518       0.00215482       4.00638071
  4793       0.95617851      -0.00117851       4.00471405
  4794       0.95951184      -0.00451184       4.00304738
  4795       0.96284518      -0.00784518       4.00138071
  4796       0.95069036       0.00430964       4.01276142
  4797       0.95402369       0.00097631       4.01109476
  4798       0.95735702      -0.00235702       4.00942809
  4799       0.96069036      -0.00569036       4.00776142
  4800       0.96402369      -0.00902369       4.00609476
  4801       0.95097631       0.00902369       3.99390524
  4802       0.95430964       0.00569036       3.99223858
  4803       0.95764298       0.00235702       3.99057191
  4804       0.96097631      -0.00097631       3.98890524
  4805       0.96430964      -0.00430964       3.98723858
  4806       0.95215482       0.00784518       3.99861929
  4807       0.95548816       0.00451184       3.99695262
  4808       0.95882149       0.00117851       3.99528595
  4809       0.96215482      -0.00215482       3.99361929
  4810       0.96548816      -0.00548816       3.99195262
  4811       0.95333333       0.00666667       4.00333333
  4812       0.95666667       0.00333333       4.00166667
  4813       0.96000000       0.00000000       4.00000000
  4814       0.96333333      -0.00333333       3.99833333
  4815       0.96666667      -0.00666667       3.99666667
  4816       0.95451184       0.00548816       4.00804738
  4817       0.95784518       0.00215482       4.00638071
  4818       0.96117851      -0.00117851       4.00471405
  4819       0.96451184      -0.00451184       4.00304738
  4820       0.96784518      -0.00784518       4.00138071
  4821       0.95569036       0.00430964       4.01276142
  4822       0.95902369       0.00097631       4.01109476
  4823       0.96235702      -0.00235702       4.00942809
  4824       0.96569036      -0.00569036       4.00776142
  4825       0.96902369      -0.00902369       4.00609476
  4826       0.95597631       0.00902369       3.99390524
  4827       0.95930964       0.00569036       3.99223858
  4828       0.96264298       0.00235702       3.99057191
  4829       0.96597631      -0.00097631       3.98890524
  4830       0.96930964      -0.00430964       3.98723858
  4831       0.95715482       0.00784518       3.99861929
  4832       0.96048816       0.00451184       3.99695262
  4833       0.96382149       0.00117851       3.99528595
  4834       0.96715482      -0.00215482       3.99361929
  4835       0.97048816      -0.00548816       3.99195262
  4836       0.95833333       0.00666667       4.00333333
  4837       0.96166667       0.00333333       4.00166667
  4838       0.96500000       0.00000000       4.00000000
  4839       0.96833333      -0.00333333       3.99833333
  4840       0.97166667      -0.00666667       3.99666667
  4841       0.95951184       0.00548816       4.00804738
  4842       0.96284518       0.00215482       4.00638071
  4843       0.96617851      -0.00117851       4.00471405
  4844       0.96951184      -0.00451184       4.00304738
  4845       0.97284518      -0.00784518       4.00138071
  4846       0.96069036       0.00430964       4.01276142
  4847       0.96402369       0.00097631       4.01109476
  4848       0.96735702      -0.00235702       4.00942809
  4849       0.97069036      -0.00569036       4.00776142
  4850       0.97402369      -0.00902369       4.00609476
  4851       0.96097631       0.00902369       3.99390524
  4852       0.96430964       0.00569036       3.99223858
  4853       0.96764298       0.00235702       3.99057191
  4854       0.97097631      -0.00097631       3.98890524
  4855       0.97430964      -0.00430964       3.98723858
  4856       0.96215482       0.00784518       3.99861929
  4857       0.96548816       0.00451184       3.99695262
  4858       0.96882149       0.00117851       3.99528595
  4859       0.97215482      -0.00215482       3.99361929
  4860       0.97548816      -0.00548816       3.99195262
  4861       0.96333333       0.00666667       4.00333333
  4862       0.96666667       0.00333333       4.00166667
  4863       0.97000000       0.00000000       4.00000000
  4864       0.97333333      -0.00333333       3.99833333
  4865       0.97666667      -0.00666667       3.99666667
  4866       0.96451184       0.00548816       4.00804738
  4867       0.96784518       0.00215482       4.00638071
  4868       0.97117851      -0.00117851       4.00471405
  4869       0.97451184      -0.00451184       4.00304738
  4870       0.97784518      -0.00784518       4.00138071
  4871       0.96569036       0.00430964       4.01276142
  4872       0.96902369       0.00097631       4.01109476
  4873       0.97235702      -0.00235702       4.00942809
  4874       0.97569036      -0.00569036       4.00776142
  4875       0.97902369      -0.00902369       4.00609476
  4876       0.96597631       0.00902369       3.99390524
  4877       0.96930964       0.00569036       3.99223858
  4878       0.97264298       0.00235702       3.99057191
  4879       0.97597631      -0.00097631       3.98890524
  4880       0.97930964      -0.00430964       3.98723858
  4881       0.96715482       0.00784518       3.99861929
  4882       0.97048816       0.00451184       3.99695262
  4883       0.97382149       0.00117851       3.99528595
  4884       0.97715482      -0.00215482       3.99361929
  4885       0.98048816      -0.00548816       3.99195262
  4886       0.96833333       0.00666667       4.00333333
  4887       0.97166667       0.00333333       4.00166667
  4888       0.97500000       0.00000000       4.00000000
  4889       0.97833333      -0.00333333       3.99833333
  4890       0.98166667      -0.00666667       3.99666667
  4891       0.96951184       0.00548816       4.00804738
  4892       0.97284518       0.00215482       4.00638071
  4893       0.97617851      -0.00117851       4.00471405
  4894       0.97951184      -0.00451184       4.00304738
  4895       0.98284518      -0.00784518       4.00138071
  4896       0.97069036       0.00430964       4.01276142
  4897       0.97402369       0.00097631       4.01109476
  4898       0.97735702      -0.00235702       4.00942809
  4899       0.98069036      -0.00569036       4.00776142
  4900       0.98402369      -0.00902369       4.00609476
  4901       0.97097631       0.00902369       3.99390524
  4902       0.97430964       0.00569036       3.99223858
  4903       0.97764298       0.00235702       3.99057191
  4904       0.98097631      -0.00097631       3.98890524
  4905       0.98430964      -0.00430964       3.98723858
  4906       0.97215482       0.00784518       3.99861929
  4907       0.97548816       0.00451184       3.99695262
  4908       0.97882149       0.00117851       3.99528595
  4909       0.98215482      -0.00215482       3.99361929
  4910       0.98548816      -0.00548816       3.99195262
  4911       0.97333333       0.00666667       4.00333333
  4912       0.97666667       0.00333333       4.00166667
  4913       0.98000000       0.00000000       4.00000000
  4914       0.98333333      -0.00333333       3.99833333
  4915       0.98666667      -0.00666667       3.99666667
  4916       0.97451184       0.00548816       4.00804738
  4917       0.97784518       0.00215482       4.00638071
  4918       0.98117851      -0.00117851       4.00471405
  4919       0.98451184      -0.00451184       4.00304738
  4920       0.98784518      -0.00784518       4.00138071
  4921       0.97569036       0.00430964       4.01276142
  4922       0.97902369       0.00097631       4.01109476
  4923       0.98235702      -0.00235702       4.00942809
  4924       0.98569036      -0.00569036       4.00776142
  4925       0.98902369      -0.00902369       4.00609476
  4926       0.97597631       0.00902369       3.99390524
  4927       0.97930964       0.00569036       3.99223858
  4928       0.98264298       0.00235702       3.99057191
  4929       0.98597631      -0.00097631       3.98890524
  4930       0.98930964      -0.00430964       3.98723858
  4931       0.97715482       0.00784518       3.99861929
  4932       0.98048816       0.00451184       3.99695262
  4933       0.98382149       0.00117851       3.99528595
  4934       0.98715482      -0.00215482       3.99361929
  4935       0.99048816      -0.00548816       3.99195262
  4936       0.97833333       0.00666667       4.00333333
  4937       0.98166667       0.00333333       4.00166667
  4938       0.98500000       0.00000000       4.00000000
  4939       0.98833333      -0.00333333       3.99833333
  4940       0.99166667      -0.00666667       3.99666667
  4941       0.97951184       0.00548816       4.00804738
  4942       0.98284518       0.00215482       4.00638071
  4943       0.98617851      -0.00117851       4.00471405
  4944       0.98951184      -0.00451184       4.00304738
  4945       0.99284518      -0.00784518       4.00138071
  4946       0.98069036       0.00430964       4.01276142
  4947       0.98402369       0.00097631       4.01109476
  4948       0.98735702      -0.00235702       4.00942809
  4949       0.99069036      -0.00569036       4.00776142
  4950       0.99402369      -0.00902369       4.00609476
  4951       0.98097631       0.00902369       3.99390524
  4952       0.98430964       0.00569036       3.99223858
  4953       0.98764298       0.00235702       3.99057191
  4954       0.99097631      -0.00097631       3.98890524
  4955       0.99430964      -0.00430964       3.98723858
  4956       0.98215482       0.00784518       3.99861929
  4957       0.98548816       0.00451184       3.99695262
  4958       0.98882149       0.00117851       3.99528595
  4959       0.99215482      -0.00215482       3.99361929
  4960       0.99548816      -0.00548816       3.99195262
  4961       0.98333333       0.00666667       4.00333333
  4962       0.98666667       0.00333333       4.00166667
  4963       0.99000000       0.00000000       4.00000000
  4964       0.99333333      -0.00333333       3.99833333
  4965       0.99666667      -0.00666667       3.99666667
  4966       0.98451184       0.00548816       4.00804738
  4967       0.98784518       0.00215482       4.00638071
  4968       0.99117851      -0.00117851       4.00471405
  4969       0.99451184      -0.00451184       4.00304738
  4970       0.99784518      -0.00784518       4.00138071
  4971       0.98569036       0.00430964       4.01276142
  4972       0.98902369       0.00097631       4.01109476
  4973       0.99235702      -0.00235702       4.00942809
  4974       0.99569036      -0.00569036       4.00776142
  4975       0.99902369      -0.00902369       4.00609476
  4976       0.98597631       0.00902369       3.99390524
  4977       0.98930964       0.00569036       3.99223858
  4978       0.99264298       0.00235702       3.99057191
  4979       0.99597631      -0.00097631       3.98890524
  4980       0.99930964      -0.00430964       3.98723858
  4981       0.98715482       0.00784518       3.99861929
  4982       0.99048816       0.00451184       3.99695262
  4983       0.99382149       0.00117851       3.99528595
  4984       0.99715482      -0.00215482       3.99361929
  4985       1.00048816      -0.00548816       3.99195262
  4986       0.98833333       0.00666667       4.00333333
  4987       0.99166667       0.00333333       4.00166667
  4988       0.99500000       0.00000000       4.00000000
  4989       0.99833333      -0.00333333       3.99833333
  4990       1.00166667      -0.00666667       3.99666667
  4991       0.98951184       0.00548816       4.00804738
  4992       0.99284518       0.00215482       4.00638071
  4993       0.99617851      -0.00117851       4.00471405
  4994       0.99951184      -0.00451184       4.00304738
  4995       1.00284518      -0.00784518       4.00138071
  4996       0.99069036       0.00430964       4.01276142
  4997       0.99402369       0.00097631       4.01109476
  4998       0.99735702      -0.00235702       4.00942809
  4999       1.00069036      -0.00569036       4.00776142
  5000       1.00402369      -0.00902369       4.00609476
  5001       0.99097631       0.00902369       3.99390524
  5002       0.99430964       0.00569036       3.99223858
  5003       0.99764298       0.00235702       3.99057191
  5004       1.00097631      -0.00097631       3.98890524
  5005       1.00430964      -0.00430964       3.98723858
  5006       0.99215482       0.00784518       3.99861929
  5007       0.99548816       0.00451184       3.99695262
  5008       0.99882149       0.00117851       3.99528595
  5009       1.00215482      -0.00215482       3.99361929
  5010       1.00548816      -0.00548816       3.99195262
  5011       0.99333333       0.00666667       4.00333333
  5012       0.99666667       0.00333333       4.00166667
  5013       1.00000000       0.00000000       4.00000000
  5014       1.00333333      -0.00333333       3.99833333
  5015       1.00666667      -0.00666667       3.99666667
  5016       0.99451184       0.00548816       4.00804738
  5017       0.99784518       0.00215482       4.00638071
  5018       1.00117851      -0.00117851       4.00471405
  5019       1.00451184      -0.00451184       4.00304738
  5020       1.00784518      -0.00784518       4.00138071
  5021       0.99569036       0.00430964       4.01276142
  5022       0.99902369       0.00097631       4.01109476
  5023       1.00235702      -0.00235702       4.00942809
  5024       1.00569036      -0.00569036       4.00776142
  5025       1.00902369      -0.00902369       4.00609476
  5026       0.99597631       0.00902369       3.99390524
  5027       0.99930964       0.00569036       3.99223858
  5028       1.00264298       0.00235702       3.99057191
  5029       1.00597631      -0.00097631       3.98890524
  5030       1.00930964      -0.00430964       3.98723858
  5031       0.99715482       0.00784518       3.99861929
  5032       1.00048816       0.00451184       3.99695262
  5033       1.00382149       0.00117851       3.99528595
  5034       1.00715482      -0.00215482       3.99361929
  5035       1.01048816      -0.00548816       3.99195262
  5036       0.99833333       0.00666667       4.00333333
  5037       1.00166667       0.00333333       4.00166667
  5038       1.00500000       0.00000000       4.00000000
  5039       1.00833333      -0.00333333       3.99833333
  5040       1.01166667      -0.00666667       3.99666667
  5041       0.99951184       0.00548816       4.00804738
  5042       1.00284518       0.00215482       4.00638071
  5043       1.00617851      -0.00117851       4.00471405
  5044       1.00951184      -0.00451184       4.00304738
  5045       1.01284518      -0.00784518       4.00138071
  5046       1.00069036       0.00430964       4.01276142
  5047       1.00402369       0.00097631       4.01109476
  5048       1.00735702      -0.00235702       4.00942809
  5049       1.01069036      -0.00569036       4.00776142
  5050       1.01402369      -0.00902369       4.00609476
  5051       1.00097631       0.00902369       3.99390524
  5052       1.00430964       0.00569036       3.99223858
  5053       1.00764298       0.00235702       3.99057191
  5054       1.01097631      -0.00097631       3.98890524
  5055       1.01430964      -0.00430964       3.98723858
  5056       1.00215482       0.00784518       3.99861929
  5057       1.00548816       0.00451184       3.99695262
  5058       1.00882149       0.00117851       3.99528595
  5059       1.01215482      -0.00215482       3.99361929
  5060       1.01548816      -0.00548816       3.99195262
  5061       1.00333333       0.00666667       4.00333333
  5062       1.00666667       0.00333333       4.00166667
  5063       1.01000000       0.00000000       4.00000000
  5064       1.01333333      -0.00333333       3.99833333
  5065       1.01666667      -0.00666667       3.99666667
  5066       1.00451184       0.00548816       4.00804738
  5067       1.00784518       0.00215482       4.00638071
  5068       1.01117851      -0.00117851       4.00471405
  5069       1.01451184      -0.00451184       4.00304738
  5070       1.01784518      -0.00784518       4.00138071
  5071       1.00569036       0.00430964       4.01276142
  5072       1.00902369       0.00097631       4.01109476
  5073       1.01235702      -0.00235702       4.00942809
  5074       1.01569036      -0.00569036       4.00776142
  5075       1.01902369      -0.00902369       4.00609476
  5076       1.00597631       0.00902369       3.99390524
  5077       1.00930964       0.00569036       3.99223858
  5078       1.01264298       0.00235702       3.99057191
  5079       1.01597631      -0.00097631       3.98890524
  5080       1.01930964      -0.00430964       3.98723858
  5081       1.00715482       0.00784518       3.99861929
  5082       1.01048816       0.00451184       3.99695262
  5083       1.01382149       0.00117851       3.99528595
  5084       1.01715482      -0.00215482       3.99361929
  5085       1.02048816      -0.00548816       3.99195262
  5086       1.00833333       0.00666667       4.00333333
  5087       1.01166667       0.00333333       4.00166667
  5088       1.01500000       0.00000000       4.00000000
  5089       1.01833333      -0.00333333       3.99833333
  5090       1.02166667      -0.00666667       3.99666667
  5091       1.00951184       0.00548816       4.00804738
  5092       1.01284518       0.00215482       4.00638071
  5093       1.01617851      -0.00117851       4.00471405
  5094       1.01951184      -0.00451184       4.00304738
  5095       1.02284518      -0.00784518       4.00138071
  5096       1.01069036       0.00430964       4.01276142
  5097       1.01402369       0.00097631       4.01109476
  5098       1.01735702      -0.00235702       4.00942809
  5099       1.02069036      -0.00569036       4.00776142
  5100       1.02402369      -0.00902369       4.00609476
  5101       1.01097631       0.00902369       3.99390524
  5102       1.01430964       0.00569036       3.99223858
  5103       1.01764298       0.00235702       3.99057191
  5104       1.02097631      -0.00097631       3.98890524
  5105       1.02430964      -0.00430964       3.98723858
  5106       1.01215482       0.00784518       3.99861929
  5107       1.01548816       0.00451184       3.99695262
  5108       1.01882149       0.00117851       3.99528595
  5109       1.02215482      -0.00215482       3.99361929
  5110       1.02548816      -0.00548816       3.99195262
  5111       1.01333333       0.00666667       4.00333333
  5112       1.01666667       0.00333333       4.00166667
  5113       1.02000000       0.00000000       4.00000000
  5114       1.02333333      -0.00333333       3.99833333
  5115       1.02666667      -0.00666667       3.99666667
  5116       1.01451184       0.00548816       4.00804738
  5117       1.01784518       0.00215482       4.00638071
  5118       1.02117851      -0.00117851       4.00471405
  5119       1.02451184      -0.00451184       4.00304738
  5120       1.02784518      -0.00784518       4.00138071
  5121       1.01569036       0.00430964       4.01276142
  5122       1.01902369       0.00097631       4.01109476
  5123       1.02235702      -0.00235702       4.00942809
  5124       1.02569036      -0.00569036       4.00776142
  5125       1.02902369      -0.00902369       4.00609476
  5126       1.01597631       0.00902369       3.99390524
  5127       1.01930964       0.00569036       3.99223858
  5128       1.02264298       0.00235702       3.99057191
  5129       1.02597631      -0.00097631       3.98890524
  5130       1.02930964      -0.00430964       3.98723858
  5131       1.01715482       0.00784518       3.99861929
  5132       1.02048816       0.00451184       3.99695262
  5133       1.02382149       0.00117851       3.99528595
  5134       1.02715482      -0.00215482       3.99361929
  5135       1.03048816      -0.00548816       3.99195262
  5136       1.01833333       0.00666667       4.00333333
  5137       1.02166667       0.00333333       4.00166667
  5138       1.02500000       0.00000000       4.00000000
  5139       1.02833333      -0.00333333       3.99833333
  5140       1.03166667      -0.00666667       3.99666667
  5141       1.01951184       0.00548816       4.00804738
  5142       1.02284518       0.00215482       4.00638071
  5143       1.02617851      -0.00117851       4.00471405
  5144       1.02951184      -0.00451184       4.00304738
  5145       1.03284518      -0.00784518       4.00138071
  5146       1.02069036       0.00430964       4.01276142
  5147       1.02402369       0.00097631       4.01109476
  5148       1.02735702      -0.00235702       4.00942809
  5149       1.03069036      -0.00569036       4.00776142
  5150       1.03402369      -0.00902369       4.00609476
  5151       1.02097631       0.00902369       3.99390524
  5152       1.02430964       0.00569036       3.99223858
  5153       1.02764298       0.00235702       3.99057191
  5154       1.03097631      -0.00097631       3.98890524
  5155       1.03430964      -0.00430964       3.98723858
  5156       1.02215482       0.00784518       3.99861929
  5157       1.02548816       0.00451184       3.99695262
  5158       1.02882149       0.00117851       3.99528595
  5159       1.03215482      -0.00215482       3.99361929
  5160       1.03548816      -0.00548816       3.99195262
  5161       1.02333333       0.00666667       4.00333333
  5162       1.02666667       0.00333333       4.00166667
  5163       1.03000000       0.00000000       4.00000000
  5164       1.03333333      -0.00333333       3.99833333
  5165       1.03666667      -0.00666667       3.99666667
  5166       1.02451184       0.00548816       4.00804738
  5167       1.02784518       0.00215482       4.00638071
  5168       1.03117851      -0.00117851       4.00471405
  5169       1.03451184      -0.00451184       4.00304738
  5170       1.03784518      -0.00784518       4.00138071
  5171       1.02569036       0.00430964       4.01276142
  5172       1.02902369       0.00097631       4.01109476
  5173       1.03235702      -0.00235702       4.00942809
  5174       1.03569036      -0.00569036       4.00776142
  5175       1.03902369      -0.00902369       4.00609476
  5176       1.02597631       0.00902369       3.99390524
  5177       1.02930964       0.00569036       3.99223858
  5178       1.03264298       0.00235702       3.99057191
  5179       1.03597631      -0.00097631       3.98890524
  5180       1.03930964      -0.00430964       3.98723858
  5181       1.02715482       0.00784518       3.99861929
  5182       1.03048816       0.00451184       3.99695262
  5183       1.03382149       0.00117851       3.99528595
  5184       1.03715482      -0.00215482       3.99361929
  5185       1.04048816      -0.00548816       3.99195262
  5186       1.02833333       0.00666667       4.00333333
  5187       1.03166667       0.00333333       4.00166667
  5188       1.03500000       0.00000000       4.00000000
  5189       1.03833333      -0.00333333       3.99833333
  5190       1.04166667      -0.00666667       3.99666667
  5191       1.02951184       0.00548816       4.00804738
  5192       1.03284518       0.00215482       4.00638071
  5193       1.03617851      -0.00117851       4.00471405
  5194       1.03951184      -0.00451184       4.00304738
  5195       1.04284518      -0.00784518       4.00138071
  5196       1.03069036       0.00430964       4.01276142
  5197       1.03402369       0.00097631       4.01109476
  5198       1.03735702      -0.00235702       4.00942809
  5199       1.04069036      -0.00569036       4.00776142
  5200       1.04402369      -0.00902369       4.00609476
  5201       1.03097631       0.00902369       3.99390524
  5202       1.03430964       0.00569036       3.99223858
  5203       1.03764298       0.00235702       3.99057191
  5204       1.04097631      -0.00097631       3.98890524
  5205       1.04430964      -0.00430964       3.98723858
  5206       1.03215482       0.00784518       3.99861929
  5207       1.03548816       0.00451184       3.99695262
  5208       1.03882149       0.00117851       3.99528595
  5209       1.04215482      -0.00215482       3.99361929
  5210       1.04548816      -0.00548816       3.99195262
  5211       1.03333333       0.00666667       4.00333333
  5212       1.03666667       0.00333333       4.00166667
  5213       1.04000000       0.00000000       4.00000000
  5214       1.04333333      -0.00333333       3.99833333
  5215       1.04666667      -0.00666667       3.99666667
  5216       1.03451184       0.00548816       4.00804738
  5217       1.03784518       0.00215482       4.00638071
  5218       1.04117851      -0.00117851       4.00471405
  5219       1.04451184      -0.00451184       4.00304738
  5220       1.04784518      -0.00784518       4.00138071
  5221       1.03569036       0.00430964       4.01276142
  5222       1.03902369       0.00097631       4.01109476
  5223       1.04235702      -0.00235702       4.00942809
  5224       1.04569036      -0.00569036       4.00776142
  5225       1.04902369      -0.00902369       4.00609476
  5226       1.03597631       0.00902369       3.99390524
  5227       1.03930964       0.00569036       3.99223858
  5228       1.04264298       0.00235702       3.99057191
  5229       1.04597631      -0.00097631       3.98890524
  5230       1.04930964      -0.00430964       3.98723858
  5231       1.03715482       0.00784518       3.99861929
  5232       1.04048816       0.00451184       3.99695262
  5233       1.04382149       0.00117851       3.99528595
  5234       1.04715482      -0.00215482       3.99361929
  5235       1.05048816      -0.00548816       3.99195262
  5236       1.03833333       0.00666667       4.00333333
  5237       1.04166667       0.00333333       4.00166667
  5238       1.04500000       0.00000000       4.00000000
  5239       1.04833333      -0.00333333       3.99833333
  5240       1.05166667      -0.00666667       3.99666667
  5241       1.03951184       0.00548816       4.00804738
  5242       1.04284518       0.00215482       4.00638071
  5243       1.04617851      -0.00117851       4.00471405
  5244       1.04951184      -0.00451184       4.00304738
  5245       1.05284518      -0.00784518       4.00138071
  5246       1.04069036       0.00430964       4.01276142
  5247       1.04402369       0.00097631       4.01109476
  5248       1.04735702      -0.00235702       4.00942809
  5249       1.05069036      -0.00569036       4.00776142
  5250       1.05402369      -0.00902369       4.00609476
  5251       1.04097631       0.00902369       3.99390524
  5252       1.04430964       0.00569036       3.99223858
  5253       1.04764298       0.00235702       3.99057191
  5254       1.05097631      -0.00097631       3.98890524
  5255       1.05430964      -0.00430964       3.98723858
  5256       1.04215482       0.00784518       3.99861929
  5257       1.04548816       0.00451184       3.99695262
  5258       1.04882149       0.00117851       3.99528595
  5259       1.05215482      -0.00215482       3.99361929
  5260       1.05548816      -0.00548816       3.99195262
  5261       1.04333333       0.00666667       4.00333333
  5262       1.04666667       0.00333333       4.00166667
  5263       1.05000000       0.00000000       4.00000000
  5264       1.05333333      -0.00333333       3.99833333
  5265       1.05666667      -0.00666667       3.99666667
  5266       1.04451184       0.00548816       4.00804738
  5267       1.04784518       0.00215482       4.00638071
  5268       1.05117851      -0.00117851       4.00471405
  5269       1.05451184      -0.00451184       4.00304738
  5270       1.05784518      -0.00784518       4.00138071
  5271       1.04569036       0.00430964       4.01276142
  5272       1.04902369       0.00097631       4.01109476
  5273       1.05235702      -0.00235702       4.00942809
  5274       1.05569036      -0.00569036       4.00776142
  5275       1.05902369      -0.00902369       4.00609476
  5276       1.04597631       0.00902369       3.99390524
  5277       1.04930964       0.00569036       3.99223858
  5278       1.05264298       0.00235702       3.99057191
  5279       1.05597631      -0.00097631       3.98890524
  5280       1.05930964      -0.00430964       3.98723858
  5281       1.04715482       0.00784518       3.99861929
  5282       1.05048816       0.00451184       3.99695262
  5283       1.05382149       0.00117851       3.99528595
  5284       1.05715482      -0.00215482       3.99361929
  5285       1.06048816      -0.00548816       3.99195262
  5286       1.04833333       0.00666667       4.00333333
  5287       1.05166667       0.00333333       4.00166667
  5288       1.05500000       0.00000000       4.00000000
  5289       1.05833333      -0.00333333       3.99833333
  5290       1.06166667      -0.00666667       3.99666667
  5291       1.04951184       0.00548816       4.00804738
  5292       1.05284518       0.00215482       4.00638071
  5293       1.05617851      -0.00117851       4.00471405
  5294       1.05951184      -0.00451184       4.00304738
  5295       1.06284518      -0.00784518       4.00138071
  5296       1.05069036       0.00430964       4.01276142
  5297       1.05402369       0.00097631       4.01109476
  5298       1.05735702      -0.00235702       4.00942809
  5299       1.06069036      -0.00569036       4.00776142
  5300       1.06402369      -0.00902369       4.00609476
  5301       1.05097631       0.00902369       3.99390524
  5302       1.05430964       0.00569036       3.99223858
  5303       1.05764298       0.00235702       3.99057191
  5304       1.06097631      -0.00097631       3.98890524
  5305       1.06430964      -0.00430964       3.98723858
  5306       1.05215482       0.00784518       3.99861929
  5307       1.05548816       0.00451184       3.99695262
  5308       1.05882149       0.00117851       3.99528595
  5309       1.06215482      -0.00215482       3.99361929
  5310       1.06548816      -0.00548816       3.99195262
  5311       1.05333333       0.00666667       4.00333333
  5312       1.05666667       0.00333333       4.00166667
  5313       1.06000000       0.00000000       4.00000000
  5314       1.06333333      -0.00333333       3.99833333
  5315       1.06666667      -0.00666667       3.99666667
  5316       1.05451184       0.00548816       4.00804738
  5317       1.05784518       0.00215482       4.00638071
  5318       1.06117851      -0.00117851       4.00471405
  5319       1.06451184      -0.00451184       4.00304738
  5320       1.06784518      -0.00784518       4.00138071
  5321       1.05569036       0.00430964       4.01276142
  5322       1.05902369       0.00097631       4.01109476
  5323       1.06235702      -0.00235702       4.00942809
  5324       1.06569036      -0.00569036       4.00776142
  5325       1.06902369      -0.00902369       4.00609476
  5326       1.05597631       0.00902369       3.99390524
  5327       1.05930964       0.00569036       3.99223858
  5328       1.06264298       0.00235702       3.99057191
  5329       1.06597631      -0.00097631       3.98890524
  5330       1.06930964      -0.00430964       3.98723858
  5331       1.05715482       0.00784518       3.99861929
  5332       1.06048816       0.00451184       3.99695262
  5333       1.06382149       0.00117851       3.99528595
  5334       1.06715482      -0.00215482       3.99361929
  5335       1.07048816      -0.00548816       3.99195262
  5336       1.05833333       0.00666667       4.00333333
  5337       1.06166667       0.00333333       4.00166667
  5338       1.06500000       0.00000000       4.00000000
  5339       1.06833333      -0.00333333       3.99833333
  5340       1.07166667      -0.00666667       3.99666667
  5341       1.05951184       0.00548816       4.00804738
  5342       1.06284518       0.00215482       4.00638071
  5343       1.06617851      -0.00117851       4.00471405
  5344       1.06951184      -0.00451184       4.00304738
  5345       1.07284518      -0.00784518       4.00138071
  5346       1.06069036       0.00430964       4.01276142
  5347       1.06402369       0.00097631       4.01109476
  5348       1.06735702      -0.00235702       4.00942809
  5349       1.07069036      -0.00569036       4.00776142
  5350       1.07402369      -0.00902369       4.00609476
  5351       1.06097631       0.00902369       3.99390524
  5352       1.06430964       0.00569036       3.99223858
  5353       1.06764298       0.00235702       3.99057191
  5354       1.07097631      -0.00097631       3.98890524
  5355       1.07430964      -0.00430964       3.98723858
  5356       1.06215482       0.00784518       3.99861929
  5357       1.06548816       0.00451184       3.99695262
  5358       1.06882149       0.00117851       3.99528595
  5359       1.07215482      -0.00215482       3.99361929
  5360       1.07548816      -0.00548816       3.99195262
  5361       1.06333333       0.00666667       4.00333333
  5362       1.06666667       0.00333333       4.00166667
  5363       1.07000000       0.00000000       4.00000000
  5364       1.07333333      -0.00333333       3.99833333
  5365       1.07666667      -0.00666667       3.99666667
  5366       1.06451184       0.00548816       4.00804738
  5367       1.06784518       0.00215482       4.00638071
  5368       1.07117851      -0.00117851       4.00471405
  5369       1.07451184      -0.00451184       4.00304738
  5370       1.07784518      -0.00784518       4.00138071
  5371       1.06569036       0.00430964       4.01276142
  5372       1.06902369       0.00097631       4.01109476
  5373       1.07235702      -0.00235702       4.00942809
  5374       1.07569036      -0.00569036       4.00776142
  5375       1.07902369      -0.00902369       4.00609476
  5376       1.06597631       0.00902369       3.99390524
  5377       1.06930964       0.00569036       3.99223858
  5378       1.07264298       0.00235702       3.99057191
  5379       1.07597631      -0.00097631       3.98890524
  5380       1.07930964      -0.00430964       3.98723858
  5381       1.06715482       0.00784518       3.99861929
  5382       1.07048816       0.00451184       3.99695262
  5383       1.07382149       0.00117851       3.99528595
  5384       1.07715482      -0.00215482       3.99361929
  5385       1.08048816      -0.00548816       3.99195262
  5386       1.06833333       0.00666667       4.00333333
  5387       1.07166667       0.00333333       4.00166667
  5388       1.07500000       0.00000000       4.00000000
  5389       1.07833333      -0.00333333       3.99833333
  5390       1.08166667      -0.00666667       3.99666667
  5391       1.06951184       0.00548816       4.00804738
  5392       1.07284518       0.00215482       4.00638071
  5393       1.07617851      -0.00117851       4.00471405
  5394       1.07951184      -0.00451184       4.00304738
  5395       1.08284518      -0.00784518       4.00138071
  5396       1.07069036       0.00430964       4.01276142
  5397       1.07402369       0.00097631       4.01109476
  5398       1.07735702      -0.00235702       4.00942809
  5399       1.08069036      -0.00569036       4.00776142
  5400       1.08402369      -0.00902369       4.00609476
  5401       1.07097631       0.00902369       3.99390524
  5402       1.07430964       0.00569036       3.99223858
  5403       1.07764298       0.00235702       3.99057191
  5404       1.08097631      -0.00097631       3.98890524
  5405       1.08430964      -0.00430964       3.98723858
  5406       1.07215482       0.00784518       3.99861929
  5407       1.07548816       0.00451184       3.99695262
  5408       1.07882149       0.00117851       3.99528595
  5409       1.08215482      -0.00215482       3.99361929
  5410       1.08548816      -0.00548816       3.99195262
  5411       1.07333333       0.00666667       4.00333333
  5412       1.07666667       0.00333333       4.00166667
  5413       1.08000000       0.00000000       4.00000000
  5414       1.08333333      -0.00333333       3.99833333
  5415       1.08666667      -0.00666667       3.99666667
  5416       1.07451184       0.00548816       4.00804738
  5417       1.07784518       0.00215482       4.00638071
  5418       1.08117851      -0.00117851       4.00471405
  5419       1.08451184      -0.00451184       4.00304738
  5420       1.08784518      -0.00784518       4.00138071
  5421       1.07569036       0.00430964       4.01276142
  5422       1.07902369       0.00097631       4.01109476
  5423       1.08235702      -0.00235702       4.00942809
  5424       1.08569036      -0.00569036       4.00776142
  5425       1.08902369      -0.00902369       4.00609476
  5426       1.07597631       0.00902369       3.99390524
  5427       1.07930964       0.00569036       3.99223858
  5428       1.08264298       0.00235702       3.99057191
  5429       1.08597631      -0.00097631       3.98890524
  5430       1.08930964      -0.00430964       3.98723858
  5431       1.07715482       0.00784518       3.99861929
  5432       1.08048816       0.00451184       3.99695262
  5433       1.08382149       0.00117851       3.99528595
  5434       1.08715482      -0.00215482       3.99361929
  5435       1.09048816      -0.00548816       3.99195262
  5436       1.07833333       0.00666667       4.00333333
  5437       1.08166667       0.00333333       4.00166667
  5438       1.08500000       0.00000000       4.00000000
  5439       1.08833333      -0.00333333       3.99833333
  5440       1.09166667      -0.00666667       3.99666667
  5441       1.07951184       0.00548816       4.00804738
  5442       1.08284518       0.00215482       4.00638071
  5443       1.08617851      -0.00117851       4.00471405
  5444       1.08951184      -0.00451184       4.00304738
  5445       1.09284518      -0.00784518       4.00138071
  5446       1.08069036       0.00430964       4.01276142
  5447       1.08402369       0.00097631       4.01109476
  5448       1.08735702      -0.00235702       4.00942809
  5449       1.09069036      -0.00569036       4.00776142
  5450       1.09402369      -0.00902369       4.00609476
  5451       1.08097631       0.00902369       3.99390524
  5452       1.08430964       0.00569036       3.99223858
  5453       1.08764298       0.00235702       3.99057191
  5454       1.09097631      -0.00097631       3.98890524
  5455       1.09430964      -0.00430964       3.98723858
  5456       1.08215482       0.00784518       3.99861929
  5457       1.08548816       0.00451184       3.99695262
  5458       1.08882149       0.00117851       3.99528595
  5459       1.09215482      -0.00215482       3.99361929
  5460       1.09548816      -0.00548816       3.99195262
  5461       1.08333333       0.00666667       4.00333333
  5462       1.08666667       0.00333333       4.00166667
  5463       1.09000000       0.00000000       4.00000000
  5464       1.09333333      -0.00333333       3.99833333
  5465       1.09666667      -0.00666667       3.99666667
  5466       1.08451184       0.00548816       4.00804738
  5467       1.08784518       0.00215482       4.00638071
  5468       1.09117851      -0.00117851       4.00471405
  5469       1.09451184      -0.00451184       4.00304738
  5470       1.09784518      -0.00784518       4.00138071
  5471       1.08569036       0.00430964       4.01276142
  5472       1.08902369       0.00097631       4.01109476
  5473       1.09235702      -0.00235702       4.00942809
  5474       1.09569036      -0.00569036       4.00776142
  5475       1.09902369      -0.00902369       4.00609476
  5476       1.08597631       0.00902369       3.99390524
  5477       1.08930964       0.00569036       3.99223858
  5478       1.09264298       0.00235702       3.99057191
  5479       1.09597631      -0.00097631       3.98890524
  5480       1.09930964      -0.00430964       3.98723858
  5481       1.08715482       0.00784518       3.99861929
  5482       1.09048816       0.00451184       3.99695262
  5483       1.09382149       0.00117851       3.99528595
  5484       1.09715482      -0.00215482       3.99361929
  5485       1.10048816      -0.00548816       3.99195262
  5486       1.08833333       0.00666667       4.00333333
  5487       1.09166667       0.00333333       4.00166667
  5488       1.09500000       0.00000000       4.00000000
  5489       1.09833333      -0.00333333       3.99833333
  5490       1.10166667      -0.00666667       3.99666667
  5491       1.08951184       0.00548816       4.00804738
  5492       1.09284518       0.00215482       4.00638071
  5493       1.09617851      -0.00117851       4.00471405
  5494       1.09951184      -0.00451184       4.00304738
  5495       1.10284518      -0.00784518       4.00138071
  5496       1.09069036       0.00430964       4.01276142
  5497       1.09402369       0.00097631       4.01109476
  5498       1.09735702      -0.00235702       4.00942809
  5499       1.10069036      -0.00569036       4.00776142
  5500       1.10402369      -0.00902369       4.00609476
  5501       1.09097631       0.00902369       3.99390524
  5502       1.09430964       0.00569036       3.99223858
  5503       1.09764298       0.00235702       3.99057191
  5504       1.10097631      -0.00097631       3.98890524
  5505       1.10430964      -0.00430964       3.98723858
  5506       1.09215482       0.00784518       3.99861929
  5507       1.09548816       0.00451184       3.99695262
  5508       1.09882149       0.00117851       3.99528595
  5509       1.10215482      -0.00215482       3.99361929
  5510       1.10548816      -0.00548816       3.99195262
  5511       1.09333333       0.00666667       4.00333333
  5512       1.09666667       0.00333333       4.00166667
  5513       1.10000000       0.00000000       4.00000000
  5514       1.10333333      -0.00333333       3.99833333
  5515       1.10666667      -0.00666667       3.99666667
  5516       1.09451184       0.00548816       4.00804738
  5517       1.09784518       0.00215482       4.00638071
  5518       1.10117851      -0.00117851       4.00471405
  5519       1.10451184      -0.00451184       4.00304738
  5520       1.10784518      -0.00784518       4.00138071
  5521       1.09569036       0.00430964       4.01276142
  5522       1.09902369       0.00097631       4.01109476
  5523       1.10235702      -0.00235702       4.00942809
  5524       1.10569036      -0.00569036       4.00776142
  5525       1.10902369      -0.00902369       4.00609476
  5526       1.09597631       0.00902369       3.99390524
  5527       1.09930964       0.00569036       3.99223858
  5528       1.10264298       0.00235702       3.99057191
  5529       1.10597631      -0.00097631       3.98890524
  5530       1.10930964      -0.00430964       3.98723858
  5531       1.09715482       0.00784518       3.99861929
  5532       1.10048816       0.00451184       3.99695262
  5533       1.10382149       0.00117851       3.99528595
  5534       1.10715482      -0.00215482       3.99361929
  5535       1.11048816      -0.00548816       3.99195262
  5536       1.09833333       0.00666667       4.00333333
  5537       1.10166667       0.00333333       4.00166667
  5538       1.10500000       0.00000000       4.00000000
  5539       1.10833333      -0.00333333       3.99833333
  5540       1.11166667      -0.00666667       3.99666667
  5541       1.09951184       0.00548816       4.00804738
  5542       1.10284518       0.00215482       4.00638071
  5543       1.10617851      -0.00117851       4.00471405
  5544       1.10951184      -0.00451184       4.00304738
  5545       1.11284518      -0.00784518       4.00138071
  5546       1.10069036       0.00430964       4.01276142
  5547       1.10402369       0.00097631       4.01109476
  5548       1.10735702      -0.00235702       4.00942809
  5549       1.11069036      -0.00569036       4.00776142
  5550       1.11402369      -0.00902369       4.00609476
  5551       1.10097631       0.00902369       3.99390524
  5552       1.10430964       0.00569036       3.99223858
  5553       1.10764298       0.00235702       3.99057191
  5554       1.11097631      -0.00097631       3.98890524
  5555       1.11430964      -0.00430964       3.98723858
  5556       1.10215482       0.00784518       3.99861929
  5557       1.10548816       0.00451184       3.99695262
  5558       1.10882149       0.00117851       3.99528595
  5559       1.11215482      -0.00215482       3.99361929
  5560       1.11548816      -0.00548816       3.99195262
  5561       1.10333333       0.00666667       4.00333333
  5562       1.10666667       0.00333333       4.00166667
  5563       1.11000000       0.00000000       4.00000000
  5564       1.11333333      -0.00333333       3.99833333
  5565       1.11666667      -0.00666667       3.99666667
  5566       1.10451184       0.00548816       4.00804738
  5567       1.10784518       0.00215482       4.00638071
  5568       1.11117851      -0.00117851       4.00471405
  5569       1.11451184      -0.00451184       4.00304738
  5570       1.11784518      -0.00784518       4.00138071
  5571       1.10569036       0.00430964       4.01276142
  5572       1.10902369       0.00097631       4.01109476
  5573       1.11235702      -0.00235702       4.00942809
  5574       1.11569036      -0.00569036       4.00776142
  5575       1.11902369      -0.00902369       4.00609476
  5576       1.10597631       0.00902369       3.99390524
  5577       1.10930964       0.00569036       3.99223858
  5578       1.11264298       0.00235702       3.99057191
  5579       1.11597631      -0.00097631       3.98890524
  5580       1.11930964      -0.00430964       3.98723858
  5581       1.10715482       0.00784518       3.99861929
  5582       1.11048816       0.00451184       3.99695262
  5583       1.11382149       0.00117851       3.99528595
  5584       1.11715482      -0.00215482       3.99361929
  5585       1.12048816      -0.00548816       3.99195262
  5586       1.10833333       0.00666667       4.00333333
  5587       1.11166667       0.00333333       4.00166667
  5588       1.11500000       0.00000000       4.00000000
  5589       1.11833333      -0.00333333       3.99833333
  5590       1.12166667      -0.00666667       3.99666667
  5591       1.10951184       0.00548816       4.00804738
  5592       1.11284518       0.00215482       4.00638071
  5593       1.11617851      -0.00117851       4.00471405
  5594       1.11951184      -0.00451184       4.00304738
  5595       1.12284518      -0.00784518       4.00138071
  5596       1.11069036       0.00430964       4.01276142
  5597       1.11402369       0.00097631       4.01109476
  5598       1.11735702      -0.00235702       4.00942809
  5599       1.12069036      -0.00569036       4.00776142
  5600       1.12402369      -0.00902369       4.00609476
  5601       1.11097631       0.00902369       3.99390524
  5602       1.11430964       0.00569036       3.99223858
  5603       1.11764298       0.00235702       3.99057191
  5604       1.12097631      -0.00097631       3.98890524
  5605       1.12430964      -0.00430964       3.98723858
  5606       1.11215482       0.00784518       3.99861929
  5607       1.11548816       0.00451184       3.99695262
  5608       1.11882149       0.00117851       3.99528595
  5609       1.12215482      -0.00215482       3.99361929
  5610       1.12548816      -0.00548816       3.99195262
  5611       1.11333333       0.00666667       4.00333333
  5612       1.11666667       0.00333333       4.00166667
  5613       1.12000000       0.00000000       4.00000000
  5614       1.12333333      -0.00333333       3.99833333
  5615       1.12666667      -0.00666667       3.99666667
  5616       1.11451184       0.00548816       4.00804738
  5617       1.11784518       0.00215482       4.00638071
  5618       1.12117851      -0.00117851       4.00471405
  5619       1.12451184      -0.00451184       4.00304738
  5620       1.12784518      -0.00784518       4.00138071
  5621       1.11569036       0.00430964       4.01276142
  5622       1.11902369       0.00097631       4.01109476
  5623       1.12235702      -0.00235702       4.00942809
  5624       1.12569036      -0.00569036       4.00776142
  5625       1.12902369      -0.00902369       4.00609476
  5626       1.11597631       0.00902369       3.99390524
  5627       1.11930964       0.00569036       3.99223858
  5628       1.12264298       0.00235702       3.99057191
  5629       1.12597631      -0.00097631       3.98890524
  5630       1.12930964      -0.00430964       3.98723858
  5631       1.11715482       0.00784518       3.99861929
  5632       1.12048816       0.00451184       3.99695262
  5633       1.12382149       0.00117851       3.99528595
  5634       1.12715482      -0.00215482       3.99361929
  5635       1.13048816      -0.00548816       3.99195262
  5636       1.11833333       0.00666667       4.00333333
  5637       1.12166667       0.00333333       4.00166667
  5638       1.12500000       0.00000000       4.00000000
  5639       1.12833333      -0.00333333       3.99833333
  5640       1.13166667      -0.00666667       3.99666667
  5641       1.11951184       0.00548816       4.00804738
  5642       1.12284518       0.00215482       4.00638071
  5643       1.12617851      -0.00117851       4.00471405
  5644       1.12951184      -0.00451184       4.00304738
  5645       1.13284518      -0.00784518       4.00138071
  5646       1.12069036       0.00430964       4.01276142
  5647       1.12402369       0.00097631       4.01109476
  5648       1.12735702      -0.00235702       4.00942809
  5649       1.13069036      -0.00569036       4.00776142
  5650       1.13402369      -0.00902369       4.00609476
  5651       1.12097631       0.00902369       3.99390524
  5652       1.12430964       0.00569036       3.99223858
  5653       1.12764298       0.00235702       3.99057191
  5654       1.13097631      -0.00097631       3.98890524
  5655       1.13430964      -0.00430964       3.98723858
  5656       1.12215482       0.00784518       3.99861929
  5657       1.12548816       0.00451184       3.99695262
  5658       1.12882149       0.00117851       3.99528595
  5659       1.13215482      -0.00215482       3.99361929
  5660       1.13548816      -0.00548816       3.99195262
  5661       1.12333333       0.00666667       4.00333333
  5662       1.12666667       0.00333333       4.00166667
  5663       1.13000000       0.00000000       4.00000000
  5664       1.13333333      -0.00333333       3.99833333
  5665       1.13666667      -0.00666667       3.99666667
  5666       1.12451184       0.00548816       4.00804738
  5667       1.12784518       0.00215482       4.00638071
  5668       1.13117851      -0.00117851       4.00471405
  5669       1.13451184      -0.00451184       4.00304738
  5670       1.13784518      -0.00784518       4.00138071
  5671       1.12569036       0.00430964       4.01276142
  5672       1.12902369       0.00097631       4.01109476
  5673       1.13235702      -0.00235702       4.00942809
  5674       1.13569036      -0.00569036       4.00776142
  5675       1.13902369      -0.00902369       4.00609476
  5676       1.12597631       0.00902369       3.99390524
  5677       1.12930964       0.00569036       3.99223858
  5678       1.13264298       0.00235702       3.99057191
  5679       1.13597631      -0.00097631       3.98890524
  5680       1.13930964      -0.00430964       3.98723858
  5681       1.12715482       0.00784518       3.99861929
  5682       1.13048816       0.00451184       3.99695262
  5683       1.13382149       0.00117851       3.99528595
  5684       1.13715482      -0.00215482       3.99361929
  5685       1.14048816      -0.00548816       3.99195262
  5686       1.12833333       0.00666667       4.00333333
  5687       1.13166667       0.00333333       4.00166667
  5688       1.13500000       0.00000000       4.00000000
  5689       1.13833333      -0.00333333       3.99833333
  5690       1.14166667      -0.00666667       3.99666667
  5691       1.12951184       0.00548816       4.00804738
  5692       1.13284518       0.00215482       4.00638071
  5693       1.13617851      -0.00117851       4.00471405
  5694       1.13951184      -0.00451184       4.00304738
  5695       1.14284518      -0.00784518       4.00138071
  5696       1.13069036       0.00430964       4.01276142
  5697       1.13402369       0.00097631       4.01109476
  5698       1.13735702      -0.00235702       4.00942809
  5699       1.14069036      -0.00569036       4.00776142
  5700       1.14402369      -0.00902369       4.00609476
  5701       1.13097631       0.00902369       3.99390524
  5702       1.13430964       0.00569036       3.99223858
  5703       1.13764298       0.00235702       3.99057191
  5704       1.14097631      -0.00097631       3.98890524
  5705       1.14430964      -0.00430964       3.98723858
  5706       1.13215482       0.00784518       3.99861929
  5707       1.13548816       0.00451184       3.99695262
  5708       1.13882149       0.00117851       3.99528595
  5709       1.14215482      -0.00215482       3.99361929
  5710       1.14548816      -0.00548816       3.99195262
  5711       1.13333333       0.00666667       4.00333333
  5712       1.13666667       0.00333333       4.00166667
  5713       1.14000000       0.00000000       4.00000000
  5714       1.14333333      -0.00333333       3.99833333
  5715       1.14666667      -0.00666667       3.99666667
  5716       1.13451184       0.00548816       4.00804738
  5717       1.13784518       0.00215482       4.00638071
  5718       1.14117851      -0.00117851       4.00471405
  5719       1.14451184      -0.00451184       4.00304738
  5720       1.14784518      -0.00784518       4.00138071
  5721       1.13569036       0.00430964       4.01276142
  5722       1.13902369       0.00097631       4.01109476
  5723       1.14235702      -0.00235702       4.00942809
  5724       1.14569036      -0.00569036       4.00776142
  5725       1.14902369      -0.00902369       4.00609476
  5726       1.13597631       0.00902369       3.99390524
  5727       1.13930964       0.00569036       3.99223858
  5728       1.14264298       0.00235702       3.99057191
  5729       1.14597631      -0.00097631       3.98890524
  5730       1.14930964      -0.00430964       3.98723858
  5731       1.13715482       0.00784518       3.99861929
  5732       1.14048816       0.00451184       3.99695262
  5733       1.14382149       0.00117851       3.99528595
  5734       1.14715482      -0.00215482       3.99361929
  5735       1.15048816      -0.00548816       3.99195262
  5736       1.13833333       0.00666667       4.00333333
  5737       1.14166667       0.00333333       4.00166667
  5738       1.14500000       0.00000000       4.00000000
  5739       1.14833333      -0.00333333       3.99833333
  5740       1.15166667      -0.00666667       3.99666667
  5741       1.13951184       0.00548816       4.00804738
  5742       1.14284518       0.00215482       4.00638071
  5743       1.14617851      -0.00117851       4.00471405
  5744       1.14951184      -0.00451184       4.00304738
  5745       1.15284518      -0.00784518       4.00138071
  5746       1.14069036       0.00430964       4.01276142
  5747       1.14402369       0.00097631       4.01109476
  5748       1.14735702      -0.00235702       4.00942809
  5749       1.15069036      -0.00569036       4.00776142
  5750       1.15402369      -0.00902369       4.00609476
  5751       1.14097631       0.00902369       3.99390524
  5752       1.14430964       0.00569036       3.99223858
  5753       1.14764298       0.00235702       3.99057191
  5754       1.15097631      -0.00097631       3.98890524
  5755       1.15430964      -0.00430964       3.98723858
  5756       1.14215482       0.00784518       3.99861929
  5757       1.14548816       0.00451184       3.99695262
  5758       1.14882149       0.00117851       3.99528595
  5759       1.15215482      -0.00215482       3.99361929
  5760       1.15548816      -0.00548816       3.99195262
  5761       1.14333333       0.00666667       4.00333333
  5762       1.14666667       0.00333333       4.00166667
  5763       1.15000000       0.00000000       4.00000000
  5764       1.15333333      -0.00333333       3.99833333
  5765       1.15666667      -0.00666667       3.99666667
  5766       1.14451184       0.00548816       4.00804738
  5767       1.14784518       0.00215482       4.00638071
  5768       1.15117851      -0.00117851       4.00471405
  5769       1.15451184      -0.00451184       4.00304738
  5770       1.15784518      -0.00784518       4.00138071
  5771       1.14569036       0.00430964       4.01276142
  5772       1.14902369       0.00097631       4.01109476
  5773       1.15235702      -0.00235702       4.00942809
  5774       1.15569036      -0.00569036       4.00776142
  5775       1.15902369      -0.00902369       4.00609476
  5776       1.14597631       0.00902369       3.99390524
  5777       1.14930964       0.00569036       3.99223858
  5778       1.15264298       0.00235702       3.99057191
  5779       1.15597631      -0.00097631       3.98890524
  5780       1.15930964      -0.00430964       3.98723858
  5781       1.14715482       0.00784518       3.99861929
  5782       1.15048816       0.00451184       3.99695262
  5783       1.15382149       0.00117851       3.99528595
  5784       1.15715482      -0.00215482       3.99361929
  5785       1.16048816      -0.00548816       3.99195262
  5786       1.14833333       0.00666667       4.00333333
  5787       1.15166667       0.00333333       4.00166667
  5788       1.15500000       0.00000000       4.00000000
  5789       1.15833333      -0.00333333       3.99833333
  5790       1.16166667      -0.00666667       3.99666667
  5791       1.14951184       0.00548816       4.00804738
  5792       1.15284518       0.00215482       4.00638071
  5793       1.15617851      -0.00117851       4.00471405
  5794       1.15951184      -0.00451184       4.00304738
  5795       1.16284518      -0.00784518       4.00138071
  5796       1.15069036       0.00430964       4.01276142
  5797       1.15402369       0.00097631       4.01109476
  5798       1.15735702      -0.00235702       4.00942809
  5799       1.16069036      -0.00569036       4.00776142
  5800       1.16402369      -0.00902369       4.00609476
  5801       1.15097631       0.00902369       3.99390524
  5802       1.15430964       0.00569036       3.99223858
  5803       1.15764298       0.00235702       3.99057191
  5804       1.16097631      -0.00097631       3.98890524
  5805       1.16430964      -0.00430964       3.98723858
  5806       1.15215482       0.00784518       3.99861929
  5807       1.15548816       0.00451184       3.99695262
  5808       1.15882149       0.00117851       3.99528595
  5809       1.16215482      -0.00215482       3.99361929
  5810       1.16548816      -0.00548816       3.99195262
  5811       1.15333333       0.00666667       4.00333333
  5812       1.15666667       0.00333333       4.00166667
  5813       1.16000000       0.00000000       4.00000000
  5814       1.16333333      -0.00333333       3.99833333
  5815       1.16666667      -0.00666667       3.99666667
  5816       1.15451184       0.00548816       4.00804738
  5817       1.15784518       0.00215482       4.00638071
  5818       1.16117851      -0.00117851       4.00471405
  5819       1.16451184      -0.00451184       4.00304738
  5820       1.16784518      -0.00784518       4.00138071
  5821       1.15569036       0.00430964       4.01276142
  5822       1.15902369       0.00097631       4.01109476
  5823       1.16235702      -0.00235702       4.00942809
  5824       1.16569036      -0.00569036       4.00776142
  5825       1.16902369      -0.00902369       4.00609476
  5826       1.15597631       0.00902369       3.99390524
  5827       1.15930964       0.00569036       3.99223858
  5828       1.16264298       0.00235702       3.99057191
  5829       1.16597631      -0.00097631       3.98890524
  5830       1.16930964      -0.00430964       3.98723858
  5831       1.15715482       0.00784518       3.99861929
  5832       1.16048816       0.00451184       3.99695262
  5833       1.16382149       0.00117851       3.99528595
  5834       1.16715482      -0.00215482       3.99361929
  5835       1.17048816      -0.00548816       3.99195262
  5836       1.15833333       0.00666667       4.00333333
  5837       1.16166667       0.00333333       4.00166667
  5838       1.16500000       0.00000000       4.00000000
  5839       1.16833333      -0.00333333       3.99833333
  5840       1.17166667      -0.00666667       3.99666667
  5841       1.15951184       0.00548816       4.00804738
  5842       1.16284518       0.00215482       4.00638071
  5843       1.16617851      -0.00117851       4.00471405
  5844       1.16951184      -0.00451184       4.00304738
  5845       1.17284518      -0.00784518       4.00138071
  5846       1.16069036       0.00430964       4.01276142
  5847       1.16402369       0.00097631       4.01109476
  5848       1.16735702      -0.00235702       4.00942809
  5849       1.17069036      -0.00569036       4.00776142
  5850       1.17402369      -0.00902369       4.00609476
  5851       1.16097631       0.00902369       3.99390524
  5852       1.16430964       0.00569036       3.99223858
  5853       1.16764298       0.00235702       3.99057191
  5854       1.17097631      -0.00097631       3.98890524
  5855       1.17430964      -0.00430964       3.98723858
  5856       1.16215482       0.00784518       3.99861929
  5857       1.16548816       0.00451184       3.99695262
  5858       1.16882149       0.00117851       3.99528595
  5859       1.17215482      -0.00215482       3.99361929
  5860       1.17548816      -0.00548816       3.99195262
  5861       1.16333333       0.00666667       4.00333333
  5862       1.16666667       0.00333333       4.00166667
  5863       1.17000000       0.00000000       4.00000000
  5864       1.17333333      -0.00333333       3.99833333
  5865       1.17666667      -0.00666667       3.99666667
  5866       1.16451184       0.00548816       4.00804738
  5867       1.16784518       0.00215482       4.00638071
  5868       1.17117851      -0.00117851       4.00471405
  5869       1.17451184      -0.00451184       4.00304738
  5870       1.17784518      -0.00784518       4.00138071
  5871       1.16569036       0.00430964       4.01276142
  5872       1.16902369       0.00097631       4.01109476
  5873       1.17235702      -0.00235702       4.00942809
  5874       1.17569036      -0.00569036       4.00776142
  5875       1.17902369      -0.00902369       4.00609476
  5876       1.16597631       0.00902369       3.99390524
  5877       1.16930964       0.00569036       3.99223858
  5878       1.17264298       0.00235702       3.99057191
  5879       1.17597631      -0.00097631       3.98890524
  5880       1.17930964      -0.00430964       3.98723858
  5881       1.16715482       0.00784518       3.99861929
  5882       1.17048816       0.00451184       3.99695262
  5883       1.17382149       0.00117851       3.99528595
  5884       1.17715482      -0.00215482       3.99361929
  5885       1.18048816      -0.00548816       3.99195262
  5886       1.16833333       0.00666667       4.00333333
  5887       1.17166667       0.00333333       4.00166667
  5888       1.17500000       0.00000000       4.00000000
  5889       1.17833333      -0.00333333       3.99833333
  5890       1.18166667      -0.00666667       3.99666667
  5891       1.16951184       0.00548816       4.00804738
  5892       1.17284518       0.00215482       4.00638071
  5893       1.17617851      -0.00117851       4.00471405
  5894       1.17951184      -0.00451184       4.00304738
  5895       1.18284518      -0.00784518       4.00138071
  5896       1.17069036       0.00430964       4.01276142
  5897       1.17402369       0.00097631       4.01109476
  5898       1.17735702      -0.00235702       4.00942809
  5899       1.18069036      -0.00569036       4.00776142
  5900       1.18402369      -0.00902369       4.00609476
  5901       1.17097631       0.00902369       3.99390524
  5902       1.17430964       0.00569036       3.99223858
  5903       1.17764298       0.00235702       3.99057191
  5904       1.18097631      -0.00097631       3.98890524
  5905       1.18430964      -0.00430964       3.98723858
  5906       1.17215482       0.00784518       3.99861929
  5907       1.17548816       0.00451184       3.99695262
  5908       1.17882149       0.00117851       3.99528595
  5909       1.18215482      -0.00215482       3.99361929
  5910       1.18548816      -0.00548816       3.99195262
  5911       1.17333333       0.00666667       4.00333333
  5912       1.17666667       0.00333333       4.00166667
  5913       1.18000000       0.00000000       4.00000000
  5914       1.18333333      -0.00333333       3.99833333
  5915       1.18666667      -0.00666667       3.99666667
  5916       1.17451184       0.00548816       4.00804738
  5917       1.17784518       0.00215482       4.00638071
  5918       1.18117851      -0.00117851       4.00471405
  5919       1.18451184      -0.00451184       4.00304738
  5920       1.18784518      -0.00784518       4.00138071
  5921       1.17569036       0.00430964       4.01276142
  5922       1.17902369       0.00097631       4.01109476
  5923       1.18235702      -0.00235702       4.00942809
  5924       1.18569036      -0.00569036       4.00776142
  5925       1.18902369      -0.00902369       4.00609476
  5926       1.17597631       0.00902369       3.99390524
  5927       1.17930964       0.00569036       3.99223858
  5928       1.18264298       0.00235702       3.99057191
  5929       1.18597631      -0.00097631       3.98890524
  5930       1.18930964      -0.00430964       3.98723858
  5931       1.17715482       0.00784518       3.99861929
  5932       1.18048816       0.00451184       3.99695262
  5933       1.18382149       0.00117851       3.99528595
  5934       1.18715482      -0.00215482       3.99361929
  5935       1.19048816      -0.00548816       3.99195262
  5936       1.17833333       0.00666667       4.00333333
  5937       1.18166667       0.00333333       4.00166667
  5938       1.18500000       0.00000000       4.00000000
  5939       1.18833333      -0.00333333       3.99833333
  5940       1.19166667      -0.00666667       3.99666667
  5941       1.17951184       0.00548816       4.00804738
  5942       1.18284518       0.00215482       4.00638071
  5943       1.18617851      -0.00117851       4.00471405
  5944       1.18951184      -0.00451184       4.00304738
  5945       1.19284518      -0.00784518       4.00138071
  5946       1.18069036       0.00430964       4.01276142
  5947       1.18402369       0.00097631       4.01109476
  5948       1.18735702      -0.00235702       4.00942809
  5949       1.19069036      -0.00569036       4.00776142
  5950       1.19402369      -0.00902369       4.00609476
  5951       1.18097631       0.00902369       3.99390524
  5952       1.18430964       0.00569036       3.99223858
  5953       1.18764298       0.00235702       3.99057191
  5954       1.19097631      -0.00097631       3.98890524
  5955       1.19430964      -0.00430964       3.98723858
  5956       1.18215482       0.00784518       3.99861929
  5957       1.18548816       0.00451184       3.99695262
  5958       1.18882149       0.00117851       3.99528595
  5959       1.19215482      -0.00215482       3.99361929
  5960       1.19548816      -0.00548816       3.99195262
  5961       1.18333333       0.00666667       4.00333333
  5962       1.18666667       0.00333333       4.00166667
  5963       1.19000000       0.00000000       4.00000000
  5964       1.19333333      -0.00333333       3.99833333
  5965       1.19666667      -0.00666667       3.99666667
  5966       1.18451184       0.00548816       4.00804738
  5967       1.18784518       0.00215482       4.00638071
  5968       1.19117851      -0.00117851       4.00471405
  5969       1.19451184      -0.00451184       4.00304738
  5970       1.19784518      -0.00784518       4.00138071
  5971       1.18569036       0.00430964       4.01276142
  5972       1.18902369       0.00097631       4.01109476
  5973       1.19235702      -0.00235702       4.00942809
  5974       1.19569036      -0.00569036       4.00776142
  5975       1.19902369      -0.00902369       4.00609476
  5976       1.18597631       0.00902369       3.99390524
  5977       1.18930964       0.00569036       3.99223858
  5978       1.19264298       0.00235702       3.99057191
  5979       1.19597631      -0.00097631       3.98890524
  5980       1.19930964      -0.00430964       3.98723858
  5981       1.18715482       0.00784518       3.99861929
  5982       1.19048816       0.00451184       3.99695262
  5983       1.19382149       0.00117851       3.99528595
  5984       1.19715482      -0.00215482       3.99361929
  5985       1.20048816      -0.00548816       3.99195262
  5986       1.18833333       0.00666667       4.00333333
  5987       1.19166667       0.00333333       4.00166667
  5988       1.19500000       0.00000000       4.00000000
  5989       1.19833333      -0.00333333       3.99833333
  5990       1.20166667      -0.00666667       3.99666667
  5991       1.18951184       0.00548816       4.00804738
  5992       1.19284518       0.00215482       4.00638071
  5993       1.19617851      -0.00117851       4.00471405
  5994       1.19951184      -0.00451184       4.00304738
  5995       1.20284518      -0.00784518       4.00138071
  5996       1.19069036       0.00430964       4.01276142
  5997       1.19402369       0.00097631       4.01109476
  5998       1.19735702      -0.00235702       4.00942809
  5999       1.20069036      -0.00569036       4.00776142
  6000       1.20402369      -0.00902369       4.00609476
  6001       1.19097631       0.00902369       3.99390524
  6002       1.19430964       0.00569036       3.99223858
  6003       1.19764298       0.00235702       3.99057191
  6004       1.20097631      -0.00097631       3.98890524
  6005       1.20430964      -0.00430964       3.98723858
  6006       1.19215482       0.00784518       3.99861929
  6007       1.19548816       0.00451184       3.99695262
  6008       1.19882149       0.00117851       3.99528595
  6009       1.20215482      -0.00215482       3.99361929
  6010       1.20548816      -0.00548816       3.99195262
  6011       1.19333333       0.00666667       4.00333333
  6012       1.19666667       0.00333333       4.00166667
  6013       1.20000000       0.00000000       4.00000000
  6014       1.20333333      -0.00333333       3.99833333
  6015       1.20666667      -0.00666667       3.99666667
  6016       1.19451184       0.00548816       4.00804738
  6017       1.19784518       0.00215482       4.00638071
  6018       1.20117851      -0.00117851       4.00471405
  6019       1.20451184      -0.00451184       4.00304738
  6020       1.20784518      -0.00784518       4.00138071
  6021       1.19569036       0.00430964       4.01276142
  6022       1.19902369       0.00097631       4.01109476
  6023       1.20235702      -0.00235702       4.00942809
  6024       1.20569036      -0.00569036       4.00776142
  6025       1.20902369      -0.00902369       4.00609476
  6026       1.19597631       0.00902369       3.99390524
  6027       1.19930964       0.00569036       3.99223858
  6028       1.20264298       0.00235702       3.99057191
  6029       1.20597631      -0.00097631       3.98890524
  6030       1.20930964      -0.00430964       3.98723858
  6031       1.19715482       0.00784518       3.99861929
  6032       1.20048816       0.00451184       3.99695262
  6033       1.20382149       0.00117851       3.99528595
  6034       1.20715482      -0.00215482       3.99361929
  6035       1.21048816      -0.00548816       3.99195262
  6036       1.19833333       0.00666667       4.00333333
  6037       1.20166667       0.00333333       4.00166667
  6038       1.20500000       0.00000000       4.00000000
  6039       1.20833333      -0.00333333       3.99833333
  6040       1.21166667      -0.00666667       3.99666667
  6041       1.19951184       0.00548816       4.00804738
  6042       1.20284518       0.00215482       4.00638071
  6043       1.20617851      -0.00117851       4.00471405
  6044       1.20951184      -0.00451184       4.00304738
  6045       1.21284518      -0.00784518       4.00138071
  6046       1.20069036       0.00430964       4.01276142
  6047       1.20402369       0.00097631       4.01109476
  6048       1.20735702      -0.00235702       4.00942809
  6049       1.21069036      -0.00569036       4.00776142
  6050       1.21402369      -0.00902369       4.00609476
  6051       1.20097631       0.00902369       3.99390524
  6052       1.20430964       0.00569036       3.99223858
  6053       1.20764298       0.00235702       3.99057191
  6054       1.21097631      -0.00097631       3.98890524
  6055       1.21430964      -0.00430964       3.98723858
  6056       1.20215482       0.00784518       3.99861929
  6057       1.20548816       0.00451184       3.99695262
  6058       1.20882149       0.00117851       3.99528595
  6059       1.21215482      -0.00215482       3.99361929
  6060       1.21548816      -0.00548816       3.99195262
  6061       1.20333333       0.00666667       4.00333333
  6062       1.20666667       0.00333333       4.00166667
  6063       1.21000000       0.00000000       4.00000000
  6064       1.21333333      -0.00333333       3.99833333
  6065       1.21666667      -0.00666667       3.99666667
  6066       1.20451184       0.00548816       4.00804738
  6067       1.20784518       0.00215482       4.00638071
  6068       1.21117851      -0.00117851       4.00471405
  6069       1.21451184      -0.00451184       4.00304738
  6070       1.21784518      -0.00784518       4.00138071
  6071       1.20569036       0.00430964       4.01276142
  6072       1.20902369       0.00097631       4.01109476
  6073       1.21235702      -0.00235702       4.00942809
  6074       1.21569036      -0.00569036       4.00776142
  6075       1.21902369      -0.00902369       4.00609476
  6076       1.20597631       0.00902369       3.99390524
  6077       1.20930964       0.00569036       3.99223858
  6078       1.21264298       0.00235702       3.99057191
  6079       1.21597631      -0.00097631       3.98890524
  6080       1.21930964      -0.00430964       3.98723858
  6081       1.20715482       0.00784518       3.99861929
  6082       1.21048816       0.00451184       3.99695262
  6083       1.21382149       0.00117851       3.99528595
  6084       1.21715482      -0.00215482       3.99361929
  6085       1.22048816      -0.00548816       3.99195262
  6086       1.20833333       0.00666667       4.00333333
  6087       1.21166667       0.00333333       4.00166667
  6088       1.21500000       0.00000000       4.00000000
  6089       1.21833333      -0.00333333       3.99833333
  6090       1.22166667      -0.00666667       3.99666667
  6091       1.20951184       0.00548816       4.00804738
  6092       1.21284518       0.00215482       4.00638071
  6093       1.21617851      -0.00117851       4.00471405
  6094       1.21951184      -0.00451184       4.00304738
  6095       1.22284518      -0.00784518       4.00138071
  6096       1.21069036       0.00430964       4.01276142
  6097       1.21402369       0.00097631       4.01109476
  6098       1.21735702      -0.00235702       4.00942809
  6099       1.22069036      -0.00569036       4.00776142
  6100       1.22402369      -0.00902369       4.00609476
  6101       1.21097631       0.00902369       3.99390524
  6102       1.21430964       0.00569036       3.99223858
  6103       1.21764298       0.00235702       3.99057191
  6104       1.22097631      -0.00097631       3.98890524
  6105       1.22430964      -0.00430964       3.98723858
  6106       1.21215482       0.00784518       3.99861929
  6107       1.21548816       0.00451184       3.99695262
  6108       1.21882149       0.00117851       3.99528595
  6109       1.22215482      -0.00215482       3.99361929
  6110       1.22548816      -0.00548815       3.99195262
  6111       1.21333333       0.00666667       4.00333333
  6112       1.21666667       0.00333333       4.00166667
  6113       1.22000000       0.00000000       4.00000000
  6114       1.22333333      -0.00333333       3.99833333
  6115       1.22666667      -0.00666667       3.99666667
  6116       1.21451184       0.00548816       4.00804738
  6117       1.21784518       0.00215482       4.00638071
  6118       1.22117851      -0.00117851       4.00471405
  6119       1.22451184      -0.00451184       4.00304738
  6120       1.22784518      -0.00784518       4.00138071
  6121       1.21569036       0.00430964       4.01276142
  6122       1.21902369       0.00097631       4.01109476
  6123       1.22235702      -0.00235702       4.00942809
  6124       1.22569036      -0.00569036       4.00776142
  6125       1.22902369      -0.00902369       4.00609476
  6126       1.21597631       0.00902369       3.99390524
  6127       1.21930964       0.00569036       3.99223858
  6128       1.22264298       0.00235702       3.99057191
  6129       1.22597631      -0.00097631       3.98890524
  6130       1.22930964      -0.00430964       3.98723858
  6131       1.21715482       0.00784518       3.99861929
  6132       1.22048816       0.00451184       3.99695262
  6133       1.22382149       0.00117851       3.99528595
  6134       1.22715482      -0.00215482       3.99361929
  6135       1.23048816      -0.00548815       3.99195262
  6136       1.21833333       0.00666667       4.00333333
  6137       1.22166667       0.00333333       4.00166667
  6138       1.22500000       0.00000000       4.00000000
  6139       1.22833333      -0.00333333       3.99833333
  6140       1.23166667      -0.00666667       3.99666667
  6141       1.21951184       0.00548816       4.00804738
  6142       1.22284518       0.00215482       4.00638071
  6143       1.22617851      -0.00117851       4.00471405
  6144       1.22951184      -0.00451184       4.00304738
  6145       1.23284518      -0.00784518       4.00138071
  6146       1.22069036       0.00430964       4.01276142
  6147       1.22402369       0.00097631       4.01109476
  6148       1.22735702      -0.00235702       4.00942809
  6149       1.23069036      -0.00569036       4.00776142
  6150       1.23402369      -0.00902369       4.00609476
  6151       1.22097631       0.00902369       3.99390524
  6152       1.22430964       0.00569036       3.99223858
  6153       1.22764298       0.00235702       3.99057191
  6154       1.23097631      -0.00097631       3.98890524
  6155       1.23430964      -0.00430964       3.98723858
  6156       1.22215482       0.00784518       3.99861929
  6157       1.22548816       0.00451185       3.99695262
  6158       1.22882149       0.00117851       3.99528595
  6159       1.23215482      -0.00215482       3.99361929
  6160       1.23548816      -0.00548815       3.99195262
  6161       1.22333333       0.00666667       4.00333333
  6162       1.22666667       0.00333333       4.00166667
  6163       1.23000000       0.00000000       4.00000000
  6164       1.23333333      -0.00333333       3.99833333
  6165       1.23666667      -0.00666667       3.99666667
  6166       1.22451184       0.00548816       4.00804738
  6167       1.22784518       0.00215482       4.00638071
  6168       1.23117851      -0.00117851       4.00471405
  6169       1.23451184      -0.00451184       4.00304738
  6170       1.23784518      -0.00784518       4.00138071
  6171       1.22569036       0.00430964       4.01276142
  6172       1.22902369       0.00097631       4.01109476
  6173       1.23235702      -0.00235702       4.00942809
  6174       1.23569036      -0.00569036       4.00776142
  6175       1.23902369      -0.00902369       4.00609476
  6176       1.22597631       0.00902369       3.99390524
  6177       1.22930964       0.00569036       3.99223858
  6178       1.23264298       0.00235702       3.99057191
  6179       1.23597631      -0.00097631       3.98890524
  6180       1.23930964      -0.00430964       3.98723858
  6181       1.22715482       0.00784518       3.99861929
  6182       1.23048816       0.00451185       3.99695262
  6183       1.23382149       0.00117851       3.99528595
  6184       1.23715482      -0.00215482       3.99361929
  6185       1.24048816      -0.00548815       3.99195262
  6186       1.22833333       0.00666667       4.00333333
  6187       1.23166667       0.00333333       4.00166667
  6188       1.23500000       0.00000000       4.00000000
  6189       1.23833333      -0.00333333       3.99833333
  6190       1.24166667      -0.00666667       3.99666667
  6191       1.22951184       0.00548816       4.00804738
  6192       1.23284518       0.00215482       4.00638071
  6193       1.23617851      -0.00117851       4.00471405
  6194       1.23951184      -0.00451184       4.00304738
  6195       1.24284518      -0.00784518       4.00138071
  6196       1.23069036       0.00430964       4.01276142
  6197       1.23402369       0.00097631       4.01109476
  6198       1.23735702      -0.00235702       4.00942809
  6199       1.24069036      -0.00569036       4.00776142
  6200       1.24402369      -0.00902369       4.00609476
  6201       1.23097631       0.00902369       3.99390524
  6202       1.23430964       0.00569036       3.99223858
  6203       1.23764298       0.00235702       3.99057191
  6204       1.24097631      -0.00097631       3.98890524
  6205       1.24430964      -0.00430964       3.98723858
  6206       1.23215482       0.00784518       3.99861929
  6207       1.23548816       0.00451185       3.99695262
  6208       1.23882149       0.00117851       3.99528595
  6209       1.24215482      -0.00215482       3.99361929
  6210       1.24548816      -0.00548815       3.99195262
  6211       1.23333333       0.00666667       4.00333333
  6212       1.23666667       0.00333333       4.00166667
  6213       1.24000000       0.00000000       4.00000000
  6214       1.24333333      -0.00333333       3.99833333
  6215       1.24666667      -0.00666667       3.99666667
  6216       1.23451184       0.00548816       4.00804738
  6217       1.23784518       0.00215482       4.00638071
  6218       1.24117851      -0.00117851       4.00471405
  6219       1.24451184      -0.00451184       4.00304738
  6220       1.24784518      -0.00784518       4.00138071
  6221       1.23569036       0.00430964       4.01276142
  6222       1.23902369       0.00097631       4.01109476
  6223       1.24235702      -0.00235702       4.00942809
  6224       1.24569036      -0.00569036       4.00776142
  6225       1.24902369      -0.00902369       4.00609476
  6226       1.23597631       0.00902369       3.99390524
  6227       1.23930964       0.00569036       3.99223858
  6228       1.24264298       0.00235702       3.99057191
  6229       1.24597631      -0.00097631       3.98890524
  6230       1.24930964      -0.00430964       3.98723858
  6231       1.23715482       0.00784518       3.99861929
  6232       1.24048816       0.00451185       3.99695262
  6233       1.24382149       0.00117851       3.99528595
  6234       1.24715482      -0.00215482       3.99361929
  6235       1.25048816      -0.00548815       3.99195262
  6236       1.23833333       0.00666667       4.00333333
  6237       1.24166667       0.00333333       4.00166667
  6238       1.24500000       0.00000000       4.00000000
  6239       1.24833333      -0.00333333       3.99833333
  6240       1.25166667      -0.00666667       3.99666667
  6241       1.23951184       0.00548816       4.00804738
  6242       1.24284518       0.00215482       4.00638071
  6243       1.24617851      -0.00117851       4.00471405
  6244       1.24951184      -0.00451184       4.00304738
  6245       1.25284518      -0.00784518       4.00138071
  6246       1.24069036       0.00430964       4.01276142
  6247       1.24402369       0.00097631       4.01109476
  6248       1.24735702      -0.00235702       4.00942809
  6249       1.25069036      -0.00569036       4.00776142
  6250       1.25402369      -0.00902369       4.00609476
  6251       1.24097631       0.00902369       3.99390524
  6252       1.24430964       0.00569036       3.99223858
  6253       1.24764298       0.00235702       3.99057191
  6254       1.25097631      -0.00097631       3.98890524
  6255       1.25430964      -0.00430964       3.98723858
  6256       1.24215482       0.00784518       3.99861929
  6257       1.24548816       0.00451185       3.99695262
  6258       1.24882149       0.00117851       3.99528595
  6259       1.25215482      -0.00215482       3.99361929
  6260       1.25548816      -0.00548815       3.99195262
  6261       1.24333333       0.00666667       4.00333333
  6262       1.24666667       0.00333333       4.00166667
  6263       1.25000000       0.00000000       4.00000000
  6264       1.25333333      -0.00333333       3.99833333
  6265       1.25666667      -0.00666667       3.99666667
  6266       1.24451184       0.00548816       4.00804738
  6267       1.24784518       0.00215482       4.00638071
  6268       1.25117851      -0.00117851       4.00471405
  6269       1.25451184      -0.00451184       4.00304738
  6270       1.25784518      -0.00784518       4.00138071
  6271       1.24569036       0.00430964       4.01276142
  6272       1.24902369       0.00097631       4.01109476
  6273       1.25235702      -0.00235702       4.00942809
  6274       1.25569036      -0.00569036       4.00776142
  6275       1.25902369      -0.00902369       4.00609476
  6276       1.24597631       0.00902369       3.99390524
  6277       1.24930964       0.00569036       3.99223858
  6278       1.25264298       0.00235702       3.99057191
  6279       1.25597631      -0.00097631       3.98890524
  6280       1.25930964      -0.00430964       3.98723858
  6281       1.24715482       0.00784518       3.99861929
  6282       1.25048816       0.00451185       3.99695262
  6283       1.25382149       0.00117851       3.99528595
  6284       1.25715482      -0.00215482       3.99361929
  6285       1.26048816      -0.00548815       3.99195262
  6286       1.24833333       0.00666667       4.00333333
  6287       1.25166667       0.00333333       4.00166667
  6288       1.25500000       0.00000000       4.00000000
  6289       1.25833333      -0.00333333       3.99833333
  6290       1.26166667      -0.00666667       3.99666667
  6291       1.24951184       0.00548816       4.00804738
  6292       1.25284518       0.00215482       4.00638071
  6293       1.25617851      -0.00117851       4.00471405
  6294       1.25951184      -0.00451184       4.00304738
  6295       1.26284518      -0.00784518       4.00138071
  6296       1.25069036       0.00430964       4.01276142
  6297       1.25402369       0.00097631       4.01109476
  6298       1.25735702      -0.00235702       4.00942809
  6299       1.26069036      -0.00569036       4.00776142
  6300       1.26402369      -0.00902369       4.00609476
  6301       1.25097631       0.00902369       3.99390524
  6302       1.25430964       0.00569036       3.99223858
  6303       1.25764298       0.00235702       3.99057191
  6304       1.26097631      -0.00097631       3.98890524
  6305       1.26430964      -0.00430964       3.98723858
  6306       1.25215482       0.00784518       3.99861929
  6307       1.25548816       0.00451185       3.99695262
  6308       1.25882149       0.00117851       3.99528595
  6309       1.26215482      -0.00215482       3.99361929
  6310       1.26548816      -0.00548815       3.99195262
  6311       1.25333333       0.00666667       4.00333333
  6312       1.25666667       0.00333333       4.00166667
  6313       1.26000000       0.00000000       4.00000000
  6314       1.26333333      -0.00333333       3.99833333
  6315       1.26666667      -0.00666667       3.99666667
  6316       1.25451184       0.00548816       4.00804738
  6317       1.25784518       0.00215482       4.00638071
  6318       1.26117851      -0.00117851       4.00471405
  6319       1.26451184      -0.00451184       4.00304738
  6320       1.26784518      -0.00784518       4.00138071
  6321       1.25569036       0.00430964       4.01276142
  6322       1.25902369       0.00097631       4.01109476
  6323       1.26235702      -0.00235702       4.00942809
  6324       1.26569036      -0.00569036       4.00776142
  6325       1.26902369      -0.00902369       4.00609476
  6326       1.25597631       0.00902369       3.99390524
  6327       1.25930964       0.00569036       3.99223858
  6328       1.26264298       0.00235702       3.99057191
  6329       1.26597631      -0.00097631       3.98890524
  6330       1.26930964      -0.00430964       3.98723858
  6331       1.25715482       0.00784518       3.99861929
  6332       1.26048816       0.00451185       3.99695262
  6333       1.26382149       0.00117851       3.99528595
  6334       1.26715482      -0.00215482       3.99361929
  6335       1.27048816      -0.00548815       3.99195262
  6336       1.25833333       0.00666667       4.00333333
  6337       1.26166667       0.00333333       4.00166667
  6338       1.26500000       0.00000000       4.00000000
  6339       1.26833333      -0.00333333       3.99833333
  6340       1.27166667      -0.00666667       3.99666667
  6341       1.25951184       0.00548816       4.00804738
  6342       1.26284518       0.00215482       4.00638071
  6343       1.26617851      -0.00117851       4.00471405
  6344       1.26951184      -0.00451184       4.00304738
  6345       1.27284518      -0.00784518       4.00138071
  6346       1.26069036       0.00430964       4.01276142
  6347       1.26402369       0.00097631       4.01109476
  6348       1.26735702      -0.00235702       4.00942809
  6349       1.27069036      -0.00569036       4.00776142
  6350       1.27402369      -0.00902369       4.00609476
  6351       1.26097631       0.00902369       3.99390524
  6352       1.26430964       0.00569036       3.99223858
  6353       1.26764298       0.00235702       3.99057191
  6354       1.27097631      -0.00097631       3.98890524
  6355       1.27430964      -0.00430964       3.98723858
  6356       1.26215482       0.00784518       3.99861929
  6357       1.26548816       0.00451185       3.99695262
  6358       1.26882149       0.00117851       3.99528595
  6359       1.27215482      -0.00215482       3.99361929
  6360       1.27548816      -0.00548815       3.99195262
  6361       1.26333333       0.00666667       4.00333333
  6362       1.26666667       0.00333333       4.00166667
  6363       1.27000000       0.00000000       4.00000000
  6364       1.27333333      -0.00333333       3.99833333
  6365       1.27666667      -0.00666667       3.99666667
  6366       1.26451184       0.00548816       4.00804738
  6367       1.26784518       0.00215482       4.00638071
  6368       1.27117851      -0.00117851       4.00471405
  6369       1.27451184      -0.00451184       4.00304738
  6370       1.27784518      -0.00784518       4.00138071
  6371       1.26569036       0.00430964       4.01276142
  6372       1.26902369       0.00097631       4.01109476
  6373       1.27235702      -0.00235702       4.00942809
  6374       1.27569036      -0.00569036       4.00776142
  6375       1.27902369      -0.00902369       4.00609476
  6376       1.26597631       0.00902369       3.99390524
  6377       1.26930964       0.00569036       3.99223858
  6378       1.27264298       0.00235702       3.99057191
  6379       1.27597631      -0.00097631       3.98890524
  6380       1.27930964      -0.00430964       3.98723858
  6381       1.26715482       0.00784518       3.99861929
  6382       1.27048816       0.00451185       3.99695262
  6383       1.27382149       0.00117851       3.99528595
  6384       1.27715482      -0.00215482       3.99361929
  6385       1.28048816      -0.00548815       3.99195262
  6386       1.26833333       0.00666667       4.00333333
  6387       1.27166667       0.00333333       4.00166667
  6388       1.27500000       0.00000000       4.00000000
  6389       1.27833333      -0.00333333       3.99833333
  6390       1.28166667      -0.00666667       3.99666667
  6391       1.26951184       0.00548816       4.00804738
  6392       1.27284518       0.00215482       4.00638071
  6393       1.27617851      -0.00117851       4.00471405
  6394       1.27951184      -0.00451184       4.00304738
  6395       1.28284518      -0.00784518       4.00138071
  6396       1.27069036       0.00430964       4.01276142
  6397       1.27402369       0.00097631       4.01109476
  6398       1.27735702      -0.00235702       4.00942809
  6399       1.28069036      -0.00569036       4.00776142
  6400       1.28402369      -0.00902369       4.00609476
  6401       1.27097631       0.00902369       3.99390524
  6402       1.27430964       0.00569036       3.99223858
  6403       1.27764298       0.00235702       3.99057191
  6404       1.28097631      -0.00097631       3.98890524
  6405       1.28430964      -0.00430964       3.98723858
  6406       1.27215482       0.00784518       3.99861929
  6407       1.27548816       0.00451185       3.99695262
  6408       1.27882149       0.00117851       3.99528595
  6409       1.28215482      -0.00215482       3.99361929
  6410       1.28548816      -0.00548815       3.99195262
  6411       1.27333333       0.00666667       4.00333333
  6412       1.27666667       0.00333333       4.00166667
  6413       1.28000000       0.00000000       4.00000000
  6414       1.28333333      -0.00333333       3.99833333
  6415       1.28666667      -0.00666667       3.99666667
  6416       1.27451184       0.00548816       4.00804738
  6417       1.27784518       0.00215482       4.00638071
  6418       1.28117851      -0.00117851       4.00471405
  6419       1.28451184      -0.00451184       4.00304738
  6420       1.28784518      -0.00784518       4.00138071
  6421       1.27569036       0.00430964       4.01276142
  6422       1.27902369       0.00097631       4.01109476
  6423       1.28235702      -0.00235702       4.00942809
  6424       1.28569036      -0.00569036       4.00776142
  6425       1.28902369      -0.00902369       4.00609476
  6426       1.27597631       0.00902369       3.99390524
  6427       1.27930964       0.00569036       3.99223858
  6428       1.28264298       0.00235702       3.99057191
  6429       1.28597631      -0.00097631       3.98890524
  6430       1.28930964      -0.00430964       3.98723858
  6431       1.27715482       0.00784518       3.99861929
  6432       1.28048816       0.00451185       3.99695262
  6433       1.28382149       0.00117851       3.99528595
  6434       1.28715482      -0.00215482       3.99361929
  6435       1.29048816      -0.00548815       3.99195262
  6436       1.27833333       0.00666667       4.00333333
  6437       1.28166667       0.00333333       4.00166667
  6438       1.28500000       0.00000000       4.00000000
  6439       1.28833333      -0.00333333       3.99833333
  6440       1.29166667      -0.00666667       3.99666667
  6441       1.27951184       0.00548816       4.00804738
  6442       1.28284518       0.00215482       4.00638071
  6443       1.28617851      -0.00117851       4.00471405
  6444       1.28951184      -0.00451184       4.00304738
  6445       1.29284518      -0.00784518       4.00138071
  6446       1.28069036       0.00430964       4.01276142
  6447       1.28402369       0.00097631       4.01109476
  6448       1.28735702      -0.00235702       4.00942809
  6449       1.29069036      -0.00569036       4.00776142
  6450       1.29402369      -0.00902369       4.00609476
  6451       1.28097631       0.00902369       3.99390524
  6452       1.28430964       0.00569036       3.99223858
  6453       1.28764298       0.00235702       3.99057191
  6454       1.29097631      -0.00097631       3.98890524
  6455       1.29430964      -0.00430964       3.98723858
  6456       1.28215482       0.00784518       3.99861929
  6457       1.28548816       0.00451185       3.99695262
  6458       1.28882149       0.00117851       3.99528595
  6459       1.29215482      -0.00215482       3.99361929
  6460       1.29548816      -0.00548815       3.99195262
  6461       1.28333333       0.00666667       4.00333333
  6462       1.28666667       0.00333333       4.00166667
  6463       1.29000000       0.00000000       4.00000000
  6464       1.29333333      -0.00333333       3.99833333
  6465       1.29666667      -0.00666667       3.99666667
  6466       1.28451184       0.00548816       4.00804738
  6467       1.28784518       0.00215482       4.00638071
  6468       1.29117851      -0.00117851       4.00471405
  6469       1.29451184      -0.00451184       4.00304738
  6470       1.29784518      -0.00784518       4.00138071
  6471       1.28569036       0.00430964       4.01276142
  6472       1.28902369       0.00097631       4.01109476
  6473       1.29235702      -0.00235702       4.00942809
  6474       1.29569036      -0.00569036       4.00776142
  6475       1.29902369      -0.00902369       4.00609476
  6476       1.28597631       0.00902369       3.99390524
  6477       1.28930964       0.00569036       3.99223858
  6478       1.29264298       0.00235702       3.99057191
  6479       1.29597631      -0.00097631       3.98890524
  6480       1.29930964      -0.00430964       3.98723858
  6481       1.28715482       0.00784518       3.99861929
  6482       1.29048816       0.00451185       3.99695262
  6483       1.29382149       0.00117851       3.99528595
  6484       1.29715482      -0.00215482       3.99361929
  6485       1.30048816      -0.00548815       3.99195262
  6486       1.28833333       0.00666667       4.00333333
  6487       1.29166667       0.00333333       4.00166667
  6488       1.29500000       0.00000000       4.00000000
  6489       1.29833333      -0.00333333       3.99833333
  6490       1.30166667      -0.00666667       3.99666667
  6491       1.28951184       0.00548816       4.00804738
  6492       1.29284518       0.00215482       4.00638071
  6493       1.29617851      -0.00117851       4.00471405
  6494       1.29951184      -0.00451184       4.00304738
  6495       1.30284518      -0.00784518       4.00138071
  6496       1.29069036       0.00430964       4.01276142
  6497       1.29402369       0.00097631       4.01109476
  6498       1.29735702      -0.00235702       4.00942809
  6499       1.30069036      -0.00569036       4.00776142
  6500       1.30402369      -0.00902369       4.00609476
  6501       1.29097631       0.00902369       3.99390524
  6502       1.29430964       0.00569036       3.99223858
  6503       1.29764298       0.00235702       3.99057191
  6504       1.30097631      -0.00097631       3.98890524
  6505       1.30430964      -0.00430964       3.98723858
  6506       1.29215482       0.00784518       3.99861929
  6507       1.29548816       0.00451185       3.99695262
  6508       1.29882149       0.00117851       3.99528595
  6509       1.30215482      -0.00215482       3.99361929
  6510       1.30548816      -0.00548815       3.99195262
  6511       1.29333333       0.00666667       4.00333333
  6512       1.29666667       0.00333333       4.00166667
  6513       1.30000000       0.00000000       4.00000000
  6514       1.30333333      -0.00333333       3.99833333
  6515       1.30666667      -0.00666667       3.99666667
  6516       1.29451184       0.00548816       4.00804738
  6517       1.29784518       0.00215482       4.00638071
  6518       1.30117851      -0.00117851       4.00471405
  6519       1.30451184      -0.00451184       4.00304738
  6520       1.30784518      -0.00784518       4.00138071
  6521       1.29569036       0.00430964       4.01276142
  6522       1.29902369       0.00097631       4.01109476
  6523       1.30235702      -0.00235702       4.00942809
  6524       1.30569036      -0.00569036       4.00776142
  6525       1.30902369      -0.00902369       4.00609476
  6526       1.29597631       0.00902369       3.99390524
  6527       1.29930964       0.00569036       3.99223858
  6528       1.30264298       0.00235702       3.99057191
  6529       1.30597631      -0.00097631       3.98890524
  6530       1.30930964      -0.00430964       3.98723858
  6531       1.29715482       0.00784518       3.99861929
  6532       1.30048816       0.00451185       3.99695262
  6533       1.30382149       0.00117851       3.99528595
  6534       1.30715482      -0.00215482       3.99361929
  6535       1.31048816      -0.00548815       3.99195262
  6536       1.29833333       0.00666667       4.00333333
  6537       1.30166667       0.00333333       4.00166667
  6538       1.30500000       0.00000000       4.00000000
  6539       1.30833333      -0.00333333       3.99833333
  6540       1.31166667      -0.00666667       3.99666667
  6541       1.29951184       0.00548816       4.00804738
  6542       1.30284518       0.00215482       4.00638071
  6543       1.30617851      -0.00117851       4.00471405
  6544       1.30951184      -0.00451184       4.00304738
  6545       1.31284518      -0.00784518       4.00138071
  6546       1.30069036       0.00430964       4.01276142
  6547       1.30402369       0.00097631       4.01109476
  6548       1.30735702      -0.00235702       4.00942809
  6549       1.31069036      -0.00569036       4.00776142
  6550       1.31402369      -0.00902369       4.00609476
  6551       1.30097631       0.00902369       3.99390524
  6552       1.30430964       0.00569036       3.99223858
  6553       1.30764298       0.00235702       3.99057191
  6554       1.31097631      -0.00097631       3.98890524
  6555       1.31430964      -0.00430964       3.98723858
  6556       1.30215482       0.00784518       3.99861929
  6557       1.30548816       0.00451185       3.99695262
  6558       1.30882149       0.00117851       3.99528595
  6559       1.31215482      -0.00215482       3.99361929
  6560       1.31548816      -0.00548815       3.99195262
  6561       1.30333333       0.00666667       4.00333333
  6562       1.30666667       0.00333333       4.00166667
  6563       1.31000000       0.00000000       4.00000000
  6564       1.31333333      -0.00333333       3.99833333
  6565       1.31666667      -0.00666667       3.99666667
  6566       1.30451184       0.00548816       4.00804738
  6567       1.30784518       0.00215482       4.00638071
  6568       1.31117851      -0.00117851       4.00471405
  6569       1.31451184      -0.00451184       4.00304738
  6570       1.31784518      -0.00784518       4.00138071
  6571       1.30569036       0.00430964       4.01276142
  6572       1.30902369       0.00097631       4.01109476
  6573       1.31235702      -0.00235702       4.00942809
  6574       1.31569036      -0.00569036       4.00776142
  6575       1.31902369      -0.00902369       4.00609476
  6576       1.30597631       0.00902369       3.99390524
  6577       1.30930964       0.00569036       3.99223858
  6578       1.31264298       0.00235702       3.99057191
  6579       1.31597631      -0.00097631       3.98890524
  6580       1.31930964      -0.00430964       3.98723858
  6581       1.30715482       0.00784518       3.99861929
  6582       1.31048816       0.00451185       3.99695262
  6583       1.31382149       0.00117851       3.99528595
  6584       1.31715482      -0.00215482       3.99361929
  6585       1.32048816      -0.00548815       3.99195262
  6586       1.30833333       0.00666667       4.00333333
  6587       1.31166667       0.00333333       4.00166667
  6588       1.31500000       0.00000000       4.00000000
  6589       1.31833333      -0.00333333       3.99833333
  6590       1.32166667      -0.00666667       3.99666667
  6591       1.30951184       0.00548816       4.00804738
  6592       1.31284518       0.00215482       4.00638071
  6593       1.31617851      -0.00117851       4.00471405
  6594       1.31951184      -0.00451184       4.00304738
  6595       1.32284518      -0.00784518       4.00138071
  6596       1.31069036       0.00430964       4.01276142
  6597       1.31402369       0.00097631       4.01109476
  6598       1.31735702      -0.00235702       4.00942809
  6599       1.32069036      -0.00569036       4.00776142
  6600       1.32402369      -0.00902369       4.00609476
  6601       1.31097631       0.00902369       3.99390524
  6602       1.31430964       0.00569036       3.99223858
  6603       1.31764298       0.00235702       3.99057191
  6604       1.32097631      -0.00097631       3.98890524
  6605       1.32430964      -0.00430964       3.98723858
  6606       1.31215482       0.00784518       3.99861929
  6607       1.31548816       0.00451185       3.99695262
  6608       1.31882149       0.00117851       3.99528595
  6609       1.32215482      -0.00215482       3.99361929
  6610       1.32548816      -0.00548815       3.99195262
  6611       1.31333333       0.00666667       4.00333333
  6612       1.31666667       0.00333333       4.00166667
  6613       1.32000000       0.00000000       4.00000000
  6614       1.32333333      -0.00333333       3.99833333
  6615       1.32666667      -0.00666667       3.99666667
  6616       1.31451184       0.00548816       4.00804738
  6617       1.31784518       0.00215482       4.00638071
  6618       1.32117851      -0.00117851       4.00471405
  6619       1.32451184      -0.00451184       4.00304738
  6620       1.32784518      -0.00784518       4.00138071
  6621       1.31569036       0.00430964       4.01276142
  6622       1.31902369       0.00097631       4.01109476
  6623       1.32235702      -0.00235702       4.00942809
  6624       1.32569036      -0.00569036       4.00776142
  6625       1.32902369      -0.00902369       4.00609476
  6626       1.31597631       0.00902369       3.99390524
  6627       1.31930964       0.00569036       3.99223858
  6628       1.32264298       0.00235702       3.99057191
  6629       1.32597631      -0.00097631       3.98890524
  6630       1.32930964      -0.00430964       3.98723858
  6631       1.31715482       0.00784518       3.99861929
  6632       1.32048816       0.00451185       3.99695262
  6633       1.32382149       0.00117851       3.99528595
  6634       1.32715482      -0.00215482       3.99361929
  6635       1.33048816      -0.00548815       3.99195262
  6636       1.31833333       0.00666667       4.00333333
  6637       1.32166667       0.00333333       4.00166667
  6638       1.32500000       0.00000000       4.00000000
  6639       1.32833333      -0.00333333       3.99833333
  6640       1.33166667      -0.00666667       3.99666667
  6641       1.31951184       0.00548816       4.00804738
  6642       1.32284518       0.00215482       4.00638071
  6643       1.32617851      -0.00117851       4.00471405
  6644       1.32951184      -0.00451184       4.00304738
  6645       1.33284518      -0.00784518       4.00138071
  6646       1.32069036       0.00430964       4.01276142
  6647       1.32402369       0.00097631       4.01109476
  6648       1.32735702      -0.00235702       4.00942809
  6649       1.33069036      -0.00569036       4.00776142
  6650       1.33402369      -0.00902369       4.00609476
  6651       1.32097631       0.00902369       3.99390524
  6652       1.32430964       0.00569036       3.99223858
  6653       1.32764298       0.00235702       3.99057191
  6654       1.33097631      -0.00097631       3.98890524
  6655       1.33430964      -0.00430964       3.98723858
  6656       1.32215482       0.00784518       3.99861929
  6657       1.32548816       0.00451185       3.99695262
  6658       1.32882149       0.00117851       3.99528595
  6659       1.33215482      -0.00215482       3.99361929
  6660       1.33548816      -0.00548815       3.99195262
  6661       1.32333333       0.00666667       4.00333333
  6662       1.32666667       0.00333333       4.00166667
  6663       1.33000000       0.00000000       4.00000000
  6664       1.33333333      -0.00333333       3.99833333
  6665       1.33666667      -0.00666667       3.99666667
  6666       1.32451184       0.00548816       4.00804738
  6667       1.32784518       0.00215482       4.00638071
  6668       1.33117851      -0.00117851       4.00471405
  6669       1.33451184      -0.00451184       4.00304738
  6670       1.33784518      -0.00784518       4.00138071
  6671       1.32569036       0.00430964       4.01276142
  6672       1.32902369       0.00097631       4.01109476
  6673       1.33235702      -0.00235702       4.00942809
  6674       1.33569036      -0.00569036       4.00776142
  6675       1.33902369      -0.00902369       4.00609476
  6676       1.32597631       0.00902369       3.99390524
  6677       1.32930964       0.00569036       3.99223858
  6678       1.33264298       0.00235702       3.99057191
  6679       1.33597631      -0.00097631       3.98890524
  6680       1.33930964      -0.00430964       3.98723858
  6681       1.32715482       0.00784518       3.99861929
  6682       1.33048816       0.00451185       3.99695262
  6683       1.33382149       0.00117851       3.99528595
  6684       1.33715482      -0.00215482       3.99361929
  6685       1.34048816      -0.00548815       3.99195262
  6686       1.32833333       0.00666667       4.00333333
  6687       1.33166667       0.00333333       4.00166667
  6688       1.33500000       0.00000000       4.00000000
  6689       1.33833333      -0.00333333       3.99833333
  6690       1.34166667      -0.00666667       3.99666667
  6691       1.32951184       0.00548816       4.00804738
  6692       1.33284518       0.00215482       4.00638071
  6693       1.33617851      -0.00117851       4.00471405
  6694       1.33951184      -0.00451184       4.00304738
  6695       1.34284518      -0.00784518       4.00138071
  6696       1.33069036       0.00430964       4.01276142
  6697       1.33402369       0.00097631       4.01109476
  6698       1.33735702      -0.00235702       4.00942809
  6699       1.34069036      -0.00569036       4.00776142
  6700       1.34402369      -0.00902369       4.00609476
  6701       1.33097631       0.00902369       3.99390524
  6702       1.33430964       0.00569036       3.99223858
  6703       1.33764298       0.00235702       3.99057191
  6704       1.34097631      -0.00097631       3.98890524
  6705       1.34430964      -0.00430964       3.98723858
  6706       1.33215482       0.00784518       3.99861929
  6707       1.33548816       0.00451185       3.99695262
  6708       1.33882149       0.00117851       3.99528595
  6709       1.34215482      -0.00215482       3.99361929
  6710       1.34548816      -0.00548815       3.99195262
  6711       1.33333333       0.00666667       4.00333333
  6712       1.33666667       0.00333333       4.00166667
  6713       1.34000000       0.00000000       4.00000000
  6714       1.34333333      -0.00333333       3.99833333
  6715       1.34666667      -0.00666667       3.99666667
  6716       1.33451184       0.00548816       4.00804738
  6717       1.33784518       0.00215482       4.00638071
  6718       1.34117851      -0.00117851       4.00471405
  6719       1.34451184      -0.00451184       4.00304738
  6720       1.34784518      -0.00784518       4.00138071
  6721       1.33569036       0.00430964       4.01276142
  6722       1.33902369       0.00097631       4.01109476
  6723       1.34235702      -0.00235702       4.00942809
  6724       1.34569036      -0.00569036       4.00776142
  6725       1.34902369      -0.00902369       4.00609476
  6726       1.33597631       0.00902369       3.99390524
  6727       1.33930964       0.00569036       3.99223858
  6728       1.34264298       0.00235702       3.99057191
  6729       1.34597631      -0.00097631       3.98890524
  6730       1.34930964      -0.00430964       3.98723858
  6731       1.33715482       0.00784518       3.99861929
  6732       1.34048816       0.00451185       3.99695262
  6733       1.34382149       0.00117851       3.99528595
  6734       1.34715482      -0.00215482       3.99361929
  6735       1.35048816      -0.00548815       3.99195262
  6736       1.33833333       0.00666667       4.00333333
  6737       1.34166667       0.00333333       4.00166667
  6738       1.34500000       0.00000000       4.00000000
  6739       1.34833333      -0.00333333       3.99833333
  6740       1.35166667      -0.00666667       3.99666667
  6741       1.33951184       0.00548816       4.00804738
  6742       1.34284518       0.00215482       4.00638071
  6743       1.34617851      -0.00117851       4.00471405
  6744       1.34951184      -0.00451184       4.00304738
  6745       1.35284518      -0.00784518       4.00138071
  6746       1.34069036       0.00430964       4.01276142
  6747       1.34402369       0.00097631       4.01109476
  6748       1.34735702      -0.00235702       4.00942809
  6749       1.35069036      -0.00569036       4.00776142
  6750       1.35402369      -0.00902369       4.00609476
  6751       1.34097631       0.00902369       3.99390524
  6752       1.34430964       0.00569036       3.99223858
  6753       1.34764298       0.00235702       3.99057191
  6754       1.35097631      -0.00097631       3.98890524
  6755       1.35430964      -0.00430964       3.98723858
  6756       1.34215482       0.00784518       3.99861929
  6757       1.34548816       0.00451185       3.99695262
  6758       1.34882149       0.00117851       3.99528595
  6759       1.35215482      -0.00215482       3.99361929
  6760       1.35548816      -0.00548815       3.99195262
  6761       1.34333333       0.00666667       4.00333333
  6762       1.34666667       0.00333333       4.00166667
  6763       1.35000000       0.00000000       4.00000000
  6764       1.35333333      -0.00333333       3.99833333
  6765       1.35666667      -0.00666667       3.99666667
  6766       1.34451184       0.00548816       4.00804738
  6767       1.34784518       0.00215482       4.00638071
  6768       1.35117851      -0.00117851       4.00471405
  6769       1.35451184      -0.00451184       4.00304738
  6770       1.35784518      -0.00784518       4.00138071
  6771       1.34569036       0.00430964       4.01276142
  6772       1.34902369       0.00097631       4.01109476
  6773       1.35235702      -0.00235702       4.00942809
  6774       1.35569036      -0.00569036       4.00776142
  6775       1.35902369      -0.00902369       4.00609476
  6776       1.34597631       0.00902369       3.99390524
  6777       1.34930964       0.00569036       3.99223858
  6778       1.35264298       0.00235702       3.99057191
  6779       1.35597631      -0.00097631       3.98890524
  6780       1.35930964      -0.00430964       3.98723858
  6781       1.34715482       0.00784518       3.99861929
  6782       1.35048816       0.00451185       3.99695262
  6783       1.35382149       0.00117851       3.99528595
  6784       1.35715482      -0.00215482       3.99361929
  6785       1.36048816      -0.00548815       3.99195262
  6786       1.34833333       0.00666667       4.00333333
  6787       1.35166667       0.00333333       4.00166667
  6788       1.35500000       0.00000000       4.00000000
  6789       1.35833333      -0.00333333       3.99833333
  6790       1.36166667      -0.00666667       3.99666667
  6791       1.34951184       0.00548816       4.00804738
  6792       1.35284518       0.00215482       4.00638071
  6793       1.35617851      -0.00117851       4.00471405
  6794       1.35951184      -0.00451184       4.00304738
  6795       1.36284518      -0.00784518       4.00138071
  6796       1.35069036       0.00430964       4.01276142
  6797       1.35402369       0.00097631       4.01109476
  6798       1.35735702      -0.00235702       4.00942809
  6799       1.36069036      -0.00569036       4.00776142
  6800       1.36402369      -0.00902369       4.00609476
  6801       1.35097631       0.00902369       3.99390524
  6802       1.35430964       0.00569036       3.99223858
  6803       1.35764298       0.00235702       3.99057191
  6804       1.36097631      -0.00097631       3.98890524
  6805       1.36430964      -0.00430964       3.98723858
  6806       1.35215482       0.00784518       3.99861929
  6807       1.35548816       0.00451185       3.99695262
  6808       1.35882149       0.00117851       3.99528595
  6809       1.36215482      -0.00215482       3.99361929
  6810       1.36548816      -0.00548815       3.99195262
  6811       1.35333333       0.00666667       4.00333333
  6812       1.35666667       0.00333333       4.00166667
  6813       1.36000000       0.00000000       4.00000000
  6814       1.36333333      -0.00333333       3.99833333
  6815       1.36666667      -0.00666667       3.99666667
  6816       1.35451184       0.00548816       4.00804738
  6817       1.35784518       0.00215482       4.00638071
  6818       1.36117851      -0.00117851       4.00471405
  6819       1.36451184      -0.00451184       4.00304738
  6820       1.36784518      -0.00784518       4.00138071
  6821       1.35569036       0.00430964       4.01276142
  6822       1.35902369       0.00097631       4.01109476
  6823       1.36235702      -0.00235702       4.00942809
  6824       1.36569036      -0.00569036       4.00776142
  6825       1.36902369      -0.00902369       4.00609476
  6826       1.35597631       0.00902369       3.99390524
  6827       1.35930964       0.00569036       3.99223858
  6828       1.36264298       0.00235702       3.99057191
  6829       1.36597631      -0.00097631       3.98890524
  6830       1.36930964      -0.00430964       3.98723858
  6831       1.35715482       0.00784518       3.99861929
  6832       1.36048816       0.00451185       3.99695262
  6833       1.36382149       0.00117851       3.99528595
  6834       1.36715482      -0.00215482       3.99361929
  6835       1.37048816      -0.00548815       3.99195262
  6836       1.35833333       0.00666667       4.00333333
  6837       1.36166667       0.00333333       4.00166667
  6838       1.36500000       0.00000000       4.00000000
  6839       1.36833333      -0.00333333       3.99833333
  6840       1.37166667      -0.00666667       3.99666667
  6841       1.35951184       0.00548816       4.00804738
  6842       1.36284518       0.00215482       4.00638071
  6843       1.36617851      -0.00117851       4.00471405
  6844       1.36951184      -0.00451184       4.00304738
  6845       1.37284518      -0.00784518       4.00138071
  6846       1.36069036       0.00430964       4.01276142
  6847       1.36402369       0.00097631       4.01109476
  6848       1.36735702      -0.00235702       4.00942809
  6849       1.37069036      -0.00569036       4.00776142
  6850       1.37402369      -0.00902369       4.00609476
  6851       1.36097631       0.00902369       3.99390524
  6852       1.36430964       0.00569036       3.99223858
  6853       1.36764298       0.00235702       3.99057191
  6854       1.37097631      -0.00097631       3.98890524
  6855       1.37430964      -0.00430964       3.98723858
  6856       1.36215482       0.00784518       3.99861929
  6857       1.36548816       0.00451185       3.99695262
  6858       1.36882149       0.00117851       3.99528595
  6859       1.37215482      -0.00215482       3.99361929
  6860       1.37548816      -0.00548815       3.99195262
  6861       1.36333333       0.00666667       4.00333333
  6862       1.36666667       0.00333333       4.00166667
  6863       1.37000000       0.00000000       4.00000000
  6864       1.37333333      -0.00333333       3.99833333
  6865       1.37666667      -0.00666667       3.99666667
  6866       1.36451184       0.00548816       4.00804738
  6867       1.36784518       0.00215482       4.00638071
  6868       1.37117851      -0.00117851       4.00471405
  6869       1.37451184      -0.00451184       4.00304738
  6870       1.37784518      -0.00784518       4.00138071
  6871       1.36569036       0.00430964       4.01276142
  6872       1.36902369       0.00097631       4.01109476
  6873       1.37235702      -0.00235702       4.00942809
  6874       1.37569036      -0.00569036       4.00776142
  6875       1.37902369      -0.00902369       4.00609476
  6876       1.36597631       0.00902369       3.99390524
  6877       1.36930964       0.00569036       3.99223858
  6878       1.37264298       0.00235702       3.99057191
  6879       1.37597631      -0.00097631       3.98890524
  6880       1.37930964      -0.00430964       3.98723858
  6881       1.36715482       0.00784518       3.99861929
  6882       1.37048816       0.00451185       3.99695262
  6883       1.37382149       0.00117851       3.99528595
  6884       1.37715482      -0.00215482       3.99361929
  6885       1.38048816      -0.00548815       3.99195262
  6886       1.36833333       0.00666667       4.00333333
  6887       1.37166667       0.00333333       4.00166667
  6888       1.37500000       0.00000000       4.00000000
  6889       1.37833333      -0.00333333       3.99833333
  6890       1.38166667      -0.00666667       3.99666667
  6891       1.36951184       0.00548816       4.00804738
  6892       1.37284518       0.00215482       4.00638071
  6893       1.37617851      -0.00117851       4.00471405
  6894       1.37951184      -0.00451184       4.00304738
  6895       1.38284518      -0.00784518       4.00138071
  6896       1.37069036       0.00430964       4.01276142
  6897       1.37402369       0.00097631       4.01109476
  6898       1.37735702      -0.00235702       4.00942809
  6899       1.38069036      -0.00569036       4.00776142
  6900       1.38402369      -0.00902369       4.00609476
  6901       1.37097631       0.00902369       3.99390524
  6902       1.37430964       0.00569036       3.99223858
  6903       1.37764298       0.00235702       3.99057191
  6904       1.38097631      -0.00097631       3.98890524
  6905       1.38430964      -0.00430964       3.98723858
  6906       1.37215482       0.00784518       3.99861929
  6907       1.37548816       0.00451185       3.99695262
  6908       1.37882149       0.00117851       3.99528595
  6909       1.38215482      -0.00215482       3.99361929
  6910       1.38548816      -0.00548815       3.99195262
  6911       1.37333333       0.00666667       4.00333333
  6912       1.37666667       0.00333333       4.00166667
  6913       1.38000000       0.00000000       4.00000000
  6914       1.38333333      -0.00333333       3.99833333
  6915       1.38666667      -0.00666667       3.99666667
  6916       1.37451184       0.00548816       4.00804738
  6917       1.37784518       0.00215482       4.00638071
  6918       1.38117851      -0.00117851       4.00471405
  6919       1.38451184      -0.00451184       4.00304738
  6920       1.38784518      -0.00784518       4.00138071
  6921       1.37569036       0.00430964       4.01276142
  6922       1.37902369       0.00097631       4.01109476
  6923       1.38235702      -0.00235702       4.00942809
  6924       1.38569036      -0.00569036       4.00776142
  6925       1.38902369      -0.00902369       4.00609476
  6926       1.37597631       0.00902369       3.99390524
  6927       1.37930964       0.00569036       3.99223858
  6928       1.38264298       0.00235702       3.99057191
  6929       1.38597631      -0.00097631       3.98890524
  6930       1.38930964      -0.00430964       3.98723858
  6931       1.37715482       0.00784518       3.99861929
  6932       1.38048816       0.00451185       3.99695262
  6933       1.38382149       0.00117851       3.99528595
  6934       1.38715482      -0.00215482       3.99361929
  6935       1.39048816      -0.00548815       3.99195262
  6936       1.37833333       0.00666667       4.00333333
  6937       1.38166667       0.00333333       4.00166667
  6938       1.38500000       0.00000000       4.00000000
  6939       1.38833333      -0.00333333       3.99833333
  6940       1.39166667      -0.00666667       3.99666667
  6941       1.37951184       0.00548816       4.00804738
  6942       1.38284518       0.00215482       4.00638071
  6943       1.38617851      -0.00117851       4.00471405
  6944       1.38951184      -0.00451184       4.00304738
  6945       1.39284518      -0.00784518       4.00138071
  6946       1.38069036       0.00430964       4.01276142
  6947       1.38402369       0.00097631       4.01109476
  6948       1.38735702      -0.00235702       4.00942809
  6949       1.39069036      -0.00569036       4.00776142
  6950       1.39402369      -0.00902369       4.00609476
  6951       1.38097631       0.00902369       3.99390524
  6952       1.38430964       0.00569036       3.99223858
  6953       1.38764298       0.00235702       3.99057191
  6954       1.39097631      -0.00097631       3.98890524
  6955       1.39430964      -0.00430964       3.98723858
  6956       1.38215482       0.00784518       3.99861929
  6957       1.38548816       0.00451185       3.99695262
  6958       1.38882149       0.00117851       3.99528595
  6959       1.39215482      -0.00215482       3.99361929
  6960       1.39548816      -0.00548815       3.99195262
  6961       1.38333333       0.00666667       4.00333333
  6962       1.38666667       0.00333333       4.00166667
  6963       1.39000000       0.00000000       4.00000000
  6964       1.39333333      -0.00333333       3.99833333
  6965       1.39666667      -0.00666667       3.99666667
  6966       1.38451184       0.00548816       4.00804738
  6967       1.38784518       0.00215482       4.00638071
  6968       1.39117851      -0.00117851       4.00471405
  6969       1.39451184      -0.00451184       4.00304738
  6970       1.39784518      -0.00784518       4.00138071
  6971       1.38569036       0.00430964       4.01276142
  6972       1.38902369       0.00097631       4.01109476
  6973       1.39235702      -0.00235702       4.00942809
  6974       1.39569036      -0.00569036       4.00776142
  6975       1.39902369      -0.00902369       4.00609476
  6976       1.38597631       0.00902369       3.99390524
  6977       1.38930964       0.00569036       3.99223858
  6978       1.39264298       0.00235702       3.99057191
  6979       1.39597631      -0.00097631       3.98890524
  6980       1.39930964      -0.00430964       3.98723858
  6981       1.38715482       0.00784518       3.99861929
  6982       1.39048816       0.00451185       3.99695262
  6983       1.39382149       0.00117851       3.99528595
  6984       1.39715482      -0.00215482       3.99361929
  6985       1.40048816      -0.00548815       3.99195262
  6986       1.38833333       0.00666667       4.00333333
  6987       1.39166667       0.00333333       4.00166667
  6988       1.39500000       0.00000000       4.00000000
  6989       1.39833333      -0.00333333       3.99833333
  6990       1.40166667      -0.00666667       3.99666667
  6991       1.38951184       0.00548816       4.00804738
  6992       1.39284518       0.00215482       4.00638071
  6993       1.39617851      -0.00117851       4.00471405
  6994       1.39951184      -0.00451184       4.00304738
  6995       1.40284518      -0.00784518       4.00138071
  6996       1.39069036       0.00430964       4.01276142
  6997       1.39402369       0.00097631       4.01109476
  6998       1.39735702      -0.00235702       4.00942809
  6999       1.40069036      -0.00569036       4.00776142
  7000       1.40402369      -0.00902369       4.00609476
  7001       1.39097631       0.00902369       3.99390524
  7002       1.39430964       0.00569036       3.99223858
  7003       1.39764298       0.00235702       3.99057191
  7004       1.40097631      -0.00097631       3.98890524
  7005       1.40430964      -0.00430964       3.98723858
  7006       1.39215482       0.00784518       3.99861929
  7007       1.39548816       0.00451185       3.99695262
  7008       1.39882149       0.00117851       3.99528595
  7009       1.40215482      -0.00215482       3.99361929
  7010       1.40548816      -0.00548815       3.99195262
  7011       1.39333333       0.00666667       4.00333333
  7012       1.39666667       0.00333333       4.00166667
  7013       1.40000000       0.00000000       4.00000000
  7014       1.40333333      -0.00333333       3.99833333
  7015       1.40666667      -0.00666667       3.99666667
  7016       1.39451184       0.00548816       4.00804738
  7017       1.39784518       0.00215482       4.00638071
  7018       1.40117851      -0.00117851       4.00471405
  7019       1.40451184      -0.00451184       4.00304738
  7020       1.40784518      -0.00784518       4.00138071
  7021       1.39569036       0.00430964       4.01276142
  7022       1.39902369       0.00097631       4.01109476
  7023       1.40235702      -0.00235702       4.00942809
  7024       1.40569036      -0.00569036       4.00776142
  7025       1.40902369      -0.00902369       4.00609476
  7026       1.39597631       0.00902369       3.99390524
  7027       1.39930964       0.00569036       3.99223858
  7028       1.40264298       0.00235702       3.99057191
  7029       1.40597631      -0.00097631       3.98890524
  7030       1.40930964      -0.00430964       3.98723858
  7031       1.39715482       0.00784518       3.99861929
  7032       1.40048816       0.00451185       3.99695262
  7033       1.40382149       0.00117851       3.99528595
  7034       1.40715482      -0.00215482       3.99361929
  7035       1.41048816      -0.00548815       3.99195262
  7036       1.39833333       0.00666667       4.00333333
  7037       1.40166667       0.00333333       4.00166667
  7038       1.40500000       0.00000000       4.00000000
  7039       1.40833333      -0.00333333       3.99833333
  7040       1.41166667      -0.00666667       3.99666667
  7041       1.39951184       0.00548816       4.00804738
  7042       1.40284518       0.00215482       4.00638071
  7043       1.40617851      -0.00117851       4.00471405
  7044       1.40951184      -0.00451184       4.00304738
  7045       1.41284518      -0.00784518       4.00138071
  7046       1.40069036       0.00430964       4.01276142
  7047       1.40402369       0.00097631       4.01109476
  7048       1.40735702      -0.00235702       4.00942809
  7049       1.41069036      -0.00569036       4.00776142
  7050       1.41402369      -0.00902369       4.00609476
  7051       1.40097631       0.00902369       3.99390524
  7052       1.40430964       0.00569036       3.99223858
  7053       1.40764298       0.00235702       3.99057191
  7054       1.41097631      -0.00097631       3.98890524
  7055       1.41430964      -0.00430964       3.98723858
  7056       1.40215482       0.00784518       3.99861929
  7057       1.40548816       0.00451185       3.99695262
  7058       1.40882149       0.00117851       3.99528595
  7059       1.41215482      -0.00215482       3.99361929
  7060       1.41548816      -0.00548815       3.99195262
  7061       1.40333333       0.00666667       4.00333333
  7062       1.40666667       0.00333333       4.00166667
  7063       1.41000000       0.00000000       4.00000000
  7064       1.41333333      -0.00333333       3.99833333
  7065       1.41666667      -0.00666667       3.99666667
  7066       1.40451184       0.00548816       4.00804738
  7067       1.40784518       0.00215482       4.00638071
  7068       1.41117851      -0.00117851       4.00471405
  7069       1.41451184      -0.00451184       4.00304738
  7070       1.41784518      -0.00784518       4.00138071
  7071       1.40569036       0.00430964       4.01276142
  7072       1.40902369       0.00097631       4.01109476
  7073       1.41235702      -0.00235702       4.00942809
  7074       1.41569036      -0.00569036       4.00776142
  7075       1.41902369      -0.00902369       4.00609476
  7076       1.40597631       0.00902369       3.99390524
  7077       1.40930964       0.00569036       3.99223858
  7078       1.41264298       0.00235702       3.99057191
  7079       1.41597631      -0.00097631       3.98890524
  7080       1.41930964      -0.00430964       3.98723858
  7081       1.40715482       0.00784518       3.99861929
  7082       1.41048816       0.00451185       3.99695262
  7083       1.41382149       0.00117851       3.99528595
  7084       1.41715482      -0.00215482       3.99361929
  7085       1.42048816      -0.00548815       3.99195262
  7086       1.40833333       0.00666667       4.00333333
  7087       1.41166667       0.00333333       4.00166667
  7088       1.41500000       0.00000000       4.00000000
  7089       1.41833333      -0.00333333       3.99833333
  7090       1.42166667      -0.00666667       3.99666667
  7091       1.40951184       0.00548816       4.00804738
  7092       1.41284518       0.00215482       4.00638071
  7093       1.41617851      -0.00117851       4.00471405
  7094       1.41951184      -0.00451184       4.00304738
  7095       1.42284518      -0.00784518       4.00138071
  7096       1.41069036       0.00430964       4.01276142
  7097       1.41402369       0.00097631       4.01109476
  7098       1.41735702      -0.00235702       4.00942809
  7099       1.42069036      -0.00569036       4.00776142
  7100       1.42402369      -0.00902369       4.00609476
  7101       1.41097631       0.00902369       3.99390524
  7102       1.41430964       0.00569036       3.99223858
  7103       1.41764298       0.00235702       3.99057191
  7104       1.42097631      -0.00097631       3.98890524
  7105       1.42430964      -0.00430964       3.98723858
  7106       1.41215482       0.00784518       3.99861929
  7107       1.41548816       0.00451185       3.99695262
  7108       1.41882149       0.00117851       3.99528595
  7109       1.42215482      -0.00215482       3.99361929
  7110       1.42548816      -0.00548815       3.99195262
  7111       1.41333333       0.00666667       4.00333333
  7112       1.41666667       0.00333333       4.00166667
  7113       1.42000000       0.00000000       4.00000000
  7114       1.42333333      -0.00333333       3.99833333
  7115       1.42666667      -0.00666667       3.99666667
  7116       1.41451184       0.00548816       4.00804738
  7117       1.41784518       0.00215482       4.00638071
  7118       1.42117851      -0.00117851       4.00471405
  7119       1.42451184      -0.00451184       4.00304738
  7120       1.42784518      -0.00784518       4.00138071
  7121       1.41569036       0.00430964       4.01276142
  7122       1.41902369       0.00097631       4.01109476
  7123       1.42235702      -0.00235702       4.00942809
  7124       1.42569036      -0.00569036       4.00776142
  7125       1.42902369      -0.00902369       4.00609476
  7126       1.41597631       0.00902369       3.99390524
  7127       1.41930964       0.00569036       3.99223858
  7128       1.42264298       0.00235702       3.99057191
  7129       1.42597631      -0.00097631       3.98890524
  7130       1.42930964      -0.00430964       3.98723858
  7131       1.41715482       0.00784518       3.99861929
  7132       1.42048816       0.00451185       3.99695262
  7133       1.42382149       0.00117851       3.99528595
  7134       1.42715482      -0.00215482       3.99361929
  7135       1.43048816      -0.00548815       3.99195262
  7136       1.41833333       0.00666667       4.00333333
  7137       1.42166667       0.00333333       4.00166667
  7138       1.42500000       0.00000000       4.00000000
  7139       1.42833333      -0.00333333       3.99833333
  7140       1.43166667      -0.00666667       3.99666667
  7141       1.41951184       0.00548816       4.00804738
  7142       1.42284518       0.00215482       4.00638071
  7143       1.42617851      -0.00117851       4.00471405
  7144       1.42951184      -0.00451184       4.00304738
  7145       1.43284518      -0.00784518       4.00138071
  7146       1.42069036       0.00430964       4.01276142
  7147       1.42402369       0.00097631       4.01109476
  7148       1.42735702      -0.00235702       4.00942809
  7149       1.43069036      -0.00569036       4.00776142
  7150       1.43402369      -0.00902369       4.00609476
  7151       1.42097631       0.00902369       3.99390524
  7152       1.42430964       0.00569036       3.99223858
  7153       1.42764298       0.00235702       3.99057191
  7154       1.43097631      -0.00097631       3.98890524
  7155       1.43430964      -0.00430964       3.98723858
  7156       1.42215482       0.00784518       3.99861929
  7157       1.42548816       0.00451185       3.99695262
  7158       1.42882149       0.00117851       3.99528595
  7159       1.43215482      -0.00215482       3.99361929
  7160       1.43548816      -0.00548815       3.99195262
  7161       1.42333333       0.00666667       4.00333333
  7162       1.42666667       0.00333333       4.00166667
  7163       1.43000000       0.00000000       4.00000000
  7164       1.43333333      -0.00333333       3.99833333
  7165       1.43666667      -0.00666667       3.99666667
  7166       1.42451184       0.00548816       4.00804738
  7167       1.42784518       0.00215482       4.00638071
  7168       1.43117851      -0.00117851       4.00471405
  7169       1.43451184      -0.00451184       4.00304738
  7170       1.43784518      -0.00784518       4.00138071
  7171       1.42569036       0.00430964       4.01276142
  7172       1.42902369       0.00097631       4.01109476
  7173       1.43235702      -0.00235702       4.00942809
  7174       1.43569036      -0.00569036       4.00776142
  7175       1.43902369      -0.00902369       4.00609476
  7176       1.42597631       0.00902369       3.99390524
  7177       1.42930964       0.00569036       3.99223858
  7178       1.43264298       0.00235702       3.99057191
  7179       1.43597631      -0.00097631       3.98890524
  7180       1.43930964      -0.00430964       3.98723858
  7181       1.42715482       0.00784518       3.99861929
  7182       1.43048816       0.00451185       3.99695262
  7183       1.43382149       0.00117851       3.99528595
  7184       1.43715482      -0.00215482       3.99361929
  7185       1.44048816      -0.00548815       3.99195262
  7186       1.42833333       0.00666667       4.00333333
  7187       1.43166667       0.00333333       4.00166667
  7188       1.43500000       0.00000000       4.00000000
  7189       1.43833333      -0.00333333       3.99833333
  7190       1.44166667      -0.00666667       3.99666667
  7191       1.42951184       0.00548816       4.00804738
  7192       1.43284518       0.00215482       4.00638071
  7193       1.43617851      -0.00117851       4.00471405
  7194       1.43951184      -0.00451184       4.00304738
  7195       1.44284518      -0.00784518       4.00138071
  7196       1.43069036       0.00430964       4.01276142
  7197       1.43402369       0.00097631       4.01109476
  7198       1.43735702      -0.00235702       4.00942809
  7199       1.44069036      -0.00569036       4.00776142
  7200       1.44402369      -0.00902369       4.00609476
  7201       1.43097631       0.00902369       3.99390524
  7202       1.43430964       0.00569036       3.99223858
  7203       1.43764298       0.00235702       3.99057191
  7204       1.44097631      -0.00097631       3.98890524
  7205       1.44430964      -0.00430964       3.98723858
  7206       1.43215482       0.00784518       3.99861929
  7207       1.43548816       0.00451185       3.99695262
  7208       1.43882149       0.00117851       3.99528595
  7209       1.44215482      -0.00215482       3.99361929
  7210       1.44548816      -0.00548815       3.99195262
  7211       1.43333333       0.00666667       4.00333333
  7212       1.43666667       0.00333333       4.00166667
  7213       1.44000000       0.00000000       4.00000000
  7214       1.44333333      -0.00333333       3.99833333
  7215       1.44666667      -0.00666667       3.99666667
  7216       1.43451184       0.00548816       4.00804738
  7217       1.43784518       0.00215482       4.00638071
  7218       1.44117851      -0.00117851       4.00471405
  7219       1.44451184      -0.00451184       4.00304738
  7220       1.44784518      -0.00784518       4.00138071
  7221       1.43569036       0.00430964       4.01276142
  7222       1.43902369       0.00097631       4.01109476
  7223       1.44235702      -0.00235702       4.00942809
  7224       1.44569036      -0.00569036       4.00776142
  7225       1.44902369      -0.00902369       4.00609476
  7226       1.43597631       0.00902369       3.99390524
  7227       1.43930964       0.00569036       3.99223858
  7228       1.44264298       0.00235702       3.99057191
  7229       1.44597631      -0.00097631       3.98890524
  7230       1.44930964      -0.00430964       3.98723858
  7231       1.43715482       0.00784518       3.99861929
  7232       1.44048816       0.00451185       3.99695262
  7233       1.44382149       0.00117851       3.99528595
  7234       1.44715482      -0.00215482       3.99361929
  7235       1.45048816      -0.00548815       3.99195262
  7236       1.43833333       0.00666667       4.00333333
  7237       1.44166667       0.00333333       4.00166667
  7238       1.44500000       0.00000000       4.00000000
  7239       1.44833333      -0.00333333       3.99833333
  7240       1.45166667      -0.00666667       3.99666667
  7241       1.43951184       0.00548816       4.00804738
  7242       1.44284518       0.00215482       4.00638071
  7243       1.44617851      -0.00117851       4.00471405
  7244       1.44951184      -0.00451184       4.00304738
  7245       1.45284518      -0.00784518       4.00138071
  7246       1.44069036       0.00430964       4.01276142
  7247       1.44402369       0.00097631       4.01109476
  7248       1.44735702      -0.00235702       4.00942809
  7249       1.45069036      -0.00569036       4.00776142
  7250       1.45402369      -0.00902369       4.00609476
  7251       1.44097631       0.00902369       3.99390524
  7252       1.44430964       0.00569036       3.99223858
  7253       1.44764298       0.00235702       3.99057191
  7254       1.45097631      -0.00097631       3.98890524
  7255       1.45430964      -0.00430964       3.98723858
  7256       1.44215482       0.00784518       3.99861929
  7257       1.44548816       0.00451185       3.99695262
  7258       1.44882149       0.00117851       3.99528595
  7259       1.45215482      -0.00215482       3.99361929
  7260       1.45548816      -0.00548815       3.99195262
  7261       1.44333333       0.00666667       4.00333333
  7262       1.44666667       0.00333333       4.00166667
  7263       1.45000000       0.00000000       4.00000000
  7264       1.45333333      -0.00333333       3.99833333
  7265       1.45666667      -0.00666667       3.99666667
  7266       1.44451184       0.00548816       4.00804738
  7267       1.44784518       0.00215482       4.00638071
  7268       1.45117851      -0.00117851       4.00471405
  7269       1.45451184      -0.00451184       4.00304738
  7270       1.45784518      -0.00784518       4.00138071
  7271       1.44569036       0.00430964       4.01276142
  7272       1.44902369       0.00097631       4.01109476
  7273       1.45235702      -0.00235702       4.00942809
  7274       1.45569036      -0.00569036       4.00776142
  7275       1.45902369      -0.00902369       4.00609476
  7276       1.44597631       0.00902369       3.99390524
  7277       1.44930964       0.00569036       3.99223858
  7278       1.45264298       0.00235702       3.99057191
  7279       1.45597631      -0.00097631       3.98890524
  7280       1.45930964      -0.00430964       3.98723858
  7281       1.44715482       0.00784518       3.99861929
  7282       1.45048816       0.00451185       3.99695262
  7283       1.45382149       0.00117851       3.99528595
  7284       1.45715482      -0.00215482       3.99361929
  7285       1.46048816      -0.00548815       3.99195262
  7286       1.44833333       0.00666667       4.00333333
  7287       1.45166667       0.00333333       4.00166667
  7288       1.45500000       0.00000000       4.00000000
  7289       1.45833333      -0.00333333       3.99833333
  7290       1.46166667      -0.00666667       3.99666667
  7291       1.44951184       0.00548816       4.00804738
  7292       1.45284518       0.00215482       4.00638071
  7293       1.45617851      -0.00117851       4.00471405
  7294       1.45951184      -0.00451184       4.00304738
  7295       1.46284518      -0.00784518       4.00138071
  7296       1.45069036       0.00430964       4.01276142
  7297       1.45402369       0.00097631       4.01109476
  7298       1.45735702      -0.00235702       4.00942809
  7299       1.46069036      -0.00569036       4.00776142
  7300       1.46402369      -0.00902369       4.00609476
  7301       1.45097631       0.00902369       3.99390524
  7302       1.45430964       0.00569036       3.99223858
  7303       1.45764298       0.00235702       3.99057191
  7304       1.46097631      -0.00097631       3.98890524
  7305       1.46430964      -0.00430964       3.98723858
  7306       1.45215482       0.00784518       3.99861929
  7307       1.45548816       0.00451185       3.99695262
  7308       1.45882149       0.00117851       3.99528595
  7309       1.46215482      -0.00215482       3.99361929
  7310       1.46548816      -0.00548815       3.99195262
  7311       1.45333333       0.00666667       4.00333333
  7312       1.45666667       0.00333333       4.00166667
  7313       1.46000000       0.00000000       4.00000000
  7314       1.46333333      -0.00333333       3.99833333
  7315       1.46666667      -0.00666667       3.99666667
  7316       1.45451184       0.00548816       4.00804738
  7317       1.45784518       0.00215482       4.00638071
  7318       1.46117851      -0.00117851       4.00471405
  7319       1.46451184      -0.00451184       4.00304738
  7320       1.46784518      -0.00784518       4.00138071
  7321       1.45569036       0.00430964       4.01276142
  7322       1.45902369       0.00097631       4.01109476
  7323       1.46235702      -0.00235702       4.00942809
  7324       1.46569036      -0.00569036       4.00776142
  7325       1.46902369      -0.00902369       4.00609476
  7326       1.45597631       0.00902369       3.99390524
  7327       1.45930964       0.00569036       3.99223858
  7328       1.46264298       0.00235702       3.99057191
  7329       1.46597631      -0.00097631       3.98890524
  7330       1.46930964      -0.00430964       3.98723858
  7331       1.45715482       0.00784518       3.99861929
  7332       1.46048816       0.00451185       3.99695262
  7333       1.46382149       0.00117851       3.99528595
  7334       1.46715482      -0.00215482       3.99361929
  7335       1.47048816      -0.00548815       3.99195262
  7336       1.45833333       0.00666667       4.00333333
  7337       1.46166667       0.00333333       4.00166667
  7338       1.46500000       0.00000000       4.00000000
  7339       1.46833333      -0.00333333       3.99833333
  7340       1.47166667      -0.00666667       3.99666667
  7341       1.45951184       0.00548816       4.00804738
  7342       1.46284518       0.00215482       4.00638071
  7343       1.46617851      -0.00117851       4.00471405
  7344       1.46951184      -0.00451184       4.00304738
  7345       1.47284518      -0.00784518       4.00138071
  7346       1.46069036       0.00430964       4.01276142
  7347       1.46402369       0.00097631       4.01109476
  7348       1.46735702      -0.00235702       4.00942809
  7349       1.47069036      -0.00569036       4.00776142
  7350       1.47402369      -0.00902369       4.00609476
  7351       1.46097631       0.00902369       3.99390524
  7352       1.46430964       0.00569036       3.99223858
  7353       1.46764298       0.00235702       3.99057191
  7354       1.47097631      -0.00097631       3.98890524
  7355       1.47430964      -0.00430964       3.98723858
  7356       1.46215482       0.00784518       3.99861929
  7357       1.46548816       0.00451185       3.99695262
  7358       1.46882149       0.00117851       3.99528595
  7359       1.47215482      -0.00215482       3.99361929
  7360       1.47548816      -0.00548815       3.99195262
  7361       1.46333333       0.00666667       4.00333333
  7362       1.46666667       0.00333333       4.00166667
  7363       1.47000000       0.00000000       4.00000000
  7364       1.47333333      -0.00333333       3.99833333
  7365       1.47666667      -0.00666667       3.99666667
  7366       1.46451184       0.00548816       4.00804738
  7367       1.46784518       0.00215482       4.00638071
  7368       1.47117851      -0.00117851       4.00471405
  7369       1.47451184      -0.00451184       4.00304738
  7370       1.47784518      -0.00784518       4.00138071
  7371       1.46569036       0.00430964       4.01276142
  7372       1.46902369       0.00097631       4.01109476
  7373       1.47235702      -0.00235702       4.00942809
  7374       1.47569036      -0.00569036       4.00776142
  7375       1.47902369      -0.00902369       4.00609476
  7376       1.46597631       0.00902369       3.99390524
  7377       1.46930964       0.00569036       3.99223858
  7378       1.47264298       0.00235702       3.99057191
  7379       1.47597631      -0.00097631       3.98890524
  7380       1.47930964      -0.00430964       3.98723858
  7381       1.46715482       0.00784518       3.99861929
  7382       1.47048816       0.00451185       3.99695262
  7383       1.47382149       0.00117851       3.99528595
  7384       1.47715482      -0.00215482       3.99361929
  7385       1.48048816      -0.00548815       3.99195262
  7386       1.46833333       0.00666667       4.00333333
  7387       1.47166667       0.00333333       4.00166667
  7388       1.47500000       0.00000000       4.00000000
  7389       1.47833333      -0.00333333       3.99833333
  7390       1.48166667      -0.00666667       3.99666667
  7391       1.46951184       0.00548816       4.00804738
  7392       1.47284518       0.00215482       4.00638071
  7393       1.47617851      -0.00117851       4.00471405
  7394       1.47951184      -0.00451184       4.00304738
  7395       1.48284518      -0.00784518       4.00138071
  7396       1.47069036       0.00430964       4.01276142
  7397       1.47402369       0.00097631       4.01109476
  7398       1.47735702      -0.00235702       4.00942809
  7399       1.48069036      -0.00569036       4.00776142
  7400       1.48402369      -0.00902369       4.00609476
  7401       1.47097631       0.00902369       3.99390524
  7402       1.47430964       0.00569036       3.99223858
  7403       1.47764298       0.00235702       3.99057191
  7404       1.48097631      -0.00097631       3.98890524
  7405       1.48430964      -0.00430964       3.98723858
  7406       1.47215482       0.00784518       3.99861929
  7407       1.47548816       0.00451185       3.99695262
  7408       1.47882149       0.00117851       3.99528595
  7409       1.48215482      -0.00215482       3.99361929
  7410       1.48548816      -0.00548815       3.99195262
  7411       1.47333333       0.00666667       4.00333333
  7412       1.47666667       0.00333333       4.00166667
  7413       1.48000000       0.00000000       4.00000000
  7414       1.48333333      -0.00333333       3.99833333
  7415       1.48666667      -0.00666667       3.99666667
  7416       1.47451184       0.00548816       4.00804738
  7417       1.47784518       0.00215482       4.00638071
  7418       1.48117851      -0.00117851       4.00471405
  7419       1.48451184      -0.00451184       4.00304738
  7420       1.48784518      -0.00784518       4.00138071
  7421       1.47569036       0.00430964       4.01276142
  7422       1.47902369       0.00097631       4.01109476
  7423       1.48235702      -0.00235702       4.00942809
  7424       1.48569036      -0.00569036       4.00776142
  7425       1.48902369      -0.00902369       4.00609476
  7426       1.47597631       0.00902369       3.99390524
  7427       1.47930964       0.00569036       3.99223858
  7428       1.48264298       0.00235702       3.99057191
  7429       1.48597631      -0.00097631       3.98890524
  7430       1.48930964      -0.00430964       3.98723858
  7431       1.47715482       0.00784518       3.99861929
  7432       1.48048816       0.00451185       3.99695262
  7433       1.48382149       0.00117851       3.99528595
  7434       1.48715482      -0.00215482       3.99361929
  7435       1.49048816      -0.00548815       3.99195262
  7436       1.47833333       0.00666667       4.00333333
  7437       1.48166667       0.00333333       4.00166667
  7438       1.48500000       0.00000000       4.00000000
  7439       1.48833333      -0.00333333       3.99833333
  7440       1.49166667      -0.00666667       3.99666667
  7441       1.47951184       0.00548816       4.00804738
  7442       1.48284518       0.00215482       4.00638071
  7443       1.48617851      -0.00117851       4.00471405
  7444       1.48951184      -0.00451184       4.00304738
  7445       1.49284518      -0.00784518       4.00138071
  7446       1.48069036       0.00430964       4.01276142
  7447       1.48402369       0.00097631       4.01109476
  7448       1.48735702      -0.00235702       4.00942809
  7449       1.49069036      -0.00569036       4.00776142
  7450       1.49402369      -0.00902369       4.00609476
  7451       1.48097631       0.00902369       3.99390524
  7452       1.48430964       0.00569036       3.99223858
  7453       1.48764298       0.00235702       3.99057191
  7454       1.49097631      -0.00097631       3.98890524
  7455       1.49430964      -0.00430964       3.98723858
  7456       1.48215482       0.00784518       3.99861929
  7457       1.48548816       0.00451185       3.99695262
  7458       1.48882149       0.00117851       3.99528595
  7459       1.49215482      -0.00215482       3.99361929
  7460       1.49548816      -0.00548815       3.99195262
  7461       1.48333333       0.00666667       4.00333333
  7462       1.48666667       0.00333333       4.00166667
  7463       1.49000000       0.00000000       4.00000000
  7464       1.49333333      -0.00333333       3.99833333
  7465       1.49666667      -0.00666667       3.99666667
  7466       1.48451184       0.00548816       4.00804738
  7467       1.48784518       0.00215482       4.00638071
  7468       1.49117851      -0.00117851       4.00471405
  7469       1.49451184      -0.00451184       4.00304738
  7470       1.49784518      -0.00784518       4.00138071
  7471       1.48569036       0.00430964       4.01276142
  7472       1.48902369       0.00097631       4.01109476
  7473       1.49235702      -0.00235702       4.00942809
  7474       1.49569036      -0.00569036       4.00776142
  7475       1.49902369      -0.00902369       4.00609476
  7476       1.48597631       0.00902369       3.99390524
  7477       1.48930964       0.00569036       3.99223858
  7478       1.49264298       0.00235702       3.99057191
  7479       1.49597631      -0.00097631       3.98890524
  7480       1.49930964      -0.00430964       3.98723858
  7481       1.48715482       0.00784518       3.99861929
  7482       1.49048816       0.00451185       3.99695262
  7483       1.49382149       0.00117851       3.99528595
  7484       1.49715482      -0.00215482       3.99361929
  7485       1.50048816      -0.00548815       3.99195262
  7486       1.48833333       0.00666667       4.00333333
  7487       1.49166667       0.00333333       4.00166667
  7488       1.49500000       0.00000000       4.00000000
  7489       1.49833333      -0.00333333       3.99833333
  7490       1.50166667      -0.00666667       3.99666667
  7491       1.48951184       0.00548816       4.00804738
  7492       1.49284518       0.00215482       4.00638071
  7493       1.49617851      -0.00117851       4.00471405
  7494       1.49951184      -0.00451184       4.00304738
  7495       1.50284518      -0.00784518       4.00138071
  7496       1.49069036       0.00430964       4.01276142
  7497       1.49402369       0.00097631       4.01109476
  7498       1.49735702      -0.00235702       4.00942809
  7499       1.50069036      -0.00569036       4.00776142
  7500       1.50402369      -0.00902369       4.00609476
  7501       1.49097631       0.00902369       3.99390524
  7502       1.49430964       0.00569036       3.99223858
  7503       1.49764298       0.00235702       3.99057191
  7504       1.50097631      -0.00097631       3.98890524
  7505       1.50430964      -0.00430964       3.98723858
  7506       1.49215482       0.00784518       3.99861929
  7507       1.49548816       0.00451185       3.99695262
  7508       1.49882149       0.00117851       3.99528595
  7509       1.50215482      -0.00215482       3.99361929
  7510       1.50548816      -0.00548815       3.99195262
  7511       1.49333333       0.00666667       4.00333333
  7512       1.49666667       0.00333333       4.00166667
  7513       1.50000000       0.00000000       4.00000000
  7514       1.50333333      -0.00333333       3.99833333
  7515       1.50666667      -0.00666667       3.99666667
  7516       1.49451184       0.00548816       4.00804738
  7517       1.49784518       0.00215482       4.00638071
  7518       1.50117851      -0.00117851       4.00471405
  7519       1.50451184      -0.00451184       4.00304738
  7520       1.50784518      -0.00784518       4.00138071
  7521       1.49569036       0.00430964       4.01276142
  7522       1.49902369       0.00097631       4.01109476
  7523       1.50235702      -0.00235702       4.00942809
  7524       1.50569036      -0.00569036       4.00776142
  7525       1.50902369      -0.00902369       4.00609476
  7526       1.49597631       0.00902369       3.99390524
  7527       1.49930964       0.00569036       3.99223858
  7528       1.50264298       0.00235702       3.99057191
  7529       1.50597631      -0.00097631       3.98890524
  7530       1.50930964      -0.00430964       3.98723858
  7531       1.49715482       0.00784518       3.99861929
  7532       1.50048816       0.00451185       3.99695262
  7533       1.50382149       0.00117851       3.99528595
  7534       1.50715482      -0.00215482       3.99361929
  7535       1.51048816      -0.00548815       3.99195262
  7536       1.49833333       0.00666667       4.00333333
  7537       1.50166667       0.00333333       4.00166667
  7538       1.50500000       0.00000000       4.00000000
  7539       1.50833333      -0.00333333       3.99833333
  7540       1.51166667      -0.00666667       3.99666667
  7541       1.49951184       0.00548816       4.00804738
  7542       1.50284518       0.00215482       4.00638071
  7543       1.50617851      -0.00117851       4.00471405
  7544       1.50951184      -0.00451184       4.00304738
  7545       1.51284518      -0.00784518       4.00138071
  7546       1.50069036       0.00430964       4.01276142
  7547       1.50402369       0.00097631       4.01109476
  7548       1.50735702      -0.00235702       4.00942809
  7549       1.51069036      -0.00569036       4.00776142
  7550       1.51402369      -0.00902369       4.00609476
  7551       1.50097631       0.00902369       3.99390524
  7552       1.50430964       0.00569036       3.99223858
  7553       1.50764298       0.00235702       3.99057191
  7554       1.51097631      -0.00097631       3.98890524
  7555       1.51430964      -0.00430964       3.98723858
  7556       1.50215482       0.00784518       3.99861929
  7557       1.50548816       0.00451185       3.99695262
  7558       1.50882149       0.00117851       3.99528595
  7559       1.51215482      -0.00215482       3.99361929
  7560       1.51548816      -0.00548815       3.99195262
  7561       1.50333333       0.00666667       4.00333333
  7562       1.50666667       0.00333333       4.00166667
  7563       1.51000000       0.00000000       4.00000000
  7564       1.51333333      -0.00333333       3.99833333
  7565       1.51666667      -0.00666667       3.99666667
  7566       1.50451184       0.00548816       4.00804738
  7567       1.50784518       0.00215482       4.00638071
  7568       1.51117851      -0.00117851       4.00471405
  7569       1.51451184      -0.00451184       4.00304738
  7570       1.51784518      -0.00784518       4.00138071
  7571       1.50569036       0.00430964       4.01276142
  7572       1.50902369       0.00097631       4.01109476
  7573       1.51235702      -0.00235702       4.00942809
  7574       1.51569036      -0.00569036       4.00776142
  7575       1.51902369      -0.00902369       4.00609476
  7576       1.50597631       0.00902369       3.99390524
  7577       1.50930964       0.00569036       3.99223858
  7578       1.51264298       0.00235702       3.99057191
  7579       1.51597631      -0.00097631       3.98890524
  7580       1.51930964      -0.00430964       3.98723858
  7581       1.50715482       0.00784518       3.99861929
  7582       1.51048816       0.00451185       3.99695262
  7583       1.51382149       0.00117851       3.99528595
  7584       1.51715482      -0.00215482       3.99361929
  7585       1.52048816      -0.00548815       3.99195262
  7586       1.50833333       0.00666667       4.00333333
  7587       1.51166667       0.00333333       4.00166667
  7588       1.51500000       0.00000000       4.00000000
  7589       1.51833333      -0.00333333       3.99833333
  7590       1.52166667      -0.00666667       3.99666667
  7591       1.50951184       0.00548816       4.00804738
  7592       1.51284518       0.00215482       4.00638071
  7593       1.51617851      -0.00117851       4.00471405
  7594       1.51951184      -0.00451184       4.00304738
  7595       1.52284518      -0.00784518       4.00138071
  7596       1.51069036       0.00430964       4.01276142
  7597       1.51402369       0.00097631       4.01109476
  7598       1.51735702      -0.00235702       4.00942809
  7599       1.52069036      -0.00569036       4.00776142
  7600       1.52402369      -0.00902369       4.00609476
  7601       1.51097631       0.00902369       3.99390524
  7602       1.51430964       0.00569036       3.99223858
  7603       1.51764298       0.00235702       3.99057191
  7604       1.52097631      -0.00097631       3.98890524
  7605       1.52430964      -0.00430964       3.98723858
  7606       1.51215482       0.00784518       3.99861929
  7607       1.51548816       0.00451185       3.99695262
  7608       1.51882149       0.00117851       3.99528595
  7609       1.52215482      -0.00215482       3.99361929
  7610       1.52548816      -0.00548815       3.99195262
  7611       1.51333333       0.00666667       4.00333333
  7612       1.51666667       0.00333333       4.00166667
  7613       1.52000000       0.00000000       4.00000000
  7614       1.52333333      -0.00333333       3.99833333
  7615       1.52666667      -0.00666667       3.99666667
  7616       1.51451184       0.00548816       4.00804738
  7617       1.51784518       0.00215482       4.00638071
  7618       1.52117851      -0.00117851       4.00471405
  7619       1.52451184      -0.00451184       4.00304738
  7620       1.52784518      -0.00784518       4.00138071
  7621       1.51569036       0.00430964       4.01276142
  7622       1.51902369       0.00097631       4.01109476
  7623       1.52235702      -0.00235702       4.00942809
  7624       1.52569036      -0.00569036       4.00776142
  7625       1.52902369      -0.00902369       4.00609476
  7626       1.51597631       0.00902369       3.99390524
  7627       1.51930964       0.00569036       3.99223858
  7628       1.52264298       0.00235702       3.99057191
  7629       1.52597631      -0.00097631       3.98890524
  7630       1.52930964      -0.00430964       3.98723858
  7631       1.51715482       0.00784518       3.99861929
  7632       1.52048816       0.00451185       3.99695262
  7633       1.52382149       0.00117851       3.99528595
  7634       1.52715482      -0.00215482       3.99361929
  7635       1.53048816      -0.00548815       3.99195262
  7636       1.51833333       0.00666667       4.00333333
  7637       1.52166667       0.00333333       4.00166667
  7638       1.52500000       0.00000000       4.00000000
  7639       1.52833333      -0.00333333       3.99833333
  7640       1.53166667      -0.00666667       3.99666667
  7641       1.51951184       0.00548816       4.00804738
  7642       1.52284518       0.00215482       4.00638071
  7643       1.52617851      -0.00117851       4.00471405
  7644       1.52951184      -0.00451184       4.00304738
  7645       1.53284518      -0.00784518       4.00138071
  7646       1.52069036       0.00430964       4.01276142
  7647       1.52402369       0.00097631       4.01109476
  7648       1.52735702      -0.00235702       4.00942809
  7649       1.53069036      -0.00569036       4.00776142
  7650       1.53402369      -0.00902369       4.00609476
  7651       1.52097631       0.00902369       3.99390524
  7652       1.52430964       0.00569036       3.99223858
  7653       1.52764298       0.00235702       3.99057191
  7654       1.53097631      -0.00097631       3.98890524
  7655       1.53430964      -0.00430964       3.98723858
  7656       1.52215482       0.00784518       3.99861929
  7657       1.52548816       0.00451185       3.99695262
  7658       1.52882149       0.00117851       3.99528595
  7659       1.53215482      -0.00215482       3.99361929
  7660       1.53548816      -0.00548815       3.99195262
  7661       1.52333333       0.00666667       4.00333333
  7662       1.52666667       0.00333333       4.00166667
  7663       1.53000000       0.00000000       4.00000000
  7664       1.53333333      -0.00333333       3.99833333
  7665       1.53666667      -0.00666667       3.99666667
  7666       1.52451184       0.00548816       4.00804738
  7667       1.52784518       0.00215482       4.00638071
  7668       1.53117851      -0.00117851       4.00471405
  7669       1.53451184      -0.00451184       4.00304738
  7670       1.53784518      -0.00784518       4.00138071
  7671       1.52569036       0.00430964       4.01276142
  7672       1.52902369       0.00097631       4.01109476
  7673       1.53235702      -0.00235702       4.00942809
  7674       1.53569036      -0.00569036       4.00776142
  7675       1.53902369      -0.00902369       4.00609476
  7676       1.52597631       0.00902369       3.99390524
  7677       1.52930964       0.00569036       3.99223858
  7678       1.53264298       0.00235702       3.99057191
  7679       1.53597631      -0.00097631       3.98890524
  7680       1.53930964      -0.00430964       3.98723858
  7681       1.52715482       0.00784518       3.99861929
  7682       1.53048816       0.00451185       3.99695262
  7683       1.53382149       0.00117851       3.99528595
  7684       1.53715482      -0.00215482       3.99361929
  7685       1.54048816      -0.00548815       3.99195262
  7686       1.52833333       0.00666667       4.00333333
  7687       1.53166667       0.00333333       4.00166667
  7688       1.53500000       0.00000000       4.00000000
  7689       1.53833333      -0.00333333       3.99833333
  7690       1.54166667      -0.00666667       3.99666667
  7691       1.52951184       0.00548816       4.00804738
  7692       1.53284518       0.00215482       4.00638071
  7693       1.53617851      -0.00117851       4.00471405
  7694       1.53951184      -0.00451184       4.00304738
  7695       1.54284518      -0.00784518       4.00138071
  7696       1.53069036       0.00430964       4.01276142
  7697       1.53402369       0.00097631       4.01109476
  7698       1.53735702      -0.00235702       4.00942809
  7699       1.54069036      -0.00569036       4.00776142
  7700       1.54402369      -0.00902369       4.00609476
  7701       1.53097631       0.00902369       3.99390524
  7702       1.53430964       0.00569036       3.99223858
  7703       1.53764298       0.00235702       3.99057191
  7704       1.54097631      -0.00097631       3.98890524
  7705       1.54430964      -0.00430964       3.98723858
  7706       1.53215482       0.00784518       3.99861929
  7707       1.53548816       0.00451185       3.99695262
  7708       1.53882149       0.00117851       3.99528595
  7709       1.54215482      -0.00215482       3.99361929
  7710       1.54548816      -0.00548815       3.99195262
  7711       1.53333333       0.00666667       4.00333333
  7712       1.53666667       0.00333333       4.00166667
  7713       1.54000000       0.00000000       4.00000000
  7714       1.54333333      -0.00333333       3.99833333
  7715       1.54666667      -0.00666667       3.99666667
  7716       1.53451184       0.00548816       4.00804738
  7717       1.53784518       0.00215482       4.00638071
  7718       1.54117851      -0.00117851       4.00471405
  7719       1.54451184      -0.00451184       4.00304738
  7720       1.54784518      -0.00784518       4.00138071
  7721       1.53569036       0.00430964       4.01276142
  7722       1.53902369       0.00097631       4.01109476
  7723       1.54235702      -0.00235702       4.00942809
  7724       1.54569036      -0.00569036       4.00776142
  7725       1.54902369      -0.00902369       4.00609476
  7726       1.53597631       0.00902369       3.99390524
  7727       1.53930964       0.00569036       3.99223858
  7728       1.54264298       0.00235702       3.99057191
  7729       1.54597631      -0.00097631       3.98890524
  7730       1.54930964      -0.00430964       3.98723858
  7731       1.53715482       0.00784518       3.99861929
  7732       1.54048816       0.00451185       3.99695262
  7733       1.54382149       0.00117851       3.99528595
  7734       1.54715482      -0.00215482       3.99361929
  7735       1.55048816      -0.00548815       3.99195262
  7736       1.53833333       0.00666667       4.00333333
  7737       1.54166667       0.00333333       4.00166667
  7738       1.54500000       0.00000000       4.00000000
  7739       1.54833333      -0.00333333       3.99833333
  7740       1.55166667      -0.00666667       3.99666667
  7741       1.53951184       0.00548816       4.00804738
  7742       1.54284518       0.00215482       4.00638071
  7743       1.54617851      -0.00117851       4.00471405
  7744       1.54951184      -0.00451184       4.00304738
  7745       1.55284518      -0.00784518       4.00138071
  7746       1.54069036       0.00430964       4.01276142
  7747       1.54402369       0.00097631       4.01109476
  7748       1.54735702      -0.00235702       4.00942809
  7749       1.55069036      -0.00569036       4.00776142
  7750       1.55402369      -0.00902369       4.00609476
  7751       1.54097631       0.00902369       3.99390524
  7752       1.54430964       0.00569036       3.99223858
  7753       1.54764298       0.00235702       3.99057191
  7754       1.55097631      -0.00097631       3.98890524
  7755       1.55430964      -0.00430964       3.98723858
  7756       1.54215482       0.00784518       3.99861929
  7757       1.54548816       0.00451185       3.99695262
  7758       1.54882149       0.00117851       3.99528595
  7759       1.55215482      -0.00215482       3.99361929
  7760       1.55548816      -0.00548815       3.99195262
  7761       1.54333333       0.00666667       4.00333333
  7762       1.54666667       0.00333333       4.00166667
  7763       1.55000000       0.00000000       4.00000000
  7764       1.55333333      -0.00333333       3.99833333
  7765       1.55666667      -0.00666667       3.99666667
  7766       1.54451184       0.00548816       4.00804738
  7767       1.54784518       0.00215482       4.00638071
  7768       1.55117851      -0.00117851       4.00471405
  7769       1.55451184      -0.00451184       4.00304738
  7770       1.55784518      -0.00784518       4.00138071
  7771       1.54569036       0.00430964       4.01276142
  7772       1.54902369       0.00097631       4.01109476
  7773       1.55235702      -0.00235702       4.00942809
  7774       1.55569036      -0.00569036       4.00776142
  7775       1.55902369      -0.00902369       4.00609476
  7776       1.54597631       0.00902369       3.99390524
  7777       1.54930964       0.00569036       3.99223858
  7778       1.55264298       0.00235702       3.99057191
  7779       1.55597631      -0.00097631       3.98890524
  7780       1.55930964      -0.00430964       3.98723858
  7781       1.54715482       0.00784518       3.99861929
  7782       1.55048816       0.00451185       3.99695262
  7783       1.55382149       0.00117851       3.99528595
  7784       1.55715482      -0.00215482       3.99361929
  7785       1.56048816      -0.00548815       3.99195262
  7786       1.54833333       0.00666667       4.00333333
  7787       1.55166667       0.00333333       4.00166667
  7788       1.55500000       0.00000000       4.00000000
  7789       1.55833333      -0.00333333       3.99833333
  7790       1.56166667      -0.00666667       3.99666667
  7791       1.54951184       0.00548816       4.00804738
  7792       1.55284518       0.00215482       4.00638071
  7793       1.55617851      -0.00117851       4.00471405
  7794       1.55951184      -0.00451184       4.00304738
  7795       1.56284518      -0.00784518       4.00138071
  7796       1.55069036       0.00430964       4.01276142
  7797       1.55402369       0.00097631       4.01109476
  7798       1.55735702      -0.00235702       4.00942809
  7799       1.56069036      -0.00569036       4.00776142
  7800       1.56402369      -0.00902369       4.00609476
  7801       1.55097631       0.00902369       3.99390524
  7802       1.55430964       0.00569036       3.99223858
  7803       1.55764298       0.00235702       3.99057191
  7804       1.56097631      -0.00097631       3.98890524
  7805       1.56430964      -0.00430964       3.98723858
  7806       1.55215482       0.00784518       3.99861929
  7807       1.55548816       0.00451185       3.99695262
  7808       1.55882149       0.00117851       3.99528595
  7809       1.56215482      -0.00215482       3.99361929
  7810       1.56548816      -0.00548815       3.99195262
  7811       1.55333333       0.00666667       4.00333333
  7812       1.55666667       0.00333333       4.00166667
  7813       1.56000000       0.00000000       4.00000000
  7814       1.56333333      -0.00333333       3.99833333
  7815       1.56666667      -0.00666667       3.99666667
  7816       1.55451184       0.00548816       4.00804738
  7817       1.55784518       0.00215482       4.00638071
  7818       1.56117851      -0.00117851       4.00471405
  7819       1.56451184      -0.00451184       4.00304738
  7820       1.56784518      -0.00784518       4.00138071
  7821       1.55569036       0.00430964       4.01276142
  7822       1.55902369       0.00097631       4.01109476
  7823       1.56235702      -0.00235702       4.00942809
  7824       1.56569036      -0.00569036       4.00776142
  7825       1.56902369      -0.00902369       4.00609476
  7826       1.55597631       0.00902369       3.99390524
  7827       1.55930964       0.00569036       3.99223858
  7828       1.56264298       0.00235702       3.99057191
  7829       1.56597631      -0.00097631       3.98890524
  7830       1.56930964      -0.00430964       3.98723858
  7831       1.55715482       0.00784518       3.99861929
  7832       1.56048816       0.00451185       3.99695262
  7833       1.56382149       0.00117851       3.99528595
  7834       1.56715482      -0.00215482       3.99361929
  7835       1.57048816      -0.00548815       3.99195262
  7836       1.55833333       0.00666667       4.00333333
  7837       1.56166667       0.00333333       4.00166667
  7838       1.56500000       0.00000000       4.00000000
  7839       1.56833333      -0.00333333       3.99833333
  7840       1.57166667      -0.00666667       3.99666667
  7841       1.55951184       0.00548816       4.00804738
  7842       1.56284518       0.00215482       4.00638071
  7843       1.56617851      -0.00117851       4.00471405
  7844       1.56951184      -0.00451184       4.00304738
  7845       1.57284518      -0.00784518       4.00138071
  7846       1.56069036       0.00430964       4.01276142
  7847       1.56402369       0.00097631       4.01109476
  7848       1.56735702      -0.00235702       4.00942809
  7849       1.57069036      -0.00569036       4.00776142
  7850       1.57402369      -0.00902369       4.00609476
  7851       1.56097631       0.00902369       3.99390524
  7852       1.56430964       0.00569036       3.99223858
  7853       1.56764298       0.00235702       3.99057191
  7854       1.57097631      -0.00097631       3.98890524
  7855       1.57430964      -0.00430964       3.98723858
  7856       1.56215482       0.00784518       3.99861929
  7857       1.56548816       0.00451185       3.99695262
  7858       1.56882149       0.00117851       3.99528595
  7859       1.57215482      -0.00215482       3.99361929
  7860       1.57548816      -0.00548815       3.99195262
  7861       1.56333333       0.00666667       4.00333333
  7862       1.56666667       0.00333333       4.00166667
  7863       1.57000000       0.00000000       4.00000000
  7864       1.57333333      -0.00333333       3.99833333
  7865       1.57666667      -0.00666667       3.99666667
  7866       1.56451184       0.00548816       4.00804738
  7867       1.56784518       0.00215482       4.00638071
  7868       1.57117851      -0.00117851       4.00471405
  7869       1.57451184      -0.00451184       4.00304738
  7870       1.57784518      -0.00784518       4.00138071
  7871       1.56569036       0.00430964       4.01276142
  7872       1.56902369       0.00097631       4.01109476
  7873       1.57235702      -0.00235702       4.00942809
  7874       1.57569036      -0.00569036       4.00776142
  7875       1.57902369      -0.00902369       4.00609476
  7876       1.56597631       0.00902369       3.99390524
  7877       1.56930964       0.00569036       3.99223858
  7878       1.57264298       0.00235702       3.99057191
  7879       1.57597631      -0.00097631       3.98890524
  7880       1.57930964      -0.00430964       3.98723858
  7881       1.56715482       0.00784518       3.99861929
  7882       1.57048816       0.00451185       3.99695262
  7883       1.57382149       0.00117851       3.99528595
  7884       1.57715482      -0.00215482       3.99361929
  7885       1.58048816      -0.00548815       3.99195262
  7886       1.56833333       0.00666667       4.00333333
  7887       1.57166667       0.00333333       4.00166667
  7888       1.57500000       0.00000000       4.00000000
  7889       1.57833333      -0.00333333       3.99833333
  7890       1.58166667      -0.00666667       3.99666667
  7891       1.56951184       0.00548816       4.00804738
  7892       1.57284518       0.00215482       4.00638071
  7893       1.57617851      -0.00117851       4.00471405
  7894       1.57951184      -0.00451184       4.00304738
  7895       1.58284518      -0.00784518       4.00138071
  7896       1.57069036       0.00430964       4.01276142
  7897       1.57402369       0.00097631       4.01109476
  7898       1.57735702      -0.00235702       4.00942809
  7899       1.58069036      -0.00569036       4.00776142
  7900       1.58402369      -0.00902369       4.00609476
  7901       1.57097631       0.00902369       3.99390524
  7902       1.57430964       0.00569036       3.99223858
  7903       1.57764298       0.00235702       3.99057191
  7904       1.58097631      -0.00097631       3.98890524
  7905       1.58430964      -0.00430964       3.98723858
  7906       1.57215482       0.00784518       3.99861929
  7907       1.57548816       0.00451185       3.99695262
  7908       1.57882149       0.00117851       3.99528595
  7909       1.58215482      -0.00215482       3.99361929
  7910       1.58548816      -0.00548815       3.99195262
  7911       1.57333333       0.00666667       4.00333333
  7912       1.57666667       0.00333333       4.00166667
  7913       1.58000000       0.00000000       4.00000000
  7914       1.58333333      -0.00333333       3.99833333
  7915       1.58666667      -0.00666667       3.99666667
  7916       1.57451184       0.00548816       4.00804738
  7917       1.57784518       0.00215482       4.00638071
  7918       1.58117851      -0.00117851       4.00471405
  7919       1.58451184      -0.00451184       4.00304738
  7920       1.58784518      -0.00784518       4.00138071
  7921       1.57569036       0.00430964       4.01276142
  7922       1.57902369       0.00097631       4.01109476
  7923       1.58235702      -0.00235702       4.00942809
  7924       1.58569036      -0.00569036       4.00776142
  7925       1.58902369      -0.00902369       4.00609476
  7926       1.57597631       0.00902369       3.99390524
  7927       1.57930964       0.00569036       3.99223858
  7928       1.58264298       0.00235702       3.99057191
  7929       1.58597631      -0.00097631       3.98890524
  7930       1.58930964      -0.00430964       3.98723858
  7931       1.57715482       0.00784518       3.99861929
  7932       1.58048816       0.00451185       3.99695262
  7933       1.58382149       0.00117851       3.99528595
  7934       1.58715482      -0.00215482       3.99361929
  7935       1.59048816      -0.00548815       3.99195262
  7936       1.57833333       0.00666667       4.00333333
  7937       1.58166667       0.00333333       4.00166667
  7938       1.58500000       0.00000000       4.00000000
  7939       1.58833333      -0.00333333       3.99833333
  7940       1.59166667      -0.00666667       3.99666667
  7941       1.57951184       0.00548816       4.00804738
  7942       1.58284518       0.00215482       4.00638071
  7943       1.58617851      -0.00117851       4.00471405
  7944       1.58951184      -0.00451184       4.00304738
  7945       1.59284518      -0.00784518       4.00138071
  7946       1.58069036       0.00430964       4.01276142
  7947       1.58402369       0.00097631       4.01109476
  7948       1.58735702      -0.00235702       4.00942809
  7949       1.59069036      -0.00569036       4.00776142
  7950       1.59402369      -0.00902369       4.00609476
  7951       1.58097631       0.00902369       3.99390524
  7952       1.58430964       0.00569036       3.99223858
  7953       1.58764298       0.00235702       3.99057191
  7954       1.59097631      -0.00097631       3.98890524
  7955       1.59430964      -0.00430964       3.98723858
  7956       1.58215482       0.00784518       3.99861929
  7957       1.58548816       0.00451185       3.99695262
  7958       1.58882149       0.00117851       3.99528595
  7959       1.59215482      -0.00215482       3.99361929
  7960       1.59548816      -0.00548815       3.99195262
  7961       1.58333333       0.00666667       4.00333333
  7962       1.58666667       0.00333333       4.00166667
  7963       1.59000000       0.00000000       4.00000000
  7964       1.59333333      -0.00333333       3.99833333
  7965       1.59666667      -0.00666667       3.99666667
  7966       1.58451184       0.00548816       4.00804738
  7967       1.58784518       0.00215482       4.00638071
  7968       1.59117851      -0.00117851       4.00471405
  7969       1.59451184      -0.00451184       4.00304738
  7970       1.59784518      -0.00784518       4.00138071
  7971       1.58569036       0.00430964       4.01276142
  7972       1.58902369       0.00097631       4.01109476
  7973       1.59235702      -0.00235702       4.00942809
  7974       1.59569036      -0.00569036       4.00776142
  7975       1.59902369      -0.00902369       4.00609476
  7976       1.58597631       0.00902369       3.99390524
  7977       1.58930964       0.00569036       3.99223858
  7978       1.59264298       0.00235702       3.99057191
  7979       1.59597631      -0.00097631       3.98890524
  7980       1.59930964      -0.00430964       3.98723858
  7981       1.58715482       0.00784518       3.99861929
  7982       1.59048816       0.00451185       3.99695262
  7983       1.59382149       0.00117851       3.99528595
  7984       1.59715482      -0.00215482       3.99361929
  7985       1.60048816      -0.00548815       3.99195262
  7986       1.58833333       0.00666667       4.00333333
  7987       1.59166667       0.00333333       4.00166667
  7988       1.59500000       0.00000000       4.00000000
  7989       1.59833333      -0.00333333       3.99833333
  7990       1.60166667      -0.00666667       3.99666667
  7991       1.58951184       0.00548816       4.00804738
  7992       1.59284518       0.00215482       4.00638071
  7993       1.59617851      -0.00117851       4.00471405
  7994       1.59951184      -0.00451184       4.00304738
  7995       1.60284518      -0.00784518       4.00138071
  7996       1.59069036       0.00430964       4.01276142
  7997       1.59402369       0.00097631       4.01109476
  7998       1.59735702      -0.00235702       4.00942809
  7999       1.60069036      -0.00569036       4.00776142
  8000       1.60402369      -0.00902369       4.00609476
  8001       1.59097631       0.00902369       3.99390524
  8002       1.59430964       0.00569036       3.99223858
  8003       1.59764298       0.00235702       3.99057191
  8004       1.60097631      -0.00097631       3.98890524
  8005       1.60430964      -0.00430964       3.98723858
  8006       1.59215482       0.00784518       3.99861929
  8007       1.59548816       0.00451185       3.99695262
  8008       1.59882149       0.00117851       3.99528595
  8009       1.60215482      -0.00215482       3.99361929
  8010       1.60548816      -0.00548815       3.99195262
  8011       1.59333333       0.00666667       4.00333333
  8012       1.59666667       0.00333333       4.00166667
  8013       1.60000000       0.00000000       4.00000000
  8014       1.60333333      -0.00333333       3.99833333
  8015       1.60666667      -0.00666667       3.99666667
  8016       1.59451184       0.00548816       4.00804738
  8017       1.59784518       0.00215482       4.00638071
  8018       1.60117851      -0.00117851       4.00471405
  8019       1.60451184      -0.00451184       4.00304738
  8020       1.60784518      -0.00784518       4.00138071
  8021       1.59569036       0.00430964       4.01276142
  8022       1.59902369       0.00097631       4.01109476
  8023       1.60235702      -0.00235702       4.00942809
  8024       1.60569036      -0.00569036       4.00776142
  8025       1.60902369      -0.00902369       4.00609476
  8026       1.59597631       0.00902369       3.99390524
  8027       1.59930964       0.00569036       3.99223858
  8028       1.60264298       0.00235702       3.99057191
  8029       1.60597631      -0.00097631       3.98890524
  8030       1.60930964      -0.00430964       3.98723858
  8031       1.59715482       0.00784518       3.99861929
  8032       1.60048816       0.00451185       3.99695262
  8033       1.60382149       0.00117851       3.99528595
  8034       1.60715482      -0.00215482       3.99361929
  8035       1.61048816      -0.00548815       3.99195262
  8036       1.59833333       0.00666667       4.00333333
  8037       1.60166667       0.00333333       4.00166667
  8038       1.60500000       0.00000000       4.00000000
  8039       1.60833333      -0.00333333       3.99833333
  8040       1.61166667      -0.00666667       3.99666667
  8041       1.59951184       0.00548816       4.00804738
  8042       1.60284518       0.00215482       4.00638071
  8043       1.60617851      -0.00117851       4.00471405
  8044       1.60951184      -0.00451184       4.00304738
  8045       1.61284518      -0.00784518       4.00138071
  8046       1.60069036       0.00430964       4.01276142
  8047       1.60402369       0.00097631       4.01109476
  8048       1.60735702      -0.00235702       4.00942809
  8049       1.61069036      -0.00569036       4.00776142
  8050       1.61402369      -0.00902369       4.00609476
  8051       1.60097631       0.00902369       3.99390524
  8052       1.60430964       0.00569036       3.99223858
  8053       1.60764298       0.00235702       3.99057191
  8054       1.61097631      -0.00097631       3.98890524
  8055       1.61430964      -0.00430964       3.98723858
  8056       1.60215482       0.00784518       3.99861929
  8057       1.60548816       0.00451185       3.99695262
  8058       1.60882149       0.00117851       3.99528595
  8059       1.61215482      -0.00215482       3.99361929
  8060       1.61548816      -0.00548815       3.99195262
  8061       1.60333333       0.00666667       4.00333333
  8062       1.60666667       0.00333333       4.00166667
  8063       1.61000000       0.00000000       4.00000000
  8064       1.61333333      -0.00333333       3.99833333
  8065       1.61666667      -0.00666667       3.99666667
  8066       1.60451184       0.00548816       4.00804738
  8067       1.60784518       0.00215482       4.00638071
  8068       1.61117851      -0.00117851       4.00471405
  8069       1.61451184      -0.00451184       4.00304738
  8070       1.61784518      -0.00784518       4.00138071
  8071       1.60569036       0.00430964       4.01276142
  8072       1.60902369       0.00097631       4.01109476
  8073       1.61235702      -0.00235702       4.00942809
  8074       1.61569036      -0.00569036       4.00776142
  8075       1.61902369      -0.00902369       4.00609476
  8076       1.60597631       0.00902369       3.99390524
  8077       1.60930964       0.00569036       3.99223858
  8078       1.61264298       0.00235702       3.99057191
  8079       1.61597631      -0.00097631       3.98890524
  8080       1.61930964      -0.00430964       3.98723858
  8081       1.60715482       0.00784518       3.99861929
  8082       1.61048816       0.00451185       3.99695262
  8083       1.61382149       0.00117851       3.99528595
  8084       1.61715482      -0.00215482       3.99361929
  8085       1.62048816      -0.00548815       3.99195262
  8086       1.60833333       0.00666667       4.00333333
  8087       1.61166667       0.00333333       4.00166667
  8088       1.61500000       0.00000000       4.00000000
  8089       1.61833333      -0.00333333       3.99833333
  8090       1.62166667      -0.00666667       3.99666667
  8091       1.60951184       0.00548816       4.00804738
  8092       1.61284518       0.00215482       4.00638071
  8093       1.61617851      -0.00117851       4.00471405
  8094       1.61951184      -0.00451184       4.00304738
  8095       1.62284518      -0.00784518       4.00138071
  8096       1.61069036       0.00430964       4.01276142
  8097       1.61402369       0.00097631       4.01109476
  8098       1.61735702      -0.00235702       4.00942809
  8099       1.62069036      -0.00569036       4.00776142
  8100       1.62402369      -0.00902369       4.00609476
  8101       1.61097631       0.00902369       3.99390524
  8102       1.61430964       0.00569036       3.99223858
  8103       1.61764298       0.00235702       3.99057191
  8104       1.62097631      -0.00097631       3.98890524
  8105       1.62430964      -0.00430964       3.98723858
  8106       1.61215482       0.00784518       3.99861929
  8107       1.61548816       0.00451185       3.99695262
  8108       1.61882149       0.00117851       3.99528595
  8109       1.62215482      -0.00215482       3.99361929
  8110       1.62548816      -0.00548815       3.99195262
  8111       1.61333333       0.00666667       4.00333333
  8112       1.61666667       0.00333333       4.00166667
  8113       1.62000000       0.00000000       4.00000000
  8114       1.62333333      -0.00333333       3.99833333
  8115       1.62666667      -0.00666667       3.99666667
  8116       1.61451184       0.00548816       4.00804738
  8117       1.61784518       0.00215482       4.00638071
  8118       1.62117851      -0.00117851       4.00471405
  8119       1.62451184      -0.00451184       4.00304738
  8120       1.62784518      -0.00784518       4.00138071
  8121       1.61569036       0.00430964       4.01276142
  8122       1.61902369       0.00097631       4.01109476
  8123       1.62235702      -0.00235702       4.00942809
  8124       1.62569036      -0.00569036       4.00776142
  8125       1.62902369      -0.00902369       4.00609476
  8126       1.61597631       0.00902369       3.99390524
  8127       1.61930964       0.00569036       3.99223858
  8128       1.62264298       0.00235702       3.99057191
  8129       1.62597631      -0.00097631       3.98890524
  8130       1.62930964      -0.00430964       3.98723858
  8131       1.61715482       0.00784518       3.99861929
  8132       1.62048816       0.00451185       3.99695262
  8133       1.62382149       0.00117851       3.99528595
  8134       1.62715482      -0.00215482       3.99361929
  8135       1.63048816      -0.00548815       3.99195262
  8136       1.61833333       0.00666667       4.00333333
  8137       1.62166667       0.00333333       4.00166667
  8138       1.62500000       0.00000000       4.00000000
  8139       1.62833333      -0.00333333       3.99833333
  8140       1.63166667      -0.00666667       3.99666667
  8141       1.61951184       0.00548816       4.00804738
  8142       1.62284518       0.00215482       4.00638071
  8143       1.62617851      -0.00117851       4.00471405
  8144       1.62951184      -0.00451184       4.00304738
  8145       1.63284518      -0.00784518       4.00138071
  8146       1.62069036       0.00430964       4.01276142
  8147       1.62402369       0.00097631       4.01109476
  8148       1.62735702      -0.00235702       4.00942809
  8149       1.63069036      -0.00569036       4.00776142
  8150       1.63402369      -0.00902369       4.00609476
  8151       1.62097631       0.00902369       3.99390524
  8152       1.62430964       0.00569036       3.99223858
  8153       1.62764298       0.00235702       3.99057191
  8154       1.63097631      -0.00097631       3.98890524
  8155       1.63430964      -0.00430964       3.98723858
  8156       1.62215482       0.00784518       3.99861929
  8157       1.62548816       0.00451185       3.99695262
  8158       1.62882149       0.00117851       3.99528595
  8159       1.63215482      -0.00215482       3.99361929
  8160       1.63548816      -0.00548815       3.99195262
  8161       1.62333333       0.00666667       4.00333333
  8162       1.62666667       0.00333333       4.00166667
  8163       1.63000000       0.00000000       4.00000000
  8164       1.63333333      -0.00333333       3.99833333
  8165       1.63666667      -0.00666667       3.99666667
  8166       1.62451184       0.00548816       4.00804738
  8167       1.62784518       0.00215482       4.00638071
  8168       1.63117851      -0.00117851       4.00471405
  8169       1.63451184      -0.00451184       4.00304738
  8170       1.63784518      -0.00784518       4.00138071
  8171       1.62569036       0.00430964       4.01276142
  8172       1.62902369       0.00097631       4.01109476
  8173       1.63235702      -0.00235702       4.00942809
  8174       1.63569036      -0.00569036       4.00776142
  8175       1.63902369      -0.00902369       4.00609476
  8176       1.62597631       0.00902369       3.99390524
  8177       1.62930964       0.00569036       3.99223858
  8178       1.63264298       0.00235702       3.99057191
  8179       1.63597631      -0.00097631       3.98890524
  8180       1.63930964      -0.00430964       3.98723858
  8181       1.62715482       0.00784518       3.99861929
  8182       1.63048816       0.00451185       3.99695262
  8183       1.63382149       0.00117851       3.99528595
  8184       1.63715482      -0.00215482       3.99361929
  8185       1.64048816      -0.00548815       3.99195262
  8186       1.62833333       0.00666667       4.00333333
  8187       1.63166667       0.00333333       4.00166667
  8188       1.63500000       0.00000000       4.00000000
  8189       1.63833333      -0.00333333       3.99833333
  8190       1.64166667      -0.00666667       3.99666667
  8191       1.62951184       0.00548816       4.00804738
  8192       1.63284518       0.00215482       4.00638071
  8193       1.63617851      -0.00117851       4.00471405
  8194       1.63951184      -0.00451184       4.00304738
  8195       1.64284518      -0.00784518       4.00138071
  8196       1.63069036       0.00430964       4.01276142
  8197       1.63402369       0.00097631       4.01109476
  8198       1.63735702      -0.00235702       4.00942809
  8199       1.64069036      -0.00569036       4.00776142
  8200       1.64402369      -0.00902369       4.00609476
  8201       1.63097631       0.00902369       3.99390524
  8202       1.63430964       0.00569036       3.99223858
  8203       1.63764298       0.00235702       3.99057191
  8204       1.64097631      -0.00097631       3.98890524
  8205       1.64430964      -0.00430964       3.98723858
  8206       1.63215482       0.00784518       3.99861929
  8207       1.63548816       0.00451185       3.99695262
  8208       1.63882149       0.00117851       3.99528595
  8209       1.64215482      -0.00215482       3.99361929
  8210       1.64548816      -0.00548815       3.99195262
  8211       1.63333333       0.00666667       4.00333333
  8212       1.63666667       0.00333333       4.00166667
  8213       1.64000000       0.00000000       4.00000000
  8214       1.64333333      -0.00333333       3.99833333
  8215       1.64666667      -0.00666667       3.99666667
  8216       1.63451184       0.00548816       4.00804738
  8217       1.63784518       0.00215482       4.00638071
  8218       1.64117851      -0.00117851       4.00471405
  8219       1.64451184      -0.00451184       4.00304738
  8220       1.64784518      -0.00784518       4.00138071
  8221       1.63569036       0.00430964       4.01276142
  8222       1.63902369       0.00097631       4.01109476
  8223       1.64235702      -0.00235702       4.00942809
  8224       1.64569036      -0.00569036       4.00776142
  8225       1.64902369      -0.00902369       4.00609476
  8226       1.63597631       0.00902369       3.99390524
  8227       1.63930964       0.00569036       3.99223858
  8228       1.64264298       0.00235702       3.99057191
  8229       1.64597631      -0.00097631       3.98890524
  8230       1.64930964      -0.00430964       3.98723858
  8231       1.63715482       0.00784518       3.99861929
  8232       1.64048816       0.00451185       3.99695262
  8233       1.64382149       0.00117851       3.99528595
  8234       1.64715482      -0.00215482       3.99361929
  8235       1.65048816      -0.00548815       3.99195262
  8236       1.63833333       0.00666667       4.00333333
  8237       1.64166667       0.00333333       4.00166667
  8238       1.64500000       0.00000000       4.00000000
  8239       1.64833333      -0.00333333       3.99833333
  8240       1.65166667      -0.00666667       3.99666667
  8241       1.63951184       0.00548816       4.00804738
  8242       1.64284518       0.00215482       4.00638071
  8243       1.64617851      -0.00117851       4.00471405
  8244       1.64951184      -0.00451184       4.00304738
  8245       1.65284518      -0.00784518       4.00138071
  8246       1.64069036       0.00430964       4.01276142
  8247       1.64402369       0.00097631       4.01109476
  8248       1.64735702      -0.00235702       4.00942809
  8249       1.65069036      -0.00569036       4.00776142
  8250       1.65402369      -0.00902369       4.00609476
  8251       1.64097631       0.00902369       3.99390524
  8252       1.64430964       0.00569036       3.99223858
  8253       1.64764298       0.00235702       3.99057191
  8254       1.65097631      -0.00097631       3.98890524
  8255       1.65430964      -0.00430964       3.98723858
  8256       1.64215482       0.00784518       3.99861929
  8257       1.64548816       0.00451185       3.99695262
  8258       1.64882149       0.00117851       3.99528595
  8259       1.65215482      -0.00215482       3.99361929
  8260       1.65548816      -0.00548815       3.99195262
  8261       1.64333333       0.00666667       4.00333333
  8262       1.64666667       0.00333333       4.00166667
  8263       1.65000000       0.00000000       4.00000000
  8264       1.65333333      -0.00333333       3.99833333
  8265       1.65666667      -0.00666667       3.99666667
  8266       1.64451184       0.00548816       4.00804738
  8267       1.64784518       0.00215482       4.00638071
  8268       1.65117851      -0.00117851       4.00471405
  8269       1.65451184      -0.00451184       4.00304738
  8270       1.65784518      -0.00784518       4.00138071
  8271       1.64569036       0.00430964       4.01276142
  8272       1.64902369       0.00097631       4.01109476
  8273       1.65235702      -0.00235702       4.00942809
  8274       1.65569036      -0.00569036       4.00776142
  8275       1.65902369      -0.00902369       4.00609476
  8276       1.64597631       0.00902369       3.99390524
  8277       1.64930964       0.00569036       3.99223858
  8278       1.65264298       0.00235702       3.99057191
  8279       1.65597631      -0.00097631       3.98890524
  8280       1.65930964      -0.00430964       3.98723858
  8281       1.64715482       0.00784518       3.99861929
  8282       1.65048816       0.00451185       3.99695262
  8283       1.65382149       0.00117851       3.99528595
  8284       1.65715482      -0.00215482       3.99361929
  8285       1.66048816      -0.00548815       3.99195262
  8286       1.64833333       0.00666667       4.00333333
  8287       1.65166667       0.00333333       4.00166667
  8288       1.65500000       0.00000000       4.00000000
  8289       1.65833333      -0.00333333       3.99833333
  8290       1.66166667      -0.00666667       3.99666667
  8291       1.64951184       0.00548816       4.00804738
  8292       1.65284518       0.00215482       4.00638071
  8293       1.65617851      -0.00117851       4.00471405
  8294       1.65951184      -0.00451184       4.00304738
  8295       1.66284518      -0.00784518       4.00138071
  8296       1.65069036       0.00430964       4.01276142
  8297       1.65402369       0.00097631       4.01109476
  8298       1.65735702      -0.00235702       4.00942809
  8299       1.66069036      -0.00569036       4.00776142
  8300       1.66402369      -0.00902369       4.00609476
  8301       1.65097631       0.00902369       3.99390524
  8302       1.65430964       0.00569036       3.99223858
  8303       1.65764298       0.00235702       3.99057191
  8304       1.66097631      -0.00097631       3.98890524
  8305       1.66430964      -0.00430964       3.98723858
  8306       1.65215482       0.00784518       3.99861929
  8307       1.65548816       0.00451185       3.99695262
  8308       1.65882149       0.00117851       3.99528595
  8309       1.66215482      -0.00215482       3.99361929
  8310       1.66548816      -0.00548815       3.99195262
  8311       1.65333333       0.00666667       4.00333333
  8312       1.65666667       0.00333333       4.00166667
  8313       1.66000000       0.00000000       4.00000000
  8314       1.66333333      -0.00333333       3.99833333
  8315       1.66666667      -0.00666667       3.99666667
  8316       1.65451184       0.00548816       4.00804738
  8317       1.65784518       0.00215482       4.00638071
  8318       1.66117851      -0.00117851       4.00471405
  8319       1.66451184      -0.00451184       4.00304738
  8320       1.66784518      -0.00784518       4.00138071
  8321       1.65569036       0.00430964       4.01276142
  8322       1.65902369       0.00097631       4.01109476
  8323       1.66235702      -0.00235702       4.00942809
  8324       1.66569036      -0.00569036       4.00776142
  8325       1.66902369      -0.00902369       4.00609476
  8326       1.65597631       0.00902369       3.99390524
  8327       1.65930964       0.00569036       3.99223858
  8328       1.66264298       0.00235702       3.99057191
  8329       1.66597631      -0.00097631       3.98890524
  8330       1.66930964      -0.00430964       3.98723858
  8331       1.65715482       0.00784518       3.99861929
  8332       1.66048816       0.00451185       3.99695262
  8333       1.66382149       0.00117851       3.99528595
  8334       1.66715482      -0.00215482       3.99361929
  8335       1.67048816      -0.00548815       3.99195262
  8336       1.65833333       0.00666667       4.00333333
  8337       1.66166667       0.00333333       4.00166667
  8338       1.66500000       0.00000000       4.00000000
  8339       1.66833333      -0.00333333       3.99833333
  8340       1.67166667      -0.00666667       3.99666667
  8341       1.65951184       0.00548816       4.00804738
  8342       1.66284518       0.00215482       4.00638071
  8343       1.66617851      -0.00117851       4.00471405
  8344       1.66951184      -0.00451184       4.00304738
  8345       1.67284518      -0.00784518       4.00138071
  8346       1.66069036       0.00430964       4.01276142
  8347       1.66402369       0.00097631       4.01109476
  8348       1.66735702      -0.00235702       4.00942809
  8349       1.67069036      -0.00569036       4.00776142
  8350       1.67402369      -0.00902369       4.00609476
  8351       1.66097631       0.00902369       3.99390524
  8352       1.66430964       0.00569036       3.99223858
  8353       1.66764298       0.00235702       3.99057191
  8354       1.67097631      -0.00097631       3.98890524
  8355       1.67430964      -0.00430964       3.98723858
  8356       1.66215482       0.00784518       3.99861929
  8357       1.66548816       0.00451185       3.99695262
  8358       1.66882149       0.00117851       3.99528595
  8359       1.67215482      -0.00215482       3.99361929
  8360       1.67548816      -0.00548815       3.99195262
  8361       1.66333333       0.00666667       4.00333333
  8362       1.66666667       0.00333333       4.00166667
  8363       1.67000000       0.00000000       4.00000000
  8364       1.67333333      -0.00333333       3.99833333
  8365       1.67666667      -0.00666667       3.99666667
  8366       1.66451184       0.00548816       4.00804738
  8367       1.66784518       0.00215482       4.00638071
  8368       1.67117851      -0.00117851       4.00471405
  8369       1.67451184      -0.00451184       4.00304738
  8370       1.67784518      -0.00784518       4.00138071
  8371       1.66569036       0.00430964       4.01276142
  8372       1.66902369       0.00097631       4.01109476
  8373       1.67235702      -0.00235702       4.00942809
  8374       1.67569036      -0.00569036       4.00776142
  8375       1.67902369      -0.00902369       4.00609476
  8376       1.66597631       0.00902369       3.99390524
  8377       1.66930964       0.00569036       3.99223858
  8378       1.67264298       0.00235702       3.99057191
  8379       1.67597631      -0.00097631       3.98890524
  8380       1.67930964      -0.00430964       3.98723858
  8381       1.66715482       0.00784518       3.99861929
  8382       1.67048816       0.00451185       3.99695262
  8383       1.67382149       0.00117851       3.99528595
  8384       1.67715482      -0.00215482       3.99361929
  8385       1.68048816      -0.00548815       3.99195262
  8386       1.66833333       0.00666667       4.00333333
  8387       1.67166667       0.00333333       4.00166667
  8388       1.67500000       0.00000000       4.00000000
  8389       1.67833333      -0.00333333       3.99833333
  8390       1.68166667      -0.00666667       3.99666667
  8391       1.66951184       0.00548816       4.00804738
  8392       1.67284518       0.00215482       4.00638071
  8393       1.67617851      -0.00117851       4.00471405
  8394       1.67951184      -0.00451184       4.00304738
  8395       1.68284518      -0.00784518       4.00138071
  8396       1.67069036       0.00430964       4.01276142
  8397       1.67402369       0.00097631       4.01109476
  8398       1.67735702      -0.00235702       4.00942809
  8399       1.68069036      -0.00569036       4.00776142
  8400       1.68402369      -0.00902369       4.00609476
  8401       1.67097631       0.00902369       3.99390524
  8402       1.67430964       0.00569036       3.99223858
  8403       1.67764298       0.00235702       3.99057191
  8404       1.68097631      -0.00097631       3.98890524
  8405       1.68430964      -0.00430964       3.98723858
  8406       1.67215482       0.00784518       3.99861929
  8407       1.67548816       0.00451185       3.99695262
  8408       1.67882149       0.00117851       3.99528595
  8409       1.68215482      -0.00215482       3.99361929
  8410       1.68548816      -0.00548815       3.99195262
  8411       1.67333333       0.00666667       4.00333333
  8412       1.67666667       0.00333333       4.00166667
  8413       1.68000000       0.00000000       4.00000000
  8414       1.68333333      -0.00333333       3.99833333
  8415       1.68666667      -0.00666667       3.99666667
  8416       1.67451184       0.00548816       4.00804738
  8417       1.67784518       0.00215482       4.00638071
  8418       1.68117851      -0.00117851       4.00471405
  8419       1.68451184      -0.00451184       4.00304738
  8420       1.68784518      -0.00784518       4.00138071
  8421       1.67569036       0.00430964       4.01276142
  8422       1.67902369       0.00097631       4.01109476
  8423       1.68235702      -0.00235702       4.00942809
  8424       1.68569036      -0.00569036       4.00776142
  8425       1.68902369      -0.00902369       4.00609476
  8426       1.67597631       0.00902369       3.99390524
  8427       1.67930964       0.00569036       3.99223858
  8428       1.68264298       0.00235702       3.99057191
  8429       1.68597631      -0.00097631       3.98890524
  8430       1.68930964      -0.00430964       3.98723858
  8431       1.67715482       0.00784518       3.99861929
  8432       1.68048816       0.00451185       3.99695262
  8433       1.68382149       0.00117851       3.99528595
  8434       1.68715482      -0.00215482       3.99361929
  8435       1.69048816      -0.00548815       3.99195262
  8436       1.67833333       0.00666667       4.00333333
  8437       1.68166667       0.00333333       4.00166667
  8438       1.68500000       0.00000000       4.00000000
  8439       1.68833333      -0.00333333       3.99833333
  8440       1.69166667      -0.00666667       3.99666667
  8441       1.67951184       0.00548816       4.00804738
  8442       1.68284518       0.00215482       4.00638071
  8443       1.68617851      -0.00117851       4.00471405
  8444       1.68951184      -0.00451184       4.00304738
  8445       1.69284518      -0.00784518       4.00138071
  8446       1.68069036       0.00430964       4.01276142
  8447       1.68402369       0.00097631       4.01109476
  8448       1.68735702      -0.00235702       4.00942809
  8449       1.69069036      -0.00569036       4.00776142
  8450       1.69402369      -0.00902369       4.00609476
  8451       1.68097631       0.00902369       3.99390524
  8452       1.68430964       0.00569036       3.99223858
  8453       1.68764298       0.00235702       3.99057191
  8454       1.69097631      -0.00097631       3.98890524
  8455       1.69430964      -0.00430964       3.98723858
  8456       1.68215482       0.00784518       3.99861929
  8457       1.68548816       0.00451185       3.99695262
  8458       1.68882149       0.00117851       3.99528595
  8459       1.69215482      -0.00215482       3.99361929
  8460       1.69548816      -0.00548815       3.99195262
  8461       1.68333333       0.00666667       4.00333333
  8462       1.68666667       0.00333333       4.00166667
  8463       1.69000000       0.00000000       4.00000000
  8464       1.69333333      -0.00333333       3.99833333
  8465       1.69666667      -0.00666667       3.99666667
  8466       1.68451184       0.00548816       4.00804738
  8467       1.68784518       0.00215482       4.00638071
  8468       1.69117851      -0.00117851       4.00471405
  8469       1.69451184      -0.00451184       4.00304738
  8470       1.69784518      -0.00784518       4.00138071
  8471       1.68569036       0.00430964       4.01276142
  8472       1.68902369       0.00097631       4.01109476
  8473       1.69235702      -0.00235702       4.00942809
  8474       1.69569036      -0.00569036       4.00776142
  8475       1.69902369      -0.00902369       4.00609476
  8476       1.68597631       0.00902369       3.99390524
  8477       1.68930964       0.00569036       3.99223858
  8478       1.69264298       0.00235702       3.99057191
  8479       1.69597631      -0.00097631       3.98890524
  8480       1.69930964      -0.00430964       3.98723858
  8481       1.68715482       0.00784518       3.99861929
  8482       1.69048816       0.00451185       3.99695262
  8483       1.69382149       0.00117851       3.99528595
  8484       1.69715482      -0.00215482       3.99361929
  8485       1.70048816      -0.00548815       3.99195262
  8486       1.68833333       0.00666667       4.00333333
  8487       1.69166667       0.00333333       4.00166667
  8488       1.69500000       0.00000000       4.00000000
  8489       1.69833333      -0.00333333       3.99833333
  8490       1.70166667      -0.00666667       3.99666667
  8491       1.68951184       0.00548816       4.00804738
  8492       1.69284518       0.00215482       4.00638071
  8493       1.69617851      -0.00117851       4.00471405
  8494       1.69951184      -0.00451184       4.00304738
  8495       1.70284518      -0.00784518       4.00138071
  8496       1.69069036       0.00430964       4.01276142
  8497       1.69402369       0.00097631       4.01109476
  8498       1.69735702      -0.00235702       4.00942809
  8499       1.70069036      -0.00569036       4.00776142
  8500       1.70402369      -0.00902369       4.00609476
  8501       1.69097631       0.00902369       3.99390524
  8502       1.69430964       0.00569036       3.99223858
  8503       1.69764298       0.00235702       3.99057191
  8504       1.70097631      -0.00097631       3.98890524
  8505       1.70430964      -0.00430964       3.98723858
  8506       1.69215482       0.00784518       3.99861929
  8507       1.69548816       0.00451185       3.99695262
  8508       1.69882149       0.00117851       3.99528595
  8509       1.70215482      -0.00215482       3.99361929
  8510       1.70548816      -0.00548815       3.99195262
  8511       1.69333333       0.00666667       4.00333333
  8512       1.69666667       0.00333333       4.00166667
  8513       1.70000000       0.00000000       4.00000000
  8514       1.70333333      -0.00333333       3.99833333
  8515       1.70666667      -0.00666667       3.99666667
  8516       1.69451184       0.00548816       4.00804738
  8517       1.69784518       0.00215482       4.00638071
  8518       1.70117851      -0.00117851       4.00471405
  8519       1.70451184      -0.00451184       4.00304738
  8520       1.70784518      -0.00784518       4.00138071
  8521       1.69569036       0.00430964       4.01276142
  8522       1.69902369       0.00097631       4.01109476
  8523       1.70235702      -0.00235702       4.00942809
  8524       1.70569036      -0.00569036       4.00776142
  8525       1.70902369      -0.00902369       4.00609476
  8526       1.69597631       0.00902369       3.99390524
  8527       1.69930964       0.00569036       3.99223858
  8528       1.70264298       0.00235702       3.99057191
  8529       1.70597631      -0.00097631       3.98890524
  8530       1.70930964      -0.00430964       3.98723858
  8531       1.69715482       0.00784518       3.99861929
  8532       1.70048816       0.00451185       3.99695262
  8533       1.70382149       0.00117851       3.99528595
  8534       1.70715482      -0.00215482       3.99361929
  8535       1.71048816      -0.00548815       3.99195262
  8536       1.69833333       0.00666667       4.00333333
  8537       1.70166667       0.00333333       4.00166667
  8538       1.70500000       0.00000000       4.00000000
  8539       1.70833333      -0.00333333       3.99833333
  8540       1.71166667      -0.00666667       3.99666667
  8541       1.69951184       0.00548816       4.00804738
  8542       1.70284518       0.00215482       4.00638071
  8543       1.70617851      -0.00117851       4.00471405
  8544       1.70951184      -0.00451184       4.00304738
  8545       1.71284518      -0.00784518       4.00138071
  8546       1.70069036       0.00430964       4.01276142
  8547       1.70402369       0.00097631       4.01109476
  8548       1.70735702      -0.00235702       4.00942809
  8549       1.71069036      -0.00569036       4.00776142
  8550       1.71402369      -0.00902369       4.00609476
  8551       1.70097631       0.00902369       3.99390524
  8552       1.70430964       0.00569036       3.99223858
  8553       1.70764298       0.00235702       3.99057191
  8554       1.71097631      -0.00097631       3.98890524
  8555       1.71430964      -0.00430964       3.98723858
  8556       1.70215482       0.00784518       3.99861929
  8557       1.70548816       0.00451185       3.99695262
  8558       1.70882149       0.00117851       3.99528595
  8559       1.71215482      -0.00215482       3.99361929
  8560       1.71548816      -0.00548815       3.99195262
  8561       1.70333333       0.00666667       4.00333333
  8562       1.70666667       0.00333333       4.00166667
  8563       1.71000000       0.00000000       4.00000000
  8564       1.71333333      -0.00333333       3.99833333
  8565       1.71666667      -0.00666667       3.99666667
  8566       1.70451184       0.00548816       4.00804738
  8567       1.70784518       0.00215482       4.00638071
  8568       1.71117851      -0.00117851       4.00471405
  8569       1.71451184      -0.00451184       4.00304738
  8570       1.71784518      -0.00784518       4.00138071
  8571       1.70569036       0.00430964       4.01276142
  8572       1.70902369       0.00097631       4.01109476
  8573       1.71235702      -0.00235702       4.00942809
  8574       1.71569036      -0.00569036       4.00776142
  8575       1.71902369      -0.00902369       4.00609476
  8576       1.70597631       0.00902369       3.99390524
  8577       1.70930964       0.00569036       3.99223858
  8578       1.71264298       0.00235702       3.99057191
  8579       1.71597631      -0.00097631       3.98890524
  8580       1.71930964      -0.00430964       3.98723858
  8581       1.70715482       0.00784518       3.99861929
  8582       1.71048816       0.00451185       3.99695262
  8583       1.71382149       0.00117851       3.99528595
  8584       1.71715482      -0.00215482       3.99361929
  8585       1.72048816      -0.00548815       3.99195262
  8586       1.70833333       0.00666667       4.00333333
  8587       1.71166667       0.00333333       4.00166667
  8588       1.71500000       0.00000000       4.00000000
  8589       1.71833333      -0.00333333       3.99833333
  8590       1.72166667      -0.00666667       3.99666667
  8591       1.70951184       0.00548816       4.00804738
  8592       1.71284518       0.00215482       4.00638071
  8593       1.71617851      -0.00117851       4.00471405
  8594       1.71951184      -0.00451184       4.00304738
  8595       1.72284518      -0.00784518       4.00138071
  8596       1.71069036       0.00430964       4.01276142
  8597       1.71402369       0.00097631       4.01109476
  8598       1.71735702      -0.00235702       4.00942809
  8599       1.72069036      -0.00569036       4.00776142
  8600       1.72402369      -0.00902369       4.00609476
  8601       1.71097631       0.00902369       3.99390524
  8602       1.71430964       0.00569036       3.99223858
  8603       1.71764298       0.00235702       3.99057191
  8604       1.72097631      -0.00097631       3.98890524
  8605       1.72430964      -0.00430964       3.98723858
  8606       1.71215482       0.00784518       3.99861929
  8607       1.71548816       0.00451185       3.99695262
  8608       1.71882149       0.00117851       3.99528595
  8609       1.72215482      -0.00215482       3.99361929
  8610       1.72548816      -0.00548815       3.99195262
  8611       1.71333333       0.00666667       4.00333333
  8612       1.71666667       0.00333333       4.00166667
  8613       1.72000000       0.00000000       4.00000000
  8614       1.72333333      -0.00333333       3.99833333
  8615       1.72666667      -0.00666667       3.99666667
  8616       1.71451184       0.00548816       4.00804738
  8617       1.71784518       0.00215482       4.00638071
  8618       1.72117851      -0.00117851       4.00471405
  8619       1.72451184      -0.00451184       4.00304738
  8620       1.72784518      -0.00784518       4.00138071
  8621       1.71569036       0.00430964       4.01276142
  8622       1.71902369       0.00097631       4.01109476
  8623       1.72235702      -0.00235702       4.00942809
  8624       1.72569036      -0.00569036       4.00776142
  8625       1.72902369      -0.00902369       4.00609476
  8626       1.71597631       0.00902369       3.99390524
  8627       1.71930964       0.00569036       3.99223858
  8628       1.72264298       0.00235702       3.99057191
  8629       1.72597631      -0.00097631       3.98890524
  8630       1.72930964      -0.00430964       3.98723858
  8631       1.71715482       0.00784518       3.99861929
  8632       1.72048816       0.00451185       3.99695262
  8633       1.72382149       0.00117851       3.99528595
  8634       1.72715482      -0.00215482       3.99361929
  8635       1.73048816      -0.00548815       3.99195262
  8636       1.71833333       0.00666667       4.00333333
  8637       1.72166667       0.00333333       4.00166667
  8638       1.72500000       0.00000000       4.00000000
  8639       1.72833333      -0.00333333       3.99833333
  8640       1.73166667      -0.00666667       3.99666667
  8641       1.71951184       0.00548816       4.00804738
  8642       1.72284518       0.00215482       4.00638071
  8643       1.72617851      -0.00117851       4.00471405
  8644       1.72951184      -0.00451184       4.00304738
  8645       1.73284518      -0.00784518       4.00138071
  8646       1.72069036       0.00430964       4.01276142
  8647       1.72402369       0.00097631       4.01109476
  8648       1.72735702      -0.00235702       4.00942809
  8649       1.73069036      -0.00569036       4.00776142
  8650       1.73402369      -0.00902369       4.00609476
  8651       1.72097631       0.00902369       3.99390524
  8652       1.72430964       0.00569036       3.99223858
  8653       1.72764298       0.00235702       3.99057191
  8654       1.73097631      -0.00097631       3.98890524
  8655       1.73430964      -0.00430964       3.98723858
  8656       1.72215482       0.00784518       3.99861929
  8657       1.72548816       0.00451185       3.99695262
  8658       1.72882149       0.00117851       3.99528595
  8659       1.73215482      -0.00215482       3.99361929
  8660       1.73548816      -0.00548815       3.99195262
  8661       1.72333333       0.00666667       4.00333333
  8662       1.72666667       0.00333333       4.00166667
  8663       1.73000000       0.00000000       4.00000000
  8664       1.73333333      -0.00333333       3.99833333
  8665       1.73666667      -0.00666667       3.99666667
  8666       1.72451184       0.00548816       4.00804738
  8667       1.72784518       0.00215482       4.00638071
  8668       1.73117851      -0.00117851       4.00471405
  8669       1.73451184      -0.00451184       4.00304738
  8670       1.73784518      -0.00784518       4.00138071
  8671       1.72569036       0.00430964       4.01276142
  8672       1.72902369       0.00097631       4.01109476
  8673       1.73235702      -0.00235702       4.00942809
  8674       1.73569036      -0.00569036       4.00776142
  8675       1.73902369      -0.00902369       4.00609476
  8676       1.72597631       0.00902369       3.99390524
  8677       1.72930964       0.00569036       3.99223858
  8678       1.73264298       0.00235702       3.99057191
  8679       1.73597631      -0.00097631       3.98890524
  8680       1.73930964      -0.00430964       3.98723858
  8681       1.72715482       0.00784518       3.99861929
  8682       1.73048816       0.00451185       3.99695262
  8683       1.73382149       0.00117851       3.99528595
  8684       1.73715482      -0.00215482       3.99361929
  8685       1.74048816      -0.00548815       3.99195262
  8686       1.72833333       0.00666667       4.00333333
  8687       1.73166667       0.00333333       4.00166667
  8688       1.73500000       0.00000000       4.00000000
  8689       1.73833333      -0.00333333       3.99833333
  8690       1.74166667      -0.00666667       3.99666667
  8691       1.72951184       0.00548816       4.00804738
  8692       1.73284518       0.00215482       4.00638071
  8693       1.73617851      -0.00117851       4.00471405
  8694       1.73951184      -0.00451184       4.00304738
  8695       1.74284518      -0.00784518       4.00138071
  8696       1.73069036       0.00430964       4.01276142
  8697       1.73402369       0.00097631       4.01109476
  8698       1.73735702      -0.00235702       4.00942809
  8699       1.74069036      -0.00569036       4.00776142
  8700       1.74402369      -0.00902369       4.00609476
  8701       1.73097631       0.00902369       3.99390524
  8702       1.73430964       0.00569036       3.99223858
  8703       1.73764298       0.00235702       3.99057191
  8704       1.74097631      -0.00097631       3.98890524
  8705       1.74430964      -0.00430964       3.98723858
  8706       1.73215482       0.00784518       3.99861929
  8707       1.73548816       0.00451185       3.99695262
  8708       1.73882149       0.00117851       3.99528595
  8709       1.74215482      -0.00215482       3.99361929
  8710       1.74548816      -0.00548815       3.99195262
  8711       1.73333333       0.00666667       4.00333333
  8712       1.73666667       0.00333333       4.00166667
  8713       1.74000000       0.00000000       4.00000000
  8714       1.74333333      -0.00333333       3.99833333
  8715       1.74666667      -0.00666667       3.99666667
  8716       1.73451184       0.00548816       4.00804738
  8717       1.73784518       0.00215482       4.00638071
  8718       1.74117851      -0.00117851       4.00471405
  8719       1.74451184      -0.00451184       4.00304738
  8720       1.74784518      -0.00784518       4.00138071
  8721       1.73569036       0.00430964       4.01276142
  8722       1.73902369       0.00097631       4.01109476
  8723       1.74235702      -0.00235702       4.00942809
  8724       1.74569036      -0.00569036       4.00776142
  8725       1.74902369      -0.00902369       4.00609476
  8726       1.73597631       0.00902369       3.99390524
  8727       1.73930964       0.00569036       3.99223858
  8728       1.74264298       0.00235702       3.99057191
  8729       1.74597631      -0.00097631       3.98890524
  8730       1.74930964      -0.00430964       3.98723858
  8731       1.73715482       0.00784518       3.99861929
  8732       1.74048816       0.00451185       3.99695262
  8733       1.74382149       0.00117851       3.99528595
  8734       1.74715482      -0.00215482       3.99361929
  8735       1.75048816      -0.00548815       3.99195262
  8736       1.73833333       0.00666667       4.00333333
  8737       1.74166667       0.00333333       4.00166667
  8738       1.74500000       0.00000000       4.00000000
  8739       1.74833333      -0.00333333       3.99833333
  8740       1.75166667      -0.00666667       3.99666667
  8741       1.73951184       0.00548816       4.00804738
  8742       1.74284518       0.00215482       4.00638071
  8743       1.74617851      -0.00117851       4.00471405
  8744       1.74951184      -0.00451184       4.00304738
  8745       1.75284518      -0.00784518       4.00138071
  8746       1.74069036       0.00430964       4.01276142
  8747       1.74402369       0.00097631       4.01109476
  8748       1.74735702      -0.00235702       4.00942809
  8749       1.75069036      -0.00569036       4.00776142
  8750       1.75402369      -0.00902369       4.00609476
  8751       1.74097631       0.00902369       3.99390524
  8752       1.74430964       0.00569036       3.99223858
  8753       1.74764298       0.00235702       3.99057191
  8754       1.75097631      -0.00097631       3.98890524
  8755       1.75430964      -0.00430964       3.98723858
  8756       1.74215482       0.00784518       3.99861929
  8757       1.74548816       0.00451185       3.99695262
  8758       1.74882149       0.00117851       3.99528595
  8759       1.75215482      -0.00215482       3.99361929
  8760       1.75548816      -0.00548815       3.99195262
  8761       1.74333333       0.00666667       4.00333333
  8762       1.74666667       0.00333333       4.00166667
  8763       1.75000000       0.00000000       4.00000000
  8764       1.75333333      -0.00333333       3.99833333
  8765       1.75666667      -0.00666667       3.99666667
  8766       1.74451184       0.00548816       4.00804738
  8767       1.74784518       0.00215482       4.00638071
  8768       1.75117851      -0.00117851       4.00471405
  8769       1.75451184      -0.00451184       4.00304738
  8770       1.75784518      -0.00784518       4.00138071
  8771       1.74569036       0.00430964       4.01276142
  8772       1.74902369       0.00097631       4.01109476
  8773       1.75235702      -0.00235702       4.00942809
  8774       1.75569036      -0.00569036       4.00776142
  8775       1.75902369      -0.00902369       4.00609476
  8776       1.74597631       0.00902369       3.99390524
  8777       1.74930964       0.00569036       3.99223858
  8778       1.75264298       0.00235702       3.99057191
  8779       1.75597631      -0.00097631       3.98890524
  8780       1.75930964      -0.00430964       3.98723858
  8781       1.74715482       0.00784518       3.99861929
  8782       1.75048816       0.00451185       3.99695262
  8783       1.75382149       0.00117851       3.99528595
  8784       1.75715482      -0.00215482       3.99361929
  8785       1.76048816      -0.00548815       3.99195262
  8786       1.74833333       0.00666667       4.00333333
  8787       1.75166667       0.00333333       4.00166667
  8788       1.75500000       0.00000000       4.00000000
  8789       1.75833333      -0.00333333       3.99833333
  8790       1.76166667      -0.00666667       3.99666667
  8791       1.74951184       0.00548816       4.00804738
  8792       1.75284518       0.00215482       4.00638071
  8793       1.75617851      -0.00117851       4.00471405
  8794       1.75951184      -0.00451184       4.00304738
  8795       1.76284518      -0.00784518       4.00138071
  8796       1.75069036       0.00430964       4.01276142
  8797       1.75402369       0.00097631       4.01109476
  8798       1.75735702      -0.00235702       4.00942809
  8799       1.76069036      -0.00569036       4.00776142
  8800       1.76402369      -0.00902369       4.00609476
  8801       1.75097631       0.00902369       3.99390524
  8802       1.75430964       0.00569036       3.99223858
  8803       1.75764298       0.00235702       3.99057191
  8804       1.76097631      -0.00097631       3.98890524
  8805       1.76430964      -0.00430964       3.98723858
  8806       1.75215482       0.00784518       3.99861929
  8807       1.75548816       0.00451185       3.99695262
  8808       1.75882149       0.00117851       3.99528595
  8809       1.76215482      -0.00215482       3.99361929
  8810       1.76548816      -0.00548815       3.99195262
  8811       1.75333333       0.00666667       4.00333333
  8812       1.75666667       0.00333333       4.00166667
  8813       1.76000000       0.00000000       4.00000000
  8814       1.76333333      -0.00333333       3.99833333
  8815       1.76666667      -0.00666667       3.99666667
  8816       1.75451184       0.00548816       4.00804738
  8817       1.75784518       0.00215482       4.00638071
  8818       1.76117851      -0.00117851       4.00471405
  8819       1.76451184      -0.00451184       4.00304738
  8820       1.76784518      -0.00784518       4.00138071
  8821       1.75569036       0.00430964       4.01276142
  8822       1.75902369       0.00097631       4.01109476
  8823       1.76235702      -0.00235702       4.00942809
  8824       1.76569036      -0.00569036       4.00776142
  8825       1.76902369      -0.00902369       4.00609476
  8826       1.75597631       0.00902369       3.99390524
  8827       1.75930964       0.00569036       3.99223858
  8828       1.76264298       0.00235702       3.99057191
  8829       1.76597631      -0.00097631       3.98890524
  8830       1.76930964      -0.00430964       3.98723858
  8831       1.75715482       0.00784518       3.99861929
  8832       1.76048816       0.00451185       3.99695262
  8833       1.76382149       0.00117851       3.99528595
  8834       1.76715482      -0.00215482       3.99361929
  8835       1.77048816      -0.00548815       3.99195262
  8836       1.75833333       0.00666667       4.00333333
  8837       1.76166667       0.00333333       4.00166667
  8838       1.76500000       0.00000000       4.00000000
  8839       1.76833333      -0.00333333       3.99833333
  8840       1.77166667      -0.00666667       3.99666667
  8841       1.75951184       0.00548816       4.00804738
  8842       1.76284518       0.00215482       4.00638071
  8843       1.76617851      -0.00117851       4.00471405
  8844       1.76951184      -0.00451184       4.00304738
  8845       1.77284518      -0.00784518       4.00138071
  8846       1.76069036       0.00430964       4.01276142
  8847       1.76402369       0.00097631       4.01109476
  8848       1.76735702      -0.00235702       4.00942809
  8849       1.77069036      -0.00569036       4.00776142
  8850       1.77402369      -0.00902369       4.00609476
  8851       1.76097631       0.00902369       3.99390524
  8852       1.76430964       0.00569036       3.99223858
  8853       1.76764298       0.00235702       3.99057191
  8854       1.77097631      -0.00097631       3.98890524
  8855       1.77430964      -0.00430964       3.98723858
  8856       1.76215482       0.00784518       3.99861929
  8857       1.76548816       0.00451185       3.99695262
  8858       1.76882149       0.00117851       3.99528595
  8859       1.77215482      -0.00215482       3.99361929
  8860       1.77548816      -0.00548815       3.99195262
  8861       1.76333333       0.00666667       4.00333333
  8862       1.76666667       0.00333333       4.00166667
  8863       1.77000000       0.00000000       4.00000000
  8864       1.77333333      -0.00333333       3.99833333
  8865       1.77666667      -0.00666667       3.99666667
  8866       1.76451184       0.00548816       4.00804738
  8867       1.76784518       0.00215482       4.00638071
  8868       1.77117851      -0.00117851       4.00471405
  8869       1.77451184      -0.00451184       4.00304738
  8870       1.77784518      -0.00784518       4.00138071
  8871       1.76569036       0.00430964       4.01276142
  8872       1.76902369       0.00097631       4.01109476
  8873       1.77235702      -0.00235702       4.00942809
  8874       1.77569036      -0.00569036       4.00776142
  8875       1.77902369      -0.00902369       4.00609476
  8876       1.76597631       0.00902369       3.99390524
  8877       1.76930964       0.00569036       3.99223858
  8878       1.77264298       0.00235702       3.99057191
  8879       1.77597631      -0.00097631       3.98890524
  8880       1.77930964      -0.00430964       3.98723858
  8881       1.76715482       0.00784518       3.99861929
  8882       1.77048816       0.00451185       3.99695262
  8883       1.77382149       0.00117851       3.99528595
  8884       1.77715482      -0.00215482       3.99361929
  8885       1.78048816      -0.00548815       3.99195262
  8886       1.76833333       0.00666667       4.00333333
  8887       1.77166667       0.00333333       4.00166667
  8888       1.77500000       0.00000000       4.00000000
  8889       1.77833333      -0.00333333       3.99833333
  8890       1.78166667      -0.00666667       3.99666667
  8891       1.76951184       0.00548816       4.00804738
  8892       1.77284518       0.00215482       4.00638071
  8893       1.77617851      -0.00117851       4.00471405
  8894       1.77951184      -0.00451184       4.00304738
  8895       1.78284518      -0.00784518       4.00138071
  8896       1.77069036       0.00430964       4.01276142
  8897       1.77402369       0.00097631       4.01109476
  8898       1.77735702      -0.00235702       4.00942809
  8899       1.78069036      -0.00569036       4.00776142
  8900       1.78402369      -0.00902369       4.00609476
  8901       1.77097631       0.00902369       3.99390524
  8902       1.77430964       0.00569036       3.99223858
  8903       1.77764298       0.00235702       3.99057191
  8904       1.78097631      -0.00097631       3.98890524
  8905       1.78430964      -0.00430964       3.98723858
  8906       1.77215482       0.00784518       3.99861929
  8907       1.77548816       0.00451185       3.99695262
  8908       1.77882149       0.00117851       3.99528595
  8909       1.78215482      -0.00215482       3.99361929
  8910       1.78548816      -0.00548815       3.99195262
  8911       1.77333333       0.00666667       4.00333333
  8912       1.77666667       0.00333333       4.00166667
  8913       1.78000000       0.00000000       4.00000000
  8914       1.78333333      -0.00333333       3.99833333
  8915       1.78666667      -0.00666667       3.99666667
  8916       1.77451184       0.00548816       4.00804738
  8917       1.77784518       0.00215482       4.00638071
  8918       1.78117851      -0.00117851       4.00471405
  8919       1.78451184      -0.00451184       4.00304738
  8920       1.78784518      -0.00784518       4.00138071
  8921       1.77569036       0.00430964       4.01276142
  8922       1.77902369       0.00097631       4.01109476
  8923       1.78235702      -0.00235702       4.00942809
  8924       1.78569036      -0.00569036       4.00776142
  8925       1.78902369      -0.00902369       4.00609476
  8926       1.77597631       0.00902369       3.99390524
  8927       1.77930964       0.00569036       3.99223858
  8928       1.78264298       0.00235702       3.99057191
  8929       1.78597631      -0.00097631       3.98890524
  8930       1.78930964      -0.00430964       3.98723858
  8931       1.77715482       0.00784518       3.99861929
  8932       1.78048816       0.00451185       3.99695262
  8933       1.78382149       0.00117851       3.99528595
  8934       1.78715482      -0.00215482       3.99361929
  8935       1.79048816      -0.00548815       3.99195262
  8936       1.77833333       0.00666667       4.00333333
  8937       1.78166667       0.00333333       4.00166667
  8938       1.78500000       0.00000000       4.00000000
  8939       1.78833333      -0.00333333       3.99833333
  8940       1.79166667      -0.00666667       3.99666667
  8941       1.77951184       0.00548816       4.00804738
  8942       1.78284518       0.00215482       4.00638071
  8943       1.78617851      -0.00117851       4.00471405
  8944       1.78951184      -0.00451184       4.00304738
  8945       1.79284518      -0.00784518       4.00138071
  8946       1.78069036       0.00430964       4.01276142
  8947       1.78402369       0.00097631       4.01109476
  8948       1.78735702      -0.00235702       4.00942809
  8949       1.79069036      -0.00569036       4.00776142
  8950       1.79402369      -0.00902369       4.00609476
  8951       1.78097631       0.00902369       3.99390524
  8952       1.78430964       0.00569036       3.99223858
  8953       1.78764298       0.00235702       3.99057191
  8954       1.79097631      -0.00097631       3.98890524
  8955       1.79430964      -0.00430964       3.98723858
  8956       1.78215482       0.00784518       3.99861929
  8957       1.78548816       0.00451185       3.99695262
  8958       1.78882149       0.00117851       3.99528595
  8959       1.79215482      -0.00215482       3.99361929
  8960       1.79548816      -0.00548815       3.99195262
  8961       1.78333333       0.00666667       4.00333333
  8962       1.78666667       0.00333333       4.00166667
  8963       1.79000000       0.00000000       4.00000000
  8964       1.79333333      -0.00333333       3.99833333
  8965       1.79666667      -0.00666667       3.99666667
  8966       1.78451184       0.00548816       4.00804738
  8967       1.78784518       0.00215482       4.00638071
  8968       1.79117851      -0.00117851       4.00471405
  8969       1.79451184      -0.00451184       4.00304738
  8970       1.79784518      -0.00784518       4.00138071
  8971       1.78569036       0.00430964       4.01276142
  8972       1.78902369       0.00097631       4.01109476
  8973       1.79235702      -0.00235702       4.00942809
  8974       1.79569036      -0.00569036       4.00776142
  8975       1.79902369      -0.00902369       4.00609476
  8976       1.78597631       0.00902369       3.99390524
  8977       1.78930964       0.00569036       3.99223858
  8978       1.79264298       0.00235702       3.99057191
  8979       1.79597631      -0.00097631       3.98890524
  8980       1.79930964      -0.00430964       3.98723858
  8981       1.78715482       0.00784518       3.99861929
  8982       1.79048816       0.00451185       3.99695262
  8983       1.79382149       0.00117851       3.99528595
  8984       1.79715482      -0.00215482       3.99361929
  8985       1.80048816      -0.00548815       3.99195262
  8986       1.78833333       0.00666667       4.00333333
  8987       1.79166667       0.00333333       4.00166667
  8988       1.79500000       0.00000000       4.00000000
  8989       1.79833333      -0.00333333       3.99833333
  8990       1.80166667      -0.00666667       3.99666667
  8991       1.78951184       0.00548816       4.00804738
  8992       1.79284518       0.00215482       4.00638071
  8993       1.79617851      -0.00117851       4.00471405
  8994       1.79951184      -0.00451184       4.00304738
  8995       1.80284518      -0.00784518       4.00138071
  8996       1.79069036       0.00430964       4.01276142
  8997       1.79402369       0.00097631       4.01109476
  8998       1.79735702      -0.00235702       4.00942809
  8999       1.80069036      -0.00569036       4.00776142
  9000       1.80402369      -0.00902369       4.00609476
  9001       1.79097631       0.00902369       3.99390524
  9002       1.79430964       0.00569036       3.99223858
  9003       1.79764298       0.00235702       3.99057191
  9004       1.80097631      -0.00097631       3.98890524
  9005       1.80430964      -0.00430964       3.98723858
  9006       1.79215482       0.00784518       3.99861929
  9007       1.79548816       0.00451185       3.99695262
  9008       1.79882149       0.00117851       3.99528595
  9009       1.80215482      -0.00215482       3.99361929
  9010       1.80548816      -0.00548815       3.99195262
  9011       1.79333333       0.00666667       4.00333333
  9012       1.79666667       0.00333333       4.00166667
  9013       1.80000000       0.00000000       4.00000000
  9014       1.80333333      -0.00333333       3.99833333
  9015       1.80666667      -0.00666667       3.99666667
  9016       1.79451184       0.00548816       4.00804738
  9017       1.79784518       0.00215482       4.00638071
  9018       1.80117851      -0.00117851       4.00471405
  9019       1.80451184      -0.00451184       4.00304738
  9020       1.80784518      -0.00784518       4.00138071
  9021       1.79569036       0.00430964       4.01276142
  9022       1.79902369       0.00097631       4.01109476
  9023       1.80235702      -0.00235702       4.00942809
  9024       1.80569036      -0.00569036       4.00776142
  9025       1.80902369      -0.00902369       4.00609476
  9026       1.79597631       0.00902369       3.99390524
  9027       1.79930964       0.00569036       3.99223858
  9028       1.80264298       0.00235702       3.99057191
  9029       1.80597631      -0.00097631       3.98890524
  9030       1.80930964      -0.00430964       3.98723858
  9031       1.79715482       0.00784518       3.99861929
  9032       1.80048816       0.00451185       3.99695262
  9033       1.80382149       0.00117851       3.99528595
  9034       1.80715482      -0.00215482       3.99361929
  9035       1.81048816      -0.00548815       3.99195262
  9036       1.79833333       0.00666667       4.00333333
  9037       1.80166667       0.00333333       4.00166667
  9038       1.80500000       0.00000000       4.00000000
  9039       1.80833333      -0.00333333       3.99833333
  9040       1.81166667      -0.00666667       3.99666667
  9041       1.79951184       0.00548816       4.00804738
  9042       1.80284518       0.00215482       4.00638071
  9043       1.80617851      -0.00117851       4.00471405
  9044       1.80951184      -0.00451184       4.00304738
  9045       1.81284518      -0.00784518       4.00138071
  9046       1.80069036       0.00430964       4.01276142
  9047       1.80402369       0.00097631       4.01109476
  9048       1.80735702      -0.00235702       4.00942809
  9049       1.81069036      -0.00569036       4.00776142
  9050       1.81402369      -0.00902369       4.00609476
  9051       1.80097631       0.00902369       3.99390524
  9052       1.80430964       0.00569036       3.99223858
  9053       1.80764298       0.00235702       3.99057191
  9054       1.81097631      -0.00097631       3.98890524
  9055       1.81430964      -0.00430964       3.98723858
  9056       1.80215482       0.00784518       3.99861929
  9057       1.80548816       0.00451185       3.99695262
  9058       1.80882149       0.00117851       3.99528595
  9059       1.81215482      -0.00215482       3.99361929
  9060       1.81548816      -0.00548815       3.99195262
  9061       1.80333333       0.00666667       4.00333333
  9062       1.80666667       0.00333333       4.00166667
  9063       1.81000000       0.00000000       4.00000000
  9064       1.81333333      -0.00333333       3.99833333
  9065       1.81666667      -0.00666667       3.99666667
  9066       1.80451184       0.00548816       4.00804738
  9067       1.80784518       0.00215482       4.00638071
  9068       1.81117851      -0.00117851       4.00471405
  9069       1.81451184      -0.00451184       4.00304738
  9070       1.81784518      -0.00784518       4.00138071
  9071       1.80569036       0.00430964       4.01276142
  9072       1.80902369       0.00097631       4.01109476
  9073       1.81235702      -0.00235702       4.00942809
  9074       1.81569036      -0.00569036       4.00776142
  9075       1.81902369      -0.00902369       4.00609476
  9076       1.80597631       0.00902369       3.99390524
  9077       1.80930964       0.00569036       3.99223858
  9078       1.81264298       0.00235702       3.99057191
  9079       1.81597631      -0.00097631       3.98890524
  9080       1.81930964      -0.00430964       3.98723858
  9081       1.80715482       0.00784518       3.99861929
  9082       1.81048816       0.00451185       3.99695262
  9083       1.81382149       0.00117851       3.99528595
  9084       1.81715482      -0.00215482       3.99361929
  9085       1.82048816      -0.00548815       3.99195262
  9086       1.80833333       0.00666667       4.00333333
  9087       1.81166667       0.00333333       4.00166667
  9088       1.81500000       0.00000000       4.00000000
  9089       1.81833333      -0.00333333       3.99833333
  9090       1.82166667      -0.00666667       3.99666667
  9091       1.80951184       0.00548816       4.00804738
  9092       1.81284518       0.00215482       4.00638071
  9093       1.81617851      -0.00117851       4.00471405
  9094       1.81951184      -0.00451184       4.00304738
  9095       1.82284518      -0.00784518       4.00138071
  9096       1.81069036       0.00430964       4.01276142
  9097       1.81402369       0.00097631       4.01109476
  9098       1.81735702      -0.00235702       4.00942809
  9099       1.82069036      -0.00569036       4.00776142
  9100       1.82402369      -0.00902369       4.00609476
  9101       1.81097631       0.00902369       3.99390524
  9102       1.81430964       0.00569036       3.99223858
  9103       1.81764298       0.00235702       3.99057191
  9104       1.82097631      -0.00097631       3.98890524
  9105       1.82430964      -0.00430964       3.98723858
  9106       1.81215482       0.00784518       3.99861929
  9107       1.81548816       0.00451185       3.99695262
  9108       1.81882149       0.00117851       3.99528595
  9109       1.82215482      -0.00215482       3.99361929
  9110       1.82548816      -0.00548815       3.99195262
  9111       1.81333333       0.00666667       4.00333333
  9112       1.81666667       0.00333333       4.00166667
  9113       1.82000000       0.00000000       4.00000000
  9114       1.82333333      -0.00333333       3.99833333
  9115       1.82666667      -0.00666667       3.99666667
  9116       1.81451184       0.00548816       4.00804738
  9117       1.81784518       0.00215482       4.00638071
  9118       1.82117851      -0.00117851       4.00471405
  9119       1.82451184      -0.00451184       4.00304738
  9120       1.82784518      -0.00784518       4.00138071
  9121       1.81569036       0.00430964       4.01276142
  9122       1.81902369       0.00097631       4.01109476
  9123       1.82235702      -0.00235702       4.00942809
  9124       1.82569036      -0.00569036       4.00776142
  9125       1.82902369      -0.00902369       4.00609476
  9126       1.81597631       0.00902369       3.99390524
  9127       1.81930964       0.00569036       3.99223858
  9128       1.82264298       0.00235702       3.99057191
  9129       1.82597631      -0.00097631       3.98890524
  9130       1.82930964      -0.00430964       3.98723858
  9131       1.81715482       0.00784518       3.99861929
  9132       1.82048816       0.00451185       3.99695262
  9133       1.82382149       0.00117851       3.99528595
  9134       1.82715482      -0.00215482       3.99361929
  9135       1.83048816      -0.00548815       3.99195262
  9136       1.81833333       0.00666667       4.00333333
  9137       1.82166667       0.00333333       4.00166667
  9138       1.82500000       0.00000000       4.00000000
  9139       1.82833333      -0.00333333       3.99833333
  9140       1.83166667      -0.00666667       3.99666667
  9141       1.81951184       0.00548816       4.00804738
  9142       1.82284518       0.00215482       4.00638071
  9143       1.82617851      -0.00117851       4.00471405
  9144       1.82951184      -0.00451184       4.00304738
  9145       1.83284518      -0.00784518       4.00138071
  9146       1.82069036       0.00430964       4.01276142
  9147       1.82402369       0.00097631       4.01109476
  9148       1.82735702      -0.00235702       4.00942809
  9149       1.83069036      -0.00569036       4.00776142
  9150       1.83402369      -0.00902369       4.00609476
  9151       1.82097631       0.00902369       3.99390524
  9152       1.82430964       0.00569036       3.99223858
  9153       1.82764298       0.00235702       3.99057191
  9154       1.83097631      -0.00097631       3.98890524
  9155       1.83430964      -0.00430964       3.98723858
  9156       1.82215482       0.00784518       3.99861929
  9157       1.82548816       0.00451185       3.99695262
  9158       1.82882149       0.00117851       3.99528595
  9159       1.83215482      -0.00215482       3.99361929
  9160       1.83548816      -0.00548815       3.99195262
  9161       1.82333333       0.00666667       4.00333333
  9162       1.82666667       0.00333333       4.00166667
  9163       1.83000000       0.00000000       4.00000000
  9164       1.83333333      -0.00333333       3.99833333
  9165       1.83666667      -0.00666667       3.99666667
  9166       1.82451184       0.00548816       4.00804738
  9167       1.82784518       0.00215482       4.00638071
  9168       1.83117851      -0.00117851       4.00471405
  9169       1.83451184      -0.00451184       4.00304738
  9170       1.83784518      -0.00784518       4.00138071
  9171       1.82569036       0.00430964       4.01276142
  9172       1.82902369       0.00097631       4.01109476
  9173       1.83235702      -0.00235702       4.00942809
  9174       1.83569036      -0.00569036       4.00776142
  9175       1.83902369      -0.00902369       4.00609476
  9176       1.82597631       0.00902369       3.99390524
  9177       1.82930964       0.00569036       3.99223858
  9178       1.83264298       0.00235702       3.99057191
  9179       1.83597631      -0.00097631       3.98890524
  9180       1.83930964      -0.00430964       3.98723858
  9181       1.82715482       0.00784518       3.99861929
  9182       1.83048816       0.00451185       3.99695262
  9183       1.83382149       0.00117851       3.99528595
  9184       1.83715482      -0.00215482       3.99361929
  9185       1.84048816      -0.00548815       3.99195262
  9186       1.82833333       0.00666667       4.00333333
  9187       1.83166667       0.00333333       4.00166667
  9188       1.83500000       0.00000000       4.00000000
  9189       1.83833333      -0.00333333       3.99833333
  9190       1.84166667      -0.00666667       3.99666667
  9191       1.82951184       0.00548816       4.00804738
  9192       1.83284518       0.00215482       4.00638071
  9193       1.83617851      -0.00117851       4.00471405
  9194       1.83951184      -0.00451184       4.00304738
  9195       1.84284518      -0.00784518       4.00138071
  9196       1.83069036       0.00430964       4.01276142
  9197       1.83402369       0.00097631       4.01109476
  9198       1.83735702      -0.00235702       4.00942809
  9199       1.84069036      -0.00569036       4.00776142
  9200       1.84402369      -0.00902369       4.00609476
  9201       1.83097631       0.00902369       3.99390524
  9202       1.83430964       0.00569036       3.99223858
  9203       1.83764298       0.00235702       3.99057191
  9204       1.84097631      -0.00097631       3.98890524
  9205       1.84430964      -0.00430964       3.98723858
  9206       1.83215482       0.00784518       3.99861929
  9207       1.83548816       0.00451185       3.99695262
  9208       1.83882149       0.00117851       3.99528595
  9209       1.84215482      -0.00215482       3.99361929
  9210       1.84548816      -0.00548815       3.99195262
  9211       1.83333333       0.00666667       4.00333333
  9212       1.83666667       0.00333333       4.00166667
  9213       1.84000000       0.00000000       4.00000000
  9214       1.84333333      -0.00333333       3.99833333
  9215       1.84666667      -0.00666667       3.99666667
  9216       1.83451184       0.00548816       4.00804738
  9217       1.83784518       0.00215482       4.00638071
  9218       1.84117851      -0.00117851       4.00471405
  9219       1.84451184      -0.00451184       4.00304738
  9220       1.84784518      -0.00784518       4.00138071
  9221       1.83569036       0.00430964       4.01276142
  9222       1.83902369       0.00097631       4.01109476
  9223       1.84235702      -0.00235702       4.00942809
  9224       1.84569036      -0.00569036       4.00776142
  9225       1.84902369      -0.00902369       4.00609476
  9226       1.83597631       0.00902369       3.99390524
  9227       1.83930964       0.00569036       3.99223858
  9228       1.84264298       0.00235702       3.99057191
  9229       1.84597631      -0.00097631       3.98890524
  9230       1.84930964      -0.00430964       3.98723858
  9231       1.83715482       0.00784518       3.99861929
  9232       1.84048816       0.00451185       3.99695262
  9233       1.84382149       0.00117851       3.99528595
  9234       1.84715482      -0.00215482       3.99361929
  9235       1.85048816      -0.00548815       3.99195262
  9236       1.83833333       0.00666667       4.00333333
  9237       1.84166667       0.00333333       4.00166667
  9238       1.84500000       0.00000000       4.00000000
  9239       1.84833333      -0.00333333       3.99833333
  9240       1.85166667      -0.00666667       3.99666667
  9241       1.83951184       0.00548816       4.00804738
  9242       1.84284518       0.00215482       4.00638071
  9243       1.84617851      -0.00117851       4.00471405
  9244       1.84951184      -0.00451184       4.00304738
  9245       1.85284518      -0.00784518       4.00138071
  9246       1.84069036       0.00430964       4.01276142
  9247       1.84402369       0.00097631       4.01109476
  9248       1.84735702      -0.00235702       4.00942809
  9249       1.85069036      -0.00569036       4.00776142
  9250       1.85402369      -0.00902369       4.00609476
  9251       1.84097631       0.00902369       3.99390524
  9252       1.84430964       0.00569036       3.99223858
  9253       1.84764298       0.00235702       3.99057191
  9254       1.85097631      -0.00097631       3.98890524
  9255       1.85430964      -0.00430964       3.98723858
  9256       1.84215482       0.00784518       3.99861929
  9257       1.84548816       0.00451185       3.99695262
  9258       1.84882149       0.00117851       3.99528595
  9259       1.85215482      -0.00215482       3.99361929
  9260       1.85548816      -0.00548815       3.99195262
  9261       1.84333333       0.00666667       4.00333333
  9262       1.84666667       0.00333333       4.00166667
  9263       1.85000000       0.00000000       4.00000000
  9264       1.85333333      -0.00333333       3.99833333
  9265       1.85666667      -0.00666667       3.99666667
  9266       1.84451184       0.00548816       4.00804738
  9267       1.84784518       0.00215482       4.00638071
  9268       1.85117851      -0.00117851       4.00471405
  9269       1.85451184      -0.00451184       4.00304738
  9270       1.85784518      -0.00784518       4.00138071
  9271       1.84569036       0.00430964       4.01276142
  9272       1.84902369       0.00097631       4.01109476
  9273       1.85235702      -0.00235702       4.00942809
  9274       1.85569036      -0.00569036       4.00776142
  9275       1.85902369      -0.00902369       4.00609476
  9276       1.84597631       0.00902369       3.99390524
  9277       1.84930964       0.00569036       3.99223858
  9278       1.85264298       0.00235702       3.99057191
  9279       1.85597631      -0.00097631       3.98890524
  9280       1.85930964      -0.00430964       3.98723858
  9281       1.84715482       0.00784518       3.99861929
  9282       1.85048816       0.00451185       3.99695262
  9283       1.85382149       0.00117851       3.99528595
  9284       1.85715482      -0.00215482       3.99361929
  9285       1.86048816      -0.00548815       3.99195262
  9286       1.84833333       0.00666667       4.00333333
  9287       1.85166667       0.00333333       4.00166667
  9288       1.85500000       0.00000000       4.00000000
  9289       1.85833333      -0.00333333       3.99833333
  9290       1.86166667      -0.00666667       3.99666667
  9291       1.84951184       0.00548816       4.00804738
  9292       1.85284518       0.00215482       4.00638071
  9293       1.85617851      -0.00117851       4.00471405
  9294       1.85951184      -0.00451184       4.00304738
  9295       1.86284518      -0.00784518       4.00138071
  9296       1.85069036       0.00430964       4.01276142
  9297       1.85402369       0.00097631       4.01109476
  9298       1.85735702      -0.00235702       4.00942809
  9299       1.86069036      -0.00569036       4.00776142
  9300       1.86402369      -0.00902369       4.00609476
  9301       1.85097631       0.00902369       3.99390524
  9302       1.85430964       0.00569036       3.99223858
  9303       1.85764298       0.00235702       3.99057191
  9304       1.86097631      -0.00097631       3.98890524
  9305       1.86430964      -0.00430964       3.98723858
  9306       1.85215482       0.00784518       3.99861929
  9307       1.85548816       0.00451185       3.99695262
  9308       1.85882149       0.00117851       3.99528595
  9309       1.86215482      -0.00215482       3.99361929
  9310       1.86548816      -0.00548815       3.99195262
  9311       1.85333333       0.00666667       4.00333333
  9312       1.85666667       0.00333333       4.00166667
  9313       1.86000000       0.00000000       4.00000000
  9314       1.86333333      -0.00333333       3.99833333
  9315       1.86666667      -0.00666667       3.99666667
  9316       1.85451184       0.00548816       4.00804738
  9317       1.85784518       0.00215482       4.00638071
  9318       1.86117851      -0.00117851       4.00471405
  9319       1.86451184      -0.00451184       4.00304738
  9320       1.86784518      -0.00784518       4.00138071
  9321       1.85569036       0.00430964       4.01276142
  9322       1.85902369       0.00097631       4.01109476
  9323       1.86235702      -0.00235702       4.00942809
  9324       1.86569036      -0.00569036       4.00776142
  9325       1.86902369      -0.00902369       4.00609476
  9326       1.85597631       0.00902369       3.99390524
  9327       1.85930964       0.00569036       3.99223858
  9328       1.86264298       0.00235702       3.99057191
  9329       1.86597631      -0.00097631       3.98890524
  9330       1.86930964      -0.00430964       3.98723858
  9331       1.85715482       0.00784518       3.99861929
  9332       1.86048816       0.00451185       3.99695262
  9333       1.86382149       0.00117851       3.99528595
  9334       1.86715482      -0.00215482       3.99361929
  9335       1.87048816      -0.00548815       3.99195262
  9336       1.85833333       0.00666667       4.00333333
  9337       1.86166667       0.00333333       4.00166667
  9338       1.86500000       0.00000000       4.00000000
  9339       1.86833333      -0.00333333       3.99833333
  9340       1.87166667      -0.00666667       3.99666667
  9341       1.85951184       0.00548816       4.00804738
  9342       1.86284518       0.00215482       4.00638071
  9343       1.86617851      -0.00117851       4.00471405
  9344       1.86951184      -0.00451184       4.00304738
  9345       1.87284518      -0.00784518       4.00138071
  9346       1.86069036       0.00430964       4.01276142
  9347       1.86402369       0.00097631       4.01109476
  9348       1.86735702      -0.00235702       4.00942809
  9349       1.87069036      -0.00569036       4.00776142
  9350       1.87402369      -0.00902369       4.00609476
  9351       1.86097631       0.00902369       3.99390524
  9352       1.86430964       0.00569036       3.99223858
  9353       1.86764298       0.00235702       3.99057191
  9354       1.87097631      -0.00097631       3.98890524
  9355       1.87430964      -0.00430964       3.98723858
  9356       1.86215482       0.00784518       3.99861929
  9357       1.86548816       0.00451185       3.99695262
  9358       1.86882149       0.00117851       3.99528595
  9359       1.87215482      -0.00215482       3.99361929
  9360       1.87548816      -0.00548815       3.99195262
  9361       1.86333333       0.00666667       4.00333333
  9362       1.86666667       0.00333333       4.00166667
  9363       1.87000000       0.00000000       4.00000000
  9364       1.87333333      -0.00333333       3.99833333
  9365       1.87666667      -0.00666667       3.99666667
  9366       1.86451184       0.00548816       4.00804738
  9367       1.86784518       0.00215482       4.00638071
  9368       1.87117851      -0.00117851       4.00471405
  9369       1.87451184      -0.00451184       4.00304738
  9370       1.87784518      -0.00784518       4.00138071
  9371       1.86569036       0.00430964       4.01276142
  9372       1.86902369       0.00097631       4.01109476
  9373       1.87235702      -0.00235702       4.00942809
  9374       1.87569036      -0.00569036       4.00776142
  9375       1.87902369      -0.00902369       4.00609476
  9376       1.86597631       0.00902369       3.99390524
  9377       1.86930964       0.00569036       3.99223858
  9378       1.87264298       0.00235702       3.99057191
  9379       1.87597631      -0.00097631       3.98890524
  9380       1.87930964      -0.00430964       3.98723858
  9381       1.86715482       0.00784518       3.99861929
  9382       1.87048816       0.00451185       3.99695262
  9383       1.87382149       0.00117851       3.99528595
  9384       1.87715482      -0.00215482       3.99361929
  9385       1.88048816      -0.00548815       3.99195262
  9386       1.86833333       0.00666667       4.00333333
  9387       1.87166667       0.00333333       4.00166667
  9388       1.87500000       0.00000000       4.00000000
  9389       1.87833333      -0.00333333       3.99833333
  9390       1.88166667      -0.00666667       3.99666667
  9391       1.86951184       0.00548816       4.00804738
  9392       1.87284518       0.00215482       4.00638071
  9393       1.87617851      -0.00117851       4.00471405
  9394       1.87951184      -0.00451184       4.00304738
  9395       1.88284518      -0.00784518       4.00138071
  9396       1.87069036       0.00430964       4.01276142
  9397       1.87402369       0.00097631       4.01109476
  9398       1.87735702      -0.00235702       4.00942809
  9399       1.88069036      -0.00569036       4.00776142
  9400       1.88402369      -0.00902369       4.00609476
  9401       1.87097631       0.00902369       3.99390524
  9402       1.87430964       0.00569036       3.99223858
  9403       1.87764298       0.00235702       3.99057191
  9404       1.88097631      -0.00097631       3.98890524
  9405       1.88430964      -0.00430964       3.98723858
  9406       1.87215482       0.00784518       3.99861929
  9407       1.87548816       0.00451185       3.99695262
  9408       1.87882149       0.00117851       3.99528595
  9409       1.88215482      -0.00215482       3.99361929
  9410       1.88548816      -0.00548815       3.99195262
  9411       1.87333333       0.00666667       4.00333333
  9412       1.87666667       0.00333333       4.00166667
  9413       1.88000000       0.00000000       4.00000000
  9414       1.88333333      -0.00333333       3.99833333
  9415       1.88666667      -0.00666667       3.99666667
  9416       1.87451184       0.00548816       4.00804738
  9417       1.87784518       0.00215482       4.00638071
  9418       1.88117851      -0.00117851       4.00471405
  9419       1.88451184      -0.00451184       4.00304738
  9420       1.88784518      -0.00784518       4.00138071
  9421       1.87569036       0.00430964       4.01276142
  9422       1.87902369       0.00097631       4.01109476
  9423       1.88235702      -0.00235702       4.00942809
  9424       1.88569036      -0.00569036       4.00776142
  9425       1.88902369      -0.00902369       4.00609476
  9426       1.87597631       0.00902369       3.99390524
  9427       1.87930964       0.00569036       3.99223858
  9428       1.88264298       0.00235702       3.99057191
  9429       1.88597631      -0.00097631       3.98890524
  9430       1.88930964      -0.00430964       3.98723858
  9431       1.87715482       0.00784518       3.99861929
  9432       1.88048816       0.00451185       3.99695262
  9433       1.88382149       0.00117851       3.99528595
  9434       1.88715482      -0.00215482       3.99361929
  9435       1.89048816      -0.00548815       3.99195262
  9436       1.87833333       0.00666667       4.00333333
  9437       1.88166667       0.00333333       4.00166667
  9438       1.88500000       0.00000000       4.00000000
  9439       1.88833333      -0.00333333       3.99833333
  9440       1.89166667      -0.00666667       3.99666667
  9441       1.87951184       0.00548816       4.00804738
  9442       1.88284518       0.00215482       4.00638071
  9443       1.88617851      -0.00117851       4.00471405
  9444       1.88951184      -0.00451184       4.00304738
  9445       1.89284518      -0.00784518       4.00138071
  9446       1.88069036       0.00430964       4.01276142
  9447       1.88402369       0.00097631       4.01109476
  9448       1.88735702      -0.00235702       4.00942809
  9449       1.89069036      -0.00569036       4.00776142
  9450       1.89402369      -0.00902369       4.00609476
  9451       1.88097631       0.00902369       3.99390524
  9452       1.88430964       0.00569036       3.99223858
  9453       1.88764298       0.00235702       3.99057191
  9454       1.89097631      -0.00097631       3.98890524
  9455       1.89430964      -0.00430964       3.98723858
  9456       1.88215482       0.00784518       3.99861929
  9457       1.88548816       0.00451185       3.99695262
  9458       1.88882149       0.00117851       3.99528595
  9459       1.89215482      -0.00215482       3.99361929
  9460       1.89548816      -0.00548815       3.99195262
  9461       1.88333333       0.00666667       4.00333333
  9462       1.88666667       0.00333333       4.00166667
  9463       1.89000000       0.00000000       4.00000000
  9464       1.89333333      -0.00333333       3.99833333
  9465       1.89666667      -0.00666667       3.99666667
  9466       1.88451184       0.00548816       4.00804738
  9467       1.88784518       0.00215482       4.00638071
  9468       1.89117851      -0.00117851       4.00471405
  9469       1.89451184      -0.00451184       4.00304738
  9470       1.89784518      -0.00784518       4.00138071
  9471       1.88569036       0.00430964       4.01276142
  9472       1.88902369       0.00097631       4.01109476
  9473       1.89235702      -0.00235702       4.00942809
  9474       1.89569036      -0.00569036       4.00776142
  9475       1.89902369      -0.00902369       4.00609476
  9476       1.88597631       0.00902369       3.99390524
  9477       1.88930964       0.00569036       3.99223858
  9478       1.89264298       0.00235702       3.99057191
  9479       1.89597631      -0.00097631       3.98890524
  9480       1.89930964      -0.00430964       3.98723858
  9481       1.88715482       0.00784518       3.99861929
  9482       1.89048816       0.00451185       3.99695262
  9483       1.89382149       0.00117851       3.99528595
  9484       1.89715482      -0.00215482       3.99361929
  9485       1.90048816      -0.00548815       3.99195262
  9486       1.88833333       0.00666667       4.00333333
  9487       1.89166667       0.00333333       4.00166667
  9488       1.89500000       0.00000000       4.00000000
  9489       1.89833333      -0.00333333       3.99833333
  9490       1.90166667      -0.00666667       3.99666667
  9491       1.88951184       0.00548816       4.00804738
  9492       1.89284518       0.00215482       4.00638071
  9493       1.89617851      -0.00117851       4.00471405
  9494       1.89951184      -0.00451184       4.00304738
  9495       1.90284518      -0.00784518       4.00138071
  9496       1.89069036       0.00430964       4.01276142
  9497       1.89402369       0.00097631       4.01109476
  9498       1.89735702      -0.00235702       4.00942809
  9499       1.90069036      -0.00569036       4.00776142
  9500       1.90402369      -0.00902369       4.00609476
  9501       1.89097631       0.00902369       3.99390524
  9502       1.89430964       0.00569036       3.99223858
  9503       1.89764298       0.00235702       3.99057191
  9504       1.90097631      -0.00097631       3.98890524
  9505       1.90430964      -0.00430964       3.98723858
  9506       1.89215482       0.00784518       3.99861929
  9507       1.89548816       0.00451185       3.99695262
  9508       1.89882149       0.00117851       3.99528595
  9509       1.90215482      -0.00215482       3.99361929
  9510       1.90548816      -0.00548815       3.99195262
  9511       1.89333333       0.00666667       4.00333333
  9512       1.89666667       0.00333333       4.00166667
  9513       1.90000000       0.00000000       4.00000000
  9514       1.90333333      -0.00333333       3.99833333
  9515       1.90666667      -0.00666667       3.99666667
  9516       1.89451184       0.00548816       4.00804738
  9517       1.89784518       0.00215482       4.00638071
  9518       1.90117851      -0.00117851       4.00471405
  9519       1.90451184      -0.00451184       4.00304738
  9520       1.90784518      -0.00784518       4.00138071
  9521       1.89569036       0.00430964       4.01276142
  9522       1.89902369       0.00097631       4.01109476
  9523       1.90235702      -0.00235702       4.00942809
  9524       1.90569036      -0.00569036       4.00776142
  9525       1.90902369      -0.00902369       4.00609476
  9526       1.89597631       0.00902369       3.99390524
  9527       1.89930964       0.00569036       3.99223858
  9528       1.90264298       0.00235702       3.99057191
  9529       1.90597631      -0.00097631       3.98890524
  9530       1.90930964      -0.00430964       3.98723858
  9531       1.89715482       0.00784518       3.99861929
  9532       1.90048816       0.00451185       3.99695262
  9533       1.90382149       0.00117851       3.99528595
  9534       1.90715482      -0.00215482       3.99361929
  9535       1.91048816      -0.00548815       3.99195262
  9536       1.89833333       0.00666667       4.00333333
  9537       1.90166667       0.00333333       4.00166667
  9538       1.90500000       0.00000000       4.00000000
  9539       1.90833333      -0.00333333       3.99833333
  9540       1.91166667      -0.00666667       3.99666667
  9541       1.89951184       0.00548816       4.00804738
  9542       1.90284518       0.00215482       4.00638071
  9543       1.90617851      -0.00117851       4.00471405
  9544       1.90951184      -0.00451184       4.00304738
  9545       1.91284518      -0.00784518       4.00138071
  9546       1.90069036       0.00430964       4.01276142
  9547       1.90402369       0.00097631       4.01109476
  9548       1.90735702      -0.00235702       4.00942809
  9549       1.91069036      -0.00569036       4.00776142
  9550       1.91402369      -0.00902369       4.00609476
  9551       1.90097631       0.00902369       3.99390524
  9552       1.90430964       0.00569036       3.99223858
  9553       1.90764298       0.00235702       3.99057191
  9554       1.91097631      -0.00097631       3.98890524
  9555       1.91430964      -0.00430964       3.98723858
  9556       1.90215482       0.00784518       3.99861929
  9557       1.90548816       0.00451185       3.99695262
  9558       1.90882149       0.00117851       3.99528595
  9559       1.91215482      -0.00215482       3.99361929
  9560       1.91548816      -0.00548815       3.99195262
  9561       1.90333333       0.00666667       4.00333333
  9562       1.90666667       0.00333333       4.00166667
  9563       1.91000000       0.00000000       4.00000000
  9564       1.91333333      -0.00333333       3.99833333
  9565       1.91666667      -0.00666667       3.99666667
  9566       1.90451184       0.00548816       4.00804738
  9567       1.90784518       0.00215482       4.00638071
  9568       1.91117851      -0.00117851       4.00471405
  9569       1.91451184      -0.00451184       4.00304738
  9570       1.91784518      -0.00784518       4.00138071
  9571       1.90569036       0.00430964       4.01276142
  9572       1.90902369       0.00097631       4.01109476
  9573       1.91235702      -0.00235702       4.00942809
  9574       1.91569036      -0.00569036       4.00776142
  9575       1.91902369      -0.00902369       4.00609476
  9576       1.90597631       0.00902369       3.99390524
  9577       1.90930964       0.00569036       3.99223858
  9578       1.91264298       0.00235702       3.99057191
  9579       1.91597631      -0.00097631       3.98890524
  9580       1.91930964      -0.00430964       3.98723858
  9581       1.90715482       0.00784518       3.99861929
  9582       1.91048816       0.00451185       3.99695262
  9583       1.91382149       0.00117851       3.99528595
  9584       1.91715482      -0.00215482       3.99361929
  9585       1.92048816      -0.00548815       3.99195262
  9586       1.90833333       0.00666667       4.00333333
  9587       1.91166667       0.00333333       4.00166667
  9588       1.91500000       0.00000000       4.00000000
  9589       1.91833333      -0.00333333       3.99833333
  9590       1.92166667      -0.00666667       3.99666667
  9591       1.90951184       0.00548816       4.00804738
  9592       1.91284518       0.00215482       4.00638071
  9593       1.91617851      -0.00117851       4.00471405
  9594       1.91951184      -0.00451184       4.00304738
  9595       1.92284518      -0.00784518       4.00138071
  9596       1.91069036       0.00430964       4.01276142
  9597       1.91402369       0.00097631       4.01109476
  9598       1.91735702      -0.00235702       4.00942809
  9599       1.92069036      -0.00569036       4.00776142
  9600       1.92402369      -0.00902369       4.00609476
  9601       1.91097631       0.00902369       3.99390524
  9602       1.91430964       0.00569036       3.99223858
  9603       1.91764298       0.00235702       3.99057191
  9604       1.92097631      -0.00097631       3.98890524
  9605       1.92430964      -0.00430964       3.98723858
  9606       1.91215482       0.00784518       3.99861929
  9607       1.91548816       0.00451185       3.99695262
  9608       1.91882149       0.00117851       3.99528595
  9609       1.92215482      -0.00215482       3.99361929
  9610       1.92548816      -0.00548815       3.99195262
  9611       1.91333333       0.00666667       4.00333333
  9612       1.91666667       0.00333333       4.00166667
  9613       1.92000000       0.00000000       4.00000000
  9614       1.92333333      -0.00333333       3.99833333
  9615       1.92666667      -0.00666667       3.99666667
  9616       1.91451184       0.00548816       4.00804738
  9617       1.91784518       0.00215482       4.00638071
  9618       1.92117851      -0.00117851       4.00471405
  9619       1.92451184      -0.00451184       4.00304738
  9620       1.92784518      -0.00784518       4.00138071
  9621       1.91569036       0.00430964       4.01276142
  9622       1.91902369       0.00097631       4.01109476
  9623       1.92235702      -0.00235702       4.00942809
  9624       1.92569036      -0.00569036       4.00776142
  9625       1.92902369      -0.00902369       4.00609476
  9626       1.91597631       0.00902369       3.99390524
  9627       1.91930964       0.00569036       3.99223858
  9628       1.92264298       0.00235702       3.99057191
  9629       1.92597631      -0.00097631       3.98890524
  9630       1.92930964      -0.00430964       3.98723858
  9631       1.91715482       0.00784518       3.99861929
  9632       1.92048816       0.00451185       3.99695262
  9633       1.92382149       0.00117851       3.99528595
  9634       1.92715482      -0.00215482       3.99361929
  9635       1.93048816      -0.00548815       3.99195262
  9636       1.91833333       0.00666667       4.00333333
  9637       1.92166667       0.00333333       4.00166667
  9638       1.92500000       0.00000000       4.00000000
  9639       1.92833333      -0.00333333       3.99833333
  9640       1.93166667      -0.00666667       3.99666667
  9641       1.91951184       0.00548816       4.00804738
  9642       1.92284518       0.00215482       4.00638071
  9643       1.92617851      -0.00117851       4.00471405
  9644       1.92951184      -0.00451184       4.00304738
  9645       1.93284518      -0.00784518       4.00138071
  9646       1.92069036       0.00430964       4.01276142
  9647       1.92402369       0.00097631       4.01109476
  9648       1.92735702      -0.00235702       4.00942809
  9649       1.93069036      -0.00569036       4.00776142
  9650       1.93402369      -0.00902369       4.00609476
  9651       1.92097631       0.00902369       3.99390524
  9652       1.92430964       0.00569036       3.99223858
  9653       1.92764298       0.00235702       3.99057191
  9654       1.93097631      -0.00097631       3.98890524
  9655       1.93430964      -0.00430964       3.98723858
  9656       1.92215482       0.00784518       3.99861929
  9657       1.92548816       0.00451185       3.99695262
  9658       1.92882149       0.00117851       3.99528595
  9659       1.93215482      -0.00215482       3.99361929
  9660       1.93548816      -0.00548815       3.99195262
  9661       1.92333333       0.00666667       4.00333333
  9662       1.92666667       0.00333333       4.00166667
  9663       1.93000000       0.00000000       4.00000000
  9664       1.93333333      -0.00333333       3.99833333
  9665       1.93666667      -0.00666667       3.99666667
  9666       1.92451184       0.00548816       4.00804738
  9667       1.92784518       0.00215482       4.00638071
  9668       1.93117851      -0.00117851       4.00471405
  9669       1.93451184      -0.00451184       4.00304738
  9670       1.93784518      -0.00784518       4.00138071
  9671       1.92569036       0.00430964       4.01276142
  9672       1.92902369       0.00097631       4.01109476
  9673       1.93235702      -0.00235702       4.00942809
  9674       1.93569036      -0.00569036       4.00776142
  9675       1.93902369      -0.00902369       4.00609476
  9676       1.92597631       0.00902369       3.99390524
  9677       1.92930964       0.00569036       3.99223858
  9678       1.93264298       0.00235702       3.99057191
  9679       1.93597631      -0.00097631       3.98890524
  9680       1.93930964      -0.00430964       3.98723858
  9681       1.92715482       0.00784518       3.99861929
  9682       1.93048816       0.00451185       3.99695262
  9683       1.93382149       0.00117851       3.99528595
  9684       1.93715482      -0.00215482       3.99361929
  9685       1.94048816      -0.00548815       3.99195262
  9686       1.92833333       0.00666667       4.00333333
  9687       1.93166667       0.00333333       4.00166667
  9688       1.93500000       0.00000000       4.00000000
  9689       1.93833333      -0.00333333       3.99833333
  9690       1.94166667      -0.00666667       3.99666667
  9691       1.92951184       0.00548816       4.00804738
  9692       1.93284518       0.00215482       4.00638071
  9693       1.93617851      -0.00117851       4.00471405
  9694       1.93951184      -0.00451184       4.00304738
  9695       1.94284518      -0.00784518       4.00138071
  9696       1.93069036       0.00430964       4.01276142
  9697       1.93402369       0.00097631       4.01109476
  9698       1.93735702      -0.00235702       4.00942809
  9699       1.94069036      -0.00569036       4.00776142
  9700       1.94402369      -0.00902369       4.00609476
  9701       1.93097631       0.00902369       3.99390524
  9702       1.93430964       0.00569036       3.99223858
  9703       1.93764298       0.00235702       3.99057191
  9704       1.94097631      -0.00097631       3.98890524
  9705       1.94430964      -0.00430964       3.98723858
  9706       1.93215482       0.00784518       3.99861929
  9707       1.93548816       0.00451185       3.99695262
  9708       1.93882149       0.00117851       3.99528595
  9709       1.94215482      -0.00215482       3.99361929
  9710       1.94548816      -0.00548815       3.99195262
  9711       1.93333333       0.00666667       4.00333333
  9712       1.93666667       0.00333333       4.00166667
  9713       1.94000000       0.00000000       4.00000000
  9714       1.94333333      -0.00333333       3.99833333
  9715       1.94666667      -0.00666667       3.99666667
  9716       1.93451184       0.00548816       4.00804738
  9717       1.93784518       0.00215482       4.00638071
  9718       1.94117851      -0.00117851       4.00471405
  9719       1.94451184      -0.00451184       4.00304738
  9720       1.94784518      -0.00784518       4.00138071
  9721       1.93569036       0.00430964       4.01276142
  9722       1.93902369       0.00097631       4.01109476
  9723       1.94235702      -0.00235702       4.00942809
  9724       1.94569036      -0.00569036       4.00776142
  9725       1.94902369      -0.00902369       4.00609476
  9726       1.93597631       0.00902369       3.99390524
  9727       1.93930964       0.00569036       3.99223858
  9728       1.94264298       0.00235702       3.99057191
  9729       1.94597631      -0.00097631       3.98890524
  9730       1.94930964      -0.00430964       3.98723858
  9731       1.93715482       0.00784518       3.99861929
  9732       1.94048816       0.00451185       3.99695262
  9733       1.94382149       0.00117851       3.99528595
  9734       1.94715482      -0.00215482       3.99361929
  9735       1.95048816      -0.00548815       3.99195262
  9736       1.93833333       0.00666667       4.00333333
  9737       1.94166667       0.00333333       4.00166667
  9738       1.94500000       0.00000000       4.00000000
  9739       1.94833333      -0.00333333       3.99833333
  9740       1.95166667      -0.00666667       3.99666667
  9741       1.93951184       0.00548816       4.00804738
  9742       1.94284518       0.00215482       4.00638071
  9743       1.94617851      -0.00117851       4.00471405
  9744       1.94951184      -0.00451184       4.00304738
  9745       1.95284518      -0.00784518       4.00138071
  9746       1.94069036       0.00430964       4.01276142
  9747       1.94402369       0.00097631       4.01109476
  9748       1.94735702      -0.00235702       4.00942809
  9749       1.95069036      -0.00569036       4.00776142
  9750       1.95402369      -0.00902369       4.00609476
  9751       1.94097631       0.00902369       3.99390524
  9752       1.94430964       0.00569036       3.99223858
  9753       1.94764298       0.00235702       3.99057191
  9754       1.95097631      -0.00097631       3.98890524
  9755       1.95430964      -0.00430964       3.98723858
  9756       1.94215482       0.00784518       3.99861929
  9757       1.94548816       0.00451185       3.99695262
  9758       1.94882149       0.00117851       3.99528595
  9759       1.95215482      -0.00215482       3.99361929
  9760       1.95548816      -0.00548815       3.99195262
  9761       1.94333333       0.00666667       4.00333333
  9762       1.94666667       0.00333333       4.00166667
  9763       1.95000000       0.00000000       4.00000000
  9764       1.95333333      -0.00333333       3.99833333
  9765       1.95666667      -0.00666667       3.99666667
  9766       1.94451184       0.00548816       4.00804738
  9767       1.94784518       0.00215482       4.00638071
  9768       1.95117851      -0.00117851       4.00471405
  9769       1.95451184      -0.00451184       4.00304738
  9770       1.95784518      -0.00784518       4.00138071
  9771       1.94569036       0.00430964       4.01276142
  9772       1.94902369       0.00097631       4.01109476
  9773       1.95235702      -0.00235702       4.00942809
  9774       1.95569036      -0.00569036       4.00776142
  9775       1.95902369      -0.00902369       4.00609476
  9776       1.94597631       0.00902369       3.99390524
  9777       1.94930964       0.00569036       3.99223858
  9778       1.95264298       0.00235702       3.99057191
  9779       1.95597631      -0.00097631       3.98890524
  9780       1.95930964      -0.00430964       3.98723858
  9781       1.94715482       0.00784518       3.99861929
  9782       1.95048816       0.00451185       3.99695262
  9783       1.95382149       0.00117851       3.99528595
  9784       1.95715482      -0.00215482       3.99361929
  9785       1.96048816      -0.00548815       3.99195262
  9786       1.94833333       0.00666667       4.00333333
  9787       1.95166667       0.00333333       4.00166667
  9788       1.95500000       0.00000000       4.00000000
  9789       1.95833333      -0.00333333       3.99833333
  9790       1.96166667      -0.00666667       3.99666667
  9791       1.94951184       0.00548816       4.00804738
  9792       1.95284518       0.00215482       4.00638071
  9793       1.95617851      -0.00117851       4.00471405
  9794       1.95951184      -0.00451184       4.00304738
  9795       1.96284518      -0.00784518       4.00138071
  9796       1.95069036       0.00430964       4.01276142
  9797       1.95402369       0.00097631       4.01109476
  9798       1.95735702      -0.00235702       4.00942809
  9799       1.96069036      -0.00569036       4.00776142
  9800       1.96402369      -0.00902369       4.00609476
  9801       1.95097631       0.00902369       3.99390524
  9802       1.95430964       0.00569036       3.99223858
  9803       1.95764298       0.00235702       3.99057191
  9804       1.96097631      -0.00097631       3.98890524
  9805       1.96430964      -0.00430964       3.98723858
  9806       1.95215482       0.00784518       3.99861929
  9807       1.95548816       0.00451185       3.99695262
  9808       1.95882149       0.00117851       3.99528595
  9809       1.96215482      -0.00215482       3.99361929
  9810       1.96548816      -0.00548815       3.99195262
  9811       1.95333333       0.00666667       4.00333333
  9812       1.95666667       0.00333333       4.00166667
  9813       1.96000000       0.00000000       4.00000000
  9814       1.96333333      -0.00333333       3.99833333
  9815       1.96666667      -0.00666667       3.99666667
  9816       1.95451184       0.00548816       4.00804738
  9817       1.95784518       0.00215482       4.00638071
  9818       1.96117851      -0.00117851       4.00471405
  9819       1.96451184      -0.00451184       4.00304738
  9820       1.96784518      -0.00784518       4.00138071
  9821       1.95569036       0.00430964       4.01276142
  9822       1.95902369       0.00097631       4.01109476
  9823       1.96235702      -0.00235702       4.00942809
  9824       1.96569036      -0.00569036       4.00776142
  9825       1.96902369      -0.00902369       4.00609476
  9826       1.95597631       0.00902369       3.99390524
  9827       1.95930964       0.00569036       3.99223858
  9828       1.96264298       0.00235702       3.99057191
  9829       1.96597631      -0.00097631       3.98890524
  9830       1.96930964      -0.00430964       3.98723858
  9831       1.95715482       0.00784518       3.99861929
  9832       1.96048816       0.00451185       3.99695262
  9833       1.96382149       0.00117851       3.99528595
  9834       1.96715482      -0.00215482       3.99361929
  9835       1.97048816      -0.00548815       3.99195262
  9836       1.95833333       0.00666667       4.00333333
  9837       1.96166667       0.00333333       4.00166667
  9838       1.96500000       0.00000000       4.00000000
  9839       1.96833333      -0.00333333       3.99833333
  9840       1.97166667      -0.00666667       3.99666667
  9841       1.95951184       0.00548816       4.00804738
  9842       1.96284518       0.00215482       4.00638071
  9843       1.96617851      -0.00117851       4.00471405
  9844       1.96951184      -0.00451184       4.00304738
  9845       1.97284518      -0.00784518       4.00138071
  9846       1.96069036       0.00430964       4.01276142
  9847       1.96402369       0.00097631       4.01109476
  9848       1.96735702      -0.00235702       4.00942809
  9849       1.97069036      -0.00569036       4.00776142
  9850       1.97402369      -0.00902369       4.00609476
  9851       1.96097631       0.00902369       3.99390524
  9852       1.96430964       0.00569036       3.99223858
  9853       1.96764298       0.00235702       3.99057191
  9854       1.97097631      -0.00097631       3.98890524
  9855       1.97430964      -0.00430964       3.98723858
  9856       1.96215482       0.00784518       3.99861929
  9857       1.96548816       0.00451185       3.99695262
  9858       1.96882149       0.00117851       3.99528595
  9859       1.97215482      -0.00215482       3.99361929
  9860       1.97548816      -0.00548815       3.99195262
  9861       1.96333333       0.00666667       4.00333333
  9862       1.96666667       0.00333333       4.00166667
  9863       1.97000000       0.00000000       4.00000000
  9864       1.97333333      -0.00333333       3.99833333
  9865       1.97666667      -0.00666667       3.99666667
  9866       1.96451184       0.00548816       4.00804738
  9867       1.96784518       0.00215482       4.00638071
  9868       1.97117851      -0.00117851       4.00471405
  9869       1.97451184      -0.00451184       4.00304738
  9870       1.97784518      -0.00784518       4.00138071
  9871       1.96569036       0.00430964       4.01276142
  9872       1.96902369       0.00097631       4.01109476
  9873       1.97235702      -0.00235702       4.00942809
  9874       1.97569036      -0.00569036       4.00776142
  9875       1.97902369      -0.00902369       4.00609476
  9876       1.96597631       0.00902369       3.99390524
  9877       1.96930964       0.00569036       3.99223858
  9878       1.97264298       0.00235702       3.99057191
  9879       1.97597631      -0.00097631       3.98890524
  9880       1.97930964      -0.00430964       3.98723858
  9881       1.96715482       0.00784518       3.99861929
  9882       1.97048816       0.00451185       3.99695262
  9883       1.97382149       0.00117851       3.99528595
  9884       1.97715482      -0.00215482       3.99361929
  9885       1.98048816      -0.00548815       3.99195262
  9886       1.96833333       0.00666667       4.00333333
  9887       1.97166667       0.00333333       4.00166667
  9888       1.97500000       0.00000000       4.00000000
  9889       1.97833333      -0.00333333       3.99833333
  9890       1.98166667      -0.00666667       3.99666667
  9891       1.96951184       0.00548816       4.00804738
  9892       1.97284518       0.00215482       4.00638071
  9893       1.97617851      -0.00117851       4.00471405
  9894       1.97951184      -0.00451184       4.00304738
  9895       1.98284518      -0.00784518       4.00138071
  9896       1.97069036       0.00430964       4.01276142
  9897       1.97402369       0.00097631       4.01109476
  9898       1.97735702      -0.00235702       4.00942809
  9899       1.98069036      -0.00569036       4.00776142
  9900       1.98402369      -0.00902369       4.00609476
  9901       1.97097631       0.00902369       3.99390524
  9902       1.97430964       0.00569036       3.99223858
  9903       1.97764298       0.00235702       3.99057191
  9904       1.98097631      -0.00097631       3.98890524
  9905       1.98430964      -0.00430964       3.98723858
  9906       1.97215482       0.00784518       3.99861929
  9907       1.97548816       0.00451185       3.99695262
  9908       1.97882149       0.00117851       3.99528595
  9909       1.98215482      -0.00215482       3.99361929
  9910       1.98548816      -0.00548815       3.99195262
  9911       1.97333333       0.00666667       4.00333333
  9912       1.97666667       0.00333333       4.00166667
  9913       1.98000000       0.00000000       4.00000000
  9914       1.98333333      -0.00333333       3.99833333
  9915       1.98666667      -0.00666667       3.99666667
  9916       1.97451184       0.00548816       4.00804738
  9917       1.97784518       0.00215482       4.00638071
  9918       1.98117851      -0.00117851       4.00471405
  9919       1.98451184      -0.00451184       4.00304738
  9920       1.98784518      -0.00784518       4.00138071
  9921       1.97569036       0.00430964       4.01276142
  9922       1.97902369       0.00097631       4.01109476
  9923       1.98235702      -0.00235702       4.00942809
  9924       1.98569036      -0.00569036       4.00776142
  9925       1.98902369      -0.00902369       4.00609476
  9926       1.97597631       0.00902369       3.99390524
  9927       1.97930964       0.00569036       3.99223858
  9928       1.98264298       0.00235702       3.99057191
  9929       1.98597631      -0.00097631       3.98890524
  9930       1.98930964      -0.00430964       3.98723858
  9931       1.97715482       0.00784518       3.99861929
  9932       1.98048816       0.00451185       3.99695262
  9933       1.98382149       0.00117851       3.99528595
  9934       1.98715482      -0.00215482       3.99361929
  9935       1.99048816      -0.00548815       3.99195262
  9936       1.97833333       0.00666667       4.00333333
  9937       1.98166667       0.00333333       4.00166667
  9938       1.98500000       0.00000000       4.00000000
  9939       1.98833333      -0.00333333       3.99833333
  9940       1.99166667      -0.00666667       3.99666667
  9941       1.97951184       0.00548816       4.00804738
  9942       1.98284518       0.00215482       4.00638071
  9943       1.98617851      -0.00117851       4.00471405
  9944       1.98951184      -0.00451184       4.00304738
  9945       1.99284518      -0.00784518       4.00138071
  9946       1.98069036       0.00430964       4.01276142
  9947       1.98402369       0.00097631       4.01109476
  9948       1.98735702      -0.00235702       4.00942809
  9949       1.99069036      -0.00569036       4.00776142
  9950       1.99402369      -0.00902369       4.00609476
  9951       1.98097631       0.00902369       3.99390524
  9952       1.98430964       0.00569036       3.99223858
  9953       1.98764298       0.00235702       3.99057191
  9954       1.99097631      -0.00097631       3.98890524
  9955       1.99430964      -0.00430964       3.98723858
  9956       1.98215482       0.00784518       3.99861929
  9957       1.98548816       0.00451185       3.99695262
  9958       1.98882149       0.00117851       3.99528595
  9959       1.99215482      -0.00215482       3.99361929
  9960       1.99548816      -0.00548815       3.99195262
  9961       1.98333333       0.00666667       4.00333333
  9962       1.98666667       0.00333333       4.00166667
  9963       1.99000000       0.00000000       4.00000000
  9964       1.99333333      -0.00333333       3.99833333
  9965       1.99666667      -0.00666667       3.99666667
  9966       1.98451184       0.00548816       4.00804738
  9967       1.98784518       0.00215482       4.00638071
  9968       1.99117851      -0.00117851       4.00471405
  9969       1.99451184      -0.00451184       4.00304738
  9970       1.99784518      -0.00784518       4.00138071
  9971       1.98569036       0.00430964       4.01276142
  9972       1.98902369       0.00097631       4.01109476
  9973       1.99235702      -0.00235702       4.00942809
  9974       1.99569036      -0.00569036       4.00776142
  9975       1.99902369      -0.00902369       4.00609476
  9976       1.98597631       0.00902369       3.99390524
  9977       1.98930964       0.00569036       3.99223858
  9978       1.99264298       0.00235702       3.99057191
  9979       1.99597631      -0.00097631       3.98890524
  9980       1.99930964      -0.00430964       3.98723858
  9981       1.98715482       0.00784518       3.99861929
  9982       1.99048816       0.00451185       3.99695262
  9983       1.99382149       0.00117851       3.99528595
  9984       1.99715482      -0.00215482       3.99361929
  9985       2.00048816      -0.00548815       3.99195262
  9986       1.98833333       0.00666667       4.00333333
  9987       1.99166667       0.00333333       4.00166667
  9988       1.99500000       0.00000000       4.00000000
  9989       1.99833333      -0.00333333       3.99833333
  9990       2.00166667      -0.00666667       3.99666667
  9991       1.98951184       0.00548816       4.00804738
  9992       1.99284518       0.00215482       4.00638071
  9993       1.99617851      -0.00117851       4.00471405
  9994       1.99951184      -0.00451184       4.00304738
  9995       2.00284518      -0.00784518       4.00138071
  9996       1.99069036       0.00430964       4.01276142
  9997       1.99402369       0.00097631       4.01109476
  9998       1.99735702      -0.00235702       4.00942809
  9999       2.00069036      -0.00569036       4.00776142
 10000       2.00402369      -0.00902369       4.00609476
