     1       0.98667443       1.00888371      -0.00164291
     2       0.99039547       1.00640302      -0.00474378
     3       0.99411652       1.00392232      -0.00784465
     4       0.99783756       1.00144163      -0.01094551
     5       1.00155860       0.99896093      -0.01404638
     6       0.98961617       1.00692255       0.00227941
     7       0.99333722       1.00444186      -0.00082145
     8       0.99705826       1.00196116      -0.00392232
     9       1.00077930       0.99948047      -0.00702319
    10       1.00450034       0.99699977      -0.01012406
    11       0.99255792       1.00496139       0.00620174
    12       0.99627896       1.00248069       0.00310087
    13       1.00000000       1.00000000       0.00000000
    14       1.00372104       0.99751931      -0.00310087
    15       1.00744208       0.99503861      -0.00620174
    16       0.99549966       1.00300023       0.01012406
    17       0.99922070       1.00051953       0.00702319
    18       1.00294174       0.99803884       0.00392232
    19       1.00666278       0.99555814       0.00082145
    20       1.01038383       0.99307745      -0.00227941
    21       0.99844140       1.00103907       0.01404638
    22       1.00216244       0.99855837       0.01094551
    23       1.00588348       0.99607768       0.00784465
    24       1.00960453       0.99359698       0.00474378
    25       1.01332557       0.99111629       0.00164291
    26       0.99167443       1.01388371      -0.00164291
    27       0.99539547       1.01140302      -0.00474378
    28       0.99911652       1.00892232      -0.00784465
    29       1.00283756       1.00644163      -0.01094551
    30       1.00655860       1.00396093      -0.01404638
    31       0.99461617       1.01192255       0.00227941
    32       0.99833722       1.00944186      -0.00082145
    33       1.00205826       1.00696116      -0.00392232
    34       1.00577930       1.00448047      -0.00702319
    35       1.00950034       1.00199977      -0.01012406
    36       0.99755792       1.00996139       0.00620174
    37       1.00127896       1.00748069       0.00310087
    38       1.00500000       1.00500000       0.00000000
    39       1.00872104       1.00251931      -0.00310087
    40       1.01244208       1.00003861      -0.00620174
    41       1.00049966       1.00800023       0.01012406
    42       1.00422070       1.00551953       0.00702319
    43       1.00794174       1.00303884       0.00392232
    44       1.01166278       1.00055814       0.00082145
    45       1.01538383       0.99807745      -0.00227941
    46       1.00344140       1.00603907       0.01404638
    47       1.00716244       1.00355837       0.01094551
    48       1.01088348       1.00107768       0.00784465
    49       1.01460453       0.99859698       0.00474378
    50       1.01832557       0.99611629       0.00164291
    51       0.99667443       1.01888371      -0.00164291
    52       1.00039547       1.01640302      -0.00474378
    53       1.00411652       1.01392232      -0.00784465
    54       1.00783756       1.01144163      -0.01094551
    55       1.01155860       1.00896093      -0.01404638
    56       0.99961617       1.01692255       0.00227941
    57       1.00333722       1.01444186      -0.00082145
    58       1.00705826       1.01196116      -0.00392232
    59       1.01077930       1.00948047      -0.00702319
    60       1.01450034       1.00699977      -0.01012406
    61       1.00255792       1.01496139       0.00620174
    62       1.00627896       1.01248069       0.00310087
    63       1.01000000       1.01000000       0.00000000
    64       1.01372104       1.00751931      -0.00310087
    65       1.01744208       1.00503861      -0.00620174
    66       1.00549966       1.01300023       0.01012406
    67       1.00922070       1.01051953       0.00702319
    68       1.01294174       1.00803884       0.00392232
    69       1.01666278       1.00555814       0.00082145
    70       1.02038383       1.00307745      -0.00227941
    71       1.00844140       1.01103907       0.01404638
    72       1.01216244       1.00855837       0.01094551
    73       1.01588348       1.00607768       0.00784465
    74       1.01960453       1.00359698       0.00474378
    75       1.02332557       1.00111629       0.00164291
    76       1.00167443       1.02388371      -0.00164291
    77       1.00539547       1.02140302      -0.00474378
    78       1.00911652       1.01892232      -0.00784465
    79       1.01283756       1.01644163      -0.01094551
    80       1.01655860       1.01396093      -0.01404638
    81       1.00461617       1.02192255       0.00227941
    82       1.00833722       1.01944186      -0.00082145
    83       1.01205826       1.01696116      -0.00392232
    84       1.01577930       1.01448047      -0.00702319
    85       1.01950034       1.01199977      -0.01012406
    86       1.00755792       1.01996139       0.00620174
    87       1.01127896       1.01748069       0.00310087
    88       1.01500000       1.01500000       0.00000000
    89       1.01872104       1.01251931      -0.00310087
    90       1.02244208       1.01003861      -0.00620174
    91       1.01049966       1.01800023       0.01012406
    92       1.01422070       1.01551953       0.00702319
    93       1.01794174       1.01303884       0.00392232
    94       1.02166278       1.01055814       0.00082145
    95       1.02538383       1.00807745      -0.00227941
    96       1.01344140       1.01603907       0.01404638
    97       1.01716244       1.01355837       0.01094551
    98       1.02088348       1.01107768       0.00784465
    99       1.02460453       1.00859698       0.00474378
   100       1.02832557       1.00611629       0.00164291
   101       1.00667443       1.02888371      -0.00164291
   102       1.01039547       1.02640302      -0.00474378
   103       1.01411652       1.02392232      -0.00784465
   104       1.01783756       1.02144163      -0.01094551
   105       1.02155860       1.01896093      -0.01404638
   106       1.00961617       1.02692255       0.00227941
   107       1.01333722       1.02444186      -0.00082145
   108       1.01705826       1.02196116      -0.00392232
   109       1.02077930       1.01948047      -0.00702319
   110       1.02450034       1.01699977      -0.01012406
   111       1.01255792       1.02496139       0.00620174
   112       1.01627896       1.02248069       0.00310087
   113       1.02000000       1.02000000       0.00000000
   114       1.02372104       1.01751931      -0.00310087
   115       1.02744208       1.01503861      -0.00620174
   116       1.01549966       1.02300023       0.01012406
   117       1.01922070       1.02051953       0.00702319
   118       1.02294174       1.01803884       0.00392232
   119       1.02666278       1.01555814       0.00082145
   120       1.03038383       1.01307745      -0.00227941
   121       1.01844140       1.02103907       0.01404638
   122       1.02216244       1.01855837       0.01094551
   123       1.02588348       1.01607768       0.00784465
   124       1.02960453       1.01359698       0.00474378
   125       1.03332557       1.01111629       0.00164291
   126       1.01167443       1.03388371      -0.00164291
   127       1.01539547       1.03140302      -0.00474378
   128       1.01911652       1.02892232      -0.00784465
   129       1.02283756       1.02644163      -0.01094551
   130       1.02655860       1.02396093      -0.01404638
   131       1.01461617       1.03192255       0.00227941
   132       1.01833722       1.02944186      -0.00082145
   133       1.02205826       1.02696116      -0.00392232
   134       1.02577930       1.02448047      -0.00702319
   135       1.02950034       1.02199977      -0.01012406
   136       1.01755792       1.02996139       0.00620174
   137       1.02127896       1.02748069       0.00310087
   138       1.02500000       1.02500000       0.00000000
   139       1.02872104       1.02251931      -0.00310087
   140       1.03244208       1.02003861      -0.00620174
   141       1.02049966       1.02800023       0.01012406
   142       1.02422070       1.02551953       0.00702319
   143       1.02794174       1.02303884       0.00392232
   144       1.03166278       1.02055814       0.00082145
   145       1.03538383       1.01807745      -0.00227941
   146       1.02344140       1.02603907       0.01404638
   147       1.02716244       1.02355837       0.01094551
   148       1.03088348       1.02107768       0.00784465
   149       1.03460453       1.01859698       0.00474378
   150       1.03832557       1.01611629       0.00164291
   151       1.01667443       1.03888371      -0.00164291
   152       1.02039547       1.03640302      -0.00474378
   153       1.02411652       1.03392232      -0.00784465
   154       1.02783756       1.03144163      -0.01094551
   155       1.03155860       1.02896093      -0.01404638
   156       1.01961617       1.03692255       0.00227941
   157       1.02333722       1.03444186      -0.00082145
   158       1.02705826       1.03196116      -0.00392232
   159       1.03077930       1.02948047      -0.00702319
   160       1.03450034       1.02699977      -0.01012406
   161       1.02255792       1.03496139       0.00620174
   162       1.02627896       1.03248069       0.00310087
   163       1.03000000       1.03000000       0.00000000
   164       1.03372104       1.02751931      -0.00310087
   165       1.03744208       1.02503861      -0.00620174
   166       1.02549966       1.03300023       0.01012406
   167       1.02922070       1.03051953       0.00702319
   168       1.03294174       1.02803884       0.00392232
   169       1.03666278       1.02555814       0.00082145
   170       1.04038383       1.02307745      -0.00227941
   171       1.02844140       1.03103907       0.01404638
   172       1.03216244       1.02855837       0.01094551
   173       1.03588348       1.02607768       0.00784465
   174       1.03960453       1.02359698       0.00474378
   175       1.04332557       1.02111629       0.00164291
   176       1.02167443       1.04388371      -0.00164291
   177       1.02539547       1.04140302      -0.00474378
   178       1.02911652       1.03892232      -0.00784465
   179       1.03283756       1.03644163      -0.01094551
   180       1.03655860       1.03396093      -0.01404638
   181       1.02461617       1.04192255       0.00227941
   182       1.02833722       1.03944186      -0.00082145
   183       1.03205826       1.03696116      -0.00392232
   184       1.03577930       1.03448047      -0.00702319
   185       1.03950034       1.03199977      -0.01012406
   186       1.02755792       1.03996139       0.00620174
   187       1.03127896       1.03748069       0.00310087
   188       1.03500000       1.03500000       0.00000000
   189       1.03872104       1.03251931      -0.00310087
   190       1.04244208       1.03003861      -0.00620174
   191       1.03049966       1.03800023       0.01012406
   192       1.03422070       1.03551953       0.00702319
   193       1.03794174       1.03303884       0.00392232
   194       1.04166278       1.03055814       0.00082145
   195       1.04538383       1.02807745      -0.00227941
   196       1.03344140       1.03603907       0.01404638
   197       1.03716244       1.03355837       0.01094551
   198       1.04088348       1.03107768       0.00784465
   199       1.04460453       1.02859698       0.00474378
   200       1.04832557       1.02611629       0.00164291
   201       1.02667443       1.04888371      -0.00164291
   202       1.03039547       1.04640302      -0.00474378
   203       1.03411652       1.04392232      -0.00784465
   204       1.03783756       1.04144163      -0.01094551
   205       1.04155860       1.03896093      -0.01404638
   206       1.02961617       1.04692255       0.00227941
   207       1.03333722       1.04444186      -0.00082145
   208       1.03705826       1.04196116      -0.00392232
   209       1.04077930       1.03948047      -0.00702319
   210       1.04450034       1.03699977      -0.01012406
   211       1.03255792       1.04496139       0.00620174
   212       1.03627896       1.04248070       0.00310087
   213       1.04000000       1.04000000       0.00000000
   214       1.04372104       1.03751931      -0.00310087
   215       1.04744208       1.03503861      -0.00620174
   216       1.03549966       1.04300023       0.01012406
   217       1.03922070       1.04051953       0.00702319
   218       1.04294174       1.03803884       0.00392232
   219       1.04666278       1.03555814       0.00082145
   220       1.05038383       1.03307745      -0.00227941
   221       1.03844140       1.04103907       0.01404638
   222       1.04216244       1.03855837       0.01094551
   223       1.04588348       1.03607768       0.00784465
   224       1.04960453       1.03359698       0.00474378
   225       1.05332557       1.03111629       0.00164291
   226       1.03167443       1.05388371      -0.00164291
   227       1.03539547       1.05140302      -0.00474378
   228       1.03911652       1.04892232      -0.00784465
   229       1.04283756       1.04644163      -0.01094551
   230       1.04655860       1.04396093      -0.01404638
   231       1.03461617       1.05192255       0.00227941
   232       1.03833722       1.04944186      -0.00082145
   233       1.04205826       1.04696116      -0.00392232
   234       1.04577930       1.04448047      -0.00702319
   235       1.04950034       1.04199977      -0.01012406
   236       1.03755792       1.04996139       0.00620174
   237       1.04127896       1.04748070       0.00310087
   238       1.04500000       1.04500000       0.00000000
   239       1.04872104       1.04251931      -0.00310087
   240       1.05244208       1.04003861      -0.00620174
   241       1.04049966       1.04800023       0.01012406
   242       1.04422070       1.04551953       0.00702319
   243       1.04794174       1.04303884       0.00392232
   244       1.05166278       1.04055814       0.00082145
   245       1.05538383       1.03807745      -0.00227941
   246       1.04344140       1.04603907       0.01404638
   247       1.04716244       1.04355837       0.01094551
   248       1.05088348       1.04107768       0.00784465
   249       1.05460453       1.03859698       0.00474378
   250       1.05832557       1.03611629       0.00164291
   251       1.03667443       1.05888371      -0.00164291
   252       1.04039547       1.05640302      -0.00474378
   253       1.04411652       1.05392232      -0.00784465
   254       1.04783756       1.05144163      -0.01094551
   255       1.05155860       1.04896093      -0.01404638
   256       1.03961617       1.05692255       0.00227941
   257       1.04333722       1.05444186      -0.00082145
   258       1.04705826       1.05196116      -0.00392232
   259       1.05077930       1.04948047      -0.00702319
   260       1.05450034       1.04699977      -0.01012406
   261       1.04255792       1.05496139       0.00620174
   262       1.04627896       1.05248070       0.00310087
   263       1.05000000       1.05000000       0.00000000
   264       1.05372104       1.04751931      -0.00310087
   265       1.05744208       1.04503861      -0.00620174
   266       1.04549966       1.05300023       0.01012406
   267       1.04922070       1.05051953       0.00702319
   268       1.05294174       1.04803884       0.00392232
   269       1.05666278       1.04555814       0.00082145
   270       1.06038383       1.04307745      -0.00227941
   271       1.04844140       1.05103907       0.01404638
   272       1.05216244       1.04855837       0.01094551
   273       1.05588348       1.04607768       0.00784465
   274       1.05960453       1.04359698       0.00474378
   275       1.06332557       1.04111629       0.00164291
   276       1.04167443       1.06388371      -0.00164291
   277       1.04539547       1.06140302      -0.00474378
   278       1.04911652       1.05892232      -0.00784465
   279       1.05283756       1.05644163      -0.01094551
   280       1.05655860       1.05396093      -0.01404638
   281       1.04461617       1.06192255       0.00227941
   282       1.04833722       1.05944186      -0.00082145
   283       1.05205826       1.05696116      -0.00392232
   284       1.05577930       1.05448047      -0.00702319
   285       1.05950034       1.05199977      -0.01012406
   286       1.04755792       1.05996139       0.00620174
   287       1.05127896       1.05748070       0.00310087
   288       1.05500000       1.05500000       0.00000000
   289       1.05872104       1.05251931      -0.00310087
   290       1.06244208       1.05003861      -0.00620174
   291       1.05049966       1.05800023       0.01012406
   292       1.05422070       1.05551953       0.00702319
   293       1.05794174       1.05303884       0.00392232
   294       1.06166278       1.05055814       0.00082145
   295       1.06538383       1.04807745      -0.00227941
   296       1.05344140       1.05603907       0.01404638
   297       1.05716244       1.05355837       0.01094551
   298       1.06088348       1.05107768       0.00784465
   299       1.06460453       1.04859698       0.00474378
   300       1.06832557       1.04611629       0.00164291
   301       1.04667443       1.06888371      -0.00164291
   302       1.05039547       1.06640302      -0.00474378
   303       1.05411652       1.06392232      -0.00784465
   304       1.05783756       1.06144163      -0.01094551
   305       1.06155860       1.05896093      -0.01404638
   306       1.04961617       1.06692255       0.00227941
   307       1.05333722       1.06444186      -0.00082145
   308       1.05705826       1.06196116      -0.00392232
   309       1.06077930       1.05948047      -0.00702319
   310       1.06450034       1.05699977      -0.01012406
   311       1.05255792       1.06496139       0.00620174
   312       1.05627896       1.06248070       0.00310087
   313       1.06000000       1.06000000       0.00000000
   314       1.06372104       1.05751931      -0.00310087
   315       1.06744208       1.05503861      -0.00620174
   316       1.05549966       1.06300023       0.01012406
   317       1.05922070       1.06051953       0.00702319
   318       1.06294174       1.05803884       0.00392232
   319       1.06666278       1.05555814       0.00082145
   320       1.07038383       1.05307745      -0.00227941
   321       1.05844140       1.06103907       0.01404638
   322       1.06216244       1.05855837       0.01094551
   323       1.06588348       1.05607768       0.00784465
   324       1.06960453       1.05359698       0.00474378
   325       1.07332557       1.05111629       0.00164291
   326       1.05167443       1.07388371      -0.00164291
   327       1.05539547       1.07140302      -0.00474378
   328       1.05911652       1.06892232      -0.00784465
   329       1.06283756       1.06644163      -0.01094551
   330       1.06655860       1.06396093      -0.01404638
   331       1.05461617       1.07192255       0.00227941
   332       1.05833722       1.06944186      -0.00082145
   333       1.06205826       1.06696116      -0.00392232
   334       1.06577930       1.06448047      -0.00702319
   335       1.06950034       1.06199977      -0.01012406
   336       1.05755792       1.06996139       0.00620174
   337       1.06127896       1.06748070       0.00310087
   338       1.06500000       1.06500000       0.00000000
   339       1.06872104       1.06251931      -0.00310087
   340       1.07244208       1.06003861      -0.00620174
   341       1.06049966       1.06800023       0.01012406
   342       1.06422070       1.06551953       0.00702319
   343       1.06794174       1.06303884       0.00392232
   344       1.07166278       1.06055814       0.00082145
   345       1.07538383       1.05807745      -0.00227941
   346       1.06344140       1.06603907       0.01404638
   347       1.06716244       1.06355837       0.01094551
   348       1.07088348       1.06107768       0.00784465
   349       1.07460453       1.05859698       0.00474378
   350       1.07832557       1.05611629       0.00164291
   351       1.05667443       1.07888371      -0.00164291
   352       1.06039547       1.07640302      -0.00474378
   353       1.06411652       1.07392232      -0.00784465
   354       1.06783756       1.07144163      -0.01094551
   355       1.07155860       1.06896093      -0.01404638
   356       1.05961617       1.07692255       0.00227941
   357       1.06333722       1.07444186      -0.00082145
   358       1.06705826       1.07196116      -0.00392232
   359       1.07077930       1.06948047      -0.00702319
   360       1.07450034       1.06699977      -0.01012406
   361       1.06255792       1.07496139       0.00620174
   362       1.06627896       1.07248070       0.00310087
   363       1.07000000       1.07000000       0.00000000
   364       1.07372104       1.06751931      -0.00310087
   365       1.07744208       1.06503861      -0.00620174
   366       1.06549966       1.07300023       0.01012406
   367       1.06922070       1.07051953       0.00702319
   368       1.07294174       1.06803884       0.00392232
   369       1.07666278       1.06555814       0.00082145
   370       1.08038383       1.06307745      -0.00227941
   371       1.06844140       1.07103907       0.01404638
   372       1.07216244       1.06855837       0.01094551
   373       1.07588348       1.06607768       0.00784465
   374       1.07960453       1.06359698       0.00474378
   375       1.08332557       1.06111629       0.00164291
   376       1.06167443       1.08388371      -0.00164291
   377       1.06539547       1.08140302      -0.00474378
   378       1.06911652       1.07892232      -0.00784465
   379       1.07283756       1.07644163      -0.01094551
   380       1.07655860       1.07396093      -0.01404638
   381       1.06461617       1.08192255       0.00227941
   382       1.06833722       1.07944186      -0.00082145
   383       1.07205826       1.07696116      -0.00392232
   384       1.07577930       1.07448047      -0.00702319
   385       1.07950034       1.07199977      -0.01012406
   386       1.06755792       1.07996139       0.00620174
   387       1.07127896       1.07748070       0.00310087
   388       1.07500000       1.07500000       0.00000000
   389       1.07872104       1.07251931      -0.00310087
   390       1.08244208       1.07003861      -0.00620174
   391       1.07049966       1.07800023       0.01012406
   392       1.07422070       1.07551953       0.00702319
   393       1.07794174       1.07303884       0.00392232
   394       1.08166278       1.07055814       0.00082145
   395       1.08538383       1.06807745      -0.00227941
   396       1.07344140       1.07603907       0.01404638
   397       1.07716244       1.07355837       0.01094551
   398       1.08088348       1.07107768       0.00784465
   399       1.08460453       1.06859698       0.00474378
   400       1.08832557       1.06611629       0.00164291
   401       1.06667443       1.08888371      -0.00164291
   402       1.07039547       1.08640302      -0.00474378
   403       1.07411652       1.08392232      -0.00784465
   404       1.07783756       1.08144163      -0.01094551
   405       1.08155860       1.07896093      -0.01404638
   406       1.06961617       1.08692255       0.00227941
   407       1.07333722       1.08444186      -0.00082145
   408       1.07705826       1.08196116      -0.00392232
   409       1.08077930       1.07948047      -0.00702319
   410       1.08450034       1.07699977      -0.01012406
   411       1.07255792       1.08496139       0.00620174
   412       1.07627896       1.08248070       0.00310087
   413       1.08000000       1.08000000       0.00000000
   414       1.08372104       1.07751931      -0.00310087
   415       1.08744208       1.07503861      -0.00620174
   416       1.07549966       1.08300023       0.01012406
   417       1.07922070       1.08051953       0.00702319
   418       1.08294174       1.07803884       0.00392232
   419       1.08666278       1.07555814       0.00082145
   420       1.09038383       1.07307745      -0.00227941
   421       1.07844140       1.08103907       0.01404638
   422       1.08216244       1.07855837       0.01094551
   423       1.08588348       1.07607768       0.00784465
   424       1.08960453       1.07359698       0.00474378
   425       1.09332557       1.07111629       0.00164291
   426       1.07167443       1.09388371      -0.00164291
   427       1.07539547       1.09140302      -0.00474378
   428       1.07911652       1.08892232      -0.00784465
   429       1.08283756       1.08644163      -0.01094551
   430       1.08655860       1.08396093      -0.01404638
   431       1.07461617       1.09192255       0.00227941
   432       1.07833722       1.08944186      -0.00082145
   433       1.08205826       1.08696116      -0.00392232
   434       1.08577930       1.08448047      -0.00702319
   435       1.08950034       1.08199977      -0.01012406
   436       1.07755792       1.08996139       0.00620174
   437       1.08127896       1.08748070       0.00310087
   438       1.08500000       1.08500000       0.00000000
   439       1.08872104       1.08251931      -0.00310087
   440       1.09244208       1.08003861      -0.00620174
   441       1.08049966       1.08800023       0.01012406
   442       1.08422070       1.08551953       0.00702319
   443       1.08794174       1.08303884       0.00392232
   444       1.09166278       1.08055814       0.00082145
   445       1.09538383       1.07807745      -0.00227941
   446       1.08344140       1.08603907       0.01404638
   447       1.08716244       1.08355837       0.01094551
   448       1.09088348       1.08107768       0.00784465
   449       1.09460453       1.07859698       0.00474378
   450       1.09832557       1.07611629       0.00164291
   451       1.07667443       1.09888371      -0.00164291
   452       1.08039547       1.09640302      -0.00474378
   453       1.08411652       1.09392232      -0.00784465
   454       1.08783756       1.09144163      -0.01094551
   455       1.09155860       1.08896093      -0.01404638
   456       1.07961617       1.09692255       0.00227941
   457       1.08333722       1.09444186      -0.00082145
   458       1.08705826       1.09196116      -0.00392232
   459       1.09077930       1.08948047      -0.00702319
   460       1.09450034       1.08699977      -0.01012406
   461       1.08255792       1.09496139       0.00620174
   462       1.08627896       1.09248070       0.00310087
   463       1.09000000       1.09000000       0.00000000
   464       1.09372104       1.08751931      -0.00310087
   465       1.09744208       1.08503861      -0.00620174
   466       1.08549966       1.09300023       0.01012406
   467       1.08922070       1.09051953       0.00702319
   468       1.09294174       1.08803884       0.00392232
   469       1.09666278       1.08555814       0.00082145
   470       1.10038383       1.08307745      -0.00227941
   471       1.08844140       1.09103907       0.01404638
   472       1.09216244       1.08855837       0.01094551
   473       1.09588348       1.08607768       0.00784465
   474       1.09960453       1.08359698       0.00474378
   475       1.10332557       1.08111629       0.00164291
   476       1.08167443       1.10388371      -0.00164291
   477       1.08539547       1.10140302      -0.00474378
   478       1.08911652       1.09892232      -0.00784465
   479       1.09283756       1.09644163      -0.01094551
   480       1.09655860       1.09396093      -0.01404638
   481       1.08461617       1.10192255       0.00227941
   482       1.08833722       1.09944186      -0.00082145
   483       1.09205826       1.09696116      -0.00392232
   484       1.09577930       1.09448047      -0.00702319
   485       1.09950034       1.09199977      -0.01012406
   486       1.08755792       1.09996139       0.00620174
   487       1.09127896       1.09748070       0.00310087
   488       1.09500000       1.09500000       0.00000000
   489       1.09872104       1.09251931      -0.00310087
   490       1.10244208       1.09003861      -0.00620174
   491       1.09049966       1.09800023       0.01012406
   492       1.09422070       1.09551953       0.00702319
   493       1.09794174       1.09303884       0.00392232
   494       1.10166278       1.09055814       0.00082145
   495       1.10538383       1.08807745      -0.00227941
   496       1.09344140       1.09603907       0.01404638
   497       1.09716244       1.09355837       0.01094551
   498       1.10088348       1.09107768       0.00784465
   499       1.10460453       1.08859698       0.00474378
   500       1.10832557       1.08611629       0.00164291
   501       1.08667443       1.10888371      -0.00164291
   502       1.09039547       1.10640302      -0.00474378
   503       1.09411652       1.10392232      -0.00784465
   504       1.09783756       1.10144163      -0.01094551
   505       1.10155860       1.09896093      -0.01404638
   506       1.08961617       1.10692255       0.00227941
   507       1.09333722       1.10444186      -0.00082145
   508       1.09705826       1.10196116      -0.00392232
   509       1.10077930       1.09948047      -0.00702319
   510       1.10450034       1.09699977      -0.01012406
   511       1.09255792       1.10496139       0.00620174
   512       1.09627896       1.10248070       0.00310087
   513       1.10000000       1.10000000       0.00000000
   514       1.10372104       1.09751931      -0.00310087
   515       1.10744208       1.09503861      -0.00620174
   516       1.09549966       1.10300023       0.01012406
   517       1.09922070       1.10051953       0.00702319
   518       1.10294174       1.09803884       0.00392232
   519       1.10666278       1.09555814       0.00082145
   520       1.11038383       1.09307745      -0.00227941
   521       1.09844140       1.10103907       0.01404638
   522       1.10216244       1.09855837       0.01094551
   523       1.10588348       1.09607768       0.00784465
   524       1.10960453       1.09359698       0.00474378
   525       1.11332557       1.09111629       0.00164291
   526       1.09167443       1.11388371      -0.00164291
   527       1.09539547       1.11140302      -0.00474378
   528       1.09911652       1.10892232      -0.00784465
   529       1.10283756       1.10644163      -0.01094551
   530       1.10655860       1.10396093      -0.01404638
   531       1.09461617       1.11192255       0.00227941
   532       1.09833722       1.10944186      -0.00082145
   533       1.10205826       1.10696116      -0.00392232
   534       1.10577930       1.10448047      -0.00702319
   535       1.10950034       1.10199977      -0.01012406
   536       1.09755792       1.10996139       0.00620174
   537       1.10127896       1.10748070       0.00310087
   538       1.10500000       1.10500000       0.00000000
   539       1.10872104       1.10251931      -0.00310087
   540       1.11244208       1.10003861      -0.00620174
   541       1.10049966       1.10800023       0.01012406
   542       1.10422070       1.10551953       0.00702319
   543       1.10794174       1.10303884       0.00392232
   544       1.11166278       1.10055814       0.00082145
   545       1.11538383       1.09807745      -0.00227941
   546       1.10344140       1.10603907       0.01404638
   547       1.10716244       1.10355837       0.01094551
   548       1.11088348       1.10107768       0.00784465
   549       1.11460453       1.09859698       0.00474378
   550       1.11832557       1.09611629       0.00164291
   551       1.09667443       1.11888371      -0.00164291
   552       1.10039547       1.11640302      -0.00474378
   553       1.10411652       1.11392232      -0.00784465
   554       1.10783756       1.11144163      -0.01094551
   555       1.11155860       1.10896093      -0.01404638
   556       1.09961617       1.11692255       0.00227941
   557       1.10333722       1.11444186      -0.00082145
   558       1.10705826       1.11196116      -0.00392232
   559       1.11077930       1.10948047      -0.00702319
   560       1.11450034       1.10699977      -0.01012406
   561       1.10255792       1.11496139       0.00620174
   562       1.10627896       1.11248070       0.00310087
   563       1.11000000       1.11000000       0.00000000
   564       1.11372104       1.10751931      -0.00310087
   565       1.11744208       1.10503861      -0.00620174
   566       1.10549966       1.11300023       0.01012406
   567       1.10922070       1.11051953       0.00702319
   568       1.11294174       1.10803884       0.00392232
   569       1.11666278       1.10555814       0.00082145
   570       1.12038383       1.10307745      -0.00227941
   571       1.10844140       1.11103907       0.01404638
   572       1.11216244       1.10855837       0.01094551
   573       1.11588348       1.10607768       0.00784465
   574       1.11960453       1.10359698       0.00474378
   575       1.12332557       1.10111629       0.00164291
   576       1.10167443       1.12388371      -0.00164291
   577       1.10539547       1.12140302      -0.00474378
   578       1.10911652       1.11892232      -0.00784465
   579       1.11283756       1.11644163      -0.01094551
   580       1.11655860       1.11396093      -0.01404638
   581       1.10461617       1.12192255       0.00227941
   582       1.10833722       1.11944186      -0.00082145
   583       1.11205826       1.11696116      -0.00392232
   584       1.11577930       1.11448047      -0.00702319
   585       1.11950034       1.11199977      -0.01012406
   586       1.10755792       1.11996139       0.00620174
   587       1.11127896       1.11748070       0.00310087
   588       1.11500000       1.11500000       0.00000000
   589       1.11872104       1.11251931      -0.00310087
   590       1.12244208       1.11003861      -0.00620174
   591       1.11049966       1.11800023       0.01012406
   592       1.11422070       1.11551953       0.00702319
   593       1.11794174       1.11303884       0.00392232
   594       1.12166278       1.11055814       0.00082145
   595       1.12538383       1.10807745      -0.00227941
   596       1.11344140       1.11603907       0.01404638
   597       1.11716244       1.11355837       0.01094551
   598       1.12088348       1.11107768       0.00784465
   599       1.12460453       1.10859698       0.00474378
   600       1.12832557       1.10611629       0.00164291
   601       1.10667443       1.12888371      -0.00164291
   602       1.11039547       1.12640302      -0.00474378
   603       1.11411652       1.12392232      -0.00784465
   604       1.11783756       1.12144163      -0.01094551
   605       1.12155860       1.11896093      -0.01404638
   606       1.10961617       1.12692255       0.00227941
   607       1.11333722       1.12444186      -0.00082145
   608       1.11705826       1.12196116      -0.00392232
   609       1.12077930       1.11948047      -0.00702319
   610       1.12450034       1.11699977      -0.01012406
   611       1.11255792       1.12496139       0.00620174
   612       1.11627896       1.12248070       0.00310087
   613       1.12000000       1.12000000       0.00000000
   614       1.12372104       1.11751931      -0.00310087
   615       1.12744208       1.11503861      -0.00620174
   616       1.11549966       1.12300023       0.01012406
   617       1.11922070       1.12051953       0.00702319
   618       1.12294174       1.11803884       0.00392232
   619       1.12666278       1.11555814       0.00082145
   620       1.13038383       1.11307745      -0.00227941
   621       1.11844140       1.12103907       0.01404638
   622       1.12216244       1.11855837       0.01094551
   623       1.12588348       1.11607768       0.00784465
   624       1.12960453       1.11359698       0.00474378
   625       1.13332557       1.11111629       0.00164291
   626       1.11167443       1.13388371      -0.00164291
   627       1.11539547       1.13140302      -0.00474378
   628       1.11911652       1.12892232      -0.00784465
   629       1.12283756       1.12644163      -0.01094551
   630       1.12655860       1.12396093      -0.01404638
   631       1.11461617       1.13192255       0.00227941
   632       1.11833722       1.12944186      -0.00082145
   633       1.12205826       1.12696116      -0.00392232
   634       1.12577930       1.12448047      -0.00702319
   635       1.12950034       1.12199977      -0.01012406
   636       1.11755792       1.12996139       0.00620174
   637       1.12127896       1.12748070       0.00310087
   638       1.12500000       1.12500000       0.00000000
   639       1.12872104       1.12251931      -0.00310087
   640       1.13244208       1.12003861      -0.00620174
   641       1.12049966       1.12800023       0.01012406
   642       1.12422070       1.12551953       0.00702319
   643       1.12794174       1.12303884       0.00392232
   644       1.13166278       1.12055814       0.00082145
   645       1.13538383       1.11807745      -0.00227941
   646       1.12344140       1.12603907       0.01404638
   647       1.12716244       1.12355837       0.01094551
   648       1.13088348       1.12107768       0.00784465
   649       1.13460453       1.11859698       0.00474378
   650       1.13832557       1.11611629       0.00164291
   651       1.11667443       1.13888371      -0.00164291
   652       1.12039547       1.13640302      -0.00474378
   653       1.12411652       1.13392232      -0.00784465
   654       1.12783756       1.13144163      -0.01094551
   655       1.13155860       1.12896093      -0.01404638
   656       1.11961617       1.13692255       0.00227941
   657       1.12333722       1.13444186      -0.00082145
   658       1.12705826       1.13196116      -0.00392232
   659       1.13077930       1.12948047      -0.00702319
   660       1.13450034       1.12699977      -0.01012406
   661       1.12255792       1.13496139       0.00620174
   662       1.12627896       1.13248070       0.00310087
   663       1.13000000       1.13000000       0.00000000
   664       1.13372104       1.12751931      -0.00310087
   665       1.13744208       1.12503861      -0.00620174
   666       1.12549966       1.13300023       0.01012406
   667       1.12922070       1.13051953       0.00702319
   668       1.13294174       1.12803884       0.00392232
   669       1.13666278       1.12555814       0.00082145
   670       1.14038383       1.12307745      -0.00227941
   671       1.12844140       1.13103907       0.01404638
   672       1.13216244       1.12855837       0.01094551
   673       1.13588348       1.12607768       0.00784465
   674       1.13960453       1.12359698       0.00474378
   675       1.14332557       1.12111629       0.00164291
   676       1.12167443       1.14388371      -0.00164291
   677       1.12539547       1.14140302      -0.00474378
   678       1.12911652       1.13892232      -0.00784465
   679       1.13283756       1.13644163      -0.01094551
   680       1.13655860       1.13396093      -0.01404638
   681       1.12461617       1.14192255       0.00227941
   682       1.12833722       1.13944186      -0.00082145
   683       1.13205826       1.13696116      -0.00392232
   684       1.13577930       1.13448047      -0.00702319
   685       1.13950034       1.13199977      -0.01012406
   686       1.12755792       1.13996139       0.00620174
   687       1.13127896       1.13748070       0.00310087
   688       1.13500000       1.13500000       0.00000000
   689       1.13872104       1.13251931      -0.00310087
   690       1.14244208       1.13003861      -0.00620174
   691       1.13049966       1.13800023       0.01012406
   692       1.13422070       1.13551953       0.00702319
   693       1.13794174       1.13303884       0.00392232
   694       1.14166278       1.13055814       0.00082145
   695       1.14538383       1.12807745      -0.00227941
   696       1.13344140       1.13603907       0.01404638
   697       1.13716244       1.13355837       0.01094551
   698       1.14088348       1.13107768       0.00784465
   699       1.14460453       1.12859698       0.00474378
   700       1.14832557       1.12611629       0.00164291
   701       1.12667443       1.14888371      -0.00164291
   702       1.13039547       1.14640302      -0.00474378
   703       1.13411652       1.14392232      -0.00784465
   704       1.13783756       1.14144163      -0.01094551
   705       1.14155860       1.13896093      -0.01404638
   706       1.12961617       1.14692255       0.00227941
   707       1.13333722       1.14444186      -0.00082145
   708       1.13705826       1.14196116      -0.00392232
   709       1.14077930       1.13948047      -0.00702319
   710       1.14450034       1.13699977      -0.01012406
   711       1.13255792       1.14496139       0.00620174
   712       1.13627896       1.14248070       0.00310087
   713       1.14000000       1.14000000       0.00000000
   714       1.14372104       1.13751931      -0.00310087
   715       1.14744208       1.13503861      -0.00620174
   716       1.13549966       1.14300023       0.01012406
   717       1.13922070       1.14051953       0.00702319
   718       1.14294174       1.13803884       0.00392232
   719       1.14666278       1.13555814       0.00082145
   720       1.15038383       1.13307745      -0.00227941
   721       1.13844140       1.14103907       0.01404638
   722       1.14216244       1.13855837       0.01094551
   723       1.14588348       1.13607768       0.00784465
   724       1.14960453       1.13359698       0.00474378
   725       1.15332557       1.13111629       0.00164291
   726       1.13167443       1.15388371      -0.00164291
   727       1.13539547       1.15140302      -0.00474378
   728       1.13911652       1.14892232      -0.00784465
   729       1.14283756       1.14644163      -0.01094551
   730       1.14655860       1.14396093      -0.01404638
   731       1.13461617       1.15192255       0.00227941
   732       1.13833722       1.14944186      -0.00082145
   733       1.14205826       1.14696116      -0.00392232
   734       1.14577930       1.14448047      -0.00702319
   735       1.14950034       1.14199977      -0.01012406
   736       1.13755792       1.14996139       0.00620174
   737       1.14127896       1.14748070       0.00310087
   738       1.14500000       1.14500000       0.00000000
   739       1.14872104       1.14251931      -0.00310087
   740       1.15244208       1.14003861      -0.00620174
   741       1.14049966       1.14800023       0.01012406
   742       1.14422070       1.14551953       0.00702319
   743       1.14794174       1.14303884       0.00392232
   744       1.15166278       1.14055814       0.00082145
   745       1.15538383       1.13807745      -0.00227941
   746       1.14344140       1.14603907       0.01404638
   747       1.14716244       1.14355837       0.01094551
   748       1.15088348       1.14107768       0.00784465
   749       1.15460453       1.13859698       0.00474378
   750       1.15832557       1.13611629       0.00164291
   751       1.13667443       1.15888371      -0.00164291
   752       1.14039547       1.15640302      -0.00474378
   753       1.14411652       1.15392232      -0.00784465
   754       1.14783756       1.15144163      -0.01094551
   755       1.15155860       1.14896093      -0.01404638
   756       1.13961617       1.15692255       0.00227941
   757       1.14333722       1.15444186      -0.00082145
   758       1.14705826       1.15196116      -0.00392232
   759       1.15077930       1.14948047      -0.00702319
   760       1.15450034       1.14699977      -0.01012406
   761       1.14255792       1.15496139       0.00620174
   762       1.14627896       1.15248070       0.00310087
   763       1.15000000       1.15000000       0.00000000
   764       1.15372104       1.14751931      -0.00310087
   765       1.15744208       1.14503861      -0.00620174
   766       1.14549966       1.15300023       0.01012406
   767       1.14922070       1.15051953       0.00702319
   768       1.15294174       1.14803884       0.00392232
   769       1.15666278       1.14555814       0.00082145
   770       1.16038383       1.14307745      -0.00227941
   771       1.14844140       1.15103907       0.01404638
   772       1.15216244       1.14855837       0.01094551
   773       1.15588348       1.14607768       0.00784465
   774       1.15960453       1.14359698       0.00474378
   775       1.16332557       1.14111629       0.00164291
   776       1.14167443       1.16388371      -0.00164291
   777       1.14539547       1.16140302      -0.00474378
   778       1.14911652       1.15892232      -0.00784465
   779       1.15283756       1.15644163      -0.01094551
   780       1.15655860       1.15396093      -0.01404638
   781       1.14461617       1.16192255       0.00227941
   782       1.14833722       1.15944186      -0.00082145
   783       1.15205826       1.15696116      -0.00392232
   784       1.15577930       1.15448047      -0.00702319
   785       1.15950034       1.15199977      -0.01012406
   786       1.14755792       1.15996139       0.00620174
   787       1.15127896       1.15748070       0.00310087
   788       1.15500000       1.15500000       0.00000000
   789       1.15872104       1.15251931      -0.00310087
   790       1.16244208       1.15003861      -0.00620174
   791       1.15049966       1.15800023       0.01012406
   792       1.15422070       1.15551953       0.00702319
   793       1.15794174       1.15303884       0.00392232
   794       1.16166278       1.15055814       0.00082145
   795       1.16538383       1.14807745      -0.00227941
   796       1.15344140       1.15603907       0.01404638
   797       1.15716244       1.15355837       0.01094551
   798       1.16088348       1.15107768       0.00784465
   799       1.16460453       1.14859698       0.00474378
   800       1.16832557       1.14611629       0.00164291
   801       1.14667443       1.16888371      -0.00164291
   802       1.15039547       1.16640302      -0.00474378
   803       1.15411652       1.16392232      -0.00784465
   804       1.15783756       1.16144163      -0.01094551
   805       1.16155860       1.15896093      -0.01404638
   806       1.14961617       1.16692255       0.00227941
   807       1.15333722       1.16444186      -0.00082145
   808       1.15705826       1.16196116      -0.00392232
   809       1.16077930       1.15948047      -0.00702319
   810       1.16450034       1.15699977      -0.01012406
   811       1.15255792       1.16496139       0.00620174
   812       1.15627896       1.16248070       0.00310087
   813       1.16000000       1.16000000       0.00000000
   814       1.16372104       1.15751931      -0.00310087
   815       1.16744208       1.15503861      -0.00620174
   816       1.15549966       1.16300023       0.01012406
   817       1.15922070       1.16051953       0.00702319
   818       1.16294174       1.15803884       0.00392232
   819       1.16666278       1.15555814       0.00082145
   820       1.17038383       1.15307745      -0.00227941
   821       1.15844140       1.16103907       0.01404638
   822       1.16216244       1.15855837       0.01094551
   823       1.16588348       1.15607768       0.00784465
   824       1.16960453       1.15359698       0.00474378
   825       1.17332557       1.15111629       0.00164291
   826       1.15167443       1.17388371      -0.00164291
   827       1.15539547       1.17140302      -0.00474378
   828       1.15911652       1.16892232      -0.00784465
   829       1.16283756       1.16644163      -0.01094551
   830       1.16655860       1.16396093      -0.01404638
   831       1.15461617       1.17192255       0.00227941
   832       1.15833722       1.16944186      -0.00082145
   833       1.16205826       1.16696116      -0.00392232
   834       1.16577930       1.16448047      -0.00702319
   835       1.16950034       1.16199977      -0.01012406
   836       1.15755792       1.16996139       0.00620174
   837       1.16127896       1.16748070       0.00310087
   838       1.16500000       1.16500000       0.00000000
   839       1.16872104       1.16251931      -0.00310087
   840       1.17244208       1.16003861      -0.00620174
   841       1.16049966       1.16800023       0.01012406
   842       1.16422070       1.16551953       0.00702319
   843       1.16794174       1.16303884       0.00392232
   844       1.17166278       1.16055814       0.00082145
   845       1.17538383       1.15807745      -0.00227941
   846       1.16344140       1.16603907       0.01404638
   847       1.16716244       1.16355837       0.01094551
   848       1.17088348       1.16107768       0.00784465
   849       1.17460453       1.15859698       0.00474378
   850       1.17832557       1.15611629       0.00164291
   851       1.15667443       1.17888371      -0.00164291
   852       1.16039547       1.17640302      -0.00474378
   853       1.16411652       1.17392232      -0.00784465
   854       1.16783756       1.17144163      -0.01094551
   855       1.17155860       1.16896093      -0.01404638
   856       1.15961617       1.17692255       0.00227941
   857       1.16333722       1.17444186      -0.00082145
   858       1.16705826       1.17196116      -0.00392232
   859       1.17077930       1.16948047      -0.00702319
   860       1.17450034       1.16699977      -0.01012406
   861       1.16255792       1.17496139       0.00620174
   862       1.16627896       1.17248070       0.00310087
   863       1.17000000       1.17000000       0.00000000
   864       1.17372104       1.16751931      -0.00310087
   865       1.17744208       1.16503861      -0.00620174
   866       1.16549966       1.17300023       0.01012406
   867       1.16922070       1.17051953       0.00702319
   868       1.17294174       1.16803884       0.00392232
   869       1.17666278       1.16555814       0.00082145
   870       1.18038383       1.16307745      -0.00227941
   871       1.16844140       1.17103907       0.01404638
   872       1.17216244       1.16855837       0.01094551
   873       1.17588348       1.16607768       0.00784465
   874       1.17960453       1.16359698       0.00474378
   875       1.18332557       1.16111629       0.00164291
   876       1.16167443       1.18388371      -0.00164291
   877       1.16539547       1.18140302      -0.00474378
   878       1.16911652       1.17892232      -0.00784465
   879       1.17283756       1.17644163      -0.01094551
   880       1.17655860       1.17396093      -0.01404638
   881       1.16461617       1.18192255       0.00227941
   882       1.16833722       1.17944186      -0.00082145
   883       1.17205826       1.17696116      -0.00392232
   884       1.17577930       1.17448047      -0.00702319
   885       1.17950034       1.17199977      -0.01012406
   886       1.16755792       1.17996139       0.00620174
   887       1.17127896       1.17748070       0.00310087
   888       1.17500000       1.17500000       0.00000000
   889       1.17872104       1.17251931      -0.00310087
   890       1.18244208       1.17003861      -0.00620174
   891       1.17049966       1.17800023       0.01012406
   892       1.17422070       1.17551953       0.00702319
   893       1.17794174       1.17303884       0.00392232
   894       1.18166278       1.17055814       0.00082145
   895       1.18538383       1.16807745      -0.00227941
   896       1.17344140       1.17603907       0.01404638
   897       1.17716244       1.17355837       0.01094551
   898       1.18088348       1.17107768       0.00784465
   899       1.18460453       1.16859698       0.00474378
   900       1.18832557       1.16611629       0.00164291
   901       1.16667443       1.18888371      -0.00164291
   902       1.17039547       1.18640302      -0.00474378
   903       1.17411652       1.18392232      -0.00784465
   904       1.17783756       1.18144163      -0.01094551
   905       1.18155860       1.17896093      -0.01404638
   906       1.16961617       1.18692255       0.00227941
   907       1.17333722       1.18444186      -0.00082145
   908       1.17705826       1.18196116      -0.00392232
   909       1.18077930       1.17948047      -0.00702319
   910       1.18450034       1.17699977      -0.01012406
   911       1.17255792       1.18496139       0.00620174
   912       1.17627896       1.18248070       0.00310087
   913       1.18000000       1.18000000       0.00000000
   914       1.18372104       1.17751931      -0.00310087
   915       1.18744208       1.17503861      -0.00620174
   916       1.17549966       1.18300023       0.01012406
   917       1.17922070       1.18051953       0.00702319
   918       1.18294174       1.17803884       0.00392232
   919       1.18666278       1.17555814       0.00082145
   920       1.19038383       1.17307745      -0.00227941
   921       1.17844140       1.18103907       0.01404638
   922       1.18216244       1.17855837       0.01094551
   923       1.18588348       1.17607768       0.00784465
   924       1.18960453       1.17359698       0.00474378
   925       1.19332557       1.17111629       0.00164291
   926       1.17167443       1.19388371      -0.00164291
   927       1.17539547       1.19140302      -0.00474378
   928       1.17911652       1.18892232      -0.00784465
   929       1.18283756       1.18644163      -0.01094551
   930       1.18655860       1.18396093      -0.01404638
   931       1.17461617       1.19192255       0.00227941
   932       1.17833722       1.18944186      -0.00082145
   933       1.18205826       1.18696116      -0.00392232
   934       1.18577930       1.18448047      -0.00702319
   935       1.18950034       1.18199977      -0.01012406
   936       1.17755792       1.18996139       0.00620174
   937       1.18127896       1.18748070       0.00310087
   938       1.18500000       1.18500000       0.00000000
   939       1.18872104       1.18251931      -0.00310087
   940       1.19244208       1.18003861      -0.00620174
   941       1.18049966       1.18800023       0.01012406
   942       1.18422070       1.18551953       0.00702319
   943       1.18794174       1.18303884       0.00392232
   944       1.19166278       1.18055814       0.00082145
   945       1.19538383       1.17807745      -0.00227941
   946       1.18344140       1.18603907       0.01404638
   947       1.18716244       1.18355837       0.01094551
   948       1.19088348       1.18107768       0.00784465
   949       1.19460453       1.17859698       0.00474378
   950       1.19832557       1.17611629       0.00164291
   951       1.17667443       1.19888371      -0.00164291
   952       1.18039547       1.19640302      -0.00474378
   953       1.18411652       1.19392232      -0.00784465
   954       1.18783756       1.19144163      -0.01094551
   955       1.19155860       1.18896093      -0.01404638
   956       1.17961617       1.19692255       0.00227941
   957       1.18333722       1.19444186      -0.00082145
   958       1.18705826       1.19196116      -0.00392232
   959       1.19077930       1.18948047      -0.00702319
   960       1.19450034       1.18699977      -0.01012406
   961       1.18255792       1.19496139       0.00620174
   962       1.18627896       1.19248070       0.00310087
   963       1.19000000       1.19000000       0.00000000
   964       1.19372104       1.18751931      -0.00310087
   965       1.19744208       1.18503861      -0.00620174
   966       1.18549966       1.19300023       0.01012406
   967       1.18922070       1.19051953       0.00702319
   968       1.19294174       1.18803884       0.00392232
   969       1.19666278       1.18555814       0.00082145
   970       1.20038383       1.18307745      -0.00227941
   971       1.18844140       1.19103907       0.01404638
   972       1.19216244       1.18855837       0.01094551
   973       1.19588348       1.18607768       0.00784465
   974       1.19960453       1.18359698       0.00474378
   975       1.20332557       1.18111629       0.00164291
   976       1.18167443       1.20388371      -0.00164291
   977       1.18539547       1.20140302      -0.00474378
   978       1.18911652       1.19892232      -0.00784465
   979       1.19283756       1.19644163      -0.01094551
   980       1.19655860       1.19396093      -0.01404638
   981       1.18461617       1.20192255       0.00227941
   982       1.18833722       1.19944186      -0.00082145
   983       1.19205826       1.19696116      -0.00392232
   984       1.19577930       1.19448047      -0.00702319
   985       1.19950034       1.19199977      -0.01012406
   986       1.18755792       1.19996139       0.00620174
   987       1.19127896       1.19748070       0.00310087
   988       1.19500000       1.19500000       0.00000000
   989       1.19872104       1.19251931      -0.00310087
   990       1.20244208       1.19003861      -0.00620174
   991       1.19049966       1.19800023       0.01012406
   992       1.19422070       1.19551953       0.00702319
   993       1.19794174       1.19303884       0.00392232
   994       1.20166278       1.19055814       0.00082145
   995       1.20538383       1.18807745      -0.00227941
   996       1.19344140       1.19603907       0.01404638
   997       1.19716244       1.19355837       0.01094551
   998       1.20088348       1.19107768       0.00784465
   999       1.20460453       1.18859698       0.00474378
  1000       1.20832557       1.18611629       0.00164291
  1001       1.18667443       1.20888371      -0.00164291
  1002       1.19039547       1.20640302      -0.00474378
  1003       1.19411652       1.20392232      -0.00784465
  1004       1.19783756       1.20144163      -0.01094551
  1005       1.20155860       1.19896093      -0.01404638
  1006       1.18961617       1.20692255       0.00227941
  1007       1.19333722       1.20444186      -0.00082145
  1008       1.19705826       1.20196116      -0.00392232
  1009       1.20077930       1.19948047      -0.00702319
  1010       1.20450034       1.19699977      -0.01012406
  1011       1.19255792       1.20496139       0.00620174
  1012       1.19627896       1.20248070       0.00310087
  1013       1.20000000       1.20000000       0.00000000
  1014       1.20372104       1.19751931      -0.00310087
  1015       1.20744208       1.19503861      -0.00620174
  1016       1.19549966       1.20300023       0.01012406
  1017       1.19922070       1.20051953       0.00702319
  1018       1.20294174       1.19803884       0.00392232
  1019       1.20666278       1.19555814       0.00082145
  1020       1.21038383       1.19307745      -0.00227941
  1021       1.19844140       1.20103907       0.01404638
  1022       1.20216244       1.19855837       0.01094551
  1023       1.20588348       1.19607768       0.00784465
  1024       1.20960453       1.19359698       0.00474378
  1025       1.21332557       1.19111629       0.00164291
  1026       1.19167443       1.21388371      -0.00164291
  1027       1.19539547       1.21140302      -0.00474378
  1028       1.19911652       1.20892232      -0.00784465
  1029       1.20283756       1.20644163      -0.01094551
  1030       1.20655860       1.20396093      -0.01404638
  1031       1.19461617       1.21192255       0.00227941
  1032       1.19833722       1.20944186      -0.00082145
  1033       1.20205826       1.20696116      -0.00392232
  1034       1.20577930       1.20448047      -0.00702319
  1035       1.20950034       1.20199977      -0.01012406
  1036       1.19755792       1.20996139       0.00620174
  1037       1.20127896       1.20748070       0.00310087
  1038       1.20500000       1.20500000       0.00000000
  1039       1.20872104       1.20251931      -0.00310087
  1040       1.21244208       1.20003861      -0.00620174
  1041       1.20049966       1.20800023       0.01012406
  1042       1.20422070       1.20551953       0.00702319
  1043       1.20794174       1.20303884       0.00392232
  1044       1.21166278       1.20055814       0.00082145
  1045       1.21538383       1.19807745      -0.00227941
  1046       1.20344140       1.20603907       0.01404638
  1047       1.20716244       1.20355837       0.01094551
  1048       1.21088348       1.20107768       0.00784465
  1049       1.21460453       1.19859698       0.00474378
  1050       1.21832557       1.19611629       0.00164291
  1051       1.19667443       1.21888371      -0.00164291
  1052       1.20039547       1.21640302      -0.00474378
  1053       1.20411652       1.21392232      -0.00784465
  1054       1.20783756       1.21144163      -0.01094551
  1055       1.21155860       1.20896093      -0.01404638
  1056       1.19961617       1.21692255       0.00227941
  1057       1.20333722       1.21444186      -0.00082145
  1058       1.20705826       1.21196116      -0.00392232
  1059       1.21077930       1.20948047      -0.00702319
  1060       1.21450034       1.20699977      -0.01012406
  1061       1.20255792       1.21496139       0.00620174
  1062       1.20627896       1.21248070       0.00310087
  1063       1.21000000       1.21000000       0.00000000
  1064       1.21372104       1.20751931      -0.00310087
  1065       1.21744208       1.20503861      -0.00620174
  1066       1.20549966       1.21300023       0.01012406
  1067       1.20922070       1.21051953       0.00702319
  1068       1.21294174       1.20803884       0.00392232
  1069       1.21666278       1.20555814       0.00082145
  1070       1.22038383       1.20307745      -0.00227941
  1071       1.20844140       1.21103907       0.01404638
  1072       1.21216244       1.20855837       0.01094551
  1073       1.21588348       1.20607768       0.00784465
  1074       1.21960453       1.20359698       0.00474378
  1075       1.22332557       1.20111629       0.00164291
  1076       1.20167443       1.22388371      -0.00164291
  1077       1.20539547       1.22140302      -0.00474378
  1078       1.20911652       1.21892232      -0.00784465
  1079       1.21283756       1.21644163      -0.01094551
  1080       1.21655860       1.21396093      -0.01404638
  1081       1.20461617       1.22192255       0.00227941
  1082       1.20833722       1.21944186      -0.00082145
  1083       1.21205826       1.21696116      -0.00392232
  1084       1.21577930       1.21448047      -0.00702319
  1085       1.21950034       1.21199977      -0.01012406
  1086       1.20755792       1.21996139       0.00620174
  1087       1.21127896       1.21748070       0.00310087
  1088       1.21500000       1.21500000       0.00000000
  1089       1.21872104       1.21251931      -0.00310087
  1090       1.22244208       1.21003861      -0.00620174
  1091       1.21049966       1.21800023       0.01012406
  1092       1.21422070       1.21551953       0.00702319
  1093       1.21794174       1.21303884       0.00392232
  1094       1.22166278       1.21055814       0.00082145
  1095       1.22538383       1.20807745      -0.00227941
  1096       1.21344140       1.21603907       0.01404638
  1097       1.21716244       1.21355837       0.01094551
  1098       1.22088348       1.21107768       0.00784465
  1099       1.22460453       1.20859698       0.00474378
  1100       1.22832557       1.20611629       0.00164291
  1101       1.20667443       1.22888371      -0.00164291
  1102       1.21039547       1.22640302      -0.00474378
  1103       1.21411652       1.22392232      -0.00784465
  1104       1.21783756       1.22144163      -0.01094551
  1105       1.22155860       1.21896093      -0.01404638
  1106       1.20961617       1.22692255       0.00227941
  1107       1.21333722       1.22444186      -0.00082145
  1108       1.21705826       1.22196116      -0.00392232
  1109       1.22077930       1.21948047      -0.00702319
  1110       1.22450034       1.21699977      -0.01012406
  1111       1.21255792       1.22496139       0.00620174
  1112       1.21627896       1.22248070       0.00310087
  1113       1.22000000       1.22000000       0.00000000
  1114       1.22372104       1.21751931      -0.00310087
  1115       1.22744208       1.21503861      -0.00620174
  1116       1.21549966       1.22300023       0.01012406
  1117       1.21922070       1.22051953       0.00702319
  1118       1.22294174       1.21803884       0.00392232
  1119       1.22666278       1.21555814       0.00082145
  1120       1.23038383       1.21307745      -0.00227941
  1121       1.21844140       1.22103907       0.01404638
  1122       1.22216244       1.21855837       0.01094551
  1123       1.22588348       1.21607768       0.00784465
  1124       1.22960453       1.21359698       0.00474378
  1125       1.23332557       1.21111629       0.00164291
  1126       1.21167443       1.23388371      -0.00164291
  1127       1.21539547       1.23140302      -0.00474378
  1128       1.21911652       1.22892232      -0.00784465
  1129       1.22283756       1.22644163      -0.01094551
  1130       1.22655860       1.22396093      -0.01404638
  1131       1.21461617       1.23192255       0.00227941
  1132       1.21833722       1.22944186      -0.00082145
  1133       1.22205826       1.22696116      -0.00392232
  1134       1.22577930       1.22448047      -0.00702319
  1135       1.22950034       1.22199977      -0.01012406
  1136       1.21755792       1.22996139       0.00620174
  1137       1.22127896       1.22748070       0.00310087
  1138       1.22500000       1.22500000       0.00000000
  1139       1.22872104       1.22251931      -0.00310087
  1140       1.23244208       1.22003861      -0.00620174
  1141       1.22049966       1.22800023       0.01012406
  1142       1.22422070       1.22551953       0.00702319
  1143       1.22794174       1.22303884       0.00392232
  1144       1.23166278       1.22055814       0.00082145
  1145       1.23538383       1.21807745      -0.00227941
  1146       1.22344140       1.22603907       0.01404638
  1147       1.22716244       1.22355837       0.01094551
  1148       1.23088348       1.22107768       0.00784465
  1149       1.23460453       1.21859698       0.00474378
  1150       1.23832557       1.21611629       0.00164291
  1151       1.21667443       1.23888371      -0.00164291
  1152       1.22039547       1.23640302      -0.00474378
  1153       1.22411652       1.23392232      -0.00784465
  1154       1.22783756       1.23144163      -0.01094551
  1155       1.23155860       1.22896093      -0.01404638
  1156       1.21961617       1.23692255       0.00227941
  1157       1.22333722       1.23444186      -0.00082145
  1158       1.22705826       1.23196116      -0.00392232
  1159       1.23077930       1.22948047      -0.00702319
  1160       1.23450034       1.22699977      -0.01012406
  1161       1.22255792       1.23496139       0.00620174
  1162       1.22627896       1.23248070       0.00310087
  1163       1.23000000       1.23000000       0.00000000
  1164       1.23372104       1.22751931      -0.00310087
  1165       1.23744208       1.22503861      -0.00620174
  1166       1.22549966       1.23300023       0.01012406
  1167       1.22922070       1.23051953       0.00702319
  1168       1.23294174       1.22803884       0.00392232
  1169       1.23666278       1.22555814       0.00082145
  1170       1.24038383       1.22307745      -0.00227941
  1171       1.22844140       1.23103907       0.01404638
  1172       1.23216244       1.22855837       0.01094551
  1173       1.23588348       1.22607768       0.00784465
  1174       1.23960453       1.22359698       0.00474378
  1175       1.24332557       1.22111629       0.00164291
  1176       1.22167443       1.24388371      -0.00164291
  1177       1.22539547       1.24140302      -0.00474378
  1178       1.22911652       1.23892232      -0.00784465
  1179       1.23283756       1.23644163      -0.01094551
  1180       1.23655860       1.23396093      -0.01404638
  1181       1.22461617       1.24192255       0.00227941
  1182       1.22833722       1.23944186      -0.00082145
  1183       1.23205826       1.23696116      -0.00392232
  1184       1.23577930       1.23448047      -0.00702319
  1185       1.23950034       1.23199977      -0.01012406
  1186       1.22755792       1.23996139       0.00620174
  1187       1.23127896       1.23748070       0.00310087
  1188       1.23500000       1.23500000       0.00000000
  1189       1.23872104       1.23251931      -0.00310087
  1190       1.24244208       1.23003861      -0.00620174
  1191       1.23049966       1.23800023       0.01012406
  1192       1.23422070       1.23551953       0.00702319
  1193       1.23794174       1.23303884       0.00392232
  1194       1.24166278       1.23055814       0.00082145
  1195       1.24538383       1.22807745      -0.00227941
  1196       1.23344140       1.23603907       0.01404638
  1197       1.23716244       1.23355837       0.01094551
  1198       1.24088348       1.23107768       0.00784465
  1199       1.24460453       1.22859698       0.00474378
  1200       1.24832557       1.22611629       0.00164291
  1201       1.22667443       1.24888371      -0.00164291
  1202       1.23039547       1.24640302      -0.00474378
  1203       1.23411652       1.24392232      -0.00784465
  1204       1.23783756       1.24144163      -0.01094551
  1205       1.24155860       1.23896093      -0.01404638
  1206       1.22961617       1.24692255       0.00227941
  1207       1.23333722       1.24444186      -0.00082145
  1208       1.23705826       1.24196116      -0.00392232
  1209       1.24077930       1.23948047      -0.00702319
  1210       1.24450034       1.23699977      -0.01012406
  1211       1.23255792       1.24496139       0.00620174
  1212       1.23627896       1.24248070       0.00310087
  1213       1.24000000       1.24000000       0.00000000
  1214       1.24372104       1.23751931      -0.00310087
  1215       1.24744208       1.23503861      -0.00620174
  1216       1.23549966       1.24300023       0.01012406
  1217       1.23922070       1.24051953       0.00702319
  1218       1.24294174       1.23803884       0.00392232
  1219       1.24666278       1.23555814       0.00082145
  1220       1.25038383       1.23307745      -0.00227941
  1221       1.23844140       1.24103907       0.01404638
  1222       1.24216244       1.23855837       0.01094551
  1223       1.24588348       1.23607768       0.00784465
  1224       1.24960453       1.23359698       0.00474378
  1225       1.25332557       1.23111629       0.00164291
  1226       1.23167443       1.25388371      -0.00164291
  1227       1.23539547       1.25140302      -0.00474378
  1228       1.23911652       1.24892232      -0.00784465
  1229       1.24283756       1.24644163      -0.01094551
  1230       1.24655860       1.24396093      -0.01404638
  1231       1.23461617       1.25192255       0.00227941
  1232       1.23833722       1.24944186      -0.00082145
  1233       1.24205826       1.24696116      -0.00392232
  1234       1.24577930       1.24448047      -0.00702319
  1235       1.24950034       1.24199977      -0.01012406
  1236       1.23755792       1.24996139       0.00620174
  1237       1.24127896       1.24748070       0.00310087
  1238       1.24500000       1.24500000       0.00000000
  1239       1.24872104       1.24251931      -0.00310087
  1240       1.25244208       1.24003861      -0.00620174
  1241       1.24049966       1.24800023       0.01012406
  1242       1.24422070       1.24551953       0.00702319
  1243       1.24794174       1.24303884       0.00392232
  1244       1.25166278       1.24055814       0.00082145
  1245       1.25538383       1.23807745      -0.00227941
  1246       1.24344140       1.24603907       0.01404638
  1247       1.24716244       1.24355837       0.01094551
  1248       1.25088348       1.24107768       0.00784465
  1249       1.25460453       1.23859698       0.00474378
  1250       1.25832557       1.23611629       0.00164291
  1251       1.23667443       1.25888371      -0.00164291
  1252       1.24039547       1.25640302      -0.00474378
  1253       1.24411652       1.25392232      -0.00784465
  1254       1.24783756       1.25144163      -0.01094551
  1255       1.25155860       1.24896093      -0.01404638
  1256       1.23961617       1.25692255       0.00227941
  1257       1.24333722       1.25444186      -0.00082145
  1258       1.24705826       1.25196116      -0.00392232
  1259       1.25077930       1.24948047      -0.00702319
  1260       1.25450034       1.24699977      -0.01012406
  1261       1.24255792       1.25496139       0.00620174
  1262       1.24627896       1.25248070       0.00310087
  1263       1.25000000       1.25000000       0.00000000
  1264       1.25372104       1.24751931      -0.00310087
  1265       1.25744208       1.24503861      -0.00620174
  1266       1.24549966       1.25300023       0.01012406
  1267       1.24922070       1.25051953       0.00702319
  1268       1.25294174       1.24803884       0.00392232
  1269       1.25666278       1.24555814       0.00082145
  1270       1.26038383       1.24307745      -0.00227941
  1271       1.24844140       1.25103907       0.01404638
  1272       1.25216244       1.24855837       0.01094551
  1273       1.25588348       1.24607768       0.00784465
  1274       1.25960453       1.24359698       0.00474378
  1275       1.26332557       1.24111629       0.00164291
  1276       1.24167443       1.26388371      -0.00164291
  1277       1.24539547       1.26140302      -0.00474378
  1278       1.24911652       1.25892232      -0.00784465
  1279       1.25283756       1.25644163      -0.01094551
  1280       1.25655860       1.25396093      -0.01404638
  1281       1.24461617       1.26192255       0.00227941
  1282       1.24833722       1.25944186      -0.00082145
  1283       1.25205826       1.25696116      -0.00392232
  1284       1.25577930       1.25448047      -0.00702319
  1285       1.25950034       1.25199977      -0.01012406
  1286       1.24755792       1.25996139       0.00620174
  1287       1.25127896       1.25748070       0.00310087
  1288       1.25500000       1.25500000       0.00000000
  1289       1.25872104       1.25251931      -0.00310087
  1290       1.26244208       1.25003861      -0.00620174
  1291       1.25049966       1.25800023       0.01012406
  1292       1.25422070       1.25551953       0.00702319
  1293       1.25794174       1.25303884       0.00392232
  1294       1.26166278       1.25055814       0.00082145
  1295       1.26538383       1.24807745      -0.00227941
  1296       1.25344140       1.25603907       0.01404638
  1297       1.25716244       1.25355837       0.01094551
  1298       1.26088348       1.25107768       0.00784465
  1299       1.26460453       1.24859698       0.00474378
  1300       1.26832557       1.24611629       0.00164291
  1301       1.24667443       1.26888371      -0.00164291
  1302       1.25039547       1.26640302      -0.00474378
  1303       1.25411652       1.26392232      -0.00784465
  1304       1.25783756       1.26144163      -0.01094551
  1305       1.26155860       1.25896093      -0.01404638
  1306       1.24961617       1.26692255       0.00227941
  1307       1.25333722       1.26444186      -0.00082145
  1308       1.25705826       1.26196116      -0.00392232
  1309       1.26077930       1.25948047      -0.00702319
  1310       1.26450034       1.25699977      -0.01012406
  1311       1.25255792       1.26496139       0.00620174
  1312       1.25627896       1.26248070       0.00310087
  1313       1.26000000       1.26000000       0.00000000
  1314       1.26372104       1.25751931      -0.00310087
  1315       1.26744208       1.25503861      -0.00620174
  1316       1.25549966       1.26300023       0.01012406
  1317       1.25922070       1.26051953       0.00702319
  1318       1.26294174       1.25803884       0.00392232
  1319       1.26666278       1.25555814       0.00082145
  1320       1.27038383       1.25307745      -0.00227941
  1321       1.25844140       1.26103907       0.01404638
  1322       1.26216244       1.25855837       0.01094551
  1323       1.26588348       1.25607768       0.00784465
  1324       1.26960453       1.25359698       0.00474378
  1325       1.27332557       1.25111629       0.00164291
  1326       1.25167443       1.27388371      -0.00164291
  1327       1.25539547       1.27140302      -0.00474378
  1328       1.25911652       1.26892232      -0.00784465
  1329       1.26283756       1.26644163      -0.01094551
  1330       1.26655860       1.26396093      -0.01404638
  1331       1.25461617       1.27192255       0.00227941
  1332       1.25833722       1.26944186      -0.00082145
  1333       1.26205826       1.26696116      -0.00392232
  1334       1.26577930       1.26448047      -0.00702319
  1335       1.26950034       1.26199977      -0.01012406
  1336       1.25755792       1.26996139       0.00620174
  1337       1.26127896       1.26748070       0.00310087
  1338       1.26500000       1.26500000       0.00000000
  1339       1.26872104       1.26251931      -0.00310087
  1340       1.27244208       1.26003861      -0.00620174
  1341       1.26049966       1.26800023       0.01012406
  1342       1.26422070       1.26551953       0.00702319
  1343       1.26794174       1.26303884       0.00392232
  1344       1.27166278       1.26055814       0.00082145
  1345       1.27538383       1.25807745      -0.00227941
  1346       1.26344140       1.26603907       0.01404638
  1347       1.26716244       1.26355837       0.01094551
  1348       1.27088348       1.26107768       0.00784465
  1349       1.27460453       1.25859698       0.00474378
  1350       1.27832557       1.25611629       0.00164291
  1351       1.25667443       1.27888371      -0.00164291
  1352       1.26039547       1.27640302      -0.00474378
  1353       1.26411652       1.27392232      -0.00784465
  1354       1.26783756       1.27144163      -0.01094551
  1355       1.27155860       1.26896093      -0.01404638
  1356       1.25961617       1.27692255       0.00227941
  1357       1.26333722       1.27444186      -0.00082145
  1358       1.26705826       1.27196116      -0.00392232
  1359       1.27077930       1.26948047      -0.00702319
  1360       1.27450034       1.26699977      -0.01012406
  1361       1.26255792       1.27496139       0.00620174
  1362       1.26627896       1.27248070       0.00310087
  1363       1.27000000       1.27000000       0.00000000
  1364       1.27372104       1.26751931      -0.00310087
  1365       1.27744208       1.26503861      -0.00620174
  1366       1.26549966       1.27300023       0.01012406
  1367       1.26922070       1.27051953       0.00702319
  1368       1.27294174       1.26803884       0.00392232
  1369       1.27666278       1.26555814       0.00082145
  1370       1.28038383       1.26307745      -0.00227941
  1371       1.26844140       1.27103907       0.01404638
  1372       1.27216244       1.26855837       0.01094551
  1373       1.27588348       1.26607768       0.00784465
  1374       1.27960453       1.26359698       0.00474378
  1375       1.28332557       1.26111629       0.00164291
  1376       1.26167443       1.28388371      -0.00164291
  1377       1.26539547       1.28140302      -0.00474378
  1378       1.26911652       1.27892232      -0.00784465
  1379       1.27283756       1.27644163      -0.01094551
  1380       1.27655860       1.27396093      -0.01404638
  1381       1.26461617       1.28192255       0.00227941
  1382       1.26833722       1.27944186      -0.00082145
  1383       1.27205826       1.27696116      -0.00392232
  1384       1.27577930       1.27448047      -0.00702319
  1385       1.27950034       1.27199977      -0.01012406
  1386       1.26755792       1.27996139       0.00620174
  1387       1.27127896       1.27748070       0.00310087
  1388       1.27500000       1.27500000       0.00000000
  1389       1.27872104       1.27251931      -0.00310087
  1390       1.28244208       1.27003861      -0.00620174
  1391       1.27049966       1.27800023       0.01012406
  1392       1.27422070       1.27551953       0.00702319
  1393       1.27794174       1.27303884       0.00392232
  1394       1.28166278       1.27055814       0.00082145
  1395       1.28538383       1.26807745      -0.00227941
  1396       1.27344140       1.27603907       0.01404638
  1397       1.27716244       1.27355837       0.01094551
  1398       1.28088348       1.27107768       0.00784465
  1399       1.28460453       1.26859698       0.00474378
  1400       1.28832557       1.26611629       0.00164291
  1401       1.26667443       1.28888371      -0.00164291
  1402       1.27039547       1.28640302      -0.00474378
  1403       1.27411652       1.28392232      -0.00784465
  1404       1.27783756       1.28144163      -0.01094551
  1405       1.28155860       1.27896093      -0.01404638
  1406       1.26961617       1.28692255       0.00227941
  1407       1.27333722       1.28444186      -0.00082145
  1408       1.27705826       1.28196116      -0.00392232
  1409       1.28077930       1.27948047      -0.00702319
  1410       1.28450034       1.27699977      -0.01012406
  1411       1.27255792       1.28496139       0.00620174
  1412       1.27627896       1.28248070       0.00310087
  1413       1.28000000       1.28000000       0.00000000
  1414       1.28372104       1.27751931      -0.00310087
  1415       1.28744208       1.27503861      -0.00620174
  1416       1.27549966       1.28300023       0.01012406
  1417       1.27922070       1.28051953       0.00702319
  1418       1.28294174       1.27803884       0.00392232
  1419       1.28666278       1.27555814       0.00082145
  1420       1.29038383       1.27307745      -0.00227941
  1421       1.27844140       1.28103907       0.01404638
  1422       1.28216244       1.27855837       0.01094551
  1423       1.28588348       1.27607768       0.00784465
  1424       1.28960453       1.27359698       0.00474378
  1425       1.29332557       1.27111629       0.00164291
  1426       1.27167443       1.29388371      -0.00164291
  1427       1.27539547       1.29140302      -0.00474378
  1428       1.27911652       1.28892232      -0.00784465
  1429       1.28283756       1.28644163      -0.01094551
  1430       1.28655860       1.28396093      -0.01404638
  1431       1.27461617       1.29192255       0.00227941
  1432       1.27833722       1.28944186      -0.00082145
  1433       1.28205826       1.28696116      -0.00392232
  1434       1.28577930       1.28448047      -0.00702319
  1435       1.28950034       1.28199977      -0.01012406
  1436       1.27755792       1.28996139       0.00620174
  1437       1.28127896       1.28748070       0.00310087
  1438       1.28500000       1.28500000       0.00000000
  1439       1.28872104       1.28251931      -0.00310087
  1440       1.29244208       1.28003861      -0.00620174
  1441       1.28049966       1.28800023       0.01012406
  1442       1.28422070       1.28551953       0.00702319
  1443       1.28794174       1.28303884       0.00392232
  1444       1.29166278       1.28055814       0.00082145
  1445       1.29538383       1.27807745      -0.00227941
  1446       1.28344140       1.28603907       0.01404638
  1447       1.28716244       1.28355837       0.01094551
  1448       1.29088348       1.28107768       0.00784465
  1449       1.29460453       1.27859698       0.00474378
  1450       1.29832557       1.27611629       0.00164291
  1451       1.27667443       1.29888371      -0.00164291
  1452       1.28039547       1.29640302      -0.00474378
  1453       1.28411652       1.29392232      -0.00784465
  1454       1.28783756       1.29144163      -0.01094551
  1455       1.29155860       1.28896093      -0.01404638
  1456       1.27961617       1.29692255       0.00227941
  1457       1.28333722       1.29444186      -0.00082145
  1458       1.28705826       1.29196116      -0.00392232
  1459       1.29077930       1.28948047      -0.00702319
  1460       1.29450034       1.28699977      -0.01012406
  1461       1.28255792       1.29496139       0.00620174
  1462       1.28627896       1.29248070       0.00310087
  1463       1.29000000       1.29000000       0.00000000
  1464       1.29372104       1.28751931      -0.00310087
  1465       1.29744208       1.28503861      -0.00620174
  1466       1.28549966       1.29300023       0.01012406
  1467       1.28922070       1.29051953       0.00702319
  1468       1.29294174       1.28803884       0.00392232
  1469       1.29666278       1.28555814       0.00082145
  1470       1.30038383       1.28307745      -0.00227941
  1471       1.28844140       1.29103907       0.01404638
  1472       1.29216244       1.28855837       0.01094551
  1473       1.29588348       1.28607768       0.00784465
  1474       1.29960453       1.28359698       0.00474378
  1475       1.30332557       1.28111629       0.00164291
  1476       1.28167443       1.30388371      -0.00164291
  1477       1.28539547       1.30140302      -0.00474378
  1478       1.28911652       1.29892232      -0.00784465
  1479       1.29283756       1.29644163      -0.01094551
  1480       1.29655860       1.29396093      -0.01404638
  1481       1.28461617       1.30192255       0.00227941
  1482       1.28833722       1.29944186      -0.00082145
  1483       1.29205826       1.29696116      -0.00392232
  1484       1.29577930       1.29448047      -0.00702319
  1485       1.29950034       1.29199977      -0.01012406
  1486       1.28755792       1.29996139       0.00620174
  1487       1.29127896       1.29748070       0.00310087
  1488       1.29500000       1.29500000       0.00000000
  1489       1.29872104       1.29251931      -0.00310087
  1490       1.30244208       1.29003861      -0.00620174
  1491       1.29049966       1.29800023       0.01012406
  1492       1.29422070       1.29551953       0.00702319
  1493       1.29794174       1.29303884       0.00392232
  1494       1.30166278       1.29055814       0.00082145
  1495       1.30538383       1.28807745      -0.00227941
  1496       1.29344140       1.29603907       0.01404638
  1497       1.29716244       1.29355837       0.01094551
  1498       1.30088348       1.29107768       0.00784465
  1499       1.30460453       1.28859698       0.00474378
  1500       1.30832557       1.28611629       0.00164291
  1501       1.28667443       1.30888371      -0.00164291
  1502       1.29039547       1.30640302      -0.00474378
  1503       1.29411652       1.30392232      -0.00784465
  1504       1.29783756       1.30144163      -0.01094551
  1505       1.30155860       1.29896093      -0.01404638
  1506       1.28961617       1.30692255       0.00227941
  1507       1.29333722       1.30444186      -0.00082145
  1508       1.29705826       1.30196116      -0.00392232
  1509       1.30077930       1.29948047      -0.00702319
  1510       1.30450034       1.29699977      -0.01012406
  1511       1.29255792       1.30496139       0.00620174
  1512       1.29627896       1.30248070       0.00310087
  1513       1.30000000       1.30000000       0.00000000
  1514       1.30372104       1.29751931      -0.00310087
  1515       1.30744208       1.29503861      -0.00620174
  1516       1.29549966       1.30300023       0.01012406
  1517       1.29922070       1.30051953       0.00702319
  1518       1.30294174       1.29803884       0.00392232
  1519       1.30666278       1.29555814       0.00082145
  1520       1.31038383       1.29307745      -0.00227941
  1521       1.29844140       1.30103907       0.01404638
  1522       1.30216244       1.29855837       0.01094551
  1523       1.30588348       1.29607768       0.00784465
  1524       1.30960453       1.29359698       0.00474378
  1525       1.31332557       1.29111629       0.00164291
  1526       1.29167443       1.31388371      -0.00164291
  1527       1.29539547       1.31140302      -0.00474378
  1528       1.29911652       1.30892232      -0.00784465
  1529       1.30283756       1.30644163      -0.01094551
  1530       1.30655860       1.30396093      -0.01404638
  1531       1.29461617       1.31192255       0.00227941
  1532       1.29833722       1.30944186      -0.00082145
  1533       1.30205826       1.30696116      -0.00392232
  1534       1.30577930       1.30448047      -0.00702319
  1535       1.30950034       1.30199977      -0.01012406
  1536       1.29755792       1.30996139       0.00620174
  1537       1.30127896       1.30748070       0.00310087
  1538       1.30500000       1.30500000       0.00000000
  1539       1.30872104       1.30251931      -0.00310087
  1540       1.31244208       1.30003861      -0.00620174
  1541       1.30049966       1.30800023       0.01012406
  1542       1.30422070       1.30551953       0.00702319
  1543       1.30794174       1.30303884       0.00392232
  1544       1.31166278       1.30055814       0.00082145
  1545       1.31538383       1.29807745      -0.00227941
  1546       1.30344140       1.30603907       0.01404638
  1547       1.30716244       1.30355837       0.01094551
  1548       1.31088348       1.30107768       0.00784465
  1549       1.31460453       1.29859698       0.00474378
  1550       1.31832557       1.29611629       0.00164291
  1551       1.29667443       1.31888371      -0.00164291
  1552       1.30039547       1.31640302      -0.00474378
  1553       1.30411652       1.31392232      -0.00784465
  1554       1.30783756       1.31144163      -0.01094551
  1555       1.31155860       1.30896093      -0.01404638
  1556       1.29961617       1.31692255       0.00227941
  1557       1.30333722       1.31444186      -0.00082145
  1558       1.30705826       1.31196116      -0.00392232
  1559       1.31077930       1.30948047      -0.00702319
  1560       1.31450034       1.30699977      -0.01012406
  1561       1.30255792       1.31496139       0.00620174
  1562       1.30627896       1.31248070       0.00310087
  1563       1.31000000       1.31000000       0.00000000
  1564       1.31372104       1.30751931      -0.00310087
  1565       1.31744208       1.30503861      -0.00620174
  1566       1.30549966       1.31300023       0.01012406
  1567       1.30922070       1.31051953       0.00702319
  1568       1.31294174       1.30803884       0.00392232
  1569       1.31666278       1.30555814       0.00082145
  1570       1.32038383       1.30307745      -0.00227941
  1571       1.30844140       1.31103907       0.01404638
  1572       1.31216244       1.30855837       0.01094551
  1573       1.31588348       1.30607768       0.00784465
  1574       1.31960453       1.30359698       0.00474378
  1575       1.32332557       1.30111629       0.00164291
  1576       1.30167443       1.32388371      -0.00164291
  1577       1.30539547       1.32140302      -0.00474378
  1578       1.30911652       1.31892232      -0.00784465
  1579       1.31283756       1.31644163      -0.01094551
  1580       1.31655860       1.31396093      -0.01404638
  1581       1.30461617       1.32192255       0.00227941
  1582       1.30833722       1.31944186      -0.00082145
  1583       1.31205826       1.31696116      -0.00392232
  1584       1.31577930       1.31448047      -0.00702319
  1585       1.31950034       1.31199977      -0.01012406
  1586       1.30755792       1.31996139       0.00620174
  1587       1.31127896       1.31748070       0.00310087
  1588       1.31500000       1.31500000       0.00000000
  1589       1.31872104       1.31251931      -0.00310087
  1590       1.32244208       1.31003861      -0.00620174
  1591       1.31049966       1.31800023       0.01012406
  1592       1.31422070       1.31551953       0.00702319
  1593       1.31794174       1.31303884       0.00392232
  1594       1.32166278       1.31055814       0.00082145
  1595       1.32538383       1.30807745      -0.00227941
  1596       1.31344140       1.31603907       0.01404638
  1597       1.31716244       1.31355837       0.01094551
  1598       1.32088348       1.31107768       0.00784465
  1599       1.32460453       1.30859698       0.00474378
  1600       1.32832557       1.30611629       0.00164291
  1601       1.30667443       1.32888371      -0.00164291
  1602       1.31039547       1.32640302      -0.00474378
  1603       1.31411652       1.32392232      -0.00784465
  1604       1.31783756       1.32144163      -0.01094551
  1605       1.32155860       1.31896093      -0.01404638
  1606       1.30961617       1.32692255       0.00227941
  1607       1.31333722       1.32444186      -0.00082145
  1608       1.31705826       1.32196116      -0.00392232
  1609       1.32077930       1.31948047      -0.00702319
  1610       1.32450034       1.31699977      -0.01012406
  1611       1.31255792       1.32496139       0.00620174
  1612       1.31627896       1.32248070       0.00310087
  1613       1.32000000       1.32000000       0.00000000
  1614       1.32372104       1.31751931      -0.00310087
  1615       1.32744208       1.31503861      -0.00620174
  1616       1.31549966       1.32300023       0.01012406
  1617       1.31922070       1.32051953       0.00702319
  1618       1.32294174       1.31803884       0.00392232
  1619       1.32666278       1.31555814       0.00082145
  1620       1.33038383       1.31307745      -0.00227941
  1621       1.31844140       1.32103907       0.01404638
  1622       1.32216244       1.31855837       0.01094551
  1623       1.32588348       1.31607768       0.00784465
  1624       1.32960453       1.31359698       0.00474378
  1625       1.33332557       1.31111629       0.00164291
  1626       1.31167443       1.33388371      -0.00164291
  1627       1.31539547       1.33140302      -0.00474378
  1628       1.31911652       1.32892232      -0.00784465
  1629       1.32283756       1.32644163      -0.01094551
  1630       1.32655860       1.32396093      -0.01404638
  1631       1.31461617       1.33192255       0.00227941
  1632       1.31833722       1.32944186      -0.00082145
  1633       1.32205826       1.32696116      -0.00392232
  1634       1.32577930       1.32448047      -0.00702319
  1635       1.32950034       1.32199977      -0.01012406
  1636       1.31755792       1.32996139       0.00620174
  1637       1.32127896       1.32748070       0.00310087
  1638       1.32500000       1.32500000       0.00000000
  1639       1.32872104       1.32251931      -0.00310087
  1640       1.33244208       1.32003861      -0.00620174
  1641       1.32049966       1.32800023       0.01012406
  1642       1.32422070       1.32551953       0.00702319
  1643       1.32794174       1.32303884       0.00392232
  1644       1.33166278       1.32055814       0.00082145
  1645       1.33538383       1.31807745      -0.00227941
  1646       1.32344140       1.32603907       0.01404638
  1647       1.32716244       1.32355837       0.01094551
  1648       1.33088348       1.32107768       0.00784465
  1649       1.33460453       1.31859698       0.00474378
  1650       1.33832557       1.31611629       0.00164291
  1651       1.31667443       1.33888371      -0.00164291
  1652       1.32039547       1.33640302      -0.00474378
  1653       1.32411652       1.33392232      -0.00784465
  1654       1.32783756       1.33144163      -0.01094551
  1655       1.33155860       1.32896093      -0.01404638
  1656       1.31961617       1.33692255       0.00227941
  1657       1.32333722       1.33444186      -0.00082145
  1658       1.32705826       1.33196116      -0.00392232
  1659       1.33077930       1.32948047      -0.00702319
  1660       1.33450034       1.32699977      -0.01012406
  1661       1.32255792       1.33496139       0.00620174
  1662       1.32627896       1.33248070       0.00310087
  1663       1.33000000       1.33000000       0.00000000
  1664       1.33372104       1.32751931      -0.00310087
  1665       1.33744208       1.32503861      -0.00620174
  1666       1.32549966       1.33300023       0.01012406
  1667       1.32922070       1.33051953       0.00702319
  1668       1.33294174       1.32803884       0.00392232
  1669       1.33666278       1.32555814       0.00082145
  1670       1.34038383       1.32307745      -0.00227941
  1671       1.32844140       1.33103907       0.01404638
  1672       1.33216244       1.32855837       0.01094551
  1673       1.33588348       1.32607768       0.00784465
  1674       1.33960453       1.32359698       0.00474378
  1675       1.34332557       1.32111629       0.00164291
  1676       1.32167443       1.34388371      -0.00164291
  1677       1.32539547       1.34140302      -0.00474378
  1678       1.32911652       1.33892232      -0.00784465
  1679       1.33283756       1.33644163      -0.01094551
  1680       1.33655860       1.33396093      -0.01404638
  1681       1.32461617       1.34192255       0.00227941
  1682       1.32833722       1.33944186      -0.00082145
  1683       1.33205826       1.33696116      -0.00392232
  1684       1.33577930       1.33448047      -0.00702319
  1685       1.33950034       1.33199977      -0.01012406
  1686       1.32755792       1.33996139       0.00620174
  1687       1.33127896       1.33748070       0.00310087
  1688       1.33500000       1.33500000       0.00000000
  1689       1.33872104       1.33251931      -0.00310087
  1690       1.34244208       1.33003861      -0.00620174
  1691       1.33049966       1.33800023       0.01012406
  1692       1.33422070       1.33551953       0.00702319
  1693       1.33794174       1.33303884       0.00392232
  1694       1.34166278       1.33055814       0.00082145
  1695       1.34538383       1.32807745      -0.00227941
  1696       1.33344140       1.33603907       0.01404638
  1697       1.33716244       1.33355837       0.01094551
  1698       1.34088348       1.33107768       0.00784465
  1699       1.34460453       1.32859698       0.00474378
  1700       1.34832557       1.32611629       0.00164291
  1701       1.32667443       1.34888371      -0.00164291
  1702       1.33039547       1.34640302      -0.00474378
  1703       1.33411652       1.34392232      -0.00784465
  1704       1.33783756       1.34144163      -0.01094551
  1705       1.34155860       1.33896093      -0.01404638
  1706       1.32961617       1.34692255       0.00227941
  1707       1.33333722       1.34444186      -0.00082145
  1708       1.33705826       1.34196116      -0.00392232
  1709       1.34077930       1.33948047      -0.00702319
  1710       1.34450034       1.33699977      -0.01012406
  1711       1.33255792       1.34496139       0.00620174
  1712       1.33627896       1.34248070       0.00310087
  1713       1.34000000       1.34000000       0.00000000
  1714       1.34372104       1.33751931      -0.00310087
  1715       1.34744208       1.33503861      -0.00620174
  1716       1.33549966       1.34300023       0.01012406
  1717       1.33922070       1.34051953       0.00702319
  1718       1.34294174       1.33803884       0.00392232
  1719       1.34666278       1.33555814       0.00082145
  1720       1.35038383       1.33307745      -0.00227941
  1721       1.33844140       1.34103907       0.01404638
  1722       1.34216244       1.33855837       0.01094551
  1723       1.34588348       1.33607768       0.00784465
  1724       1.34960453       1.33359698       0.00474378
  1725       1.35332557       1.33111629       0.00164291
  1726       1.33167443       1.35388371      -0.00164291
  1727       1.33539547       1.35140302      -0.00474378
  1728       1.33911652       1.34892232      -0.00784465
  1729       1.34283756       1.34644163      -0.01094551
  1730       1.34655860       1.34396093      -0.01404638
  1731       1.33461617       1.35192255       0.00227941
  1732       1.33833722       1.34944186      -0.00082145
  1733       1.34205826       1.34696116      -0.00392232
  1734       1.34577930       1.34448047      -0.00702319
  1735       1.34950034       1.34199977      -0.01012406
  1736       1.33755792       1.34996139       0.00620174
  1737       1.34127896       1.34748070       0.00310087
  1738       1.34500000       1.34500000       0.00000000
  1739       1.34872104       1.34251931      -0.00310087
  1740       1.35244208       1.34003861      -0.00620174
  1741       1.34049966       1.34800023       0.01012406
  1742       1.34422070       1.34551953       0.00702319
  1743       1.34794174       1.34303884       0.00392232
  1744       1.35166278       1.34055814       0.00082145
  1745       1.35538383       1.33807745      -0.00227941
  1746       1.34344140       1.34603907       0.01404638
  1747       1.34716244       1.34355837       0.01094551
  1748       1.35088348       1.34107768       0.00784465
  1749       1.35460453       1.33859698       0.00474378
  1750       1.35832557       1.33611629       0.00164291
  1751       1.33667443       1.35888371      -0.00164291
  1752       1.34039547       1.35640302      -0.00474378
  1753       1.34411652       1.35392232      -0.00784465
  1754       1.34783756       1.35144163      -0.01094551
  1755       1.35155860       1.34896093      -0.01404638
  1756       1.33961617       1.35692255       0.00227941
  1757       1.34333722       1.35444186      -0.00082145
  1758       1.34705826       1.35196116      -0.00392232
  1759       1.35077930       1.34948047      -0.00702319
  1760       1.35450034       1.34699977      -0.01012406
  1761       1.34255792       1.35496139       0.00620174
  1762       1.34627896       1.35248070       0.00310087
  1763       1.35000000       1.35000000       0.00000000
  1764       1.35372104       1.34751931      -0.00310087
  1765       1.35744208       1.34503861      -0.00620174
  1766       1.34549966       1.35300023       0.01012406
  1767       1.34922070       1.35051953       0.00702319
  1768       1.35294174       1.34803884       0.00392232
  1769       1.35666278       1.34555814       0.00082145
  1770       1.36038383       1.34307745      -0.00227941
  1771       1.34844140       1.35103907       0.01404638
  1772       1.35216244       1.34855837       0.01094551
  1773       1.35588348       1.34607768       0.00784465
  1774       1.35960453       1.34359698       0.00474378
  1775       1.36332557       1.34111629       0.00164291
  1776       1.34167443       1.36388371      -0.00164291
  1777       1.34539547       1.36140302      -0.00474378
  1778       1.34911652       1.35892232      -0.00784465
  1779       1.35283756       1.35644163      -0.01094551
  1780       1.35655860       1.35396093      -0.01404638
  1781       1.34461617       1.36192255       0.00227941
  1782       1.34833722       1.35944186      -0.00082145
  1783       1.35205826       1.35696116      -0.00392232
  1784       1.35577930       1.35448047      -0.00702319
  1785       1.35950034       1.35199977      -0.01012406
  1786       1.34755792       1.35996139       0.00620174
  1787       1.35127896       1.35748070       0.00310087
  1788       1.35500000       1.35500000       0.00000000
  1789       1.35872104       1.35251931      -0.00310087
  1790       1.36244208       1.35003861      -0.00620174
  1791       1.35049966       1.35800023       0.01012406
  1792       1.35422070       1.35551953       0.00702319
  1793       1.35794174       1.35303884       0.00392232
  1794       1.36166278       1.35055814       0.00082145
  1795       1.36538383       1.34807745      -0.00227941
  1796       1.35344140       1.35603907       0.01404638
  1797       1.35716244       1.35355837       0.01094551
  1798       1.36088348       1.35107768       0.00784465
  1799       1.36460453       1.34859698       0.00474378
  1800       1.36832557       1.34611629       0.00164291
  1801       1.34667443       1.36888371      -0.00164291
  1802       1.35039547       1.36640302      -0.00474378
  1803       1.35411652       1.36392232      -0.00784465
  1804       1.35783756       1.36144163      -0.01094551
  1805       1.36155860       1.35896093      -0.01404638
  1806       1.34961617       1.36692255       0.00227941
  1807       1.35333722       1.36444186      -0.00082145
  1808       1.35705826       1.36196116      -0.00392232
  1809       1.36077930       1.35948047      -0.00702319
  1810       1.36450034       1.35699977      -0.01012406
  1811       1.35255792       1.36496139       0.00620174
  1812       1.35627896       1.36248070       0.00310087
  1813       1.36000000       1.36000000       0.00000000
  1814       1.36372104       1.35751931      -0.00310087
  1815       1.36744208       1.35503861      -0.00620174
  1816       1.35549966       1.36300023       0.01012406
  1817       1.35922070       1.36051953       0.00702319
  1818       1.36294174       1.35803884       0.00392232
  1819       1.36666278       1.35555814       0.00082145
  1820       1.37038383       1.35307745      -0.00227941
  1821       1.35844140       1.36103907       0.01404638
  1822       1.36216244       1.35855837       0.01094551
  1823       1.36588348       1.35607768       0.00784465
  1824       1.36960453       1.35359698       0.00474378
  1825       1.37332557       1.35111629       0.00164291
  1826       1.35167443       1.37388371      -0.00164291
  1827       1.35539547       1.37140302      -0.00474378
  1828       1.35911652       1.36892232      -0.00784465
  1829       1.36283756       1.36644163      -0.01094551
  1830       1.36655860       1.36396093      -0.01404638
  1831       1.35461617       1.37192255       0.00227941
  1832       1.35833722       1.36944186      -0.00082145
  1833       1.36205826       1.36696116      -0.00392232
  1834       1.36577930       1.36448047      -0.00702319
  1835       1.36950034       1.36199977      -0.01012406
  1836       1.35755792       1.36996139       0.00620174
  1837       1.36127896       1.36748070       0.00310087
  1838       1.36500000       1.36500000       0.00000000
  1839       1.36872104       1.36251931      -0.00310087
  1840       1.37244208       1.36003861      -0.00620174
  1841       1.36049966       1.36800023       0.01012406
  1842       1.36422070       1.36551953       0.00702319
  1843       1.36794174       1.36303884       0.00392232
  1844       1.37166278       1.36055814       0.00082145
  1845       1.37538383       1.35807745      -0.00227941
  1846       1.36344140       1.36603907       0.01404638
  1847       1.36716244       1.36355837       0.01094551
  1848       1.37088348       1.36107768       0.00784465
  1849       1.37460453       1.35859698       0.00474378
  1850       1.37832557       1.35611629       0.00164291
  1851       1.35667443       1.37888371      -0.00164291
  1852       1.36039547       1.37640302      -0.00474378
  1853       1.36411652       1.37392232      -0.00784465
  1854       1.36783756       1.37144163      -0.01094551
  1855       1.37155860       1.36896093      -0.01404638
  1856       1.35961617       1.37692255       0.00227941
  1857       1.36333722       1.37444186      -0.00082145
  1858       1.36705826       1.37196116      -0.00392232
  1859       1.37077930       1.36948047      -0.00702319
  1860       1.37450034       1.36699977      -0.01012406
  1861       1.36255792       1.37496139       0.00620174
  1862       1.36627896       1.37248070       0.00310087
  1863       1.37000000       1.37000000       0.00000000
  1864       1.37372104       1.36751931      -0.00310087
  1865       1.37744208       1.36503861      -0.00620174
  1866       1.36549966       1.37300023       0.01012406
  1867       1.36922070       1.37051953       0.00702319
  1868       1.37294174       1.36803884       0.00392232
  1869       1.37666278       1.36555814       0.00082145
  1870       1.38038383       1.36307745      -0.00227941
  1871       1.36844140       1.37103907       0.01404638
  1872       1.37216244       1.36855837       0.01094551
  1873       1.37588348       1.36607768       0.00784465
  1874       1.37960453       1.36359698       0.00474378
  1875       1.38332557       1.36111629       0.00164291
  1876       1.36167443       1.38388371      -0.00164291
  1877       1.36539547       1.38140302      -0.00474378
  1878       1.36911652       1.37892232      -0.00784465
  1879       1.37283756       1.37644163      -0.01094551
  1880       1.37655860       1.37396093      -0.01404638
  1881       1.36461617       1.38192255       0.00227941
  1882       1.36833722       1.37944186      -0.00082145
  1883       1.37205826       1.37696116      -0.00392232
  1884       1.37577930       1.37448047      -0.00702319
  1885       1.37950034       1.37199977      -0.01012406
  1886       1.36755792       1.37996139       0.00620174
  1887       1.37127896       1.37748070       0.00310087
  1888       1.37500000       1.37500000       0.00000000
  1889       1.37872104       1.37251931      -0.00310087
  1890       1.38244208       1.37003861      -0.00620174
  1891       1.37049966       1.37800023       0.01012406
  1892       1.37422070       1.37551953       0.00702319
  1893       1.37794174       1.37303884       0.00392232
  1894       1.38166278       1.37055814       0.00082145
  1895       1.38538383       1.36807745      -0.00227941
  1896       1.37344140       1.37603907       0.01404638
  1897       1.37716244       1.37355837       0.01094551
  1898       1.38088348       1.37107768       0.00784465
  1899       1.38460453       1.36859698       0.00474378
  1900       1.38832557       1.36611629       0.00164291
  1901       1.36667443       1.38888371      -0.00164291
  1902       1.37039547       1.38640302      -0.00474378
  1903       1.37411652       1.38392232      -0.00784465
  1904       1.37783756       1.38144163      -0.01094551
  1905       1.38155860       1.37896093      -0.01404638
  1906       1.36961617       1.38692255       0.00227941
  1907       1.37333722       1.38444186      -0.00082145
  1908       1.37705826       1.38196116      -0.00392232
  1909       1.38077930       1.37948047      -0.00702319
  1910       1.38450034       1.37699977      -0.01012406
  1911       1.37255792       1.38496139       0.00620174
  1912       1.37627896       1.38248070       0.00310087
  1913       1.38000000       1.38000000       0.00000000
  1914       1.38372104       1.37751931      -0.00310087
  1915       1.38744208       1.37503861      -0.00620174
  1916       1.37549966       1.38300023       0.01012406
  1917       1.37922070       1.38051953       0.00702319
  1918       1.38294174       1.37803884       0.00392232
  1919       1.38666278       1.37555814       0.00082145
  1920       1.39038383       1.37307745      -0.00227941
  1921       1.37844140       1.38103907       0.01404638
  1922       1.38216244       1.37855837       0.01094551
  1923       1.38588348       1.37607768       0.00784465
  1924       1.38960453       1.37359698       0.00474378
  1925       1.39332557       1.37111629       0.00164291
  1926       1.37167443       1.39388371      -0.00164291
  1927       1.37539547       1.39140302      -0.00474378
  1928       1.37911652       1.38892232      -0.00784465
  1929       1.38283756       1.38644163      -0.01094551
  1930       1.38655860       1.38396093      -0.01404638
  1931       1.37461617       1.39192255       0.00227941
  1932       1.37833722       1.38944186      -0.00082145
  1933       1.38205826       1.38696116      -0.00392232
  1934       1.38577930       1.38448047      -0.00702319
  1935       1.38950034       1.38199977      -0.01012406
  1936       1.37755792       1.38996139       0.00620174
  1937       1.38127896       1.38748070       0.00310087
  1938       1.38500000       1.38500000       0.00000000
  1939       1.38872104       1.38251931      -0.00310087
  1940       1.39244208       1.38003861      -0.00620174
  1941       1.38049966       1.38800023       0.01012406
  1942       1.38422070       1.38551953       0.00702319
  1943       1.38794174       1.38303884       0.00392232
  1944       1.39166278       1.38055814       0.00082145
  1945       1.39538383       1.37807745      -0.00227941
  1946       1.38344140       1.38603907       0.01404638
  1947       1.38716244       1.38355837       0.01094551
  1948       1.39088348       1.38107768       0.00784465
  1949       1.39460453       1.37859698       0.00474378
  1950       1.39832557       1.37611629       0.00164291
  1951       1.37667443       1.39888371      -0.00164291
  1952       1.38039547       1.39640302      -0.00474378
  1953       1.38411652       1.39392232      -0.00784465
  1954       1.38783756       1.39144163      -0.01094551
  1955       1.39155860       1.38896093      -0.01404638
  1956       1.37961617       1.39692255       0.00227941
  1957       1.38333722       1.39444186      -0.00082145
  1958       1.38705826       1.39196116      -0.00392232
  1959       1.39077930       1.38948047      -0.00702319
  1960       1.39450034       1.38699977      -0.01012406
  1961       1.38255792       1.39496139       0.00620174
  1962       1.38627896       1.39248070       0.00310087
  1963       1.39000000       1.39000000       0.00000000
  1964       1.39372104       1.38751931      -0.00310087
  1965       1.39744208       1.38503861      -0.00620174
  1966       1.38549966       1.39300023       0.01012406
  1967       1.38922070       1.39051953       0.00702319
  1968       1.39294174       1.38803884       0.00392232
  1969       1.39666278       1.38555814       0.00082145
  1970       1.40038383       1.38307745      -0.00227941
  1971       1.38844140       1.39103907       0.01404638
  1972       1.39216244       1.38855837       0.01094551
  1973       1.39588348       1.38607768       0.00784465
  1974       1.39960453       1.38359698       0.00474378
  1975       1.40332557       1.38111629       0.00164291
  1976       1.38167443       1.40388371      -0.00164291
  1977       1.38539547       1.40140302      -0.00474378
  1978       1.38911652       1.39892232      -0.00784465
  1979       1.39283756       1.39644163      -0.01094551
  1980       1.39655860       1.39396093      -0.01404638
  1981       1.38461617       1.40192255       0.00227941
  1982       1.38833722       1.39944186      -0.00082145
  1983       1.39205826       1.39696116      -0.00392232
  1984       1.39577930       1.39448047      -0.00702319
  1985       1.39950034       1.39199977      -0.01012406
  1986       1.38755792       1.39996139       0.00620174
  1987       1.39127896       1.39748070       0.00310087
  1988       1.39500000       1.39500000       0.00000000
  1989       1.39872104       1.39251931      -0.00310087
  1990       1.40244208       1.39003861      -0.00620174
  1991       1.39049966       1.39800023       0.01012406
  1992       1.39422070       1.39551953       0.00702319
  1993       1.39794174       1.39303884       0.00392232
  1994       1.40166278       1.39055814       0.00082145
  1995       1.40538383       1.38807745      -0.00227941
  1996       1.39344140       1.39603907       0.01404638
  1997       1.39716244       1.39355837       0.01094551
  1998       1.40088348       1.39107768       0.00784465
  1999       1.40460453       1.38859698       0.00474378
  2000       1.40832557       1.38611629       0.00164291
  2001       1.38667443       1.40888371      -0.00164291
  2002       1.39039547       1.40640302      -0.00474378
  2003       1.39411652       1.40392232      -0.00784465
  2004       1.39783756       1.40144163      -0.01094551
  2005       1.40155860       1.39896093      -0.01404638
  2006       1.38961617       1.40692255       0.00227941
  2007       1.39333722       1.40444186      -0.00082145
  2008       1.39705826       1.40196116      -0.00392232
  2009       1.40077930       1.39948047      -0.00702319
  2010       1.40450034       1.39699977      -0.01012406
  2011       1.39255792       1.40496139       0.00620174
  2012       1.39627896       1.40248070       0.00310087
  2013       1.40000000       1.40000000       0.00000000
  2014       1.40372104       1.39751931      -0.00310087
  2015       1.40744208       1.39503861      -0.00620174
  2016       1.39549966       1.40300023       0.01012406
  2017       1.39922070       1.40051953       0.00702319
  2018       1.40294174       1.39803884       0.00392232
  2019       1.40666278       1.39555814       0.00082145
  2020       1.41038383       1.39307745      -0.00227941
  2021       1.39844140       1.40103907       0.01404638
  2022       1.40216244       1.39855837       0.01094551
  2023       1.40588348       1.39607768       0.00784465
  2024       1.40960453       1.39359698       0.00474378
  2025       1.41332557       1.39111629       0.00164291
  2026       1.39167443       1.41388371      -0.00164291
  2027       1.39539547       1.41140302      -0.00474378
  2028       1.39911652       1.40892232      -0.00784465
  2029       1.40283756       1.40644163      -0.01094551
  2030       1.40655860       1.40396093      -0.01404638
  2031       1.39461617       1.41192255       0.00227941
  2032       1.39833722       1.40944186      -0.00082145
  2033       1.40205826       1.40696116      -0.00392232
  2034       1.40577930       1.40448047      -0.00702319
  2035       1.40950034       1.40199977      -0.01012406
  2036       1.39755792       1.40996139       0.00620174
  2037       1.40127896       1.40748070       0.00310087
  2038       1.40500000       1.40500000       0.00000000
  2039       1.40872104       1.40251931      -0.00310087
  2040       1.41244208       1.40003861      -0.00620174
  2041       1.40049966       1.40800023       0.01012406
  2042       1.40422070       1.40551953       0.00702319
  2043       1.40794174       1.40303884       0.00392232
  2044       1.41166278       1.40055814       0.00082145
  2045       1.41538383       1.39807745      -0.00227941
  2046       1.40344140       1.40603907       0.01404638
  2047       1.40716244       1.40355837       0.01094551
  2048       1.41088348       1.40107768       0.00784465
  2049       1.41460453       1.39859698       0.00474378
  2050       1.41832557       1.39611629       0.00164291
  2051       1.39667443       1.41888371      -0.00164291
  2052       1.40039547       1.41640302      -0.00474378
  2053       1.40411652       1.41392232      -0.00784465
  2054       1.40783756       1.41144163      -0.01094551
  2055       1.41155860       1.40896093      -0.01404638
  2056       1.39961617       1.41692255       0.00227941
  2057       1.40333722       1.41444186      -0.00082145
  2058       1.40705826       1.41196116      -0.00392232
  2059       1.41077930       1.40948047      -0.00702319
  2060       1.41450034       1.40699977      -0.01012406
  2061       1.40255792       1.41496139       0.00620174
  2062       1.40627896       1.41248070       0.00310087
  2063       1.41000000       1.41000000       0.00000000
  2064       1.41372104       1.40751931      -0.00310087
  2065       1.41744208       1.40503861      -0.00620174
  2066       1.40549966       1.41300023       0.01012406
  2067       1.40922070       1.41051953       0.00702319
  2068       1.41294174       1.40803884       0.00392232
  2069       1.41666278       1.40555814       0.00082145
  2070       1.42038383       1.40307745      -0.00227941
  2071       1.40844140       1.41103907       0.01404638
  2072       1.41216244       1.40855837       0.01094551
  2073       1.41588348       1.40607768       0.00784465
  2074       1.41960453       1.40359698       0.00474378
  2075       1.42332557       1.40111629       0.00164291
  2076       1.40167443       1.42388371      -0.00164291
  2077       1.40539547       1.42140302      -0.00474378
  2078       1.40911652       1.41892232      -0.00784465
  2079       1.41283756       1.41644163      -0.01094551
  2080       1.41655860       1.41396093      -0.01404638
  2081       1.40461617       1.42192255       0.00227941
  2082       1.40833722       1.41944186      -0.00082145
  2083       1.41205826       1.41696116      -0.00392232
  2084       1.41577930       1.41448047      -0.00702319
  2085       1.41950034       1.41199977      -0.01012406
  2086       1.40755792       1.41996139       0.00620174
  2087       1.41127896       1.41748070       0.00310087
  2088       1.41500000       1.41500000       0.00000000
  2089       1.41872104       1.41251931      -0.00310087
  2090       1.42244208       1.41003861      -0.00620174
  2091       1.41049966       1.41800023       0.01012406
  2092       1.41422070       1.41551953       0.00702319
  2093       1.41794174       1.41303884       0.00392232
  2094       1.42166278       1.41055814       0.00082145
  2095       1.42538383       1.40807745      -0.00227941
  2096       1.41344140       1.41603907       0.01404638
  2097       1.41716244       1.41355837       0.01094551
  2098       1.42088348       1.41107768       0.00784465
  2099       1.42460453       1.40859698       0.00474378
  2100       1.42832557       1.40611629       0.00164291
  2101       1.40667443       1.42888371      -0.00164291
  2102       1.41039547       1.42640302      -0.00474378
  2103       1.41411652       1.42392232      -0.00784465
  2104       1.41783756       1.42144163      -0.01094551
  2105       1.42155860       1.41896093      -0.01404638
  2106       1.40961617       1.42692255       0.00227941
  2107       1.41333722       1.42444186      -0.00082145
  2108       1.41705826       1.42196116      -0.00392232
  2109       1.42077930       1.41948047      -0.00702319
  2110       1.42450034       1.41699977      -0.01012406
  2111       1.41255792       1.42496139       0.00620174
  2112       1.41627896       1.42248070       0.00310087
  2113       1.42000000       1.42000000       0.00000000
  2114       1.42372104       1.41751931      -0.00310087
  2115       1.42744208       1.41503861      -0.00620174
  2116       1.41549966       1.42300023       0.01012406
  2117       1.41922070       1.42051953       0.00702319
  2118       1.42294174       1.41803884       0.00392232
  2119       1.42666278       1.41555814       0.00082145
  2120       1.43038383       1.41307745      -0.00227941
  2121       1.41844140       1.42103907       0.01404638
  2122       1.42216244       1.41855837       0.01094551
  2123       1.42588348       1.41607768       0.00784465
  2124       1.42960453       1.41359698       0.00474378
  2125       1.43332557       1.41111629       0.00164291
  2126       1.41167443       1.43388371      -0.00164291
  2127       1.41539547       1.43140302      -0.00474378
  2128       1.41911652       1.42892232      -0.00784465
  2129       1.42283756       1.42644163      -0.01094551
  2130       1.42655860       1.42396093      -0.01404638
  2131       1.41461617       1.43192255       0.00227941
  2132       1.41833722       1.42944186      -0.00082145
  2133       1.42205826       1.42696116      -0.00392232
  2134       1.42577930       1.42448047      -0.00702319
  2135       1.42950034       1.42199977      -0.01012406
  2136       1.41755792       1.42996139       0.00620174
  2137       1.42127896       1.42748070       0.00310087
  2138       1.42500000       1.42500000       0.00000000
  2139       1.42872104       1.42251931      -0.00310087
  2140       1.43244208       1.42003861      -0.00620174
  2141       1.42049966       1.42800023       0.01012406
  2142       1.42422070       1.42551953       0.00702319
  2143       1.42794174       1.42303884       0.00392232
  2144       1.43166278       1.42055814       0.00082145
  2145       1.43538383       1.41807745      -0.00227941
  2146       1.42344140       1.42603907       0.01404638
  2147       1.42716244       1.42355837       0.01094551
  2148       1.43088348       1.42107768       0.00784465
  2149       1.43460453       1.41859698       0.00474378
  2150       1.43832557       1.41611629       0.00164291
  2151       1.41667443       1.43888371      -0.00164291
  2152       1.42039547       1.43640302      -0.00474378
  2153       1.42411652       1.43392232      -0.00784465
  2154       1.42783756       1.43144163      -0.01094551
  2155       1.43155860       1.42896093      -0.01404638
  2156       1.41961617       1.43692255       0.00227941
  2157       1.42333722       1.43444186      -0.00082145
  2158       1.42705826       1.43196116      -0.00392232
  2159       1.43077930       1.42948047      -0.00702319
  2160       1.43450034       1.42699977      -0.01012406
  2161       1.42255792       1.43496139       0.00620174
  2162       1.42627896       1.43248070       0.00310087
  2163       1.43000000       1.43000000       0.00000000
  2164       1.43372104       1.42751931      -0.00310087
  2165       1.43744208       1.42503861      -0.00620174
  2166       1.42549966       1.43300023       0.01012406
  2167       1.42922070       1.43051953       0.00702319
  2168       1.43294174       1.42803884       0.00392232
  2169       1.43666278       1.42555814       0.00082145
  2170       1.44038383       1.42307745      -0.00227941
  2171       1.42844140       1.43103907       0.01404638
  2172       1.43216244       1.42855837       0.01094551
  2173       1.43588348       1.42607768       0.00784465
  2174       1.43960453       1.42359698       0.00474378
  2175       1.44332557       1.42111629       0.00164291
  2176       1.42167443       1.44388371      -0.00164291
  2177       1.42539547       1.44140302      -0.00474378
  2178       1.42911652       1.43892232      -0.00784465
  2179       1.43283756       1.43644163      -0.01094551
  2180       1.43655860       1.43396093      -0.01404638
  2181       1.42461617       1.44192255       0.00227941
  2182       1.42833722       1.43944186      -0.00082145
  2183       1.43205826       1.43696116      -0.00392232
  2184       1.43577930       1.43448047      -0.00702319
  2185       1.43950034       1.43199977      -0.01012406
  2186       1.42755792       1.43996139       0.00620174
  2187       1.43127896       1.43748070       0.00310087
  2188       1.43500000       1.43500000       0.00000000
  2189       1.43872104       1.43251931      -0.00310087
  2190       1.44244208       1.43003861      -0.00620174
  2191       1.43049966       1.43800023       0.01012406
  2192       1.43422070       1.43551953       0.00702319
  2193       1.43794174       1.43303884       0.00392232
  2194       1.44166278       1.43055814       0.00082145
  2195       1.44538383       1.42807745      -0.00227941
  2196       1.43344140       1.43603907       0.01404638
  2197       1.43716244       1.43355837       0.01094551
  2198       1.44088348       1.43107768       0.00784465
  2199       1.44460453       1.42859698       0.00474378
  2200       1.44832557       1.42611629       0.00164291
  2201       1.42667443       1.44888371      -0.00164291
  2202       1.43039547       1.44640302      -0.00474378
  2203       1.43411652       1.44392232      -0.00784465
  2204       1.43783756       1.44144163      -0.01094551
  2205       1.44155860       1.43896093      -0.01404638
  2206       1.42961617       1.44692255       0.00227941
  2207       1.43333722       1.44444186      -0.00082145
  2208       1.43705826       1.44196116      -0.00392232
  2209       1.44077930       1.43948047      -0.00702319
  2210       1.44450034       1.43699977      -0.01012406
  2211       1.43255792       1.44496139       0.00620174
  2212       1.43627896       1.44248070       0.00310087
  2213       1.44000000       1.44000000       0.00000000
  2214       1.44372104       1.43751931      -0.00310087
  2215       1.44744208       1.43503861      -0.00620174
  2216       1.43549966       1.44300023       0.01012406
  2217       1.43922070       1.44051953       0.00702319
  2218       1.44294174       1.43803884       0.00392232
  2219       1.44666278       1.43555814       0.00082145
  2220       1.45038383       1.43307745      -0.00227941
  2221       1.43844140       1.44103907       0.01404638
  2222       1.44216244       1.43855837       0.01094551
  2223       1.44588348       1.43607768       0.00784465
  2224       1.44960453       1.43359698       0.00474378
  2225       1.45332557       1.43111629       0.00164291
  2226       1.43167443       1.45388371      -0.00164291
  2227       1.43539547       1.45140302      -0.00474378
  2228       1.43911652       1.44892232      -0.00784465
  2229       1.44283756       1.44644163      -0.01094551
  2230       1.44655860       1.44396093      -0.01404638
  2231       1.43461617       1.45192255       0.00227941
  2232       1.43833722       1.44944186      -0.00082145
  2233       1.44205826       1.44696116      -0.00392232
  2234       1.44577930       1.44448047      -0.00702319
  2235       1.44950034       1.44199977      -0.01012406
  2236       1.43755792       1.44996139       0.00620174
  2237       1.44127896       1.44748070       0.00310087
  2238       1.44500000       1.44500000       0.00000000
  2239       1.44872104       1.44251931      -0.00310087
  2240       1.45244208       1.44003861      -0.00620174
  2241       1.44049966       1.44800023       0.01012406
  2242       1.44422070       1.44551953       0.00702319
  2243       1.44794174       1.44303884       0.00392232
  2244       1.45166278       1.44055814       0.00082145
  2245       1.45538383       1.43807745      -0.00227941
  2246       1.44344140       1.44603907       0.01404638
  2247       1.44716244       1.44355837       0.01094551
  2248       1.45088348       1.44107768       0.00784465
  2249       1.45460453       1.43859698       0.00474378
  2250       1.45832557       1.43611629       0.00164291
  2251       1.43667443       1.45888371      -0.00164291
  2252       1.44039547       1.45640302      -0.00474378
  2253       1.44411652       1.45392232      -0.00784465
  2254       1.44783756       1.45144163      -0.01094551
  2255       1.45155860       1.44896093      -0.01404638
  2256       1.43961617       1.45692255       0.00227941
  2257       1.44333722       1.45444186      -0.00082145
  2258       1.44705826       1.45196116      -0.00392232
  2259       1.45077930       1.44948047      -0.00702319
  2260       1.45450034       1.44699977      -0.01012406
  2261       1.44255792       1.45496139       0.00620174
  2262       1.44627896       1.45248070       0.00310087
  2263       1.45000000       1.45000000       0.00000000
  2264       1.45372104       1.44751931      -0.00310087
  2265       1.45744208       1.44503861      -0.00620174
  2266       1.44549966       1.45300023       0.01012406
  2267       1.44922070       1.45051953       0.00702319
  2268       1.45294174       1.44803884       0.00392232
  2269       1.45666278       1.44555814       0.00082145
  2270       1.46038383       1.44307745      -0.00227941
  2271       1.44844140       1.45103907       0.01404638
  2272       1.45216244       1.44855837       0.01094551
  2273       1.45588348       1.44607768       0.00784465
  2274       1.45960453       1.44359698       0.00474378
  2275       1.46332557       1.44111629       0.00164291
  2276       1.44167443       1.46388371      -0.00164291
  2277       1.44539547       1.46140302      -0.00474378
  2278       1.44911652       1.45892232      -0.00784465
  2279       1.45283756       1.45644163      -0.01094551
  2280       1.45655860       1.45396093      -0.01404638
  2281       1.44461617       1.46192255       0.00227941
  2282       1.44833722       1.45944186      -0.00082145
  2283       1.45205826       1.45696116      -0.00392232
  2284       1.45577930       1.45448047      -0.00702319
  2285       1.45950034       1.45199977      -0.01012406
  2286       1.44755792       1.45996139       0.00620174
  2287       1.45127896       1.45748070       0.00310087
  2288       1.45500000       1.45500000       0.00000000
  2289       1.45872104       1.45251931      -0.00310087
  2290       1.46244208       1.45003861      -0.00620174
  2291       1.45049966       1.45800023       0.01012406
  2292       1.45422070       1.45551953       0.00702319
  2293       1.45794174       1.45303884       0.00392232
  2294       1.46166278       1.45055814       0.00082145
  2295       1.46538383       1.44807745      -0.00227941
  2296       1.45344140       1.45603907       0.01404638
  2297       1.45716244       1.45355837       0.01094551
  2298       1.46088348       1.45107768       0.00784465
  2299       1.46460453       1.44859698       0.00474378
  2300       1.46832557       1.44611629       0.00164291
  2301       1.44667443       1.46888371      -0.00164291
  2302       1.45039547       1.46640302      -0.00474378
  2303       1.45411652       1.46392232      -0.00784465
  2304       1.45783756       1.46144163      -0.01094551
  2305       1.46155860       1.45896093      -0.01404638
  2306       1.44961617       1.46692255       0.00227941
  2307       1.45333722       1.46444186      -0.00082145
  2308       1.45705826       1.46196116      -0.00392232
  2309       1.46077930       1.45948047      -0.00702319
  2310       1.46450034       1.45699977      -0.01012406
  2311       1.45255792       1.46496139       0.00620174
  2312       1.45627896       1.46248070       0.00310087
  2313       1.46000000       1.46000000       0.00000000
  2314       1.46372104       1.45751931      -0.00310087
  2315       1.46744208       1.45503861      -0.00620174
  2316       1.45549966       1.46300023       0.01012406
  2317       1.45922070       1.46051953       0.00702319
  2318       1.46294174       1.45803884       0.00392232
  2319       1.46666278       1.45555814       0.00082145
  2320       1.47038383       1.45307745      -0.00227941
  2321       1.45844140       1.46103907       0.01404638
  2322       1.46216244       1.45855837       0.01094551
  2323       1.46588348       1.45607768       0.00784465
  2324       1.46960453       1.45359698       0.00474378
  2325       1.47332557       1.45111629       0.00164291
  2326       1.45167443       1.47388371      -0.00164291
  2327       1.45539547       1.47140302      -0.00474378
  2328       1.45911652       1.46892232      -0.00784465
  2329       1.46283756       1.46644163      -0.01094551
  2330       1.46655860       1.46396093      -0.01404638
  2331       1.45461617       1.47192255       0.00227941
  2332       1.45833722       1.46944186      -0.00082145
  2333       1.46205826       1.46696116      -0.00392232
  2334       1.46577930       1.46448047      -0.00702319
  2335       1.46950034       1.46199977      -0.01012406
  2336       1.45755792       1.46996139       0.00620174
  2337       1.46127896       1.46748070       0.00310087
  2338       1.46500000       1.46500000       0.00000000
  2339       1.46872104       1.46251931      -0.00310087
  2340       1.47244208       1.46003861      -0.00620174
  2341       1.46049966       1.46800023       0.01012406
  2342       1.46422070       1.46551953       0.00702319
  2343       1.46794174       1.46303884       0.00392232
  2344       1.47166278       1.46055814       0.00082145
  2345       1.47538383       1.45807745      -0.00227941
  2346       1.46344140       1.46603907       0.01404638
  2347       1.46716244       1.46355837       0.01094551
  2348       1.47088348       1.46107768       0.00784465
  2349       1.47460453       1.45859698       0.00474378
  2350       1.47832557       1.45611629       0.00164291
  2351       1.45667443       1.47888371      -0.00164291
  2352       1.46039547       1.47640302      -0.00474378
  2353       1.46411652       1.47392232      -0.00784465
  2354       1.46783756       1.47144163      -0.01094551
  2355       1.47155860       1.46896093      -0.01404638
  2356       1.45961617       1.47692255       0.00227941
  2357       1.46333722       1.47444186      -0.00082145
  2358       1.46705826       1.47196116      -0.00392232
  2359       1.47077930       1.46948047      -0.00702319
  2360       1.47450034       1.46699977      -0.01012406
  2361       1.46255792       1.47496139       0.00620174
  2362       1.46627896       1.47248070       0.00310087
  2363       1.47000000       1.47000000       0.00000000
  2364       1.47372104       1.46751931      -0.00310087
  2365       1.47744208       1.46503861      -0.00620174
  2366       1.46549966       1.47300023       0.01012406
  2367       1.46922070       1.47051953       0.00702319
  2368       1.47294174       1.46803884       0.00392232
  2369       1.47666278       1.46555814       0.00082145
  2370       1.48038383       1.46307745      -0.00227941
  2371       1.46844140       1.47103907       0.01404638
  2372       1.47216244       1.46855837       0.01094551
  2373       1.47588348       1.46607768       0.00784465
  2374       1.47960453       1.46359698       0.00474378
  2375       1.48332557       1.46111629       0.00164291
  2376       1.46167443       1.48388371      -0.00164291
  2377       1.46539547       1.48140302      -0.00474378
  2378       1.46911652       1.47892232      -0.00784465
  2379       1.47283756       1.47644163      -0.01094551
  2380       1.47655860       1.47396093      -0.01404638
  2381       1.46461617       1.48192255       0.00227941
  2382       1.46833722       1.47944186      -0.00082145
  2383       1.47205826       1.47696116      -0.00392232
  2384       1.47577930       1.47448047      -0.00702319
  2385       1.47950034       1.47199977      -0.01012406
  2386       1.46755792       1.47996139       0.00620174
  2387       1.47127896       1.47748070       0.00310087
  2388       1.47500000       1.47500000       0.00000000
  2389       1.47872104       1.47251931      -0.00310087
  2390       1.48244208       1.47003861      -0.00620174
  2391       1.47049966       1.47800023       0.01012406
  2392       1.47422070       1.47551953       0.00702319
  2393       1.47794174       1.47303884       0.00392232
  2394       1.48166278       1.47055814       0.00082145
  2395       1.48538383       1.46807745      -0.00227941
  2396       1.47344140       1.47603907       0.01404638
  2397       1.47716244       1.47355837       0.01094551
  2398       1.48088348       1.47107768       0.00784465
  2399       1.48460453       1.46859698       0.00474378
  2400       1.48832557       1.46611629       0.00164291
  2401       1.46667443       1.48888371      -0.00164291
  2402       1.47039547       1.48640302      -0.00474378
  2403       1.47411652       1.48392232      -0.00784465
  2404       1.47783756       1.48144163      -0.01094551
  2405       1.48155860       1.47896093      -0.01404638
  2406       1.46961617       1.48692255       0.00227941
  2407       1.47333722       1.48444186      -0.00082145
  2408       1.47705826       1.48196116      -0.00392232
  2409       1.48077930       1.47948047      -0.00702319
  2410       1.48450034       1.47699977      -0.01012406
  2411       1.47255792       1.48496139       0.00620174
  2412       1.47627896       1.48248070       0.00310087
  2413       1.48000000       1.48000000       0.00000000
  2414       1.48372104       1.47751931      -0.00310087
  2415       1.48744208       1.47503861      -0.00620174
  2416       1.47549966       1.48300023       0.01012406
  2417       1.47922070       1.48051953       0.00702319
  2418       1.48294174       1.47803884       0.00392232
  2419       1.48666278       1.47555814       0.00082145
  2420       1.49038383       1.47307745      -0.00227941
  2421       1.47844140       1.48103907       0.01404638
  2422       1.48216244       1.47855837       0.01094551
  2423       1.48588348       1.47607768       0.00784465
  2424       1.48960453       1.47359698       0.00474378
  2425       1.49332557       1.47111629       0.00164291
  2426       1.47167443       1.49388371      -0.00164291
  2427       1.47539547       1.49140302      -0.00474378
  2428       1.47911652       1.48892232      -0.00784465
  2429       1.48283756       1.48644163      -0.01094551
  2430       1.48655860       1.48396093      -0.01404638
  2431       1.47461617       1.49192255       0.00227941
  2432       1.47833722       1.48944186      -0.00082145
  2433       1.48205826       1.48696116      -0.00392232
  2434       1.48577930       1.48448047      -0.00702319
  2435       1.48950034       1.48199977      -0.01012406
  2436       1.47755792       1.48996139       0.00620174
  2437       1.48127896       1.48748070       0.00310087
  2438       1.48500000       1.48500000       0.00000000
  2439       1.48872104       1.48251931      -0.00310087
  2440       1.49244208       1.48003861      -0.00620174
  2441       1.48049966       1.48800023       0.01012406
  2442       1.48422070       1.48551953       0.00702319
  2443       1.48794174       1.48303884       0.00392232
  2444       1.49166278       1.48055814       0.00082145
  2445       1.49538383       1.47807745      -0.00227941
  2446       1.48344140       1.48603907       0.01404638
  2447       1.48716244       1.48355837       0.01094551
  2448       1.49088348       1.48107768       0.00784465
  2449       1.49460453       1.47859698       0.00474378
  2450       1.49832557       1.47611629       0.00164291
  2451       1.47667443       1.49888371      -0.00164291
  2452       1.48039547       1.49640302      -0.00474378
  2453       1.48411652       1.49392232      -0.00784465
  2454       1.48783756       1.49144163      -0.01094551
  2455       1.49155860       1.48896093      -0.01404638
  2456       1.47961617       1.49692255       0.00227941
  2457       1.48333722       1.49444186      -0.00082145
  2458       1.48705826       1.49196116      -0.00392232
  2459       1.49077930       1.48948047      -0.00702319
  2460       1.49450034       1.48699977      -0.01012406
  2461       1.48255792       1.49496139       0.00620174
  2462       1.48627896       1.49248070       0.00310087
  2463       1.49000000       1.49000000       0.00000000
  2464       1.49372104       1.48751931      -0.00310087
  2465       1.49744208       1.48503861      -0.00620174
  2466       1.48549966       1.49300023       0.01012406
  2467       1.48922070       1.49051953       0.00702319
  2468       1.49294174       1.48803884       0.00392232
  2469       1.49666278       1.48555814       0.00082145
  2470       1.50038383       1.48307745      -0.00227941
  2471       1.48844140       1.49103907       0.01404638
  2472       1.49216244       1.48855837       0.01094551
  2473       1.49588348       1.48607768       0.00784465
  2474       1.49960453       1.48359698       0.00474378
  2475       1.50332557       1.48111629       0.00164291
  2476       1.48167443       1.50388371      -0.00164291
  2477       1.48539547       1.50140302      -0.00474378
  2478       1.48911652       1.49892232      -0.00784465
  2479       1.49283756       1.49644163      -0.01094551
  2480       1.49655860       1.49396093      -0.01404638
  2481       1.48461617       1.50192255       0.00227941
  2482       1.48833722       1.49944186      -0.00082145
  2483       1.49205826       1.49696116      -0.00392232
  2484       1.49577930       1.49448047      -0.00702319
  2485       1.49950034       1.49199977      -0.01012406
  2486       1.48755792       1.49996139       0.00620174
  2487       1.49127896       1.49748070       0.00310087
  2488       1.49500000       1.49500000       0.00000000
  2489       1.49872104       1.49251931      -0.00310087
  2490       1.50244208       1.49003861      -0.00620174
  2491       1.49049966       1.49800023       0.01012406
  2492       1.49422070       1.49551953       0.00702319
  2493       1.49794174       1.49303884       0.00392232
  2494       1.50166278       1.49055814       0.00082145
  2495       1.50538383       1.48807745      -0.00227941
  2496       1.49344140       1.49603907       0.01404638
  2497       1.49716244       1.49355837       0.01094551
  2498       1.50088348       1.49107768       0.00784465
  2499       1.50460453       1.48859698       0.00474378
  2500       1.50832557       1.48611629       0.00164291
  2501       1.48667443       1.50888371      -0.00164291
  2502       1.49039547       1.50640302      -0.00474378
  2503       1.49411652       1.50392232      -0.00784465
  2504       1.49783756       1.50144163      -0.01094551
  2505       1.50155860       1.49896093      -0.01404638
  2506       1.48961617       1.50692255       0.00227941
  2507       1.49333722       1.50444186      -0.00082145
  2508       1.49705826       1.50196116      -0.00392232
  2509       1.50077930       1.49948047      -0.00702319
  2510       1.50450034       1.49699977      -0.01012406
  2511       1.49255792       1.50496139       0.00620174
  2512       1.49627896       1.50248070       0.00310087
  2513       1.50000000       1.50000000       0.00000000
  2514       1.50372104       1.49751931      -0.00310087
  2515       1.50744208       1.49503861      -0.00620174
  2516       1.49549966       1.50300023       0.01012406
  2517       1.49922070       1.50051953       0.00702319
  2518       1.50294174       1.49803884       0.00392232
  2519       1.50666278       1.49555814       0.00082145
  2520       1.51038383       1.49307745      -0.00227941
  2521       1.49844140       1.50103907       0.01404638
  2522       1.50216244       1.49855837       0.01094551
  2523       1.50588348       1.49607768       0.00784465
  2524       1.50960453       1.49359698       0.00474378
  2525       1.51332557       1.49111629       0.00164291
  2526       1.49167443       1.51388371      -0.00164291
  2527       1.49539547       1.51140302      -0.00474378
  2528       1.49911652       1.50892232      -0.00784465
  2529       1.50283756       1.50644163      -0.01094551
  2530       1.50655860       1.50396093      -0.01404638
  2531       1.49461617       1.51192255       0.00227941
  2532       1.49833722       1.50944186      -0.00082145
  2533       1.50205826       1.50696116      -0.00392232
  2534       1.50577930       1.50448047      -0.00702319
  2535       1.50950034       1.50199977      -0.01012406
  2536       1.49755792       1.50996139       0.00620174
  2537       1.50127896       1.50748070       0.00310087
  2538       1.50500000       1.50500000       0.00000000
  2539       1.50872104       1.50251931      -0.00310087
  2540       1.51244208       1.50003861      -0.00620174
  2541       1.50049966       1.50800023       0.01012406
  2542       1.50422070       1.50551953       0.00702319
  2543       1.50794174       1.50303884       0.00392232
  2544       1.51166278       1.50055814       0.00082145
  2545       1.51538383       1.49807745      -0.00227941
  2546       1.50344140       1.50603907       0.01404638
  2547       1.50716244       1.50355837       0.01094551
  2548       1.51088348       1.50107768       0.00784465
  2549       1.51460453       1.49859698       0.00474378
  2550       1.51832557       1.49611629       0.00164291
  2551       1.49667443       1.51888371      -0.00164291
  2552       1.50039547       1.51640302      -0.00474378
  2553       1.50411652       1.51392232      -0.00784465
  2554       1.50783756       1.51144163      -0.01094551
  2555       1.51155860       1.50896093      -0.01404638
  2556       1.49961617       1.51692255       0.00227941
  2557       1.50333722       1.51444186      -0.00082145
  2558       1.50705826       1.51196116      -0.00392232
  2559       1.51077930       1.50948047      -0.00702319
  2560       1.51450034       1.50699977      -0.01012406
  2561       1.50255792       1.51496139       0.00620174
  2562       1.50627896       1.51248070       0.00310087
  2563       1.51000000       1.51000000       0.00000000
  2564       1.51372104       1.50751931      -0.00310087
  2565       1.51744208       1.50503861      -0.00620174
  2566       1.50549966       1.51300023       0.01012406
  2567       1.50922070       1.51051953       0.00702319
  2568       1.51294174       1.50803884       0.00392232
  2569       1.51666278       1.50555814       0.00082145
  2570       1.52038383       1.50307745      -0.00227941
  2571       1.50844140       1.51103907       0.01404638
  2572       1.51216244       1.50855837       0.01094551
  2573       1.51588348       1.50607768       0.00784465
  2574       1.51960453       1.50359698       0.00474378
  2575       1.52332557       1.50111629       0.00164291
  2576       1.50167443       1.52388371      -0.00164291
  2577       1.50539547       1.52140302      -0.00474378
  2578       1.50911652       1.51892232      -0.00784465
  2579       1.51283756       1.51644163      -0.01094551
  2580       1.51655860       1.51396093      -0.01404638
  2581       1.50461617       1.52192255       0.00227941
  2582       1.50833722       1.51944186      -0.00082145
  2583       1.51205826       1.51696116      -0.00392232
  2584       1.51577930       1.51448047      -0.00702319
  2585       1.51950034       1.51199977      -0.01012406
  2586       1.50755792       1.51996139       0.00620174
  2587       1.51127896       1.51748070       0.00310087
  2588       1.51500000       1.51500000       0.00000000
  2589       1.51872104       1.51251931      -0.00310087
  2590       1.52244208       1.51003861      -0.00620174
  2591       1.51049966       1.51800023       0.01012406
  2592       1.51422070       1.51551953       0.00702319
  2593       1.51794174       1.51303884       0.00392232
  2594       1.52166278       1.51055814       0.00082145
  2595       1.52538383       1.50807745      -0.00227941
  2596       1.51344140       1.51603907       0.01404638
  2597       1.51716244       1.51355837       0.01094551
  2598       1.52088348       1.51107768       0.00784465
  2599       1.52460453       1.50859698       0.00474378
  2600       1.52832557       1.50611629       0.00164291
  2601       1.50667443       1.52888371      -0.00164291
  2602       1.51039547       1.52640302      -0.00474378
  2603       1.51411652       1.52392232      -0.00784465
  2604       1.51783756       1.52144163      -0.01094551
  2605       1.52155860       1.51896093      -0.01404638
  2606       1.50961617       1.52692255       0.00227941
  2607       1.51333722       1.52444186      -0.00082145
  2608       1.51705826       1.52196116      -0.00392232
  2609       1.52077930       1.51948047      -0.00702319
  2610       1.52450034       1.51699977      -0.01012406
  2611       1.51255792       1.52496139       0.00620174
  2612       1.51627896       1.52248070       0.00310087
  2613       1.52000000       1.52000000       0.00000000
  2614       1.52372104       1.51751931      -0.00310087
  2615       1.52744208       1.51503861      -0.00620174
  2616       1.51549966       1.52300023       0.01012406
  2617       1.51922070       1.52051953       0.00702319
  2618       1.52294174       1.51803884       0.00392232
  2619       1.52666278       1.51555814       0.00082145
  2620       1.53038383       1.51307745      -0.00227941
  2621       1.51844140       1.52103907       0.01404638
  2622       1.52216244       1.51855837       0.01094551
  2623       1.52588348       1.51607768       0.00784465
  2624       1.52960453       1.51359698       0.00474378
  2625       1.53332557       1.51111629       0.00164291
  2626       1.51167443       1.53388371      -0.00164291
  2627       1.51539547       1.53140302      -0.00474378
  2628       1.51911652       1.52892232      -0.00784465
  2629       1.52283756       1.52644163      -0.01094551
  2630       1.52655860       1.52396093      -0.01404638
  2631       1.51461617       1.53192255       0.00227941
  2632       1.51833722       1.52944186      -0.00082145
  2633       1.52205826       1.52696116      -0.00392232
  2634       1.52577930       1.52448047      -0.00702319
  2635       1.52950034       1.52199977      -0.01012406
  2636       1.51755792       1.52996139       0.00620174
  2637       1.52127896       1.52748070       0.00310087
  2638       1.52500000       1.52500000       0.00000000
  2639       1.52872104       1.52251931      -0.00310087
  2640       1.53244208       1.52003861      -0.00620174
  2641       1.52049966       1.52800023       0.01012406
  2642       1.52422070       1.52551953       0.00702319
  2643       1.52794174       1.52303884       0.00392232
  2644       1.53166278       1.52055814       0.00082145
  2645       1.53538383       1.51807745      -0.00227941
  2646       1.52344140       1.52603907       0.01404638
  2647       1.52716244       1.52355837       0.01094551
  2648       1.53088348       1.52107768       0.00784465
  2649       1.53460453       1.51859698       0.00474378
  2650       1.53832557       1.51611629       0.00164291
  2651       1.51667443       1.53888371      -0.00164291
  2652       1.52039547       1.53640302      -0.00474378
  2653       1.52411652       1.53392232      -0.00784465
  2654       1.52783756       1.53144163      -0.01094551
  2655       1.53155860       1.52896093      -0.01404638
  2656       1.51961617       1.53692255       0.00227941
  2657       1.52333722       1.53444186      -0.00082145
  2658       1.52705826       1.53196116      -0.00392232
  2659       1.53077930       1.52948047      -0.00702319
  2660       1.53450034       1.52699977      -0.01012406
  2661       1.52255792       1.53496139       0.00620174
  2662       1.52627896       1.53248070       0.00310087
  2663       1.53000000       1.53000000       0.00000000
  2664       1.53372104       1.52751931      -0.00310087
  2665       1.53744208       1.52503861      -0.00620174
  2666       1.52549966       1.53300023       0.01012406
  2667       1.52922070       1.53051953       0.00702319
  2668       1.53294174       1.52803884       0.00392232
  2669       1.53666278       1.52555814       0.00082145
  2670       1.54038383       1.52307745      -0.00227941
  2671       1.52844140       1.53103907       0.01404638
  2672       1.53216244       1.52855837       0.01094551
  2673       1.53588348       1.52607768       0.00784465
  2674       1.53960453       1.52359698       0.00474378
  2675       1.54332557       1.52111629       0.00164291
  2676       1.52167443       1.54388371      -0.00164291
  2677       1.52539547       1.54140302      -0.00474378
  2678       1.52911652       1.53892232      -0.00784465
  2679       1.53283756       1.53644163      -0.01094551
  2680       1.53655860       1.53396093      -0.01404638
  2681       1.52461617       1.54192255       0.00227941
  2682       1.52833722       1.53944186      -0.00082145
  2683       1.53205826       1.53696116      -0.00392232
  2684       1.53577930       1.53448047      -0.00702319
  2685       1.53950034       1.53199977      -0.01012406
  2686       1.52755792       1.53996139       0.00620174
  2687       1.53127896       1.53748070       0.00310087
  2688       1.53500000       1.53500000       0.00000000
  2689       1.53872104       1.53251931      -0.00310087
  2690       1.54244208       1.53003861      -0.00620174
  2691       1.53049966       1.53800023       0.01012406
  2692       1.53422070       1.53551953       0.00702319
  2693       1.53794174       1.53303884       0.00392232
  2694       1.54166278       1.53055814       0.00082145
  2695       1.54538383       1.52807745      -0.00227941
  2696       1.53344140       1.53603907       0.01404638
  2697       1.53716244       1.53355837       0.01094551
  2698       1.54088348       1.53107768       0.00784465
  2699       1.54460453       1.52859698       0.00474378
  2700       1.54832557       1.52611629       0.00164291
  2701       1.52667443       1.54888371      -0.00164291
  2702       1.53039547       1.54640302      -0.00474378
  2703       1.53411652       1.54392232      -0.00784465
  2704       1.53783756       1.54144163      -0.01094551
  2705       1.54155860       1.53896093      -0.01404638
  2706       1.52961617       1.54692255       0.00227941
  2707       1.53333722       1.54444186      -0.00082145
  2708       1.53705826       1.54196116      -0.00392232
  2709       1.54077930       1.53948047      -0.00702319
  2710       1.54450034       1.53699977      -0.01012406
  2711       1.53255792       1.54496139       0.00620174
  2712       1.53627896       1.54248070       0.00310087
  2713       1.54000000       1.54000000       0.00000000
  2714       1.54372104       1.53751931      -0.00310087
  2715       1.54744208       1.53503861      -0.00620174
  2716       1.53549966       1.54300023       0.01012406
  2717       1.53922070       1.54051953       0.00702319
  2718       1.54294174       1.53803884       0.00392232
  2719       1.54666278       1.53555814       0.00082145
  2720       1.55038383       1.53307745      -0.00227941
  2721       1.53844140       1.54103907       0.01404638
  2722       1.54216244       1.53855837       0.01094551
  2723       1.54588348       1.53607768       0.00784465
  2724       1.54960453       1.53359698       0.00474378
  2725       1.55332557       1.53111629       0.00164291
  2726       1.53167443       1.55388371      -0.00164291
  2727       1.53539547       1.55140302      -0.00474378
  2728       1.53911652       1.54892232      -0.00784465
  2729       1.54283756       1.54644163      -0.01094551
  2730       1.54655860       1.54396093      -0.01404638
  2731       1.53461617       1.55192255       0.00227941
  2732       1.53833722       1.54944186      -0.00082145
  2733       1.54205826       1.54696116      -0.00392232
  2734       1.54577930       1.54448047      -0.00702319
  2735       1.54950034       1.54199977      -0.01012406
  2736       1.53755792       1.54996139       0.00620174
  2737       1.54127896       1.54748070       0.00310087
  2738       1.54500000       1.54500000       0.00000000
  2739       1.54872104       1.54251931      -0.00310087
  2740       1.55244208       1.54003861      -0.00620174
  2741       1.54049966       1.54800023       0.01012406
  2742       1.54422070       1.54551953       0.00702319
  2743       1.54794174       1.54303884       0.00392232
  2744       1.55166278       1.54055814       0.00082145
  2745       1.55538383       1.53807745      -0.00227941
  2746       1.54344140       1.54603907       0.01404638
  2747       1.54716244       1.54355837       0.01094551
  2748       1.55088348       1.54107768       0.00784465
  2749       1.55460453       1.53859698       0.00474378
  2750       1.55832557       1.53611629       0.00164291
  2751       1.53667443       1.55888371      -0.00164291
  2752       1.54039547       1.55640302      -0.00474378
  2753       1.54411652       1.55392232      -0.00784465
  2754       1.54783756       1.55144163      -0.01094551
  2755       1.55155860       1.54896093      -0.01404638
  2756       1.53961617       1.55692255       0.00227941
  2757       1.54333722       1.55444186      -0.00082145
  2758       1.54705826       1.55196116      -0.00392232
  2759       1.55077930       1.54948047      -0.00702319
  2760       1.55450034       1.54699977      -0.01012406
  2761       1.54255792       1.55496139       0.00620174
  2762       1.54627896       1.55248070       0.00310087
  2763       1.55000000       1.55000000       0.00000000
  2764       1.55372104       1.54751931      -0.00310087
  2765       1.55744208       1.54503861      -0.00620174
  2766       1.54549966       1.55300023       0.01012406
  2767       1.54922070       1.55051953       0.00702319
  2768       1.55294174       1.54803884       0.00392232
  2769       1.55666278       1.54555814       0.00082145
  2770       1.56038383       1.54307745      -0.00227941
  2771       1.54844140       1.55103907       0.01404638
  2772       1.55216244       1.54855837       0.01094551
  2773       1.55588348       1.54607768       0.00784465
  2774       1.55960453       1.54359698       0.00474378
  2775       1.56332557       1.54111629       0.00164291
  2776       1.54167443       1.56388371      -0.00164291
  2777       1.54539547       1.56140302      -0.00474378
  2778       1.54911652       1.55892232      -0.00784465
  2779       1.55283756       1.55644163      -0.01094551
  2780       1.55655860       1.55396093      -0.01404638
  2781       1.54461617       1.56192255       0.00227941
  2782       1.54833722       1.55944186      -0.00082145
  2783       1.55205826       1.55696116      -0.00392232
  2784       1.55577930       1.55448047      -0.00702319
  2785       1.55950034       1.55199977      -0.01012406
  2786       1.54755792       1.55996139       0.00620174
  2787       1.55127896       1.55748070       0.00310087
  2788       1.55500000       1.55500000       0.00000000
  2789       1.55872104       1.55251931      -0.00310087
  2790       1.56244208       1.55003861      -0.00620174
  2791       1.55049966       1.55800023       0.01012406
  2792       1.55422070       1.55551953       0.00702319
  2793       1.55794174       1.55303884       0.00392232
  2794       1.56166278       1.55055814       0.00082145
  2795       1.56538383       1.54807745      -0.00227941
  2796       1.55344140       1.55603907       0.01404638
  2797       1.55716244       1.55355837       0.01094551
  2798       1.56088348       1.55107768       0.00784465
  2799       1.56460453       1.54859698       0.00474378
  2800       1.56832557       1.54611629       0.00164291
  2801       1.54667443       1.56888371      -0.00164291
  2802       1.55039547       1.56640302      -0.00474378
  2803       1.55411652       1.56392232      -0.00784465
  2804       1.55783756       1.56144163      -0.01094551
  2805       1.56155860       1.55896093      -0.01404638
  2806       1.54961617       1.56692255       0.00227941
  2807       1.55333722       1.56444186      -0.00082145
  2808       1.55705826       1.56196116      -0.00392232
  2809       1.56077930       1.55948047      -0.00702319
  2810       1.56450034       1.55699977      -0.01012406
  2811       1.55255792       1.56496139       0.00620174
  2812       1.55627896       1.56248070       0.00310087
  2813       1.56000000       1.56000000       0.00000000
  2814       1.56372104       1.55751931      -0.00310087
  2815       1.56744208       1.55503861      -0.00620174
  2816       1.55549966       1.56300023       0.01012406
  2817       1.55922070       1.56051953       0.00702319
  2818       1.56294174       1.55803884       0.00392232
  2819       1.56666278       1.55555814       0.00082145
  2820       1.57038383       1.55307745      -0.00227941
  2821       1.55844140       1.56103907       0.01404638
  2822       1.56216244       1.55855837       0.01094551
  2823       1.56588348       1.55607768       0.00784465
  2824       1.56960453       1.55359698       0.00474378
  2825       1.57332557       1.55111629       0.00164291
  2826       1.55167443       1.57388371      -0.00164291
  2827       1.55539547       1.57140302      -0.00474378
  2828       1.55911652       1.56892232      -0.00784465
  2829       1.56283756       1.56644163      -0.01094551
  2830       1.56655860       1.56396093      -0.01404638
  2831       1.55461617       1.57192255       0.00227941
  2832       1.55833722       1.56944186      -0.00082145
  2833       1.56205826       1.56696116      -0.00392232
  2834       1.56577930       1.56448047      -0.00702319
  2835       1.56950034       1.56199977      -0.01012406
  2836       1.55755792       1.56996139       0.00620174
  2837       1.56127896       1.56748070       0.00310087
  2838       1.56500000       1.56500000       0.00000000
  2839       1.56872104       1.56251931      -0.00310087
  2840       1.57244208       1.56003861      -0.00620174
  2841       1.56049966       1.56800023       0.01012406
  2842       1.56422070       1.56551953       0.00702319
  2843       1.56794174       1.56303884       0.00392232
  2844       1.57166278       1.56055814       0.00082145
  2845       1.57538383       1.55807745      -0.00227941
  2846       1.56344140       1.56603907       0.01404638
  2847       1.56716244       1.56355837       0.01094551
  2848       1.57088348       1.56107768       0.00784465
  2849       1.57460453       1.55859698       0.00474378
  2850       1.57832557       1.55611629       0.00164291
  2851       1.55667443       1.57888371      -0.00164291
  2852       1.56039547       1.57640302      -0.00474378
  2853       1.56411652       1.57392232      -0.00784465
  2854       1.56783756       1.57144163      -0.01094551
  2855       1.57155860       1.56896093      -0.01404638
  2856       1.55961617       1.57692255       0.00227941
  2857       1.56333722       1.57444186      -0.00082145
  2858       1.56705826       1.57196116      -0.00392232
  2859       1.57077930       1.56948047      -0.00702319
  2860       1.57450034       1.56699977      -0.01012406
  2861       1.56255792       1.57496139       0.00620174
  2862       1.56627896       1.57248070       0.00310087
  2863       1.57000000       1.57000000       0.00000000
  2864       1.57372104       1.56751931      -0.00310087
  2865       1.57744208       1.56503861      -0.00620174
  2866       1.56549966       1.57300023       0.01012406
  2867       1.56922070       1.57051953       0.00702319
  2868       1.57294174       1.56803884       0.00392232
  2869       1.57666278       1.56555814       0.00082145
  2870       1.58038383       1.56307745      -0.00227941
  2871       1.56844140       1.57103907       0.01404638
  2872       1.57216244       1.56855837       0.01094551
  2873       1.57588348       1.56607768       0.00784465
  2874       1.57960453       1.56359698       0.00474378
  2875       1.58332557       1.56111629       0.00164291
  2876       1.56167443       1.58388371      -0.00164291
  2877       1.56539547       1.58140302      -0.00474378
  2878       1.56911652       1.57892232      -0.00784465
  2879       1.57283756       1.57644163      -0.01094551
  2880       1.57655860       1.57396093      -0.01404638
  2881       1.56461617       1.58192255       0.00227941
  2882       1.56833722       1.57944186      -0.00082145
  2883       1.57205826       1.57696116      -0.00392232
  2884       1.57577930       1.57448047      -0.00702319
  2885       1.57950034       1.57199977      -0.01012406
  2886       1.56755792       1.57996139       0.00620174
  2887       1.57127896       1.57748070       0.00310087
  2888       1.57500000       1.57500000       0.00000000
  2889       1.57872104       1.57251931      -0.00310087
  2890       1.58244208       1.57003861      -0.00620174
  2891       1.57049966       1.57800023       0.01012406
  2892       1.57422070       1.57551953       0.00702319
  2893       1.57794174       1.57303884       0.00392232
  2894       1.58166278       1.57055814       0.00082145
  2895       1.58538383       1.56807745      -0.00227941
  2896       1.57344140       1.57603907       0.01404638
  2897       1.57716244       1.57355837       0.01094551
  2898       1.58088348       1.57107768       0.00784465
  2899       1.58460453       1.56859698       0.00474378
  2900       1.58832557       1.56611629       0.00164291
  2901       1.56667443       1.58888371      -0.00164291
  2902       1.57039547       1.58640302      -0.00474378
  2903       1.57411652       1.58392232      -0.00784465
  2904       1.57783756       1.58144163      -0.01094551
  2905       1.58155860       1.57896093      -0.01404638
  2906       1.56961617       1.58692255       0.00227941
  2907       1.57333722       1.58444186      -0.00082145
  2908       1.57705826       1.58196116      -0.00392232
  2909       1.58077930       1.57948047      -0.00702319
  2910       1.58450034       1.57699977      -0.01012406
  2911       1.57255792       1.58496139       0.00620174
  2912       1.57627896       1.58248070       0.00310087
  2913       1.58000000       1.58000000       0.00000000
  2914       1.58372104       1.57751931      -0.00310087
  2915       1.58744208       1.57503861      -0.00620174
  2916       1.57549966       1.58300023       0.01012406
  2917       1.57922070       1.58051953       0.00702319
  2918       1.58294174       1.57803884       0.00392232
  2919       1.58666278       1.57555814       0.00082145
  2920       1.59038383       1.57307745      -0.00227941
  2921       1.57844140       1.58103907       0.01404638
  2922       1.58216244       1.57855837       0.01094551
  2923       1.58588348       1.57607768       0.00784465
  2924       1.58960453       1.57359698       0.00474378
  2925       1.59332557       1.57111629       0.00164291
  2926       1.57167443       1.59388371      -0.00164291
  2927       1.57539547       1.59140302      -0.00474378
  2928       1.57911652       1.58892232      -0.00784465
  2929       1.58283756       1.58644163      -0.01094551
  2930       1.58655860       1.58396093      -0.01404638
  2931       1.57461617       1.59192255       0.00227941
  2932       1.57833722       1.58944186      -0.00082145
  2933       1.58205826       1.58696116      -0.00392232
  2934       1.58577930       1.58448047      -0.00702319
  2935       1.58950034       1.58199977      -0.01012406
  2936       1.57755792       1.58996139       0.00620174
  2937       1.58127896       1.58748070       0.00310087
  2938       1.58500000       1.58500000       0.00000000
  2939       1.58872104       1.58251931      -0.00310087
  2940       1.59244208       1.58003861      -0.00620174
  2941       1.58049966       1.58800023       0.01012406
  2942       1.58422070       1.58551953       0.00702319
  2943       1.58794174       1.58303884       0.00392232
  2944       1.59166278       1.58055814       0.00082145
  2945       1.59538383       1.57807745      -0.00227941
  2946       1.58344140       1.58603907       0.01404638
  2947       1.58716244       1.58355837       0.01094551
  2948       1.59088348       1.58107768       0.00784465
  2949       1.59460453       1.57859698       0.00474378
  2950       1.59832557       1.57611629       0.00164291
  2951       1.57667443       1.59888371      -0.00164291
  2952       1.58039547       1.59640302      -0.00474378
  2953       1.58411652       1.59392232      -0.00784465
  2954       1.58783756       1.59144163      -0.01094551
  2955       1.59155860       1.58896093      -0.01404638
  2956       1.57961617       1.59692255       0.00227941
  2957       1.58333722       1.59444186      -0.00082145
  2958       1.58705826       1.59196116      -0.00392232
  2959       1.59077930       1.58948047      -0.00702319
  2960       1.59450034       1.58699977      -0.01012406
  2961       1.58255792       1.59496139       0.00620174
  2962       1.58627896       1.59248070       0.00310087
  2963       1.59000000       1.59000000       0.00000000
  2964       1.59372104       1.58751931      -0.00310087
  2965       1.59744208       1.58503861      -0.00620174
  2966       1.58549966       1.59300023       0.01012406
  2967       1.58922070       1.59051953       0.00702319
  2968       1.59294174       1.58803884       0.00392232
  2969       1.59666278       1.58555814       0.00082145
  2970       1.60038383       1.58307745      -0.00227941
  2971       1.58844140       1.59103907       0.01404638
  2972       1.59216244       1.58855837       0.01094551
  2973       1.59588348       1.58607768       0.00784465
  2974       1.59960453       1.58359698       0.00474378
  2975       1.60332557       1.58111629       0.00164291
  2976       1.58167443       1.60388371      -0.00164291
  2977       1.58539547       1.60140302      -0.00474378
  2978       1.58911652       1.59892232      -0.00784465
  2979       1.59283756       1.59644163      -0.01094551
  2980       1.59655860       1.59396093      -0.01404638
  2981       1.58461617       1.60192255       0.00227941
  2982       1.58833722       1.59944186      -0.00082145
  2983       1.59205826       1.59696116      -0.00392232
  2984       1.59577930       1.59448047      -0.00702319
  2985       1.59950034       1.59199977      -0.01012406
  2986       1.58755792       1.59996139       0.00620174
  2987       1.59127896       1.59748070       0.00310087
  2988       1.59500000       1.59500000       0.00000000
  2989       1.59872104       1.59251931      -0.00310087
  2990       1.60244208       1.59003861      -0.00620174
  2991       1.59049966       1.59800023       0.01012406
  2992       1.59422070       1.59551953       0.00702319
  2993       1.59794174       1.59303884       0.00392232
  2994       1.60166278       1.59055814       0.00082145
  2995       1.60538383       1.58807745      -0.00227941
  2996       1.59344140       1.59603907       0.01404638
  2997       1.59716244       1.59355837       0.01094551
  2998       1.60088348       1.59107768       0.00784465
  2999       1.60460453       1.58859698       0.00474378
  3000       1.60832557       1.58611629       0.00164291
  3001       1.58667443       1.60888371      -0.00164291
  3002       1.59039547       1.60640302      -0.00474378
  3003       1.59411652       1.60392232      -0.00784465
  3004       1.59783756       1.60144163      -0.01094551
  3005       1.60155860       1.59896093      -0.01404638
  3006       1.58961617       1.60692255       0.00227941
  3007       1.59333722       1.60444186      -0.00082145
  3008       1.59705826       1.60196116      -0.00392232
  3009       1.60077930       1.59948047      -0.00702319
  3010       1.60450034       1.59699977      -0.01012406
  3011       1.59255792       1.60496139       0.00620174
  3012       1.59627896       1.60248070       0.00310087
  3013       1.60000000       1.60000000       0.00000000
  3014       1.60372104       1.59751931      -0.00310087
  3015       1.60744208       1.59503861      -0.00620174
  3016       1.59549966       1.60300023       0.01012406
  3017       1.59922070       1.60051953       0.00702319
  3018       1.60294174       1.59803884       0.00392232
  3019       1.60666278       1.59555814       0.00082145
  3020       1.61038383       1.59307745      -0.00227941
  3021       1.59844140       1.60103907       0.01404638
  3022       1.60216244       1.59855837       0.01094551
  3023       1.60588348       1.59607768       0.00784465
  3024       1.60960453       1.59359698       0.00474378
  3025       1.61332557       1.59111629       0.00164291
  3026       1.59167443       1.61388371      -0.00164291
  3027       1.59539547       1.61140302      -0.00474378
  3028       1.59911652       1.60892232      -0.00784465
  3029       1.60283756       1.60644163      -0.01094551
  3030       1.60655860       1.60396093      -0.01404638
  3031       1.59461617       1.61192255       0.00227941
  3032       1.59833722       1.60944186      -0.00082145
  3033       1.60205826       1.60696116      -0.00392232
  3034       1.60577930       1.60448047      -0.00702319
  3035       1.60950034       1.60199977      -0.01012406
  3036       1.59755792       1.60996139       0.00620174
  3037       1.60127896       1.60748070       0.00310087
  3038       1.60500000       1.60500000       0.00000000
  3039       1.60872104       1.60251931      -0.00310087
  3040       1.61244208       1.60003861      -0.00620174
  3041       1.60049966       1.60800023       0.01012406
  3042       1.60422070       1.60551953       0.00702319
  3043       1.60794174       1.60303884       0.00392232
  3044       1.61166278       1.60055814       0.00082145
  3045       1.61538383       1.59807745      -0.00227941
  3046       1.60344140       1.60603907       0.01404638
  3047       1.60716244       1.60355837       0.01094551
  3048       1.61088348       1.60107768       0.00784465
  3049       1.61460453       1.59859698       0.00474378
  3050       1.61832557       1.59611629       0.00164291
  3051       1.59667443       1.61888371      -0.00164291
  3052       1.60039547       1.61640302      -0.00474378
  3053       1.60411652       1.61392232      -0.00784465
  3054       1.60783756       1.61144163      -0.01094551
  3055       1.61155860       1.60896093      -0.01404638
  3056       1.59961617       1.61692255       0.00227941
  3057       1.60333722       1.61444186      -0.00082145
  3058       1.60705826       1.61196116      -0.00392232
  3059       1.61077930       1.60948047      -0.00702319
  3060       1.61450034       1.60699977      -0.01012406
  3061       1.60255792       1.61496139       0.00620174
  3062       1.60627896       1.61248070       0.00310087
  3063       1.61000000       1.61000000       0.00000000
  3064       1.61372104       1.60751931      -0.00310087
  3065       1.61744208       1.60503861      -0.00620174
  3066       1.60549966       1.61300023       0.01012406
  3067       1.60922070       1.61051953       0.00702319
  3068       1.61294174       1.60803884       0.00392232
  3069       1.61666278       1.60555814       0.00082145
  3070       1.62038383       1.60307745      -0.00227941
  3071       1.60844140       1.61103907       0.01404638
  3072       1.61216244       1.60855837       0.01094551
  3073       1.61588348       1.60607768       0.00784465
  3074       1.61960453       1.60359698       0.00474378
  3075       1.62332557       1.60111629       0.00164291
  3076       1.60167443       1.62388371      -0.00164291
  3077       1.60539547       1.62140302      -0.00474378
  3078       1.60911652       1.61892232      -0.00784465
  3079       1.61283756       1.61644163      -0.01094551
  3080       1.61655860       1.61396093      -0.01404638
  3081       1.60461617       1.62192255       0.00227941
  3082       1.60833722       1.61944186      -0.00082145
  3083       1.61205826       1.61696116      -0.00392232
  3084       1.61577930       1.61448047      -0.00702319
  3085       1.61950034       1.61199977      -0.01012406
  3086       1.60755792       1.61996139       0.00620174
  3087       1.61127896       1.61748070       0.00310087
  3088       1.61500000       1.61500000       0.00000000
  3089       1.61872104       1.61251931      -0.00310087
  3090       1.62244208       1.61003861      -0.00620174
  3091       1.61049966       1.61800023       0.01012406
  3092       1.61422070       1.61551953       0.00702319
  3093       1.61794174       1.61303884       0.00392232
  3094       1.62166278       1.61055814       0.00082145
  3095       1.62538383       1.60807745      -0.00227941
  3096       1.61344140       1.61603907       0.01404638
  3097       1.61716244       1.61355837       0.01094551
  3098       1.62088348       1.61107768       0.00784465
  3099       1.62460453       1.60859698       0.00474378
  3100       1.62832557       1.60611629       0.00164291
  3101       1.60667443       1.62888371      -0.00164291
  3102       1.61039547       1.62640302      -0.00474378
  3103       1.61411652       1.62392232      -0.00784465
  3104       1.61783756       1.62144163      -0.01094551
  3105       1.62155860       1.61896093      -0.01404638
  3106       1.60961617       1.62692255       0.00227941
  3107       1.61333722       1.62444186      -0.00082145
  3108       1.61705826       1.62196116      -0.00392232
  3109       1.62077930       1.61948047      -0.00702319
  3110       1.62450034       1.61699977      -0.01012406
  3111       1.61255792       1.62496139       0.00620174
  3112       1.61627896       1.62248070       0.00310087
  3113       1.62000000       1.62000000       0.00000000
  3114       1.62372104       1.61751931      -0.00310087
  3115       1.62744208       1.61503861      -0.00620174
  3116       1.61549966       1.62300023       0.01012406
  3117       1.61922070       1.62051953       0.00702319
  3118       1.62294174       1.61803884       0.00392232
  3119       1.62666278       1.61555814       0.00082145
  3120       1.63038383       1.61307745      -0.00227941
  3121       1.61844140       1.62103907       0.01404638
  3122       1.62216244       1.61855837       0.01094551
  3123       1.62588348       1.61607768       0.00784465
  3124       1.62960453       1.61359698       0.00474378
  3125       1.63332557       1.61111629       0.00164291
  3126       1.61167443       1.63388371      -0.00164291
  3127       1.61539547       1.63140302      -0.00474378
  3128       1.61911652       1.62892232      -0.00784465
  3129       1.62283756       1.62644163      -0.01094551
  3130       1.62655860       1.62396093      -0.01404638
  3131       1.61461617       1.63192255       0.00227941
  3132       1.61833722       1.62944186      -0.00082145
  3133       1.62205826       1.62696116      -0.00392232
  3134       1.62577930       1.62448047      -0.00702319
  3135       1.62950034       1.62199977      -0.01012406
  3136       1.61755792       1.62996139       0.00620174
  3137       1.62127896       1.62748070       0.00310087
  3138       1.62500000       1.62500000       0.00000000
  3139       1.62872104       1.62251931      -0.00310087
  3140       1.63244208       1.62003861      -0.00620174
  3141       1.62049966       1.62800023       0.01012406
  3142       1.62422070       1.62551953       0.00702319
  3143       1.62794174       1.62303884       0.00392232
  3144       1.63166278       1.62055814       0.00082145
  3145       1.63538383       1.61807745      -0.00227941
  3146       1.62344140       1.62603907       0.01404638
  3147       1.62716244       1.62355837       0.01094551
  3148       1.63088348       1.62107768       0.00784465
  3149       1.63460453       1.61859698       0.00474378
  3150       1.63832557       1.61611629       0.00164291
  3151       1.61667443       1.63888371      -0.00164291
  3152       1.62039547       1.63640302      -0.00474378
  3153       1.62411652       1.63392232      -0.00784465
  3154       1.62783756       1.63144163      -0.01094551
  3155       1.63155860       1.62896093      -0.01404638
  3156       1.61961617       1.63692255       0.00227941
  3157       1.62333722       1.63444186      -0.00082145
  3158       1.62705826       1.63196116      -0.00392232
  3159       1.63077930       1.62948047      -0.00702319
  3160       1.63450034       1.62699977      -0.01012406
  3161       1.62255792       1.63496139       0.00620174
  3162       1.62627896       1.63248070       0.00310087
  3163       1.63000000       1.63000000       0.00000000
  3164       1.63372104       1.62751931      -0.00310087
  3165       1.63744208       1.62503861      -0.00620174
  3166       1.62549966       1.63300023       0.01012406
  3167       1.62922070       1.63051953       0.00702319
  3168       1.63294174       1.62803884       0.00392232
  3169       1.63666278       1.62555814       0.00082145
  3170       1.64038383       1.62307745      -0.00227941
  3171       1.62844140       1.63103907       0.01404638
  3172       1.63216244       1.62855837       0.01094551
  3173       1.63588348       1.62607768       0.00784465
  3174       1.63960453       1.62359698       0.00474378
  3175       1.64332557       1.62111629       0.00164291
  3176       1.62167443       1.64388371      -0.00164291
  3177       1.62539547       1.64140302      -0.00474378
  3178       1.62911652       1.63892232      -0.00784465
  3179       1.63283756       1.63644163      -0.01094551
  3180       1.63655860       1.63396093      -0.01404638
  3181       1.62461617       1.64192255       0.00227941
  3182       1.62833722       1.63944186      -0.00082145
  3183       1.63205826       1.63696116      -0.00392232
  3184       1.63577930       1.63448047      -0.00702319
  3185       1.63950034       1.63199977      -0.01012406
  3186       1.62755792       1.63996139       0.00620174
  3187       1.63127896       1.63748070       0.00310087
  3188       1.63500000       1.63500000       0.00000000
  3189       1.63872104       1.63251931      -0.00310087
  3190       1.64244208       1.63003861      -0.00620174
  3191       1.63049966       1.63800023       0.01012406
  3192       1.63422070       1.63551953       0.00702319
  3193       1.63794174       1.63303884       0.00392232
  3194       1.64166278       1.63055814       0.00082145
  3195       1.64538383       1.62807745      -0.00227941
  3196       1.63344140       1.63603907       0.01404638
  3197       1.63716244       1.63355837       0.01094551
  3198       1.64088348       1.63107768       0.00784465
  3199       1.64460453       1.62859698       0.00474378
  3200       1.64832557       1.62611629       0.00164291
  3201       1.62667443       1.64888371      -0.00164291
  3202       1.63039547       1.64640302      -0.00474378
  3203       1.63411652       1.64392232      -0.00784465
  3204       1.63783756       1.64144163      -0.01094551
  3205       1.64155860       1.63896093      -0.01404638
  3206       1.62961617       1.64692255       0.00227941
  3207       1.63333722       1.64444186      -0.00082145
  3208       1.63705826       1.64196116      -0.00392232
  3209       1.64077930       1.63948047      -0.00702319
  3210       1.64450034       1.63699977      -0.01012406
  3211       1.63255792       1.64496139       0.00620174
  3212       1.63627896       1.64248070       0.00310087
  3213       1.64000000       1.64000000       0.00000000
  3214       1.64372104       1.63751931      -0.00310087
  3215       1.64744208       1.63503861      -0.00620174
  3216       1.63549966       1.64300023       0.01012406
  3217       1.63922070       1.64051953       0.00702319
  3218       1.64294174       1.63803884       0.00392232
  3219       1.64666278       1.63555814       0.00082145
  3220       1.65038383       1.63307745      -0.00227941
  3221       1.63844140       1.64103907       0.01404638
  3222       1.64216244       1.63855837       0.01094551
  3223       1.64588348       1.63607768       0.00784465
  3224       1.64960453       1.63359698       0.00474378
  3225       1.65332557       1.63111629       0.00164291
  3226       1.63167443       1.65388371      -0.00164291
  3227       1.63539547       1.65140302      -0.00474378
  3228       1.63911652       1.64892232      -0.00784465
  3229       1.64283756       1.64644163      -0.01094551
  3230       1.64655860       1.64396093      -0.01404638
  3231       1.63461617       1.65192255       0.00227941
  3232       1.63833722       1.64944186      -0.00082145
  3233       1.64205826       1.64696116      -0.00392232
  3234       1.64577930       1.64448047      -0.00702319
  3235       1.64950034       1.64199977      -0.01012406
  3236       1.63755792       1.64996139       0.00620174
  3237       1.64127896       1.64748070       0.00310087
  3238       1.64500000       1.64500000       0.00000000
  3239       1.64872104       1.64251931      -0.00310087
  3240       1.65244208       1.64003861      -0.00620174
  3241       1.64049966       1.64800023       0.01012406
  3242       1.64422070       1.64551953       0.00702319
  3243       1.64794174       1.64303884       0.00392232
  3244       1.65166278       1.64055814       0.00082145
  3245       1.65538383       1.63807745      -0.00227941
  3246       1.64344140       1.64603907       0.01404638
  3247       1.64716244       1.64355837       0.01094551
  3248       1.65088348       1.64107768       0.00784465
  3249       1.65460453       1.63859698       0.00474378
  3250       1.65832557       1.63611629       0.00164291
  3251       1.63667443       1.65888371      -0.00164291
  3252       1.64039547       1.65640302      -0.00474378
  3253       1.64411652       1.65392232      -0.00784465
  3254       1.64783756       1.65144163      -0.01094551
  3255       1.65155860       1.64896093      -0.01404638
  3256       1.63961617       1.65692255       0.00227941
  3257       1.64333722       1.65444186      -0.00082145
  3258       1.64705826       1.65196116      -0.00392232
  3259       1.65077930       1.64948047      -0.00702319
  3260       1.65450034       1.64699977      -0.01012406
  3261       1.64255792       1.65496139       0.00620174
  3262       1.64627896       1.65248070       0.00310087
  3263       1.65000000       1.65000000       0.00000000
  3264       1.65372104       1.64751931      -0.00310087
  3265       1.65744208       1.64503861      -0.00620174
  3266       1.64549966       1.65300023       0.01012406
  3267       1.64922070       1.65051953       0.00702319
  3268       1.65294174       1.64803884       0.00392232
  3269       1.65666278       1.64555814       0.00082145
  3270       1.66038383       1.64307745      -0.00227941
  3271       1.64844140       1.65103907       0.01404638
  3272       1.65216244       1.64855837       0.01094551
  3273       1.65588348       1.64607768       0.00784465
  3274       1.65960453       1.64359698       0.00474378
  3275       1.66332557       1.64111629       0.00164291
  3276       1.64167443       1.66388371      -0.00164291
  3277       1.64539547       1.66140302      -0.00474378
  3278       1.64911652       1.65892232      -0.00784465
  3279       1.65283756       1.65644163      -0.01094551
  3280       1.65655860       1.65396093      -0.01404638
  3281       1.64461617       1.66192255       0.00227941
  3282       1.64833722       1.65944186      -0.00082145
  3283       1.65205826       1.65696116      -0.00392232
  3284       1.65577930       1.65448047      -0.00702319
  3285       1.65950034       1.65199977      -0.01012406
  3286       1.64755792       1.65996139       0.00620174
  3287       1.65127896       1.65748070       0.00310087
  3288       1.65500000       1.65500000       0.00000000
  3289       1.65872104       1.65251931      -0.00310087
  3290       1.66244208       1.65003861      -0.00620174
  3291       1.65049966       1.65800023       0.01012406
  3292       1.65422070       1.65551953       0.00702319
  3293       1.65794174       1.65303884       0.00392232
  3294       1.66166278       1.65055814       0.00082145
  3295       1.66538383       1.64807745      -0.00227941
  3296       1.65344140       1.65603907       0.01404638
  3297       1.65716244       1.65355837       0.01094551
  3298       1.66088348       1.65107768       0.00784465
  3299       1.66460453       1.64859698       0.00474378
  3300       1.66832557       1.64611629       0.00164291
  3301       1.64667443       1.66888371      -0.00164291
  3302       1.65039547       1.66640302      -0.00474378
  3303       1.65411652       1.66392232      -0.00784465
  3304       1.65783756       1.66144163      -0.01094551
  3305       1.66155860       1.65896093      -0.01404638
  3306       1.64961617       1.66692255       0.00227941
  3307       1.65333722       1.66444186      -0.00082145
  3308       1.65705826       1.66196116      -0.00392232
  3309       1.66077930       1.65948047      -0.00702319
  3310       1.66450034       1.65699977      -0.01012406
  3311       1.65255792       1.66496139       0.00620174
  3312       1.65627896       1.66248070       0.00310087
  3313       1.66000000       1.66000000       0.00000000
  3314       1.66372104       1.65751931      -0.00310087
  3315       1.66744208       1.65503861      -0.00620174
  3316       1.65549966       1.66300023       0.01012406
  3317       1.65922070       1.66051953       0.00702319
  3318       1.66294174       1.65803884       0.00392232
  3319       1.66666278       1.65555814       0.00082145
  3320       1.67038383       1.65307745      -0.00227941
  3321       1.65844140       1.66103907       0.01404638
  3322       1.66216244       1.65855837       0.01094551
  3323       1.66588348       1.65607768       0.00784465
  3324       1.66960453       1.65359698       0.00474378
  3325       1.67332557       1.65111629       0.00164291
  3326       1.65167443       1.67388371      -0.00164291
  3327       1.65539547       1.67140302      -0.00474378
  3328       1.65911652       1.66892232      -0.00784465
  3329       1.66283756       1.66644163      -0.01094551
  3330       1.66655860       1.66396093      -0.01404638
  3331       1.65461617       1.67192255       0.00227941
  3332       1.65833722       1.66944186      -0.00082145
  3333       1.66205826       1.66696116      -0.00392232
  3334       1.66577930       1.66448047      -0.00702319
  3335       1.66950034       1.66199977      -0.01012406
  3336       1.65755792       1.66996139       0.00620174
  3337       1.66127896       1.66748070       0.00310087
  3338       1.66500000       1.66500000       0.00000000
  3339       1.66872104       1.66251931      -0.00310087
  3340       1.67244208       1.66003861      -0.00620174
  3341       1.66049966       1.66800023       0.01012406
  3342       1.66422070       1.66551953       0.00702319
  3343       1.66794174       1.66303884       0.00392232
  3344       1.67166278       1.66055814       0.00082145
  3345       1.67538383       1.65807745      -0.00227941
  3346       1.66344140       1.66603907       0.01404638
  3347       1.66716244       1.66355837       0.01094551
  3348       1.67088348       1.66107768       0.00784465
  3349       1.67460453       1.65859698       0.00474378
  3350       1.67832557       1.65611629       0.00164291
  3351       1.65667443       1.67888371      -0.00164291
  3352       1.66039547       1.67640302      -0.00474378
  3353       1.66411652       1.67392232      -0.00784465
  3354       1.66783756       1.67144163      -0.01094551
  3355       1.67155860       1.66896093      -0.01404638
  3356       1.65961617       1.67692255       0.00227941
  3357       1.66333722       1.67444186      -0.00082145
  3358       1.66705826       1.67196116      -0.00392232
  3359       1.67077930       1.66948047      -0.00702319
  3360       1.67450034       1.66699977      -0.01012406
  3361       1.66255792       1.67496139       0.00620174
  3362       1.66627896       1.67248070       0.00310087
  3363       1.67000000       1.67000000       0.00000000
  3364       1.67372104       1.66751931      -0.00310087
  3365       1.67744208       1.66503861      -0.00620174
  3366       1.66549966       1.67300023       0.01012406
  3367       1.66922070       1.67051953       0.00702319
  3368       1.67294174       1.66803884       0.00392232
  3369       1.67666278       1.66555814       0.00082145
  3370       1.68038383       1.66307745      -0.00227941
  3371       1.66844140       1.67103907       0.01404638
  3372       1.67216244       1.66855837       0.01094551
  3373       1.67588348       1.66607768       0.00784465
  3374       1.67960453       1.66359698       0.00474378
  3375       1.68332557       1.66111629       0.00164291
  3376       1.66167443       1.68388371      -0.00164291
  3377       1.66539547       1.68140302      -0.00474378
  3378       1.66911652       1.67892232      -0.00784465
  3379       1.67283756       1.67644163      -0.01094551
  3380       1.67655860       1.67396093      -0.01404638
  3381       1.66461617       1.68192255       0.00227941
  3382       1.66833722       1.67944186      -0.00082145
  3383       1.67205826       1.67696116      -0.00392232
  3384       1.67577930       1.67448047      -0.00702319
  3385       1.67950034       1.67199977      -0.01012406
  3386       1.66755792       1.67996139       0.00620174
  3387       1.67127896       1.67748070       0.00310087
  3388       1.67500000       1.67500000       0.00000000
  3389       1.67872104       1.67251931      -0.00310087
  3390       1.68244208       1.67003861      -0.00620174
  3391       1.67049966       1.67800023       0.01012406
  3392       1.67422070       1.67551953       0.00702319
  3393       1.67794174       1.67303884       0.00392232
  3394       1.68166278       1.67055814       0.00082145
  3395       1.68538383       1.66807745      -0.00227941
  3396       1.67344140       1.67603907       0.01404638
  3397       1.67716244       1.67355837       0.01094551
  3398       1.68088348       1.67107768       0.00784465
  3399       1.68460453       1.66859698       0.00474378
  3400       1.68832557       1.66611629       0.00164291
  3401       1.66667443       1.68888371      -0.00164291
  3402       1.67039547       1.68640302      -0.00474378
  3403       1.67411652       1.68392232      -0.00784465
  3404       1.67783756       1.68144163      -0.01094551
  3405       1.68155860       1.67896093      -0.01404638
  3406       1.66961617       1.68692255       0.00227941
  3407       1.67333722       1.68444186      -0.00082145
  3408       1.67705826       1.68196116      -0.00392232
  3409       1.68077930       1.67948047      -0.00702319
  3410       1.68450034       1.67699977      -0.01012406
  3411       1.67255792       1.68496139       0.00620174
  3412       1.67627896       1.68248070       0.00310087
  3413       1.68000000       1.68000000       0.00000000
  3414       1.68372104       1.67751931      -0.00310087
  3415       1.68744208       1.67503861      -0.00620174
  3416       1.67549966       1.68300023       0.01012406
  3417       1.67922070       1.68051953       0.00702319
  3418       1.68294174       1.67803884       0.00392232
  3419       1.68666278       1.67555814       0.00082145
  3420       1.69038383       1.67307745      -0.00227941
  3421       1.67844140       1.68103907       0.01404638
  3422       1.68216244       1.67855837       0.01094551
  3423       1.68588348       1.67607768       0.00784465
  3424       1.68960453       1.67359698       0.00474378
  3425       1.69332557       1.67111629       0.00164291
  3426       1.67167443       1.69388371      -0.00164291
  3427       1.67539547       1.69140302      -0.00474378
  3428       1.67911652       1.68892232      -0.00784465
  3429       1.68283756       1.68644163      -0.01094551
  3430       1.68655860       1.68396093      -0.01404638
  3431       1.67461617       1.69192255       0.00227941
  3432       1.67833722       1.68944186      -0.00082145
  3433       1.68205826       1.68696116      -0.00392232
  3434       1.68577930       1.68448047      -0.00702319
  3435       1.68950034       1.68199977      -0.01012406
  3436       1.67755792       1.68996139       0.00620174
  3437       1.68127896       1.68748070       0.00310087
  3438       1.68500000       1.68500000       0.00000000
  3439       1.68872104       1.68251931      -0.00310087
  3440       1.69244208       1.68003861      -0.00620174
  3441       1.68049966       1.68800023       0.01012406
  3442       1.68422070       1.68551953       0.00702319
  3443       1.68794174       1.68303884       0.00392232
  3444       1.69166278       1.68055814       0.00082145
  3445       1.69538383       1.67807745      -0.00227941
  3446       1.68344140       1.68603907       0.01404638
  3447       1.68716244       1.68355837       0.01094551
  3448       1.69088348       1.68107768       0.00784465
  3449       1.69460453       1.67859698       0.00474378
  3450       1.69832557       1.67611629       0.00164291
  3451       1.67667443       1.69888371      -0.00164291
  3452       1.68039547       1.69640302      -0.00474378
  3453       1.68411652       1.69392232      -0.00784465
  3454       1.68783756       1.69144163      -0.01094551
  3455       1.69155860       1.68896093      -0.01404638
  3456       1.67961617       1.69692255       0.00227941
  3457       1.68333722       1.69444186      -0.00082145
  3458       1.68705826       1.69196116      -0.00392232
  3459       1.69077930       1.68948047      -0.00702319
  3460       1.69450034       1.68699977      -0.01012406
  3461       1.68255792       1.69496139       0.00620174
  3462       1.68627896       1.69248070       0.00310087
  3463       1.69000000       1.69000000       0.00000000
  3464       1.69372104       1.68751931      -0.00310087
  3465       1.69744208       1.68503861      -0.00620174
  3466       1.68549966       1.69300023       0.01012406
  3467       1.68922070       1.69051953       0.00702319
  3468       1.69294174       1.68803884       0.00392232
  3469       1.69666278       1.68555814       0.00082145
  3470       1.70038383       1.68307745      -0.00227941
  3471       1.68844140       1.69103907       0.01404638
  3472       1.69216244       1.68855837       0.01094551
  3473       1.69588348       1.68607768       0.00784465
  3474       1.69960453       1.68359698       0.00474378
  3475       1.70332557       1.68111629       0.00164291
  3476       1.68167443       1.70388371      -0.00164291
  3477       1.68539547       1.70140302      -0.00474378
  3478       1.68911652       1.69892232      -0.00784465
  3479       1.69283756       1.69644163      -0.01094551
  3480       1.69655860       1.69396093      -0.01404638
  3481       1.68461617       1.70192255       0.00227941
  3482       1.68833722       1.69944186      -0.00082145
  3483       1.69205826       1.69696116      -0.00392232
  3484       1.69577930       1.69448047      -0.00702319
  3485       1.69950034       1.69199977      -0.01012406
  3486       1.68755792       1.69996139       0.00620174
  3487       1.69127896       1.69748070       0.00310087
  3488       1.69500000       1.69500000       0.00000000
  3489       1.69872104       1.69251931      -0.00310087
  3490       1.70244208       1.69003861      -0.00620174
  3491       1.69049966       1.69800023       0.01012406
  3492       1.69422070       1.69551953       0.00702319
  3493       1.69794174       1.69303884       0.00392232
  3494       1.70166278       1.69055814       0.00082145
  3495       1.70538383       1.68807745      -0.00227941
  3496       1.69344140       1.69603907       0.01404638
  3497       1.69716244       1.69355837       0.01094551
  3498       1.70088348       1.69107768       0.00784465
  3499       1.70460453       1.68859698       0.00474378
  3500       1.70832557       1.68611629       0.00164291
  3501       1.68667443       1.70888371      -0.00164291
  3502       1.69039547       1.70640302      -0.00474378
  3503       1.69411652       1.70392232      -0.00784465
  3504       1.69783756       1.70144163      -0.01094551
  3505       1.70155860       1.69896093      -0.01404638
  3506       1.68961617       1.70692255       0.00227941
  3507       1.69333722       1.70444186      -0.00082145
  3508       1.69705826       1.70196116      -0.00392232
  3509       1.70077930       1.69948047      -0.00702319
  3510       1.70450034       1.69699977      -0.01012406
  3511       1.69255792       1.70496139       0.00620174
  3512       1.69627896       1.70248070       0.00310087
  3513       1.70000000       1.70000000       0.00000000
  3514       1.70372104       1.69751931      -0.00310087
  3515       1.70744208       1.69503861      -0.00620174
  3516       1.69549966       1.70300023       0.01012406
  3517       1.69922070       1.70051953       0.00702319
  3518       1.70294174       1.69803884       0.00392232
  3519       1.70666278       1.69555814       0.00082145
  3520       1.71038383       1.69307745      -0.00227941
  3521       1.69844140       1.70103907       0.01404638
  3522       1.70216244       1.69855837       0.01094551
  3523       1.70588348       1.69607768       0.00784465
  3524       1.70960453       1.69359698       0.00474378
  3525       1.71332557       1.69111629       0.00164291
  3526       1.69167443       1.71388371      -0.00164291
  3527       1.69539547       1.71140302      -0.00474378
  3528       1.69911652       1.70892232      -0.00784465
  3529       1.70283756       1.70644163      -0.01094551
  3530       1.70655860       1.70396093      -0.01404638
  3531       1.69461617       1.71192255       0.00227941
  3532       1.69833722       1.70944186      -0.00082145
  3533       1.70205826       1.70696116      -0.00392232
  3534       1.70577930       1.70448047      -0.00702319
  3535       1.70950034       1.70199977      -0.01012406
  3536       1.69755792       1.70996139       0.00620174
  3537       1.70127896       1.70748070       0.00310087
  3538       1.70500000       1.70500000       0.00000000
  3539       1.70872104       1.70251931      -0.00310087
  3540       1.71244208       1.70003861      -0.00620174
  3541       1.70049966       1.70800023       0.01012406
  3542       1.70422070       1.70551953       0.00702319
  3543       1.70794174       1.70303884       0.00392232
  3544       1.71166278       1.70055814       0.00082145
  3545       1.71538383       1.69807745      -0.00227941
  3546       1.70344140       1.70603907       0.01404638
  3547       1.70716244       1.70355837       0.01094551
  3548       1.71088348       1.70107768       0.00784465
  3549       1.71460453       1.69859698       0.00474378
  3550       1.71832557       1.69611629       0.00164291
  3551       1.69667443       1.71888371      -0.00164291
  3552       1.70039547       1.71640302      -0.00474378
  3553       1.70411652       1.71392232      -0.00784465
  3554       1.70783756       1.71144163      -0.01094551
  3555       1.71155860       1.70896093      -0.01404638
  3556       1.69961617       1.71692255       0.00227941
  3557       1.70333722       1.71444186      -0.00082145
  3558       1.70705826       1.71196116      -0.00392232
  3559       1.71077930       1.70948047      -0.00702319
  3560       1.71450034       1.70699977      -0.01012406
  3561       1.70255792       1.71496139       0.00620174
  3562       1.70627896       1.71248070       0.00310087
  3563       1.71000000       1.71000000       0.00000000
  3564       1.71372104       1.70751931      -0.00310087
  3565       1.71744208       1.70503861      -0.00620174
  3566       1.70549966       1.71300023       0.01012406
  3567       1.70922070       1.71051953       0.00702319
  3568       1.71294174       1.70803884       0.00392232
  3569       1.71666278       1.70555814       0.00082145
  3570       1.72038383       1.70307745      -0.00227941
  3571       1.70844140       1.71103907       0.01404638
  3572       1.71216244       1.70855837       0.01094551
  3573       1.71588348       1.70607768       0.00784465
  3574       1.71960453       1.70359698       0.00474378
  3575       1.72332557       1.70111629       0.00164291
  3576       1.70167443       1.72388371      -0.00164291
  3577       1.70539547       1.72140302      -0.00474378
  3578       1.70911652       1.71892232      -0.00784465
  3579       1.71283756       1.71644163      -0.01094551
  3580       1.71655860       1.71396093      -0.01404638
  3581       1.70461617       1.72192255       0.00227941
  3582       1.70833722       1.71944186      -0.00082145
  3583       1.71205826       1.71696116      -0.00392232
  3584       1.71577930       1.71448047      -0.00702319
  3585       1.71950034       1.71199977      -0.01012406
  3586       1.70755792       1.71996139       0.00620174
  3587       1.71127896       1.71748070       0.00310087
  3588       1.71500000       1.71500000       0.00000000
  3589       1.71872104       1.71251931      -0.00310087
  3590       1.72244208       1.71003861      -0.00620174
  3591       1.71049966       1.71800023       0.01012406
  3592       1.71422070       1.71551953       0.00702319
  3593       1.71794174       1.71303884       0.00392232
  3594       1.72166278       1.71055814       0.00082145
  3595       1.72538383       1.70807745      -0.00227941
  3596       1.71344140       1.71603907       0.01404638
  3597       1.71716244       1.71355837       0.01094551
  3598       1.72088348       1.71107768       0.00784465
  3599       1.72460453       1.70859698       0.00474378
  3600       1.72832557       1.70611629       0.00164291
  3601       1.70667443       1.72888371      -0.00164291
  3602       1.71039547       1.72640302      -0.00474378
  3603       1.71411652       1.72392232      -0.00784465
  3604       1.71783756       1.72144163      -0.01094551
  3605       1.72155860       1.71896093      -0.01404638
  3606       1.70961617       1.72692255       0.00227941
  3607       1.71333722       1.72444186      -0.00082145
  3608       1.71705826       1.72196116      -0.00392232
  3609       1.72077930       1.71948047      -0.00702319
  3610       1.72450034       1.71699977      -0.01012406
  3611       1.71255792       1.72496139       0.00620174
  3612       1.71627896       1.72248070       0.00310087
  3613       1.72000000       1.72000000       0.00000000
  3614       1.72372104       1.71751931      -0.00310087
  3615       1.72744208       1.71503861      -0.00620174
  3616       1.71549966       1.72300023       0.01012406
  3617       1.71922070       1.72051953       0.00702319
  3618       1.72294174       1.71803884       0.00392232
  3619       1.72666278       1.71555814       0.00082145
  3620       1.73038383       1.71307745      -0.00227941
  3621       1.71844140       1.72103907       0.01404638
  3622       1.72216244       1.71855837       0.01094551
  3623       1.72588348       1.71607768       0.00784465
  3624       1.72960453       1.71359698       0.00474378
  3625       1.73332557       1.71111629       0.00164291
  3626       1.71167443       1.73388371      -0.00164291
  3627       1.71539547       1.73140302      -0.00474378
  3628       1.71911652       1.72892232      -0.00784465
  3629       1.72283756       1.72644163      -0.01094551
  3630       1.72655860       1.72396093      -0.01404638
  3631       1.71461617       1.73192255       0.00227941
  3632       1.71833722       1.72944186      -0.00082145
  3633       1.72205826       1.72696116      -0.00392232
  3634       1.72577930       1.72448047      -0.00702319
  3635       1.72950034       1.72199977      -0.01012406
  3636       1.71755792       1.72996139       0.00620174
  3637       1.72127896       1.72748070       0.00310087
  3638       1.72500000       1.72500000       0.00000000
  3639       1.72872104       1.72251931      -0.00310087
  3640       1.73244208       1.72003861      -0.00620174
  3641       1.72049966       1.72800023       0.01012406
  3642       1.72422070       1.72551953       0.00702319
  3643       1.72794174       1.72303884       0.00392232
  3644       1.73166278       1.72055814       0.00082145
  3645       1.73538383       1.71807745      -0.00227941
  3646       1.72344140       1.72603907       0.01404638
  3647       1.72716244       1.72355837       0.01094551
  3648       1.73088348       1.72107768       0.00784465
  3649       1.73460453       1.71859698       0.00474378
  3650       1.73832557       1.71611629       0.00164291
  3651       1.71667443       1.73888371      -0.00164291
  3652       1.72039547       1.73640302      -0.00474378
  3653       1.72411652       1.73392232      -0.00784465
  3654       1.72783756       1.73144163      -0.01094551
  3655       1.73155860       1.72896093      -0.01404638
  3656       1.71961617       1.73692255       0.00227941
  3657       1.72333722       1.73444186      -0.00082145
  3658       1.72705826       1.73196116      -0.00392232
  3659       1.73077930       1.72948047      -0.00702319
  3660       1.73450034       1.72699977      -0.01012406
  3661       1.72255792       1.73496139       0.00620174
  3662       1.72627896       1.73248070       0.00310087
  3663       1.73000000       1.73000000       0.00000000
  3664       1.73372104       1.72751931      -0.00310087
  3665       1.73744208       1.72503861      -0.00620174
  3666       1.72549966       1.73300023       0.01012406
  3667       1.72922070       1.73051953       0.00702319
  3668       1.73294174       1.72803884       0.00392232
  3669       1.73666278       1.72555814       0.00082145
  3670       1.74038383       1.72307745      -0.00227941
  3671       1.72844140       1.73103907       0.01404638
  3672       1.73216244       1.72855837       0.01094551
  3673       1.73588348       1.72607768       0.00784465
  3674       1.73960453       1.72359698       0.00474378
  3675       1.74332557       1.72111629       0.00164291
  3676       1.72167443       1.74388371      -0.00164291
  3677       1.72539547       1.74140302      -0.00474378
  3678       1.72911652       1.73892232      -0.00784465
  3679       1.73283756       1.73644163      -0.01094551
  3680       1.73655860       1.73396093      -0.01404638
  3681       1.72461617       1.74192255       0.00227941
  3682       1.72833722       1.73944186      -0.00082145
  3683       1.73205826       1.73696116      -0.00392232
  3684       1.73577930       1.73448047      -0.00702319
  3685       1.73950034       1.73199977      -0.01012406
  3686       1.72755792       1.73996139       0.00620174
  3687       1.73127896       1.73748070       0.00310087
  3688       1.73500000       1.73500000       0.00000000
  3689       1.73872104       1.73251931      -0.00310087
  3690       1.74244208       1.73003861      -0.00620174
  3691       1.73049966       1.73800023       0.01012406
  3692       1.73422070       1.73551953       0.00702319
  3693       1.73794174       1.73303884       0.00392232
  3694       1.74166278       1.73055814       0.00082145
  3695       1.74538383       1.72807745      -0.00227941
  3696       1.73344140       1.73603907       0.01404638
  3697       1.73716244       1.73355837       0.01094551
  3698       1.74088348       1.73107768       0.00784465
  3699       1.74460453       1.72859698       0.00474378
  3700       1.74832557       1.72611629       0.00164291
  3701       1.72667443       1.74888371      -0.00164291
  3702       1.73039547       1.74640302      -0.00474378
  3703       1.73411652       1.74392232      -0.00784465
  3704       1.73783756       1.74144163      -0.01094551
  3705       1.74155860       1.73896093      -0.01404638
  3706       1.72961617       1.74692255       0.00227941
  3707       1.73333722       1.74444186      -0.00082145
  3708       1.73705826       1.74196116      -0.00392232
  3709       1.74077930       1.73948047      -0.00702319
  3710       1.74450034       1.73699977      -0.01012406
  3711       1.73255792       1.74496139       0.00620174
  3712       1.73627896       1.74248070       0.00310087
  3713       1.74000000       1.74000000       0.00000000
  3714       1.74372104       1.73751931      -0.00310087
  3715       1.74744208       1.73503861      -0.00620174
  3716       1.73549966       1.74300023       0.01012406
  3717       1.73922070       1.74051953       0.00702319
  3718       1.74294174       1.73803884       0.00392232
  3719       1.74666278       1.73555814       0.00082145
  3720       1.75038383       1.73307745      -0.00227941
  3721       1.73844140       1.74103907       0.01404638
  3722       1.74216244       1.73855837       0.01094551
  3723       1.74588348       1.73607768       0.00784465
  3724       1.74960453       1.73359698       0.00474378
  3725       1.75332557       1.73111629       0.00164291
  3726       1.73167443       1.75388371      -0.00164291
  3727       1.73539547       1.75140302      -0.00474378
  3728       1.73911652       1.74892232      -0.00784465
  3729       1.74283756       1.74644163      -0.01094551
  3730       1.74655860       1.74396093      -0.01404638
  3731       1.73461617       1.75192255       0.00227941
  3732       1.73833722       1.74944186      -0.00082145
  3733       1.74205826       1.74696116      -0.00392232
  3734       1.74577930       1.74448047      -0.00702319
  3735       1.74950034       1.74199977      -0.01012406
  3736       1.73755792       1.74996139       0.00620174
  3737       1.74127896       1.74748070       0.00310087
  3738       1.74500000       1.74500000       0.00000000
  3739       1.74872104       1.74251931      -0.00310087
  3740       1.75244208       1.74003861      -0.00620174
  3741       1.74049966       1.74800023       0.01012406
  3742       1.74422070       1.74551953       0.00702319
  3743       1.74794174       1.74303884       0.00392232
  3744       1.75166278       1.74055814       0.00082145
  3745       1.75538383       1.73807745      -0.00227941
  3746       1.74344140       1.74603907       0.01404638
  3747       1.74716244       1.74355837       0.01094551
  3748       1.75088348       1.74107768       0.00784465
  3749       1.75460453       1.73859698       0.00474378
  3750       1.75832557       1.73611629       0.00164291
  3751       1.73667443       1.75888371      -0.00164291
  3752       1.74039547       1.75640302      -0.00474378
  3753       1.74411652       1.75392232      -0.00784465
  3754       1.74783756       1.75144163      -0.01094551
  3755       1.75155860       1.74896093      -0.01404638
  3756       1.73961617       1.75692255       0.00227941
  3757       1.74333722       1.75444186      -0.00082145
  3758       1.74705826       1.75196116      -0.00392232
  3759       1.75077930       1.74948047      -0.00702319
  3760       1.75450034       1.74699977      -0.01012406
  3761       1.74255792       1.75496139       0.00620174
  3762       1.74627896       1.75248070       0.00310087
  3763       1.75000000       1.75000000       0.00000000
  3764       1.75372104       1.74751931      -0.00310087
  3765       1.75744208       1.74503861      -0.00620174
  3766       1.74549966       1.75300023       0.01012406
  3767       1.74922070       1.75051953       0.00702319
  3768       1.75294174       1.74803884       0.00392232
  3769       1.75666278       1.74555814       0.00082145
  3770       1.76038383       1.74307745      -0.00227941
  3771       1.74844140       1.75103907       0.01404638
  3772       1.75216244       1.74855837       0.01094551
  3773       1.75588348       1.74607768       0.00784465
  3774       1.75960453       1.74359698       0.00474378
  3775       1.76332557       1.74111629       0.00164291
  3776       1.74167443       1.76388371      -0.00164291
  3777       1.74539547       1.76140302      -0.00474378
  3778       1.74911652       1.75892232      -0.00784465
  3779       1.75283756       1.75644163      -0.01094551
  3780       1.75655860       1.75396093      -0.01404638
  3781       1.74461617       1.76192255       0.00227941
  3782       1.74833722       1.75944186      -0.00082145
  3783       1.75205826       1.75696116      -0.00392232
  3784       1.75577930       1.75448047      -0.00702319
  3785       1.75950034       1.75199977      -0.01012406
  3786       1.74755792       1.75996139       0.00620174
  3787       1.75127896       1.75748070       0.00310087
  3788       1.75500000       1.75500000       0.00000000
  3789       1.75872104       1.75251931      -0.00310087
  3790       1.76244208       1.75003861      -0.00620174
  3791       1.75049966       1.75800023       0.01012406
  3792       1.75422070       1.75551953       0.00702319
  3793       1.75794174       1.75303884       0.00392232
  3794       1.76166278       1.75055814       0.00082145
  3795       1.76538383       1.74807745      -0.00227941
  3796       1.75344140       1.75603907       0.01404638
  3797       1.75716244       1.75355837       0.01094551
  3798       1.76088348       1.75107768       0.00784465
  3799       1.76460453       1.74859698       0.00474378
  3800       1.76832557       1.74611629       0.00164291
  3801       1.74667443       1.76888371      -0.00164291
  3802       1.75039547       1.76640302      -0.00474378
  3803       1.75411652       1.76392232      -0.00784465
  3804       1.75783756       1.76144163      -0.01094551
  3805       1.76155860       1.75896093      -0.01404638
  3806       1.74961617       1.76692255       0.00227941
  3807       1.75333722       1.76444186      -0.00082145
  3808       1.75705826       1.76196116      -0.00392232
  3809       1.76077930       1.75948047      -0.00702319
  3810       1.76450034       1.75699977      -0.01012406
  3811       1.75255792       1.76496139       0.00620174
  3812       1.75627896       1.76248070       0.00310087
  3813       1.76000000       1.76000000       0.00000000
  3814       1.76372104       1.75751931      -0.00310087
  3815       1.76744208       1.75503861      -0.00620174
  3816       1.75549966       1.76300023       0.01012406
  3817       1.75922070       1.76051953       0.00702319
  3818       1.76294174       1.75803884       0.00392232
  3819       1.76666278       1.75555814       0.00082145
  3820       1.77038383       1.75307745      -0.00227941
  3821       1.75844140       1.76103907       0.01404638
  3822       1.76216244       1.75855837       0.01094551
  3823       1.76588348       1.75607768       0.00784465
  3824       1.76960453       1.75359698       0.00474378
  3825       1.77332557       1.75111629       0.00164291
  3826       1.75167443       1.77388371      -0.00164291
  3827       1.75539547       1.77140302      -0.00474378
  3828       1.75911652       1.76892232      -0.00784465
  3829       1.76283756       1.76644163      -0.01094551
  3830       1.76655860       1.76396093      -0.01404638
  3831       1.75461617       1.77192255       0.00227941
  3832       1.75833722       1.76944186      -0.00082145
  3833       1.76205826       1.76696116      -0.00392232
  3834       1.76577930       1.76448047      -0.00702319
  3835       1.76950034       1.76199977      -0.01012406
  3836       1.75755792       1.76996139       0.00620174
  3837       1.76127896       1.76748070       0.00310087
  3838       1.76500000       1.76500000       0.00000000
  3839       1.76872104       1.76251931      -0.00310087
  3840       1.77244208       1.76003861      -0.00620174
  3841       1.76049966       1.76800023       0.01012406
  3842       1.76422070       1.76551953       0.00702319
  3843       1.76794174       1.76303884       0.00392232
  3844       1.77166278       1.76055814       0.00082145
  3845       1.77538383       1.75807745      -0.00227941
  3846       1.76344140       1.76603907       0.01404638
  3847       1.76716244       1.76355837       0.01094551
  3848       1.77088348       1.76107768       0.00784465
  3849       1.77460453       1.75859698       0.00474378
  3850       1.77832557       1.75611629       0.00164291
  3851       1.75667443       1.77888371      -0.00164291
  3852       1.76039547       1.77640302      -0.00474378
  3853       1.76411652       1.77392232      -0.00784465
  3854       1.76783756       1.77144163      -0.01094551
  3855       1.77155860       1.76896093      -0.01404638
  3856       1.75961617       1.77692255       0.00227941
  3857       1.76333722       1.77444186      -0.00082145
  3858       1.76705826       1.77196116      -0.00392232
  3859       1.77077930       1.76948047      -0.00702319
  3860       1.77450034       1.76699977      -0.01012406
  3861       1.76255792       1.77496139       0.00620174
  3862       1.76627896       1.77248070       0.00310087
  3863       1.77000000       1.77000000       0.00000000
  3864       1.77372104       1.76751931      -0.00310087
  3865       1.77744208       1.76503861      -0.00620174
  3866       1.76549966       1.77300023       0.01012406
  3867       1.76922070       1.77051953       0.00702319
  3868       1.77294174       1.76803884       0.00392232
  3869       1.77666278       1.76555814       0.00082145
  3870       1.78038383       1.76307745      -0.00227941
  3871       1.76844140       1.77103907       0.01404638
  3872       1.77216244       1.76855837       0.01094551
  3873       1.77588348       1.76607768       0.00784465
  3874       1.77960453       1.76359698       0.00474378
  3875       1.78332557       1.76111629       0.00164291
  3876       1.76167443       1.78388371      -0.00164291
  3877       1.76539547       1.78140302      -0.00474378
  3878       1.76911652       1.77892232      -0.00784465
  3879       1.77283756       1.77644163      -0.01094551
  3880       1.77655860       1.77396093      -0.01404638
  3881       1.76461617       1.78192255       0.00227941
  3882       1.76833722       1.77944186      -0.00082145
  3883       1.77205826       1.77696116      -0.00392232
  3884       1.77577930       1.77448047      -0.00702319
  3885       1.77950034       1.77199977      -0.01012406
  3886       1.76755792       1.77996139       0.00620174
  3887       1.77127896       1.77748070       0.00310087
  3888       1.77500000       1.77500000       0.00000000
  3889       1.77872104       1.77251931      -0.00310087
  3890       1.78244208       1.77003861      -0.00620174
  3891       1.77049966       1.77800023       0.01012406
  3892       1.77422070       1.77551953       0.00702319
  3893       1.77794174       1.77303884       0.00392232
  3894       1.78166278       1.77055814       0.00082145
  3895       1.78538383       1.76807745      -0.00227941
  3896       1.77344140       1.77603907       0.01404638
  3897       1.77716244       1.77355837       0.01094551
  3898       1.78088348       1.77107768       0.00784465
  3899       1.78460453       1.76859698       0.00474378
  3900       1.78832557       1.76611629       0.00164291
  3901       1.76667443       1.78888371      -0.00164291
  3902       1.77039547       1.78640302      -0.00474378
  3903       1.77411652       1.78392232      -0.00784465
  3904       1.77783756       1.78144163      -0.01094551
  3905       1.78155860       1.77896093      -0.01404638
  3906       1.76961617       1.78692255       0.00227941
  3907       1.77333722       1.78444186      -0.00082145
  3908       1.77705826       1.78196116      -0.00392232
  3909       1.78077930       1.77948047      -0.00702319
  3910       1.78450034       1.77699977      -0.01012406
  3911       1.77255792       1.78496139       0.00620174
  3912       1.77627896       1.78248070       0.00310087
  3913       1.78000000       1.78000000       0.00000000
  3914       1.78372104       1.77751931      -0.00310087
  3915       1.78744208       1.77503861      -0.00620174
  3916       1.77549966       1.78300023       0.01012406
  3917       1.77922070       1.78051953       0.00702319
  3918       1.78294174       1.77803884       0.00392232
  3919       1.78666278       1.77555814       0.00082145
  3920       1.79038383       1.77307745      -0.00227941
  3921       1.77844140       1.78103907       0.01404638
  3922       1.78216244       1.77855837       0.01094551
  3923       1.78588348       1.77607768       0.00784465
  3924       1.78960453       1.77359698       0.00474378
  3925       1.79332557       1.77111629       0.00164291
  3926       1.77167443       1.79388371      -0.00164291
  3927       1.77539547       1.79140302      -0.00474378
  3928       1.77911652       1.78892232      -0.00784465
  3929       1.78283756       1.78644163      -0.01094551
  3930       1.78655860       1.78396093      -0.01404638
  3931       1.77461617       1.79192255       0.00227941
  3932       1.77833722       1.78944186      -0.00082145
  3933       1.78205826       1.78696116      -0.00392232
  3934       1.78577930       1.78448047      -0.00702319
  3935       1.78950034       1.78199977      -0.01012406
  3936       1.77755792       1.78996139       0.00620174
  3937       1.78127896       1.78748070       0.00310087
  3938       1.78500000       1.78500000       0.00000000
  3939       1.78872104       1.78251931      -0.00310087
  3940       1.79244208       1.78003861      -0.00620174
  3941       1.78049966       1.78800023       0.01012406
  3942       1.78422070       1.78551953       0.00702319
  3943       1.78794174       1.78303884       0.00392232
  3944       1.79166278       1.78055814       0.00082145
  3945       1.79538383       1.77807745      -0.00227941
  3946       1.78344140       1.78603907       0.01404638
  3947       1.78716244       1.78355837       0.01094551
  3948       1.79088348       1.78107768       0.00784465
  3949       1.79460453       1.77859698       0.00474378
  3950       1.79832557       1.77611629       0.00164291
  3951       1.77667443       1.79888371      -0.00164291
  3952       1.78039547       1.79640302      -0.00474378
  3953       1.78411652       1.79392232      -0.00784465
  3954       1.78783756       1.79144163      -0.01094551
  3955       1.79155860       1.78896093      -0.01404638
  3956       1.77961617       1.79692255       0.00227941
  3957       1.78333722       1.79444186      -0.00082145
  3958       1.78705826       1.79196116      -0.00392232
  3959       1.79077930       1.78948047      -0.00702319
  3960       1.79450034       1.78699977      -0.01012406
  3961       1.78255792       1.79496139       0.00620174
  3962       1.78627896       1.79248070       0.00310087
  3963       1.79000000       1.79000000       0.00000000
  3964       1.79372104       1.78751931      -0.00310087
  3965       1.79744208       1.78503861      -0.00620174
  3966       1.78549966       1.79300023       0.01012406
  3967       1.78922070       1.79051953       0.00702319
  3968       1.79294174       1.78803884       0.00392232
  3969       1.79666278       1.78555814       0.00082145
  3970       1.80038383       1.78307745      -0.00227941
  3971       1.78844140       1.79103907       0.01404638
  3972       1.79216244       1.78855837       0.01094551
  3973       1.79588348       1.78607768       0.00784465
  3974       1.79960453       1.78359698       0.00474378
  3975       1.80332557       1.78111629       0.00164291
  3976       1.78167443       1.80388371      -0.00164291
  3977       1.78539547       1.80140302      -0.00474378
  3978       1.78911652       1.79892232      -0.00784465
  3979       1.79283756       1.79644163      -0.01094551
  3980       1.79655860       1.79396093      -0.01404638
  3981       1.78461617       1.80192255       0.00227941
  3982       1.78833722       1.79944186      -0.00082145
  3983       1.79205826       1.79696116      -0.00392232
  3984       1.79577930       1.79448047      -0.00702319
  3985       1.79950034       1.79199977      -0.01012406
  3986       1.78755792       1.79996139       0.00620174
  3987       1.79127896       1.79748070       0.00310087
  3988       1.79500000       1.79500000       0.00000000
  3989       1.79872104       1.79251931      -0.00310087
  3990       1.80244208       1.79003861      -0.00620174
  3991       1.79049966       1.79800023       0.01012406
  3992       1.79422070       1.79551953       0.00702319
  3993       1.79794174       1.79303884       0.00392232
  3994       1.80166278       1.79055814       0.00082145
  3995       1.80538383       1.78807745      -0.00227941
  3996       1.79344140       1.79603907       0.01404638
  3997       1.79716244       1.79355837       0.01094551
  3998       1.80088348       1.79107768       0.00784465
  3999       1.80460453       1.78859698       0.00474378
  4000       1.80832557       1.78611629       0.00164291
  4001       1.78667443       1.80888371      -0.00164291
  4002       1.79039547       1.80640302      -0.00474378
  4003       1.79411652       1.80392232      -0.00784465
  4004       1.79783756       1.80144163      -0.01094551
  4005       1.80155860       1.79896093      -0.01404638
  4006       1.78961617       1.80692255       0.00227941
  4007       1.79333722       1.80444186      -0.00082145
  4008       1.79705826       1.80196116      -0.00392232
  4009       1.80077930       1.79948047      -0.00702319
  4010       1.80450034       1.79699977      -0.01012406
  4011       1.79255792       1.80496139       0.00620174
  4012       1.79627896       1.80248070       0.00310087
  4013       1.80000000       1.80000000       0.00000000
  4014       1.80372104       1.79751931      -0.00310087
  4015       1.80744208       1.79503861      -0.00620174
  4016       1.79549966       1.80300023       0.01012406
  4017       1.79922070       1.80051953       0.00702319
  4018       1.80294174       1.79803884       0.00392232
  4019       1.80666278       1.79555814       0.00082145
  4020       1.81038383       1.79307745      -0.00227941
  4021       1.79844140       1.80103907       0.01404638
  4022       1.80216244       1.79855837       0.01094551
  4023       1.80588348       1.79607768       0.00784465
  4024       1.80960453       1.79359698       0.00474378
  4025       1.81332557       1.79111629       0.00164291
  4026       1.79167443       1.81388371      -0.00164291
  4027       1.79539547       1.81140302      -0.00474378
  4028       1.79911652       1.80892232      -0.00784465
  4029       1.80283756       1.80644163      -0.01094551
  4030       1.80655860       1.80396093      -0.01404638
  4031       1.79461617       1.81192255       0.00227941
  4032       1.79833722       1.80944186      -0.00082145
  4033       1.80205826       1.80696116      -0.00392232
  4034       1.80577930       1.80448047      -0.00702319
  4035       1.80950034       1.80199977      -0.01012406
  4036       1.79755792       1.80996139       0.00620174
  4037       1.80127896       1.80748070       0.00310087
  4038       1.80500000       1.80500000       0.00000000
  4039       1.80872104       1.80251931      -0.00310087
  4040       1.81244208       1.80003861      -0.00620174
  4041       1.80049966       1.80800023       0.01012406
  4042       1.80422070       1.80551953       0.00702319
  4043       1.80794174       1.80303884       0.00392232
  4044       1.81166278       1.80055814       0.00082145
  4045       1.81538383       1.79807745      -0.00227941
  4046       1.80344140       1.80603907       0.01404638
  4047       1.80716244       1.80355837       0.01094551
  4048       1.81088348       1.80107768       0.00784465
  4049       1.81460453       1.79859698       0.00474378
  4050       1.81832557       1.79611629       0.00164291
  4051       1.79667443       1.81888371      -0.00164291
  4052       1.80039547       1.81640302      -0.00474378
  4053       1.80411652       1.81392232      -0.00784465
  4054       1.80783756       1.81144163      -0.01094551
  4055       1.81155860       1.80896093      -0.01404638
  4056       1.79961617       1.81692255       0.00227941
  4057       1.80333722       1.81444186      -0.00082145
  4058       1.80705826       1.81196116      -0.00392232
  4059       1.81077930       1.80948047      -0.00702319
  4060       1.81450034       1.80699977      -0.01012406
  4061       1.80255792       1.81496139       0.00620174
  4062       1.80627896       1.81248070       0.00310087
  4063       1.81000000       1.81000000       0.00000000
  4064       1.81372104       1.80751931      -0.00310087
  4065       1.81744208       1.80503861      -0.00620174
  4066       1.80549966       1.81300023       0.01012406
  4067       1.80922070       1.81051953       0.00702319
  4068       1.81294174       1.80803884       0.00392232
  4069       1.81666278       1.80555814       0.00082145
  4070       1.82038383       1.80307745      -0.00227941
  4071       1.80844140       1.81103907       0.01404638
  4072       1.81216244       1.80855837       0.01094551
  4073       1.81588348       1.80607768       0.00784465
  4074       1.81960453       1.80359698       0.00474378
  4075       1.82332557       1.80111629       0.00164291
  4076       1.80167443       1.82388371      -0.00164291
  4077       1.80539547       1.82140302      -0.00474378
  4078       1.80911652       1.81892232      -0.00784465
  4079       1.81283756       1.81644163      -0.01094551
  4080       1.81655860       1.81396093      -0.01404638
  4081       1.80461617       1.82192255       0.00227941
  4082       1.80833722       1.81944186      -0.00082145
  4083       1.81205826       1.81696116      -0.00392232
  4084       1.81577930       1.81448047      -0.00702319
  4085       1.81950034       1.81199977      -0.01012406
  4086       1.80755792       1.81996139       0.00620174
  4087       1.81127896       1.81748070       0.00310087
  4088       1.81500000       1.81500000       0.00000000
  4089       1.81872104       1.81251931      -0.00310087
  4090       1.82244208       1.81003861      -0.00620174
  4091       1.81049966       1.81800023       0.01012406
  4092       1.81422070       1.81551953       0.00702319
  4093       1.81794174       1.81303884       0.00392232
  4094       1.82166278       1.81055814       0.00082145
  4095       1.82538383       1.80807745      -0.00227941
  4096       1.81344140       1.81603907       0.01404638
  4097       1.81716244       1.81355837       0.01094551
  4098       1.82088348       1.81107768       0.00784465
  4099       1.82460453       1.80859698       0.00474378
  4100       1.82832557       1.80611629       0.00164291
  4101       1.80667443       1.82888371      -0.00164291
  4102       1.81039547       1.82640302      -0.00474378
  4103       1.81411652       1.82392232      -0.00784465
  4104       1.81783756       1.82144163      -0.01094551
  4105       1.82155860       1.81896093      -0.01404638
  4106       1.80961617       1.82692255       0.00227941
  4107       1.81333722       1.82444186      -0.00082145
  4108       1.81705826       1.82196116      -0.00392232
  4109       1.82077930       1.81948047      -0.00702319
  4110       1.82450034       1.81699977      -0.01012406
  4111       1.81255792       1.82496139       0.00620174
  4112       1.81627896       1.82248070       0.00310087
  4113       1.82000000       1.82000000       0.00000000
  4114       1.82372104       1.81751931      -0.00310087
  4115       1.82744208       1.81503861      -0.00620174
  4116       1.81549966       1.82300023       0.01012406
  4117       1.81922070       1.82051953       0.00702319
  4118       1.82294174       1.81803884       0.00392232
  4119       1.82666278       1.81555814       0.00082145
  4120       1.83038383       1.81307745      -0.00227941
  4121       1.81844140       1.82103907       0.01404638
  4122       1.82216244       1.81855837       0.01094551
  4123       1.82588348       1.81607768       0.00784465
  4124       1.82960453       1.81359698       0.00474378
  4125       1.83332557       1.81111629       0.00164291
  4126       1.81167443       1.83388371      -0.00164291
  4127       1.81539547       1.83140302      -0.00474378
  4128       1.81911652       1.82892232      -0.00784465
  4129       1.82283756       1.82644163      -0.01094551
  4130       1.82655860       1.82396093      -0.01404638
  4131       1.81461617       1.83192255       0.00227941
  4132       1.81833722       1.82944186      -0.00082145
  4133       1.82205826       1.82696116      -0.00392232
  4134       1.82577930       1.82448047      -0.00702319
  4135       1.82950034       1.82199977      -0.01012406
  4136       1.81755792       1.82996139       0.00620174
  4137       1.82127896       1.82748070       0.00310087
  4138       1.82500000       1.82500000       0.00000000
  4139       1.82872104       1.82251931      -0.00310087
  4140       1.83244208       1.82003861      -0.00620174
  4141       1.82049966       1.82800023       0.01012406
  4142       1.82422070       1.82551953       0.00702319
  4143       1.82794174       1.82303884       0.00392232
  4144       1.83166278       1.82055814       0.00082145
  4145       1.83538383       1.81807745      -0.00227941
  4146       1.82344140       1.82603907       0.01404638
  4147       1.82716244       1.82355837       0.01094551
  4148       1.83088348       1.82107768       0.00784465
  4149       1.83460453       1.81859698       0.00474378
  4150       1.83832557       1.81611629       0.00164291
  4151       1.81667443       1.83888371      -0.00164291
  4152       1.82039547       1.83640302      -0.00474378
  4153       1.82411652       1.83392232      -0.00784465
  4154       1.82783756       1.83144163      -0.01094551
  4155       1.83155860       1.82896093      -0.01404638
  4156       1.81961617       1.83692255       0.00227941
  4157       1.82333722       1.83444186      -0.00082145
  4158       1.82705826       1.83196116      -0.00392232
  4159       1.83077930       1.82948047      -0.00702319
  4160       1.83450034       1.82699977      -0.01012406
  4161       1.82255792       1.83496139       0.00620174
  4162       1.82627896       1.83248070       0.00310087
  4163       1.83000000       1.83000000       0.00000000
  4164       1.83372104       1.82751931      -0.00310087
  4165       1.83744208       1.82503861      -0.00620174
  4166       1.82549966       1.83300023       0.01012406
  4167       1.82922070       1.83051953       0.00702319
  4168       1.83294174       1.82803884       0.00392232
  4169       1.83666278       1.82555814       0.00082145
  4170       1.84038383       1.82307745      -0.00227941
  4171       1.82844140       1.83103907       0.01404638
  4172       1.83216244       1.82855837       0.01094551
  4173       1.83588348       1.82607768       0.00784465
  4174       1.83960453       1.82359698       0.00474378
  4175       1.84332557       1.82111629       0.00164291
  4176       1.82167443       1.84388371      -0.00164291
  4177       1.82539547       1.84140302      -0.00474378
  4178       1.82911652       1.83892232      -0.00784465
  4179       1.83283756       1.83644163      -0.01094551
  4180       1.83655860       1.83396093      -0.01404638
  4181       1.82461617       1.84192255       0.00227941
  4182       1.82833722       1.83944186      -0.00082145
  4183       1.83205826       1.83696116      -0.00392232
  4184       1.83577930       1.83448047      -0.00702319
  4185       1.83950034       1.83199977      -0.01012406
  4186       1.82755792       1.83996139       0.00620174
  4187       1.83127896       1.83748070       0.00310087
  4188       1.83500000       1.83500000       0.00000000
  4189       1.83872104       1.83251931      -0.00310087
  4190       1.84244208       1.83003861      -0.00620174
  4191       1.83049966       1.83800023       0.01012406
  4192       1.83422070       1.83551953       0.00702319
  4193       1.83794174       1.83303884       0.00392232
  4194       1.84166278       1.83055814       0.00082145
  4195       1.84538383       1.82807745      -0.00227941
  4196       1.83344140       1.83603907       0.01404638
  4197       1.83716244       1.83355837       0.01094551
  4198       1.84088348       1.83107768       0.00784465
  4199       1.84460453       1.82859698       0.00474378
  4200       1.84832557       1.82611629       0.00164291
  4201       1.82667443       1.84888371      -0.00164291
  4202       1.83039547       1.84640302      -0.00474378
  4203       1.83411652       1.84392232      -0.00784465
  4204       1.83783756       1.84144163      -0.01094551
  4205       1.84155860       1.83896093      -0.01404638
  4206       1.82961617       1.84692255       0.00227941
  4207       1.83333722       1.84444186      -0.00082145
  4208       1.83705826       1.84196116      -0.00392232
  4209       1.84077930       1.83948047      -0.00702319
  4210       1.84450034       1.83699977      -0.01012406
  4211       1.83255792       1.84496139       0.00620174
  4212       1.83627896       1.84248070       0.00310087
  4213       1.84000000       1.84000000       0.00000000
  4214       1.84372104       1.83751931      -0.00310087
  4215       1.84744208       1.83503861      -0.00620174
  4216       1.83549966       1.84300023       0.01012406
  4217       1.83922070       1.84051953       0.00702319
  4218       1.84294174       1.83803884       0.00392232
  4219       1.84666278       1.83555814       0.00082145
  4220       1.85038383       1.83307745      -0.00227941
  4221       1.83844140       1.84103907       0.01404638
  4222       1.84216244       1.83855837       0.01094551
  4223       1.84588348       1.83607768       0.00784465
  4224       1.84960453       1.83359698       0.00474378
  4225       1.85332557       1.83111629       0.00164291
  4226       1.83167443       1.85388371      -0.00164291
  4227       1.83539547       1.85140302      -0.00474378
  4228       1.83911652       1.84892232      -0.00784465
  4229       1.84283756       1.84644163      -0.01094551
  4230       1.84655860       1.84396093      -0.01404638
  4231       1.83461617       1.85192255       0.00227941
  4232       1.83833722       1.84944186      -0.00082145
  4233       1.84205826       1.84696116      -0.00392232
  4234       1.84577930       1.84448047      -0.00702319
  4235       1.84950034       1.84199977      -0.01012406
  4236       1.83755792       1.84996139       0.00620174
  4237       1.84127896       1.84748070       0.00310087
  4238       1.84500000       1.84500000       0.00000000
  4239       1.84872104       1.84251931      -0.00310087
  4240       1.85244208       1.84003861      -0.00620174
  4241       1.84049966       1.84800023       0.01012406
  4242       1.84422070       1.84551953       0.00702319
  4243       1.84794174       1.84303884       0.00392232
  4244       1.85166278       1.84055814       0.00082145
  4245       1.85538383       1.83807745      -0.00227941
  4246       1.84344140       1.84603907       0.01404638
  4247       1.84716244       1.84355837       0.01094551
  4248       1.85088348       1.84107768       0.00784465
  4249       1.85460453       1.83859698       0.00474378
  4250       1.85832557       1.83611629       0.00164291
  4251       1.83667443       1.85888371      -0.00164291
  4252       1.84039547       1.85640302      -0.00474378
  4253       1.84411652       1.85392232      -0.00784465
  4254       1.84783756       1.85144163      -0.01094551
  4255       1.85155860       1.84896093      -0.01404638
  4256       1.83961617       1.85692255       0.00227941
  4257       1.84333722       1.85444186      -0.00082145
  4258       1.84705826       1.85196116      -0.00392232
  4259       1.85077930       1.84948047      -0.00702319
  4260       1.85450034       1.84699977      -0.01012406
  4261       1.84255792       1.85496139       0.00620174
  4262       1.84627896       1.85248070       0.00310087
  4263       1.85000000       1.85000000       0.00000000
  4264       1.85372104       1.84751931      -0.00310087
  4265       1.85744208       1.84503861      -0.00620174
  4266       1.84549966       1.85300023       0.01012406
  4267       1.84922070       1.85051953       0.00702319
  4268       1.85294174       1.84803884       0.00392232
  4269       1.85666278       1.84555814       0.00082145
  4270       1.86038383       1.84307745      -0.00227941
  4271       1.84844140       1.85103907       0.01404638
  4272       1.85216244       1.84855837       0.01094551
  4273       1.85588348       1.84607768       0.00784465
  4274       1.85960453       1.84359698       0.00474378
  4275       1.86332557       1.84111629       0.00164291
  4276       1.84167443       1.86388371      -0.00164291
  4277       1.84539547       1.86140302      -0.00474378
  4278       1.84911652       1.85892232      -0.00784465
  4279       1.85283756       1.85644163      -0.01094551
  4280       1.85655860       1.85396093      -0.01404638
  4281       1.84461617       1.86192255       0.00227941
  4282       1.84833722       1.85944186      -0.00082145
  4283       1.85205826       1.85696116      -0.00392232
  4284       1.85577930       1.85448047      -0.00702319
  4285       1.85950034       1.85199977      -0.01012406
  4286       1.84755792       1.85996139       0.00620174
  4287       1.85127896       1.85748070       0.00310087
  4288       1.85500000       1.85500000       0.00000000
  4289       1.85872104       1.85251931      -0.00310087
  4290       1.86244208       1.85003861      -0.00620174
  4291       1.85049966       1.85800023       0.01012406
  4292       1.85422070       1.85551953       0.00702319
  4293       1.85794174       1.85303884       0.00392232
  4294       1.86166278       1.85055814       0.00082145
  4295       1.86538383       1.84807745      -0.00227941
  4296       1.85344140       1.85603907       0.01404638
  4297       1.85716244       1.85355837       0.01094551
  4298       1.86088348       1.85107768       0.00784465
  4299       1.86460453       1.84859698       0.00474378
  4300       1.86832557       1.84611629       0.00164291
  4301       1.84667443       1.86888371      -0.00164291
  4302       1.85039547       1.86640302      -0.00474378
  4303       1.85411652       1.86392232      -0.00784465
  4304       1.85783756       1.86144163      -0.01094551
  4305       1.86155860       1.85896093      -0.01404638
  4306       1.84961617       1.86692255       0.00227941
  4307       1.85333722       1.86444186      -0.00082145
  4308       1.85705826       1.86196116      -0.00392232
  4309       1.86077930       1.85948047      -0.00702319
  4310       1.86450034       1.85699977      -0.01012406
  4311       1.85255792       1.86496139       0.00620174
  4312       1.85627896       1.86248070       0.00310087
  4313       1.86000000       1.86000000       0.00000000
  4314       1.86372104       1.85751931      -0.00310087
  4315       1.86744208       1.85503861      -0.00620174
  4316       1.85549966       1.86300023       0.01012406
  4317       1.85922070       1.86051953       0.00702319
  4318       1.86294174       1.85803884       0.00392232
  4319       1.86666278       1.85555814       0.00082145
  4320       1.87038383       1.85307745      -0.00227941
  4321       1.85844140       1.86103907       0.01404638
  4322       1.86216244       1.85855837       0.01094551
  4323       1.86588348       1.85607768       0.00784465
  4324       1.86960453       1.85359698       0.00474378
  4325       1.87332557       1.85111629       0.00164291
  4326       1.85167443       1.87388371      -0.00164291
  4327       1.85539547       1.87140302      -0.00474378
  4328       1.85911652       1.86892232      -0.00784465
  4329       1.86283756       1.86644163      -0.01094551
  4330       1.86655860       1.86396093      -0.01404638
  4331       1.85461617       1.87192255       0.00227941
  4332       1.85833722       1.86944186      -0.00082145
  4333       1.86205826       1.86696116      -0.00392232
  4334       1.86577930       1.86448047      -0.00702319
  4335       1.86950034       1.86199977      -0.01012406
  4336       1.85755792       1.86996139       0.00620174
  4337       1.86127896       1.86748070       0.00310087
  4338       1.86500000       1.86500000       0.00000000
  4339       1.86872104       1.86251931      -0.00310087
  4340       1.87244208       1.86003861      -0.00620174
  4341       1.86049966       1.86800023       0.01012406
  4342       1.86422070       1.86551953       0.00702319
  4343       1.86794174       1.86303884       0.00392232
  4344       1.87166278       1.86055814       0.00082145
  4345       1.87538383       1.85807745      -0.00227941
  4346       1.86344140       1.86603907       0.01404638
  4347       1.86716244       1.86355837       0.01094551
  4348       1.87088348       1.86107768       0.00784465
  4349       1.87460453       1.85859698       0.00474378
  4350       1.87832557       1.85611629       0.00164291
  4351       1.85667443       1.87888371      -0.00164291
  4352       1.86039547       1.87640302      -0.00474378
  4353       1.86411652       1.87392232      -0.00784465
  4354       1.86783756       1.87144163      -0.01094551
  4355       1.87155860       1.86896093      -0.01404638
  4356       1.85961617       1.87692255       0.00227941
  4357       1.86333722       1.87444186      -0.00082145
  4358       1.86705826       1.87196116      -0.00392232
  4359       1.87077930       1.86948047      -0.00702319
  4360       1.87450034       1.86699977      -0.01012406
  4361       1.86255792       1.87496139       0.00620174
  4362       1.86627896       1.87248070       0.00310087
  4363       1.87000000       1.87000000       0.00000000
  4364       1.87372104       1.86751931      -0.00310087
  4365       1.87744208       1.86503861      -0.00620174
  4366       1.86549966       1.87300023       0.01012406
  4367       1.86922070       1.87051953       0.00702319
  4368       1.87294174       1.86803884       0.00392232
  4369       1.87666278       1.86555814       0.00082145
  4370       1.88038383       1.86307745      -0.00227941
  4371       1.86844140       1.87103907       0.01404638
  4372       1.87216244       1.86855837       0.01094551
  4373       1.87588348       1.86607768       0.00784465
  4374       1.87960453       1.86359698       0.00474378
  4375       1.88332557       1.86111629       0.00164291
  4376       1.86167443       1.88388371      -0.00164291
  4377       1.86539547       1.88140302      -0.00474378
  4378       1.86911652       1.87892232      -0.00784465
  4379       1.87283756       1.87644163      -0.01094551
  4380       1.87655860       1.87396093      -0.01404638
  4381       1.86461617       1.88192255       0.00227941
  4382       1.86833722       1.87944186      -0.00082145
  4383       1.87205826       1.87696116      -0.00392232
  4384       1.87577930       1.87448047      -0.00702319
  4385       1.87950034       1.87199977      -0.01012406
  4386       1.86755792       1.87996139       0.00620174
  4387       1.87127896       1.87748070       0.00310087
  4388       1.87500000       1.87500000       0.00000000
  4389       1.87872104       1.87251931      -0.00310087
  4390       1.88244208       1.87003861      -0.00620174
  4391       1.87049966       1.87800023       0.01012406
  4392       1.87422070       1.87551953       0.00702319
  4393       1.87794174       1.87303884       0.00392232
  4394       1.88166278       1.87055814       0.00082145
  4395       1.88538383       1.86807745      -0.00227941
  4396       1.87344140       1.87603907       0.01404638
  4397       1.87716244       1.87355837       0.01094551
  4398       1.88088348       1.87107768       0.00784465
  4399       1.88460453       1.86859698       0.00474378
  4400       1.88832557       1.86611629       0.00164291
  4401       1.86667443       1.88888371      -0.00164291
  4402       1.87039547       1.88640302      -0.00474378
  4403       1.87411652       1.88392232      -0.00784465
  4404       1.87783756       1.88144163      -0.01094551
  4405       1.88155860       1.87896093      -0.01404638
  4406       1.86961617       1.88692255       0.00227941
  4407       1.87333722       1.88444186      -0.00082145
  4408       1.87705826       1.88196116      -0.00392232
  4409       1.88077930       1.87948047      -0.00702319
  4410       1.88450034       1.87699977      -0.01012406
  4411       1.87255792       1.88496139       0.00620174
  4412       1.87627896       1.88248070       0.00310087
  4413       1.88000000       1.88000000       0.00000000
  4414       1.88372104       1.87751931      -0.00310087
  4415       1.88744208       1.87503861      -0.00620174
  4416       1.87549966       1.88300023       0.01012406
  4417       1.87922070       1.88051953       0.00702319
  4418       1.88294174       1.87803884       0.00392232
  4419       1.88666278       1.87555814       0.00082145
  4420       1.89038383       1.87307745      -0.00227941
  4421       1.87844140       1.88103907       0.01404638
  4422       1.88216244       1.87855837       0.01094551
  4423       1.88588348       1.87607768       0.00784465
  4424       1.88960453       1.87359698       0.00474378
  4425       1.89332557       1.87111629       0.00164291
  4426       1.87167443       1.89388371      -0.00164291
  4427       1.87539547       1.89140302      -0.00474378
  4428       1.87911652       1.88892232      -0.00784465
  4429       1.88283756       1.88644163      -0.01094551
  4430       1.88655860       1.88396093      -0.01404638
  4431       1.87461617       1.89192255       0.00227941
  4432       1.87833722       1.88944186      -0.00082145
  4433       1.88205826       1.88696116      -0.00392232
  4434       1.88577930       1.88448047      -0.00702319
  4435       1.88950034       1.88199977      -0.01012406
  4436       1.87755792       1.88996139       0.00620174
  4437       1.88127896       1.88748070       0.00310087
  4438       1.88500000       1.88500000       0.00000000
  4439       1.88872104       1.88251931      -0.00310087
  4440       1.89244208       1.88003861      -0.00620174
  4441       1.88049966       1.88800023       0.01012406
  4442       1.88422070       1.88551953       0.00702319
  4443       1.88794174       1.88303884       0.00392232
  4444       1.89166278       1.88055814       0.00082145
  4445       1.89538383       1.87807745      -0.00227941
  4446       1.88344140       1.88603907       0.01404638
  4447       1.88716244       1.88355837       0.01094551
  4448       1.89088348       1.88107768       0.00784465
  4449       1.89460453       1.87859698       0.00474378
  4450       1.89832557       1.87611629       0.00164291
  4451       1.87667443       1.89888371      -0.00164291
  4452       1.88039547       1.89640302      -0.00474378
  4453       1.88411652       1.89392232      -0.00784465
  4454       1.88783756       1.89144163      -0.01094551
  4455       1.89155860       1.88896093      -0.01404638
  4456       1.87961617       1.89692255       0.00227941
  4457       1.88333722       1.89444186      -0.00082145
  4458       1.88705826       1.89196116      -0.00392232
  4459       1.89077930       1.88948047      -0.00702319
  4460       1.89450034       1.88699977      -0.01012406
  4461       1.88255792       1.89496139       0.00620174
  4462       1.88627896       1.89248070       0.00310087
  4463       1.89000000       1.89000000       0.00000000
  4464       1.89372104       1.88751931      -0.00310087
  4465       1.89744208       1.88503861      -0.00620174
  4466       1.88549966       1.89300023       0.01012406
  4467       1.88922070       1.89051953       0.00702319
  4468       1.89294174       1.88803884       0.00392232
  4469       1.89666278       1.88555814       0.00082145
  4470       1.90038383       1.88307745      -0.00227941
  4471       1.88844140       1.89103907       0.01404638
  4472       1.89216244       1.88855837       0.01094551
  4473       1.89588348       1.88607768       0.00784465
  4474       1.89960453       1.88359698       0.00474378
  4475       1.90332557       1.88111629       0.00164291
  4476       1.88167443       1.90388371      -0.00164291
  4477       1.88539547       1.90140302      -0.00474378
  4478       1.88911652       1.89892232      -0.00784465
  4479       1.89283756       1.89644163      -0.01094551
  4480       1.89655860       1.89396093      -0.01404638
  4481       1.88461617       1.90192255       0.00227941
  4482       1.88833722       1.89944186      -0.00082145
  4483       1.89205826       1.89696116      -0.00392232
  4484       1.89577930       1.89448047      -0.00702319
  4485       1.89950034       1.89199977      -0.01012406
  4486       1.88755792       1.89996139       0.00620174
  4487       1.89127896       1.89748070       0.00310087
  4488       1.89500000       1.89500000       0.00000000
  4489       1.89872104       1.89251931      -0.00310087
  4490       1.90244208       1.89003861      -0.00620174
  4491       1.89049966       1.89800023       0.01012406
  4492       1.89422070       1.89551953       0.00702319
  4493       1.89794174       1.89303884       0.00392232
  4494       1.90166278       1.89055814       0.00082145
  4495       1.90538383       1.88807745      -0.00227941
  4496       1.89344140       1.89603907       0.01404638
  4497       1.89716244       1.89355837       0.01094551
  4498       1.90088348       1.89107768       0.00784465
  4499       1.90460453       1.88859698       0.00474378
  4500       1.90832557       1.88611629       0.00164291
  4501       1.88667443       1.90888371      -0.00164291
  4502       1.89039547       1.90640302      -0.00474378
  4503       1.89411652       1.90392232      -0.00784465
  4504       1.89783756       1.90144163      -0.01094551
  4505       1.90155860       1.89896093      -0.01404638
  4506       1.88961617       1.90692255       0.00227941
  4507       1.89333722       1.90444186      -0.00082145
  4508       1.89705826       1.90196116      -0.00392232
  4509       1.90077930       1.89948047      -0.00702319
  4510       1.90450034       1.89699977      -0.01012406
  4511       1.89255792       1.90496139       0.00620174
  4512       1.89627896       1.90248070       0.00310087
  4513       1.90000000       1.90000000       0.00000000
  4514       1.90372104       1.89751931      -0.00310087
  4515       1.90744208       1.89503861      -0.00620174
  4516       1.89549966       1.90300023       0.01012406
  4517       1.89922070       1.90051953       0.00702319
  4518       1.90294174       1.89803884       0.00392232
  4519       1.90666278       1.89555814       0.00082145
  4520       1.91038383       1.89307745      -0.00227941
  4521       1.89844140       1.90103907       0.01404638
  4522       1.90216244       1.89855837       0.01094551
  4523       1.90588348       1.89607768       0.00784465
  4524       1.90960453       1.89359698       0.00474378
  4525       1.91332557       1.89111629       0.00164291
  4526       1.89167443       1.91388371      -0.00164291
  4527       1.89539547       1.91140302      -0.00474378
  4528       1.89911652       1.90892232      -0.00784465
  4529       1.90283756       1.90644163      -0.01094551
  4530       1.90655860       1.90396093      -0.01404638
  4531       1.89461617       1.91192255       0.00227941
  4532       1.89833722       1.90944186      -0.00082145
  4533       1.90205826       1.90696116      -0.00392232
  4534       1.90577930       1.90448047      -0.00702319
  4535       1.90950034       1.90199977      -0.01012406
  4536       1.89755792       1.90996139       0.00620174
  4537       1.90127896       1.90748070       0.00310087
  4538       1.90500000       1.90500000       0.00000000
  4539       1.90872104       1.90251931      -0.00310087
  4540       1.91244208       1.90003861      -0.00620174
  4541       1.90049966       1.90800023       0.01012406
  4542       1.90422070       1.90551953       0.00702319
  4543       1.90794174       1.90303884       0.00392232
  4544       1.91166278       1.90055814       0.00082145
  4545       1.91538383       1.89807745      -0.00227941
  4546       1.90344140       1.90603907       0.01404638
  4547       1.90716244       1.90355837       0.01094551
  4548       1.91088348       1.90107768       0.00784465
  4549       1.91460453       1.89859698       0.00474378
  4550       1.91832557       1.89611629       0.00164291
  4551       1.89667443       1.91888371      -0.00164291
  4552       1.90039547       1.91640302      -0.00474378
  4553       1.90411652       1.91392232      -0.00784465
  4554       1.90783756       1.91144163      -0.01094551
  4555       1.91155860       1.90896093      -0.01404638
  4556       1.89961617       1.91692255       0.00227941
  4557       1.90333722       1.91444186      -0.00082145
  4558       1.90705826       1.91196116      -0.00392232
  4559       1.91077930       1.90948047      -0.00702319
  4560       1.91450034       1.90699977      -0.01012406
  4561       1.90255792       1.91496139       0.00620174
  4562       1.90627896       1.91248070       0.00310087
  4563       1.91000000       1.91000000       0.00000000
  4564       1.91372104       1.90751931      -0.00310087
  4565       1.91744208       1.90503861      -0.00620174
  4566       1.90549966       1.91300023       0.01012406
  4567       1.90922070       1.91051953       0.00702319
  4568       1.91294174       1.90803884       0.00392232
  4569       1.91666278       1.90555814       0.00082145
  4570       1.92038383       1.90307745      -0.00227941
  4571       1.90844140       1.91103907       0.01404638
  4572       1.91216244       1.90855837       0.01094551
  4573       1.91588348       1.90607768       0.00784465
  4574       1.91960453       1.90359698       0.00474378
  4575       1.92332557       1.90111629       0.00164291
  4576       1.90167443       1.92388371      -0.00164291
  4577       1.90539547       1.92140302      -0.00474378
  4578       1.90911652       1.91892232      -0.00784465
  4579       1.91283756       1.91644163      -0.01094551
  4580       1.91655860       1.91396093      -0.01404638
  4581       1.90461617       1.92192255       0.00227941
  4582       1.90833722       1.91944186      -0.00082145
  4583       1.91205826       1.91696116      -0.00392232
  4584       1.91577930       1.91448047      -0.00702319
  4585       1.91950034       1.91199977      -0.01012406
  4586       1.90755792       1.91996139       0.00620174
  4587       1.91127896       1.91748070       0.00310087
  4588       1.91500000       1.91500000       0.00000000
  4589       1.91872104       1.91251931      -0.00310087
  4590       1.92244208       1.91003861      -0.00620174
  4591       1.91049966       1.91800023       0.01012406
  4592       1.91422070       1.91551953       0.00702319
  4593       1.91794174       1.91303884       0.00392232
  4594       1.92166278       1.91055814       0.00082145
  4595       1.92538383       1.90807745      -0.00227941
  4596       1.91344140       1.91603907       0.01404638
  4597       1.91716244       1.91355837       0.01094551
  4598       1.92088348       1.91107768       0.00784465
  4599       1.92460453       1.90859698       0.00474378
  4600       1.92832557       1.90611629       0.00164291
  4601       1.90667443       1.92888371      -0.00164291
  4602       1.91039547       1.92640302      -0.00474378
  4603       1.91411652       1.92392232      -0.00784465
  4604       1.91783756       1.92144163      -0.01094551
  4605       1.92155860       1.91896093      -0.01404638
  4606       1.90961617       1.92692255       0.00227941
  4607       1.91333722       1.92444186      -0.00082145
  4608       1.91705826       1.92196116      -0.00392232
  4609       1.92077930       1.91948047      -0.00702319
  4610       1.92450034       1.91699977      -0.01012406
  4611       1.91255792       1.92496139       0.00620174
  4612       1.91627896       1.92248070       0.00310087
  4613       1.92000000       1.92000000       0.00000000
  4614       1.92372104       1.91751931      -0.00310087
  4615       1.92744208       1.91503861      -0.00620174
  4616       1.91549966       1.92300023       0.01012406
  4617       1.91922070       1.92051953       0.00702319
  4618       1.92294174       1.91803884       0.00392232
  4619       1.92666278       1.91555814       0.00082145
  4620       1.93038383       1.91307745      -0.00227941
  4621       1.91844140       1.92103907       0.01404638
  4622       1.92216244       1.91855837       0.01094551
  4623       1.92588348       1.91607768       0.00784465
  4624       1.92960453       1.91359698       0.00474378
  4625       1.93332557       1.91111629       0.00164291
  4626       1.91167443       1.93388371      -0.00164291
  4627       1.91539547       1.93140302      -0.00474378
  4628       1.91911652       1.92892232      -0.00784465
  4629       1.92283756       1.92644163      -0.01094551
  4630       1.92655860       1.92396093      -0.01404638
  4631       1.91461617       1.93192255       0.00227941
  4632       1.91833722       1.92944186      -0.00082145
  4633       1.92205826       1.92696116      -0.00392232
  4634       1.92577930       1.92448047      -0.00702319
  4635       1.92950034       1.92199977      -0.01012406
  4636       1.91755792       1.92996139       0.00620174
  4637       1.92127896       1.92748070       0.00310087
  4638       1.92500000       1.92500000       0.00000000
  4639       1.92872104       1.92251931      -0.00310087
  4640       1.93244208       1.92003861      -0.00620174
  4641       1.92049966       1.92800023       0.01012406
  4642       1.92422070       1.92551953       0.00702319
  4643       1.92794174       1.92303884       0.00392232
  4644       1.93166278       1.92055814       0.00082145
  4645       1.93538383       1.91807745      -0.00227941
  4646       1.92344140       1.92603907       0.01404638
  4647       1.92716244       1.92355837       0.01094551
  4648       1.93088348       1.92107768       0.00784465
  4649       1.93460453       1.91859698       0.00474378
  4650       1.93832557       1.91611629       0.00164291
  4651       1.91667443       1.93888371      -0.00164291
  4652       1.92039547       1.93640302      -0.00474378
  4653       1.92411652       1.93392232      -0.00784465
  4654       1.92783756       1.93144163      -0.01094551
  4655       1.93155860       1.92896093      -0.01404638
  4656       1.91961617       1.93692255       0.00227941
  4657       1.92333722       1.93444186      -0.00082145
  4658       1.92705826       1.93196116      -0.00392232
  4659       1.93077930       1.92948047      -0.00702319
  4660       1.93450034       1.92699977      -0.01012406
  4661       1.92255792       1.93496139       0.00620174
  4662       1.92627896       1.93248070       0.00310087
  4663       1.93000000       1.93000000       0.00000000
  4664       1.93372104       1.92751931      -0.00310087
  4665       1.93744208       1.92503861      -0.00620174
  4666       1.92549966       1.93300023       0.01012406
  4667       1.92922070       1.93051953       0.00702319
  4668       1.93294174       1.92803884       0.00392232
  4669       1.93666278       1.92555814       0.00082145
  4670       1.94038383       1.92307745      -0.00227941
  4671       1.92844140       1.93103907       0.01404638
  4672       1.93216244       1.92855837       0.01094551
  4673       1.93588348       1.92607768       0.00784465
  4674       1.93960453       1.92359698       0.00474378
  4675       1.94332557       1.92111629       0.00164291
  4676       1.92167443       1.94388371      -0.00164291
  4677       1.92539547       1.94140302      -0.00474378
  4678       1.92911652       1.93892232      -0.00784465
  4679       1.93283756       1.93644163      -0.01094551
  4680       1.93655860       1.93396093      -0.01404638
  4681       1.92461617       1.94192255       0.00227941
  4682       1.92833722       1.93944186      -0.00082145
  4683       1.93205826       1.93696116      -0.00392232
  4684       1.93577930       1.93448047      -0.00702319
  4685       1.93950034       1.93199977      -0.01012406
  4686       1.92755792       1.93996139       0.00620174
  4687       1.93127896       1.93748070       0.00310087
  4688       1.93500000       1.93500000       0.00000000
  4689       1.93872104       1.93251931      -0.00310087
  4690       1.94244208       1.93003861      -0.00620174
  4691       1.93049966       1.93800023       0.01012406
  4692       1.93422070       1.93551953       0.00702319
  4693       1.93794174       1.93303884       0.00392232
  4694       1.94166278       1.93055814       0.00082145
  4695       1.94538383       1.92807745      -0.00227941
  4696       1.93344140       1.93603907       0.01404638
  4697       1.93716244       1.93355837       0.01094551
  4698       1.94088348       1.93107768       0.00784465
  4699       1.94460453       1.92859698       0.00474378
  4700       1.94832557       1.92611629       0.00164291
  4701       1.92667443       1.94888371      -0.00164291
  4702       1.93039547       1.94640302      -0.00474378
  4703       1.93411652       1.94392232      -0.00784465
  4704       1.93783756       1.94144163      -0.01094551
  4705       1.94155860       1.93896093      -0.01404638
  4706       1.92961617       1.94692255       0.00227941
  4707       1.93333722       1.94444186      -0.00082145
  4708       1.93705826       1.94196116      -0.00392232
  4709       1.94077930       1.93948047      -0.00702319
  4710       1.94450034       1.93699977      -0.01012406
  4711       1.93255792       1.94496139       0.00620174
  4712       1.93627896       1.94248070       0.00310087
  4713       1.94000000       1.94000000       0.00000000
  4714       1.94372104       1.93751931      -0.00310087
  4715       1.94744208       1.93503861      -0.00620174
  4716       1.93549966       1.94300023       0.01012406
  4717       1.93922070       1.94051953       0.00702319
  4718       1.94294174       1.93803884       0.00392232
  4719       1.94666278       1.93555814       0.00082145
  4720       1.95038383       1.93307745      -0.00227941
  4721       1.93844140       1.94103907       0.01404638
  4722       1.94216244       1.93855837       0.01094551
  4723       1.94588348       1.93607768       0.00784465
  4724       1.94960453       1.93359698       0.00474378
  4725       1.95332557       1.93111629       0.00164291
  4726       1.93167443       1.95388371      -0.00164291
  4727       1.93539547       1.95140302      -0.00474378
  4728       1.93911652       1.94892232      -0.00784465
  4729       1.94283756       1.94644163      -0.01094551
  4730       1.94655860       1.94396093      -0.01404638
  4731       1.93461617       1.95192255       0.00227941
  4732       1.93833722       1.94944186      -0.00082145
  4733       1.94205826       1.94696116      -0.00392232
  4734       1.94577930       1.94448047      -0.00702319
  4735       1.94950034       1.94199977      -0.01012406
  4736       1.93755792       1.94996139       0.00620174
  4737       1.94127896       1.94748070       0.00310087
  4738       1.94500000       1.94500000       0.00000000
  4739       1.94872104       1.94251931      -0.00310087
  4740       1.95244208       1.94003861      -0.00620174
  4741       1.94049966       1.94800023       0.01012406
  4742       1.94422070       1.94551953       0.00702319
  4743       1.94794174       1.94303884       0.00392232
  4744       1.95166278       1.94055814       0.00082145
  4745       1.95538383       1.93807745      -0.00227941
  4746       1.94344140       1.94603907       0.01404638
  4747       1.94716244       1.94355837       0.01094551
  4748       1.95088348       1.94107768       0.00784465
  4749       1.95460453       1.93859698       0.00474378
  4750       1.95832557       1.93611629       0.00164291
  4751       1.93667443       1.95888371      -0.00164291
  4752       1.94039547       1.95640302      -0.00474378
  4753       1.94411652       1.95392232      -0.00784465
  4754       1.94783756       1.95144163      -0.01094551
  4755       1.95155860       1.94896093      -0.01404638
  4756       1.93961617       1.95692255       0.00227941
  4757       1.94333722       1.95444186      -0.00082145
  4758       1.94705826       1.95196116      -0.00392232
  4759       1.95077930       1.94948047      -0.00702319
  4760       1.95450034       1.94699977      -0.01012406
  4761       1.94255792       1.95496139       0.00620174
  4762       1.94627896       1.95248070       0.00310087
  4763       1.95000000       1.95000000       0.00000000
  4764       1.95372104       1.94751931      -0.00310087
  4765       1.95744208       1.94503861      -0.00620174
  4766       1.94549966       1.95300023       0.01012406
  4767       1.94922070       1.95051953       0.00702319
  4768       1.95294174       1.94803884       0.00392232
  4769       1.95666278       1.94555814       0.00082145
  4770       1.96038383       1.94307745      -0.00227941
  4771       1.94844140       1.95103907       0.01404638
  4772       1.95216244       1.94855837       0.01094551
  4773       1.95588348       1.94607768       0.00784465
  4774       1.95960453       1.94359698       0.00474378
  4775       1.96332557       1.94111629       0.00164291
  4776       1.94167443       1.96388371      -0.00164291
  4777       1.94539547       1.96140302      -0.00474378
  4778       1.94911652       1.95892232      -0.00784465
  4779       1.95283756       1.95644163      -0.01094551
  4780       1.95655860       1.95396093      -0.01404638
  4781       1.94461617       1.96192255       0.00227941
  4782       1.94833722       1.95944186      -0.00082145
  4783       1.95205826       1.95696116      -0.00392232
  4784       1.95577930       1.95448047      -0.00702319
  4785       1.95950034       1.95199977      -0.01012406
  4786       1.94755792       1.95996139       0.00620174
  4787       1.95127896       1.95748070       0.00310087
  4788       1.95500000       1.95500000       0.00000000
  4789       1.95872104       1.95251931      -0.00310087
  4790       1.96244208       1.95003861      -0.00620174
  4791       1.95049966       1.95800023       0.01012406
  4792       1.95422070       1.95551953       0.00702319
  4793       1.95794174       1.95303884       0.00392232
  4794       1.96166278       1.95055814       0.00082145
  4795       1.96538383       1.94807745      -0.00227941
  4796       1.95344140       1.95603907       0.01404638
  4797       1.95716244       1.95355837       0.01094551
  4798       1.96088348       1.95107768       0.00784465
  4799       1.96460453       1.94859698       0.00474378
  4800       1.96832557       1.94611629       0.00164291
  4801       1.94667443       1.96888371      -0.00164291
  4802       1.95039547       1.96640302      -0.00474378
  4803       1.95411652       1.96392232      -0.00784465
  4804       1.95783756       1.96144163      -0.01094551
  4805       1.96155860       1.95896093      -0.01404638
  4806       1.94961617       1.96692255       0.00227941
  4807       1.95333722       1.96444186      -0.00082145
  4808       1.95705826       1.96196116      -0.00392232
  4809       1.96077930       1.95948047      -0.00702319
  4810       1.96450034       1.95699977      -0.01012406
  4811       1.95255792       1.96496139       0.00620174
  4812       1.95627896       1.96248070       0.00310087
  4813       1.96000000       1.96000000       0.00000000
  4814       1.96372104       1.95751931      -0.00310087
  4815       1.96744208       1.95503861      -0.00620174
  4816       1.95549966       1.96300023       0.01012406
  4817       1.95922070       1.96051953       0.00702319
  4818       1.96294174       1.95803884       0.00392232
  4819       1.96666278       1.95555814       0.00082145
  4820       1.97038383       1.95307745      -0.00227941
  4821       1.95844140       1.96103907       0.01404638
  4822       1.96216244       1.95855837       0.01094551
  4823       1.96588348       1.95607768       0.00784465
  4824       1.96960453       1.95359698       0.00474378
  4825       1.97332557       1.95111629       0.00164291
  4826       1.95167443       1.97388371      -0.00164291
  4827       1.95539547       1.97140302      -0.00474378
  4828       1.95911652       1.96892232      -0.00784465
  4829       1.96283756       1.96644163      -0.01094551
  4830       1.96655860       1.96396093      -0.01404638
  4831       1.95461617       1.97192255       0.00227941
  4832       1.95833722       1.96944186      -0.00082145
  4833       1.96205826       1.96696116      -0.00392232
  4834       1.96577930       1.96448047      -0.00702319
  4835       1.96950034       1.96199977      -0.01012406
  4836       1.95755792       1.96996139       0.00620174
  4837       1.96127896       1.96748070       0.00310087
  4838       1.96500000       1.96500000       0.00000000
  4839       1.96872104       1.96251931      -0.00310087
  4840       1.97244208       1.96003861      -0.00620174
  4841       1.96049966       1.96800023       0.01012406
  4842       1.96422070       1.96551953       0.00702319
  4843       1.96794174       1.96303884       0.00392232
  4844       1.97166278       1.96055814       0.00082145
  4845       1.97538383       1.95807745      -0.00227941
  4846       1.96344140       1.96603907       0.01404638
  4847       1.96716244       1.96355837       0.01094551
  4848       1.97088348       1.96107768       0.00784465
  4849       1.97460453       1.95859698       0.00474378
  4850       1.97832557       1.95611629       0.00164291
  4851       1.95667443       1.97888371      -0.00164291
  4852       1.96039547       1.97640302      -0.00474378
  4853       1.96411652       1.97392232      -0.00784465
  4854       1.96783756       1.97144163      -0.01094551
  4855       1.97155860       1.96896093      -0.01404638
  4856       1.95961617       1.97692255       0.00227941
  4857       1.96333722       1.97444186      -0.00082145
  4858       1.96705826       1.97196116      -0.00392232
  4859       1.97077930       1.96948047      -0.00702319
  4860       1.97450034       1.96699977      -0.01012406
  4861       1.96255792       1.97496139       0.00620174
  4862       1.96627896       1.97248070       0.00310087
  4863       1.97000000       1.97000000       0.00000000
  4864       1.97372104       1.96751931      -0.00310087
  4865       1.97744208       1.96503861      -0.00620174
  4866       1.96549966       1.97300023       0.01012406
  4867       1.96922070       1.97051953       0.00702319
  4868       1.97294174       1.96803884       0.00392232
  4869       1.97666278       1.96555814       0.00082145
  4870       1.98038383       1.96307745      -0.00227941
  4871       1.96844140       1.97103907       0.01404638
  4872       1.97216244       1.96855837       0.01094551
  4873       1.97588348       1.96607768       0.00784465
  4874       1.97960453       1.96359698       0.00474378
  4875       1.98332557       1.96111629       0.00164291
  4876       1.96167443       1.98388371      -0.00164291
  4877       1.96539547       1.98140302      -0.00474378
  4878       1.96911652       1.97892232      -0.00784465
  4879       1.97283756       1.97644163      -0.01094551
  4880       1.97655860       1.97396093      -0.01404638
  4881       1.96461617       1.98192255       0.00227941
  4882       1.96833722       1.97944186      -0.00082145
  4883       1.97205826       1.97696116      -0.00392232
  4884       1.97577930       1.97448047      -0.00702319
  4885       1.97950034       1.97199977      -0.01012406
  4886       1.96755792       1.97996139       0.00620174
  4887       1.97127896       1.97748070       0.00310087
  4888       1.97500000       1.97500000       0.00000000
  4889       1.97872104       1.97251931      -0.00310087
  4890       1.98244208       1.97003861      -0.00620174
  4891       1.97049966       1.97800023       0.01012406
  4892       1.97422070       1.97551953       0.00702319
  4893       1.97794174       1.97303884       0.00392232
  4894       1.98166278       1.97055814       0.00082145
  4895       1.98538383       1.96807745      -0.00227941
  4896       1.97344140       1.97603907       0.01404638
  4897       1.97716244       1.97355837       0.01094551
  4898       1.98088348       1.97107768       0.00784465
  4899       1.98460453       1.96859698       0.00474378
  4900       1.98832557       1.96611629       0.00164291
  4901       1.96667443       1.98888371      -0.00164291
  4902       1.97039547       1.98640302      -0.00474378
  4903       1.97411652       1.98392232      -0.00784465
  4904       1.97783756       1.98144163      -0.01094551
  4905       1.98155860       1.97896093      -0.01404638
  4906       1.96961617       1.98692255       0.00227941
  4907       1.97333722       1.98444186      -0.00082145
  4908       1.97705826       1.98196116      -0.00392232
  4909       1.98077930       1.97948047      -0.00702319
  4910       1.98450034       1.97699977      -0.01012406
  4911       1.97255792       1.98496139       0.00620174
  4912       1.97627896       1.98248070       0.00310087
  4913       1.98000000       1.98000000       0.00000000
  4914       1.98372104       1.97751931      -0.00310087
  4915       1.98744208       1.97503861      -0.00620174
  4916       1.97549966       1.98300023       0.01012406
  4917       1.97922070       1.98051953       0.00702319
  4918       1.98294174       1.97803884       0.00392232
  4919       1.98666278       1.97555814       0.00082145
  4920       1.99038383       1.97307745      -0.00227941
  4921       1.97844140       1.98103907       0.01404638
  4922       1.98216244       1.97855837       0.01094551
  4923       1.98588348       1.97607768       0.00784465
  4924       1.98960453       1.97359698       0.00474378
  4925       1.99332557       1.97111629       0.00164291
  4926       1.97167443       1.99388371      -0.00164291
  4927       1.97539547       1.99140302      -0.00474378
  4928       1.97911652       1.98892232      -0.00784465
  4929       1.98283756       1.98644163      -0.01094551
  4930       1.98655860       1.98396093      -0.01404638
  4931       1.97461617       1.99192255       0.00227941
  4932       1.97833722       1.98944186      -0.00082145
  4933       1.98205826       1.98696116      -0.00392232
  4934       1.98577930       1.98448047      -0.00702319
  4935       1.98950034       1.98199977      -0.01012406
  4936       1.97755792       1.98996139       0.00620174
  4937       1.98127896       1.98748070       0.00310087
  4938       1.98500000       1.98500000       0.00000000
  4939       1.98872104       1.98251931      -0.00310087
  4940       1.99244208       1.98003861      -0.00620174
  4941       1.98049966       1.98800023       0.01012406
  4942       1.98422070       1.98551953       0.00702319
  4943       1.98794174       1.98303884       0.00392232
  4944       1.99166278       1.98055814       0.00082145
  4945       1.99538383       1.97807745      -0.00227941
  4946       1.98344140       1.98603907       0.01404638
  4947       1.98716244       1.98355837       0.01094551
  4948       1.99088348       1.98107768       0.00784465
  4949       1.99460453       1.97859698       0.00474378
  4950       1.99832557       1.97611629       0.00164291
  4951       1.97667443       1.99888371      -0.00164291
  4952       1.98039547       1.99640302      -0.00474378
  4953       1.98411652       1.99392232      -0.00784465
  4954       1.98783756       1.99144163      -0.01094551
  4955       1.99155860       1.98896093      -0.01404638
  4956       1.97961617       1.99692255       0.00227941
  4957       1.98333722       1.99444186      -0.00082145
  4958       1.98705826       1.99196116      -0.00392232
  4959       1.99077930       1.98948047      -0.00702319
  4960       1.99450034       1.98699977      -0.01012406
  4961       1.98255792       1.99496139       0.00620174
  4962       1.98627896       1.99248070       0.00310087
  4963       1.99000000       1.99000000       0.00000000
  4964       1.99372104       1.98751931      -0.00310087
  4965       1.99744208       1.98503861      -0.00620174
  4966       1.98549966       1.99300023       0.01012406
  4967       1.98922070       1.99051953       0.00702319
  4968       1.99294174       1.98803884       0.00392232
  4969       1.99666278       1.98555814       0.00082145
  4970       2.00038383       1.98307745      -0.00227941
  4971       1.98844140       1.99103907       0.01404638
  4972       1.99216244       1.98855837       0.01094551
  4973       1.99588348       1.98607768       0.00784465
  4974       1.99960453       1.98359698       0.00474378
  4975       2.00332557       1.98111629       0.00164291
  4976       1.98167443       2.00388371      -0.00164291
  4977       1.98539547       2.00140302      -0.00474378
  4978       1.98911652       1.99892232      -0.00784465
  4979       1.99283756       1.99644163      -0.01094551
  4980       1.99655860       1.99396093      -0.01404638
  4981       1.98461617       2.00192255       0.00227941
  4982       1.98833722       1.99944186      -0.00082145
  4983       1.99205826       1.99696116      -0.00392232
  4984       1.99577930       1.99448047      -0.00702319
  4985       1.99950034       1.99199977      -0.01012406
  4986       1.98755792       1.99996139       0.00620174
  4987       1.99127896       1.99748070       0.00310087
  4988       1.99500000       1.99500000       0.00000000
  4989       1.99872104       1.99251931      -0.00310087
  4990       2.00244208       1.99003861      -0.00620174
  4991       1.99049966       1.99800023       0.01012406
  4992       1.99422070       1.99551953       0.00702319
  4993       1.99794174       1.99303884       0.00392232
  4994       2.00166278       1.99055814       0.00082145
  4995       2.00538383       1.98807745      -0.00227941
  4996       1.99344140       1.99603907       0.01404638
  4997       1.99716244       1.99355837       0.01094551
  4998       2.00088348       1.99107768       0.00784465
  4999       2.00460453       1.98859698       0.00474378
  5000       2.00832557       1.98611629       0.00164291
