  0.1139913082086663E+06   0.5737260558622978E+05   0.6987919729929574E+04   0.7585768590684540E+03   0.4430777829128515E+03   0.3306966866481773E+03   0.2268048932619615E+03   0.1163140973860735E+03   0.5078454016927020E+02   0.1230238695134521E+02   0.5395899272915002E+01   0.1464224797557462E+01   0.1216578245793668E+01   0.1437780032047943E+00   0.1105208512635504E-02   0.1000000275083412E-02   0.9999999747378773E-03   0.9999999747378752E-03   0.9999999747378752E-03   0.9999999747378752E-03   0.9999999747378752E-03   0.9999999747378752E-03   0.9999999747378752E-03   0.9999999747378752E-03   0.9999999747378752E-03   0.9999999747378752E-03   0.9999999747378754E-03   0.9999999747378754E-03   0.9999999747378754E-03   0.9999999747378754E-03   0.9999999747378765E-03   0.9999999747378834E-03   0.9999999747378875E-03   0.9999999759636175E-03   0.1000070992262044E-02   0.1015136998197459E-02   0.1084137667174719E-02   0.1039653902001433E-02   0.1000284405454662E-02   0.9999999833082477E-03   0.9999999747429150E-03   0.9999999747480745E-03   0.9999999747583586E-03   0.9999999747786863E-03   0.9999999748185452E-03   0.9999999748960746E-03   0.9999999750456613E-03   0.9999999753319581E-03   0.9999999758755012E-03   0.9999999768991481E-03   0.9999999788116148E-03   0.9999999823569218E-03   0.9999999888820619E-03   0.1000000000825057E-02   0.1000000022653708E-02   0.1000000062880543E-02   0.1000000139116364E-02   0.1000000292684207E-02   0.1000000634241045E-02   0.1000001487633744E-02   0.1000003829078932E-02   0.1000010556337983E-02   0.1000029919210331E-02   0.1000084128227987E-02   0.1000229293182491E-02   0.1000597779700646E-02   0.1001480084322380E-02   0.1003467159650164E-02   0.1007668598778161E-02   0.1015996627988349E-02   0.1031451515713870E-02   0.1058264461837181E-02   0.1101678807627746E-02   0.1167139065893720E-02   0.1218779632605325E-02   0.1267392063819695E-02   0.1338435491760346E-02   0.1420956326791946E-02   0.1528266234064215E-02   0.1600750764980082E-02   0.1670343691337997E-02   0.1685365958436144E-02   0.1654053919415687E-02   0.1595468624689729E-02   0.1527474658423170E-02   0.1452629235731942E-02   0.1423563905588400E-02   0.1419447886238231E-02   0.1484479471715292E-02   0.1578459028991913E-02   0.1688797572733525E-02   0.1873054899816384E-02   0.1291254316177277E-02   0.1507582693895225E-02   0.1991432672109678E-02   0.2617946986992387E-02   0.3418270940856789E-02   0.4429661907870100E-02   0.5695515202483278E-02   0.7265289827309333E-02   0.9194272599076046E-02
  0.3886421175243703E+08   0.1820115073220661E+08   0.1858803070047489E+07   0.4195456517774329E+05   0.6424768175846107E+03   0.3394965957985331E+03   0.2276876171397336E+03   0.1147496347221121E+03   0.4867754095261887E+02   0.1217139235658213E+02   0.4765584431041185E+01   0.2573245152452417E+01   0.9472681548737373E+00   0.1733999019221054E-01   0.1001659235075413E-02   0.9999999754121073E-03   0.9999999747378752E-03   0.9999999747378752E-03   0.9999999747378752E-03   0.9999999747378752E-03   0.9999999747378752E-03   0.9999999747378752E-03   0.9999999747378752E-03   0.9999999747378752E-03   0.9999999747378752E-03   0.9999999747378752E-03   0.9999999747378754E-03   0.9999999747378754E-03   0.9999999747378754E-03   0.9999999747378754E-03   0.9999999747378765E-03   0.9999999747378834E-03   0.9999999747378875E-03   0.9999999784654010E-03   0.1000166632128214E-02   0.1019126578452643E-02   0.1087431347154247E-02   0.1027303603021386E-02   0.1000071382956114E-02   0.9999999754914048E-03   0.9999999747428931E-03   0.9999999747480326E-03   0.9999999747582744E-03   0.9999999747785195E-03   0.9999999748182156E-03   0.9999999748954277E-03   0.9999999750444038E-03   0.9999999753295319E-03   0.9999999758708560E-03   0.9999999768903233E-03   0.9999999787949846E-03   0.9999999823258130E-03   0.9999999888242611E-03   0.1000000000718164E-02   0.1000000022455895E-02   0.1000000062509719E-02   0.1000000138394722E-02   0.1000000291168801E-02   0.1000000630671362E-02   0.1000001478126506E-02   0.1000003801432665E-02   0.1000010473006676E-02   0.1000029669533481E-02   0.1000083403335718E-02   0.1000227281455369E-02   0.1000592480105594E-02   0.1001466878591989E-02   0.1003436089580702E-02   0.1007599642896245E-02   0.1015852339412258E-02   0.1031166932840397E-02   0.1057735477390215E-02   0.1100752173530230E-02   0.1165609391243503E-02   0.1216399926503726E-02   0.1263903071197071E-02   0.1343614249920130E-02   0.1424676576615243E-02   0.1520555219273751E-02   0.1601822686437278E-02   0.1650593196030597E-02   0.1675316074753702E-02   0.1644268217954832E-02   0.1586450480525411E-02   0.1519581250559939E-02   0.1456021996547139E-02   0.1408203436900765E-02   0.1415126227299287E-02   0.1490872372503969E-02   0.1575178625568041E-02   0.1685430659896000E-02   0.1869180133123334E-02   0.1316439168855018E-02   0.1501365462018631E-02   0.1983295881031169E-02   0.2607287364403801E-02   0.3404369063646032E-02   0.4411652892260969E-02   0.5672360793257414E-02   0.7235751955088124E-02   0.9156888659201216E-02
  0.3092504398443386E+03   0.8498066007701569E+03   0.8638564800384603E+03   0.6064370226516279E+03   0.4399692069262848E+03   0.3429739559645282E+03   0.2295595718308065E+03   0.1168458594522483E+03   0.4927211908622346E+02   0.1309911433866812E+02   0.4330384076697665E+01   0.3255837736678358E+01   0.8319526036550871E+00   0.4115956470805428E-02   0.1000069207147223E-02   0.9999999747452913E-03   0.9999999747378752E-03   0.9999999747378752E-03   0.9999999747378752E-03   0.9999999747378752E-03   0.9999999747378752E-03   0.9999999747378752E-03   0.9999999747378752E-03   0.9999999747378752E-03   0.9999999747378752E-03   0.9999999747378752E-03   0.9999999747378754E-03   0.9999999747378754E-03   0.9999999747378754E-03   0.9999999747378754E-03   0.9999999747378765E-03   0.9999999747378834E-03   0.9999999747378877E-03   0.9999999838600896E-03   0.1000401452274058E-02   0.1030495605810317E-02   0.1078012361066327E-02   0.1022002017434020E-02   0.1000030847360459E-02   0.9999999748812956E-03   0.9999999747428725E-03   0.9999999747479914E-03   0.9999999747581907E-03   0.9999999747783512E-03   0.9999999748178817E-03   0.9999999748947718E-03   0.9999999750431227E-03   0.9999999753270510E-03   0.9999999758660897E-03   0.9999999768812422E-03   0.9999999787778200E-03   0.9999999822936458E-03   0.9999999887645300E-03   0.1000000000608498E-02   0.1000000022257964E-02   0.1000000062163770E-02   0.1000000137832087E-02   0.1000000290418662E-02   0.1000000630350221E-02   0.1000001481293765E-02   0.1000003819880605E-02   0.1000010546777292E-02   0.1000029922779697E-02   0.1000084192088494E-02   0.1000229554595431E-02   0.1000598591679403E-02   0.1001482264970364E-02   0.1003472427124469E-02   0.1007680218482033E-02   0.1016020174984708E-02   0.1031495408855223E-02   0.1058339587032912E-02   0.1101796274706972E-02   0.1167305236528965E-02   0.1218988340187948E-02   0.1267615500438718E-02   0.1338617101188612E-02   0.1421010156742127E-02   0.1528086342278671E-02   0.1600230911132883E-02   0.1669402606845769E-02   0.1683969311364809E-02   0.1662223284705489E-02   0.1593271488859764E-02   0.1524996370368602E-02   0.1449934545508025E-02   0.1410658888228252E-02   0.1426251251194872E-02   0.1480806810141143E-02   0.1574017444890581E-02   0.1683184243981823E-02   0.1865752515371330E-02   0.1321618400527748E-02   0.1494818882750278E-02   0.1974564524282105E-02   0.2595776306805556E-02   0.3389332837573900E-02   0.4392176582521405E-02   0.5647338148749253E-02   0.7203862076280268E-02   0.9116572865797418E-02
  0.5136461954689164E+02   0.3495481938105954E+03   0.6722833362288161E+03   0.5894269892455121E+03   0.4393362100756964E+03   0.3401323575530997E+03   0.2329272854526520E+03   0.1218485633761941E+03   0.5409347046460897E+02   0.1393821737709575E+02   0.5007332740549638E+01   0.2692600331899299E+01   0.1295285537602380E+01   0.7003146626776215E-01   0.1016442484085570E-02   0.1000000009872175E-02   0.9999999747378752E-03   0.9999999747378752E-03   0.9999999747378752E-03   0.9999999747378752E-03   0.9999999747378752E-03   0.9999999747378752E-03   0.9999999747378752E-03   0.9999999747378752E-03   0.9999999747378752E-03   0.9999999747378752E-03   0.9999999747378754E-03   0.9999999747378754E-03   0.9999999747378754E-03   0.9999999747378754E-03   0.9999999747378765E-03   0.9999999747378834E-03   0.9999999747378877E-03   0.9999999880724371E-03   0.1000645253503384E-02   0.1046864657127587E-02   0.1060562458974822E-02   0.1023015666772728E-02   0.1000088460957976E-02   0.9999999763987038E-03   0.9999999747428525E-03   0.9999999747479498E-03   0.9999999747581059E-03   0.9999999747781819E-03   0.9999999748175449E-03   0.9999999748941054E-03   0.9999999750418176E-03   0.9999999753245155E-03   0.9999999758612040E-03   0.9999999768719057E-03   0.9999999787601301E-03   0.9999999822604350E-03   0.9999999887028918E-03   0.1000000000496103E-02   0.1000000022060008E-02   0.1000000061842957E-02   0.1000000137429540E-02   0.1000000290438955E-02   0.1000000633301658E-02   0.1000001497239260E-02   0.1000003884834660E-02   0.1000010779156255E-02   0.1000030684037344E-02   0.1000086510398699E-02   0.1000236158751499E-02   0.1000616238676194E-02   0.1001526554189876E-02   0.1003576893964532E-02   0.1007911881127249E-02   0.1016503242396128E-02   0.1032442684621741E-02   0.1060086561571981E-02   0.1104826343349787E-02   0.1172248141261678E-02   0.1226572017340687E-02   0.1278558733529387E-02   0.1353468800954166E-02   0.1439966843323647E-02   0.1540841867416489E-02   0.1625918115809885E-02   0.1676666784464047E-02   0.1701171337543731E-02   0.1667722535560221E-02   0.1605707209294950E-02   0.1533486584439316E-02   0.1464143625668557E-02   0.1420732747697843E-02   0.1432660671627116E-02   0.1484158576581457E-02   0.1564886729186710E-02   0.1681998973380549E-02   0.1862734805385376E-02   0.1306769981697374E-02   0.1487930551885859E-02   0.1965231809466776E-02   0.2583410031908744E-02   0.3373159959792834E-02   0.4371231346254268E-02   0.5620445945946973E-02   0.7169619085156885E-02   0.9073324408327130E-02
  0.6110739170464377E+01   0.1076822894708681E+03   0.4302055951511585E+03   0.5536177574833728E+03   0.4410308606879027E+03   0.3371570925797822E+03   0.2316827900952693E+03   0.1319530370977881E+03   0.5957682947208778E+02   0.1728861804357502E+02   0.5116462576568086E+01   0.3154245669843514E+01   0.7802586233166594E+00   0.6147152396019248E+00   0.8530075532067484E-02   0.1000276216131940E-02   0.9999999747583126E-03   0.9999999747378752E-03   0.9999999747378752E-03   0.9999999747378752E-03   0.9999999747378752E-03   0.9999999747378752E-03   0.9999999747378752E-03   0.9999999747378752E-03   0.9999999747378752E-03   0.9999999747378752E-03   0.9999999747378754E-03   0.9999999747378754E-03   0.9999999747378754E-03   0.9999999747378754E-03   0.9999999747378765E-03   0.9999999747378832E-03   0.9999999747378875E-03   0.9999999891232537E-03   0.1000785736982458E-02   0.1064560755873409E-02   0.1044669533693046E-02   0.1024867456674178E-02   0.1000449161058620E-02   0.1000000019472251E-02   0.9999999747428517E-03   0.9999999747479075E-03   0.9999999747580216E-03   0.9999999747780115E-03   0.9999999748172045E-03   0.9999999748934302E-03   0.9999999750404899E-03   0.9999999753219277E-03   0.9999999758562017E-03   0.9999999768623199E-03   0.9999999787419207E-03   0.9999999822261916E-03   0.9999999886393660E-03   0.1000000000381023E-02   0.1000000021862200E-02   0.1000000061548174E-02   0.1000000137191720E-02   0.1000000291252165E-02   0.1000000639626330E-02   0.1000001526379320E-02   0.1000003997890165E-02   0.1000011175820601E-02   0.1000031972100462E-02   0.1000090416221314E-02   0.1000247260531483E-02   0.1000645867834170E-02   0.1001600863783565E-02   0.1003752098075524E-02   0.1008300307007640E-02   0.1017313056734947E-02   0.1034030514037733E-02   0.1063014619111241E-02   0.1109904694828070E-02   0.1170532130776877E-02   0.1229281667409444E-02   0.1276899031763184E-02   0.1358360634250281E-02   0.1461741473755439E-02   0.1578989452941225E-02   0.1658990263604881E-02   0.1722399934337275E-02   0.1736827485720292E-02   0.1710563851288123E-02   0.1633468468038089E-02   0.1564709984194810E-02   0.1488294180404397E-02   0.1438092516940378E-02   0.1434069708183208E-02   0.1470702604142281E-02   0.1557621212452816E-02   0.1681761271117133E-02   0.1840053119051120E-02   0.1301847388514995E-02   0.1480670785959547E-02   0.1955276971557481E-02   0.2570171239438529E-02   0.3355833038375363E-02   0.4348797397066232E-02   0.5591660428562856E-02   0.7132994053965190E-02   0.9027108160193078E-02
  0.4369759063221958E+00   0.2177559892968261E+02   0.2038550473908108E+03   0.4586589310727707E+03   0.4430412175760442E+03   0.3391657695999982E+03   0.2288239769298749E+03   0.1424758247023061E+03   0.6697238776711757E+02   0.2256433659789412E+02   0.6075485632909333E+01   0.2930345040719015E+01   0.9266320839288595E+00   0.6267394891093171E+00   0.2722096821932972E+00   0.1569737133607700E-02   0.1000001899067633E-02   0.9999999747378821E-03   0.9999999747378752E-03   0.9999999747378752E-03   0.9999999747378752E-03   0.9999999747378752E-03   0.9999999747378752E-03   0.9999999747378752E-03   0.9999999747378752E-03   0.9999999747378752E-03   0.9999999747378754E-03   0.9999999747378754E-03   0.9999999747378754E-03   0.9999999747378754E-03   0.9999999747378765E-03   0.9999999747378832E-03   0.9999999747378875E-03   0.9999999877177610E-03   0.1000792699525972E-02   0.1079349689112334E-02   0.1039768434617611E-02   0.1021803517318700E-02   0.1001743759412690E-02   0.1000000925902369E-02   0.9999999747456209E-03   0.9999999747478657E-03   0.9999999747579368E-03   0.9999999747778399E-03   0.9999999748168599E-03   0.9999999748927450E-03   0.9999999750391400E-03   0.9999999753192883E-03   0.9999999758510847E-03   0.9999999768524868E-03   0.9999999787231968E-03   0.9999999821909222E-03   0.9999999885739654E-03   0.1000000000263306E-02   0.1000000021664809E-02   0.1000000061280978E-02   0.1000000137126935E-02   0.1000000292898652E-02   0.1000000649504143E-02   0.1000001569454346E-02   0.1000004161871878E-02   0.1000011746787446E-02   0.1000033820043808E-02   0.1000096011353090E-02   0.1000263152196787E-02   0.1000688262217252E-02   0.1001707152114294E-02   0.1004002610820182E-02   0.1008855453515727E-02   0.1018469847223773E-02   0.1036297197913915E-02   0.1067191264375400E-02   0.1117141900622165E-02   0.1182325126501903E-02   0.1237352915376270E-02   0.1292940274302073E-02   0.1383649782902042E-02   0.1496711136512855E-02   0.1602876580323498E-02   0.1709708193609712E-02   0.1776725000700403E-02   0.1790891241925779E-02   0.1760528853093250E-02   0.1686193013891007E-02   0.1588211301571400E-02   0.1501898205591587E-02   0.1462272804775359E-02   0.1450075396862054E-02   0.1460118309444983E-02   0.1551984493894965E-02   0.1682308083058097E-02   0.1837600790976879E-02   0.1306782630878354E-02   0.1472995039377678E-02   0.1944667373861592E-02   0.2556031180795310E-02   0.3337321875074289E-02   0.4324839491475362E-02   0.5560938686596397E-02   0.7093934244305544E-02   0.8977859561483996E-02
  0.1741371208728605E-01   0.2600997844260386E+01   0.6499335526686450E+02   0.3050305093897763E+03   0.4215452477894526E+03   0.3477958315174537E+03   0.2327074899360242E+03   0.1473301310630803E+03   0.7565230700140785E+02   0.3049468903600109E+02   0.7638068376572457E+01   0.3249572874514390E+01   0.1046177542673538E+01   0.4436236484863761E+00   0.5678152202563028E+00   0.1013921412104968E+00   0.1026848727075532E-02   0.9999999841771416E-03   0.9999999747378752E-03   0.9999999747378752E-03   0.9999999747378752E-03   0.9999999747378752E-03   0.9999999747378752E-03   0.9999999747378752E-03   0.9999999747378752E-03   0.9999999747378752E-03   0.9999999747378754E-03   0.9999999747378754E-03   0.9999999747378754E-03   0.9999999747378754E-03   0.9999999747378765E-03   0.9999999747378832E-03   0.9999999747378875E-03   0.9999999854731635E-03   0.1000710257649454E-02   0.1088021651266611E-02   0.1051821466075122E-02   0.1016015901583654E-02   0.1004518419294859E-02   0.1000013949305608E-02   0.9999999750297159E-03   0.9999999747478251E-03   0.9999999747578518E-03   0.9999999747776673E-03   0.9999999748165126E-03   0.9999999748920522E-03   0.9999999750377687E-03   0.9999999753165984E-03   0.9999999758458561E-03   0.9999999768424102E-03   0.9999999787039633E-03   0.9999999821546316E-03   0.9999999885066989E-03   0.1000000000143002E-02   0.1000000021468196E-02   0.1000000061043621E-02   0.1000000137247364E-02   0.1000000295437709E-02   0.1000000663199224E-02   0.1000001627550245E-02   0.1000004380919237E-02   0.1000012506726367E-02   0.1000036276278544E-02   0.1000103444726623E-02   0.1000284261159160E-02   0.1000744566516727E-02   0.1001848280647316E-02   0.1004335108402591E-02   0.1009591855304950E-02   0.1020003126508743E-02   0.1039298585520013E-02   0.1072714889709166E-02   0.1126699087159582E-02   0.1197871850731399E-02   0.1251129385476342E-02   0.1317126378008546E-02   0.1409859863699381E-02   0.1535432485790055E-02   0.1653023607609180E-02   0.1768476170475281E-02   0.1839858550302377E-02   0.1853347383144773E-02   0.1817366830191625E-02   0.1733432709453359E-02   0.1633414048912508E-02   0.1524332346886551E-02   0.1472677706452836E-02   0.1440162277070178E-02   0.1461996864422674E-02   0.1537676413005746E-02   0.1683433403068376E-02   0.1815243665136023E-02   0.1301490357260379E-02   0.1464847141139238E-02   0.1933361281592375E-02   0.2540952360372144E-02   0.3317586426222312E-02   0.4299310419059199E-02   0.5528222899270703E-02   0.7052368299314974E-02   0.8925490943785117E-02
  0.1247038998354136E-02   0.1656549004943802E+00   0.1258213360516575E+02   0.1465953666718696E+03   0.3559464776624249E+03   0.3495491277869183E+03   0.2463805532293279E+03   0.1511048370168352E+03   0.8521261128612706E+02   0.3837638914054280E+02   0.1141749080215187E+02   0.3564358565343883E+01   0.1170882400934692E+01   0.7249695565965762E+00   0.2328282176121511E+00   0.4829730279938658E+00   0.3354221140196672E-01   0.1001856840329393E-02   0.9999999747718627E-03   0.9999999747378752E-03   0.9999999747378752E-03   0.9999999747378752E-03   0.9999999747378752E-03   0.9999999747378752E-03   0.9999999747378752E-03   0.9999999747378752E-03   0.9999999747378754E-03   0.9999999747378754E-03   0.9999999747378754E-03   0.9999999747378754E-03   0.9999999747378765E-03   0.9999999747378832E-03   0.9999999747378875E-03   0.9999999835173697E-03   0.1000605444553688E-02   0.1090096739103323E-02   0.1081157337657582E-02   0.1017101571589535E-02   0.1007901053374683E-02   0.1000134736618586E-02   0.9999999944737014E-03   0.9999999747478065E-03   0.9999999747577666E-03   0.9999999747774936E-03   0.9999999748161619E-03   0.9999999748913509E-03   0.9999999750363768E-03   0.9999999753138602E-03   0.9999999758405164E-03   0.9999999768320928E-03   0.9999999786842219E-03   0.9999999821173220E-03   0.9999999884375678E-03   0.1000000000020162E-02   0.1000000021272834E-02   0.1000000060839112E-02   0.1000000137569377E-02   0.1000000298949147E-02   0.1000000681067362E-02   0.1000001702130580E-02   0.1000004660613989E-02   0.1000013475426325E-02   0.1000039406128216E-02   0.1000112917323093E-02   0.1000311164132361E-02   0.1000816324728052E-02   0.1002028106628138E-02   0.1004758582303886E-02   0.1010529064642123E-02   0.1021952537680783E-02   0.1043109566192886E-02   0.1079717164723618E-02   0.1138791382507050E-02   0.1197498219008750E-02   0.1271067461424051E-02   0.1330045253897203E-02   0.1447682389021451E-02   0.1578638849428648E-02   0.1710115099234740E-02   0.1835827086279837E-02   0.1912091019149048E-02   0.1934189872342271E-02   0.1900773712233158E-02   0.1794636855940327E-02   0.1679610400263678E-02   0.1574834917742073E-02   0.1498583987946442E-02   0.1443709755952892E-02   0.1445850483196232E-02   0.1534342350581388E-02   0.1684896395092897E-02   0.1802826576173795E-02   0.1295872805208687E-02   0.1456163128809973E-02   0.1921311092769291E-02   0.2524891647153862E-02   0.3296580196927646E-02   0.4272154999942271E-02   0.5493445198239984E-02   0.7008212201926518E-02   0.8869898797757019E-02
  0.1002222656447159E-02   0.5848222602947397E-02   0.1327509171113004E+01   0.4530327924076411E+02   0.2411757998474006E+03   0.3358752424533159E+03   0.2572141260084240E+03   0.1655073322927111E+03   0.9296820437383752E+02   0.4477020496008927E+02   0.1761256017678792E+02   0.4672277597302481E+01   0.1415941262037432E+01   0.6400469309021751E+00   0.5720877729052209E+00   0.1298174970162141E+00   0.3899094965960724E+00   0.1057924463142003E-01   0.1000080285554931E-02   0.9999999747379693E-03   0.9999999747378752E-03   0.9999999747378752E-03   0.9999999747378752E-03   0.9999999747378752E-03   0.9999999747378752E-03   0.9999999747378752E-03   0.9999999747378754E-03   0.9999999747378754E-03   0.9999999747378754E-03   0.9999999747378754E-03   0.9999999747378765E-03   0.9999999747378832E-03   0.9999999747378875E-03   0.9999999821410971E-03   0.1000524580730506E-02   0.1088082155665844E-02   0.1120372499992786E-02   0.1033667260766640E-02   0.1012071494733235E-02   0.1000900406806367E-02   0.1000000923215266E-02   0.9999999747578377E-03   0.9999999747576816E-03   0.9999999747773200E-03   0.9999999748158100E-03   0.9999999748906421E-03   0.9999999750349654E-03   0.9999999753110749E-03   0.9999999758350680E-03   0.9999999768215350E-03   0.9999999786639716E-03   0.9999999820789864E-03   0.9999999883665675E-03   0.9999999998948472E-03   0.1000000021079309E-02   0.1000000060671288E-02   0.1000000138113959E-02   0.1000000303535476E-02   0.1000000703566211E-02   0.1000001795080556E-02   0.1000005008154866E-02   0.1000014678434644E-02   0.1000043293984949E-02   0.1000124688890266E-02   0.1000344606469620E-02   0.1000905531580855E-02   0.1002251609420506E-02   0.1005284625667245E-02   0.1011692249486170E-02   0.1024369001996957E-02   0.1047826085149769E-02   0.1088366256480599E-02   0.1153692547253621E-02   0.1221617224638533E-02   0.1277742656536814E-02   0.1362434119997927E-02   0.1487978837058608E-02   0.1637236690774813E-02   0.1784988930604035E-02   0.1932403907288737E-02   0.2013762129340379E-02   0.2043394654941834E-02   0.1980366582253024E-02   0.1879132435575143E-02   0.1745949704834829E-02   0.1612503181121340E-02   0.1519145722866350E-02   0.1460001526347113E-02   0.1451123816461905E-02   0.1541584347846872E-02   0.1676430881009933E-02   0.1800180758098344E-02   0.1299825325379142E-02   0.1446875424057685E-02   0.1908466785737179E-02   0.2507803554119800E-02   0.3274253803371607E-02   0.4243314281174958E-02   0.5456532780930747E-02   0.6961375551098618E-02   0.8810971442825164E-02
  0.1000005916613492E-02   0.1042461123952006E-02   0.6867303721088908E-01   0.7981301850246777E+01   0.1150668851111017E+03   0.2903779183256426E+03   0.2629526519256760E+03   0.1805141787870988E+03   0.1051573681254720E+03   0.5185750523357555E+02   0.2308076205402903E+02   0.7136610924111638E+01   0.2269171757692011E+01   0.6504855031298974E+00   0.4338880764430040E+00   0.4580795678462132E+00   0.7962534006368155E-01   0.3037236055838154E+00   0.3637677033768956E-02   0.1000003099774780E-02   0.9999999747378754E-03   0.9999999747378752E-03   0.9999999747378752E-03   0.9999999747378752E-03   0.9999999747378752E-03   0.9999999747378752E-03   0.9999999747378754E-03   0.9999999747378754E-03   0.9999999747378754E-03   0.9999999747378754E-03   0.9999999747378765E-03   0.9999999747378832E-03   0.9999999747378875E-03   0.9999999810823453E-03   0.1000479147918107E-02   0.1085587966046020E-02   0.1155184204430477E-02   0.1070439339954469E-02   0.1023465522281201E-02   0.1004442694362303E-02   0.1000031856169685E-02   0.9999999778069221E-03   0.9999999747576005E-03   0.9999999747771456E-03   0.9999999748154555E-03   0.9999999748899263E-03   0.9999999750335349E-03   0.9999999753082418E-03   0.9999999758295115E-03   0.9999999768107372E-03   0.9999999786432111E-03   0.9999999820396186E-03   0.9999999882936872E-03   0.9999999997671210E-03   0.1000000020888348E-02   0.1000000060544922E-02   0.1000000138907263E-02   0.1000000309324727E-02   0.1000000731268568E-02   0.1000001908764439E-02   0.1000005432585778E-02   0.1000016147892221E-02   0.1000048046128168E-02   0.1000139086722054E-02   0.1000385527414879E-02   0.1001014699607589E-02   0.1002525054946188E-02   0.1005927805108328E-02   0.1013112967470966E-02   0.1027316198264666E-02   0.1053567729249468E-02   0.1098870935868874E-02   0.1171740837147946E-02   0.1230736325577505E-02   0.1301857499165543E-02   0.1405185935625966E-02   0.1541782910797440E-02   0.1702300861028410E-02   0.1888622565214017E-02   0.2038936869976952E-02   0.2135231272910198E-02   0.2140887565584819E-02   0.2085654364795029E-02   0.1956102229382340E-02   0.1811426725333194E-02   0.1656291873206598E-02   0.1533401088578559E-02   0.1458237403685868E-02   0.1467207522895792E-02   0.1528973873713799E-02   0.1667755905354077E-02   0.1787131849886638E-02   0.1303242173105270E-02   0.1436917079930695E-02   0.1894779339118403E-02   0.2489643446386662E-02   0.3250558445619827E-02   0.4212729633801228E-02   0.5417412916007162E-02   0.6911767721535898E-02   0.8748596573120942E-02
  0.9999999796552743E-03   0.1000287162225588E-02   0.2405429556696028E-02   0.7080715983747973E+00   0.3362033886593402E+02   0.2001506413236688E+03   0.2610521124237429E+03   0.1907051107926981E+03   0.1206422014333032E+03   0.6458535680882876E+02   0.2673136732731638E+02   0.1084370584658231E+02   0.3413678593535137E+01   0.1050400949362783E+01   0.4210719274056444E+00   0.3113051757577199E+00   0.3708104324268757E+00   0.5411418717748536E-01   0.2314028189171424E+00   0.1690513957782588E-02   0.1000000090508385E-02   0.9999999747378752E-03   0.9999999747378752E-03   0.9999999747378752E-03   0.9999999747378752E-03   0.9999999747378752E-03   0.9999999747378754E-03   0.9999999747378754E-03   0.9999999747378754E-03   0.9999999747378754E-03   0.9999999747378765E-03   0.9999999747378832E-03   0.9999999747378873E-03   0.9999999799947502E-03   0.1000453903563660E-02   0.1084967764955226E-02   0.1173131389432201E-02   0.1118046543460770E-02   0.1051247314048565E-02   0.1015714351491606E-02   0.1000617045177907E-02   0.1000000469067108E-02   0.9999999747638078E-03   0.9999999747769715E-03   0.9999999748150988E-03   0.9999999748892046E-03   0.9999999750320860E-03   0.9999999753053633E-03   0.9999999758238457E-03   0.9999999767996977E-03   0.9999999786219330E-03   0.9999999819992030E-03   0.9999999882189089E-03   0.9999999996370610E-03   0.1000000020700833E-02   0.1000000060465843E-02   0.1000000139981308E-02   0.1000000316474017E-02   0.1000000764879205E-02   0.1000002046098432E-02   0.1000005945085955E-02   0.1000017923596595E-02   0.1000053794313698E-02   0.1000156516834763E-02   0.1000435092217851E-02   0.1001146944303943E-02   0.1002856203981191E-02   0.1006706130160716E-02   0.1014830139042447E-02   0.1030872413100176E-02   0.1060480939805672E-02   0.1111485637992736E-02   0.1193346152052794E-02   0.1245466316771082E-02   0.1324250812784132E-02   0.1429356638697328E-02   0.1590302467270625E-02   0.1805067949326028E-02   0.2012115777769472E-02   0.2166215865275877E-02   0.2266842676647049E-02   0.2286507661246825E-02   0.2206005516745324E-02   0.2054561965365751E-02   0.1874870839811456E-02   0.1695014058488354E-02   0.1550282063337261E-02   0.1457547918347780E-02   0.1453453996246474E-02   0.1516065996705780E-02   0.1668587032111784E-02   0.1783508142657568E-02   0.1306022250200269E-02   0.1426225835166079E-02   0.1880203897242647E-02   0.2470370464588991E-02   0.3225449065581857E-02   0.4180346491230274E-02   0.5376017529156990E-02   0.6859303527081701E-02   0.8682668217896776E-02
  0.9999999747389852E-03   0.1000000392601066E-02   0.1012101081177042E-02   0.2841645210182265E-01   0.5224439792930933E+01   0.9406997795570807E+02   0.2348728012541976E+03   0.1976180858176347E+03   0.1346262397728653E+03   0.7574276101117024E+02   0.3791836672346037E+02   0.1208503619911374E+02   0.5242793241027253E+01   0.1774849955819610E+01   0.6539043127451415E+00   0.2848138964831673E+00   0.2357528133620818E+00   0.3034459604315388E+00   0.4017034717395965E-01   0.1742727500655010E+00   0.1173542871519561E-02   0.9999999791213377E-03   0.9999999747378752E-03   0.9999999747378752E-03   0.9999999747378752E-03   0.9999999747378752E-03   0.9999999747378754E-03   0.9999999747378754E-03   0.9999999747378754E-03   0.9999999747378754E-03   0.9999999747378765E-03   0.9999999747378832E-03   0.9999999747378873E-03   0.9999999787561520E-03   0.1000424541877081E-02   0.1086567056192186E-02   0.1176033066049801E-02   0.1167761819785042E-02   0.1091441652113341E-02   0.1040981049945136E-02   0.1005802204701499E-02   0.1000033676322526E-02   0.9999999787939510E-03   0.9999999747768067E-03   0.9999999748147399E-03   0.9999999748884750E-03   0.9999999750306182E-03   0.9999999753024377E-03   0.9999999758180714E-03   0.9999999767884137E-03   0.9999999786001290E-03   0.9999999819577210E-03   0.9999999881422079E-03   0.9999999995047592E-03   0.1000000020517831E-02   0.1000000060441097E-02   0.1000000141374838E-02   0.1000000325173976E-02   0.1000000805255810E-02   0.1000002210641663E-02   0.1000006559332859E-02   0.1000020054333193E-02   0.1000060700270499E-02   0.1000177477966023E-02   0.1000494732317154E-02   0.1001306090478113E-02   0.1003254571534147E-02   0.1007641635573638E-02   0.1016891248437850E-02   0.1035132809768932E-02   0.1068742920468230E-02   0.1126516554309182E-02   0.1208998527423079E-02   0.1276531677117854E-02   0.1355908203649393E-02   0.1486172784962998E-02   0.1684920465753661E-02   0.1906926918313294E-02   0.2146669003237353E-02   0.2315057439294956E-02   0.2428885243481770E-02   0.2439966481210079E-02   0.2340613741504244E-02   0.2163337862951447E-02   0.1944937593773488E-02   0.1747345430014251E-02   0.1578627716243402E-02   0.1477011908175390E-02   0.1449195127694203E-02   0.1522414632413073E-02   0.1658647966433152E-02   0.1779148692086745E-02   0.1328074486508863E-02   0.1414747733725635E-02   0.1864702488787684E-02   0.2449949992905329E-02   0.3198887015402792E-02   0.4146117529323766E-02   0.5332287128561260E-02   0.6803908092841512E-02   0.8613092755335861E-02
  0.9999999747378752E-03   0.9999999749005235E-03   0.1000031472281264E-02   0.1321772701272881E-02   0.3743173896543496E+00   0.2555834642403729E+02   0.1663424547190907E+03   0.2005841868083678E+03   0.1458419685214774E+03   0.8807315977609434E+02   0.5081294596024270E+02   0.1867055393049325E+02   0.4511622423940017E+01   0.3290193931682013E+01   0.9177918713496915E+00   0.4698105739434618E+00   0.1950211482928222E+00   0.1878568886713292E+00   0.2509936786890352E+00   0.3181490454703748E-01   0.1307858473340668E+00   0.1043579779718828E-02   0.9999999749229107E-03   0.9999999747378752E-03   0.9999999747378752E-03   0.9999999747378752E-03   0.9999999747378754E-03   0.9999999747378754E-03   0.9999999747378754E-03   0.9999999747378754E-03   0.9999999747378762E-03   0.9999999747378832E-03   0.9999999747378873E-03   0.9999999774887580E-03   0.1000374387759550E-02   0.1089298158357298E-02   0.1177958571817840E-02   0.1200317202711930E-02   0.1127121128745776E-02   0.1076193194707164E-02   0.1026677606553242E-02   0.1000896824223280E-02   0.1000000856760970E-02   0.9999999747982060E-03   0.9999999748143799E-03   0.9999999748877399E-03   0.9999999750291322E-03   0.9999999752994654E-03   0.9999999758121849E-03   0.9999999767768778E-03   0.9999999785777864E-03   0.9999999819151470E-03   0.9999999880635584E-03   0.9999999993703268E-03   0.1000000020340627E-02   0.1000000060479127E-02   0.1000000143134365E-02   0.1000000335654171E-02   0.1000000853434770E-02   0.1000002406708511E-02   0.1000007291951299E-02   0.1000022599525168E-02   0.1000068961276664E-02   0.1000202578927971E-02   0.1000566195089419E-02   0.1001496803622803E-02   0.1003731746191446E-02   0.1008761095001773E-02   0.1019353807020078E-02   0.1040212171973439E-02   0.1078566318277820E-02   0.1144328840981804E-02   0.1229278017021088E-02   0.1294782329879525E-02   0.1387973516213375E-02   0.1547039085762257E-02   0.1777194164000949E-02   0.2029406068596809E-02   0.2303556422480286E-02   0.2496265855082838E-02   0.2601547104383842E-02   0.2590803925309608E-02   0.2468463006820669E-02   0.2271046118481837E-02   0.2030104076541583E-02   0.1811833163489521E-02   0.1617201673803468E-02   0.1495677196424755E-02   0.1453761846786519E-02   0.1527588424892806E-02   0.1657682039039296E-02   0.1783910899386585E-02   0.1339322571265452E-02   0.1402440105984665E-02   0.1848246153924941E-02   0.2428355555137001E-02   0.3170842122859773E-02   0.4110005159983427E-02   0.5286173914277654E-02   0.6745520742782707E-02   0.8539793740147650E-02
  0.9999999747378752E-03   0.9999999747378886E-03   0.9999999966775457E-03   0.1001998846082907E-02   0.1138039356622350E-01   0.3406478251091570E+01   0.7702645987361646E+02   0.1868510662847411E+03   0.1536837209388893E+03   0.1013143676754191E+03   0.5747909941438419E+02   0.3172103384057458E+02   0.6974375150387594E+01   0.2087314480713418E+01   0.2092158743863677E+01   0.5798246515920401E+00   0.3416024251356359E+00   0.1356965813186657E+00   0.1566482490730155E+00   0.2096343823465801E+00   0.2640491806274725E-01   0.9840663503623635E-01   0.1005811287107278E-02   0.9999999747475046E-03   0.9999999747378752E-03   0.9999999747378752E-03   0.9999999747378754E-03   0.9999999747378754E-03   0.9999999747378754E-03   0.9999999747378754E-03   0.9999999747378762E-03   0.9999999747378832E-03   0.9999999747378871E-03   0.9999999763976523E-03   0.1000302294371949E-02   0.1091248347127383E-02   0.1187048879656708E-02   0.1202699502576235E-02   0.1189805725575921E-02   0.1105736290107370E-02   0.1061488954265328E-02   0.1009521068341743E-02   0.1000065135686604E-02   0.9999999889801856E-03   0.9999999748141132E-03   0.9999999748869981E-03   0.9999999750276273E-03   0.9999999752964444E-03   0.9999999758061836E-03   0.9999999767650839E-03   0.9999999785548885E-03   0.9999999818714506E-03   0.9999999879829276E-03   0.9999999992339065E-03   0.1000000020170760E-02   0.1000000060590003E-02   0.1000000145315440E-02   0.1000000348189694E-02   0.1000000910662668E-02   0.1000002639506355E-02   0.1000008163065430E-02   0.1000025631264174E-02   0.1000078817026610E-02   0.1000232559969653E-02   0.1000651605002941E-02   0.1001724750989104E-02   0.1004301780186629E-02   0.1010096888290188E-02   0.1022287119670703E-02   0.1046248187585004E-02   0.1090204764685026E-02   0.1165355030195329E-02   0.1254866003833304E-02   0.1321206711958324E-02   0.1421760912588971E-02   0.1623545187194981E-02   0.1878851617767415E-02   0.2194155278028599E-02   0.2474092860942110E-02   0.2680587755535350E-02   0.2794865115464832E-02   0.2778341751262767E-02   0.2628293406288596E-02   0.2386076066826188E-02   0.2118669636187353E-02   0.1836910327964975E-02   0.1634714164919288E-02   0.1522584238709909E-02   0.1466504998203996E-02   0.1511186717168054E-02   0.1655463059384573E-02   0.1777677184372407E-02   0.1349708773917299E-02   0.1389273758307766E-02   0.1830816390446321E-02   0.2405570080601876E-02   0.3141294104180808E-02   0.4071983283357465E-02   0.5237644002852068E-02   0.6684097814317867E-02   0.8462715431244697E-02
  0.9999999747378752E-03   0.9999999747378752E-03   0.9999999747412384E-03   0.1000002621556459E-02   0.1080062861557532E-02   0.1892534786973514E+00   0.1920359814603648E+02   0.1357970966966435E+03   0.1574767236716408E+03   0.1133370442425359E+03   0.6582751928694876E+02   0.4252979767837230E+02   0.1531513436097961E+02   0.1385344880638002E+01   0.1709326164058933E+01   0.1233375620090679E+01   0.4220734004677804E+00   0.2461599019756197E+00   0.9752477158955737E-01   0.1356676143145900E+00   0.1766032213825205E+00   0.2273710919613151E-01   0.7458175218601530E-01   0.1005147415640719E-02   0.9999999747385634E-03   0.9999999747378752E-03   0.9999999747378754E-03   0.9999999747378754E-03   0.9999999747378754E-03   0.9999999747378754E-03   0.9999999747378762E-03   0.9999999747378832E-03   0.9999999747378871E-03   0.9999999756127530E-03   0.1000219903163475E-02   0.1090215396929900E-02   0.1199168131667988E-02   0.1160634154429536E-02   0.1271094372426569E-02   0.1162712841846700E-02   0.1110505553662936E-02   0.1034992187239799E-02   0.1001693850684610E-02   0.1000002769814238E-02   0.9999999749907484E-03   0.9999999748862495E-03   0.9999999750261021E-03   0.9999999752933720E-03   0.9999999758000633E-03   0.9999999767530225E-03   0.9999999785314170E-03   0.9999999818265997E-03   0.9999999879002821E-03   0.9999999990956735E-03   0.1000000020010065E-02   0.1000000060785690E-02   0.1000000147984165E-02   0.1000000363109147E-02   0.1000000978434582E-02   0.1000002915303634E-02   0.1000009196974016E-02   0.1000029236798418E-02   0.1000090558048809E-02   0.1000268318947938E-02   0.1000753538409669E-02   0.1001996798009866E-02   0.1004981663057968E-02   0.1011688048564189E-02   0.1025774401416641E-02   0.1053405345586567E-02   0.1103959369758024E-02   0.1190104727310130E-02   0.1286557943322505E-02   0.1346945989789876E-02   0.1478767125376114E-02   0.1707470905908002E-02   0.2021784412121246E-02   0.2352922346730331E-02   0.2669593587744604E-02   0.2908660121425655E-02   0.3008669835689830E-02   0.2961636019102434E-02   0.2788569699874141E-02   0.2516578891012800E-02   0.2188763410589004E-02   0.1890916673098818E-02   0.1649848788965284E-02   0.1516792385681666E-02   0.1466816946424021E-02   0.1512854974289037E-02   0.1651805011264842E-02   0.1790360391963757E-02   0.1369196660045543E-02   0.1375234276438394E-02   0.1812405886871257E-02   0.2381586538038678E-02   0.3110233333898478E-02   0.4032038310692567E-02   0.5186678777808502E-02   0.6619614407252070E-02   0.8381825021779143E-02
  0.9999999747378752E-03   0.9999999747378752E-03   0.9999999747378752E-03   0.9999999755262562E-03   0.1000265128932893E-02   0.4497144649973187E-02   0.2131772175438852E+01   0.6154085378817087E+02   0.1490787566061379E+03   0.1223722306689639E+03   0.7700041212139134E+02   0.4657698965741027E+02   0.2787171990997043E+02   0.5244929750816792E+01   0.1079761998133513E+00   0.1493619702705765E+01   0.7229955300033118E+00   0.3155192096460557E+00   0.1750434017122049E+00   0.7418789104546719E-01   0.1210220034719162E+00   0.1499028214369520E+00   0.2022612157093123E-01   0.5713237076515323E-01   0.1001909663820963E-02   0.9999999747379502E-03   0.9999999747378754E-03   0.9999999747378754E-03   0.9999999747378754E-03   0.9999999747378754E-03   0.9999999747378762E-03   0.9999999747378832E-03   0.9999999747378871E-03   0.9999999751385130E-03   0.1000142797783933E-02   0.1084495586397906E-02   0.1209185272830571E-02   0.1093056034717009E-02   0.1318224357399289E-02   0.1239688890192898E-02   0.1144689399304826E-02   0.1087371130253817E-02   0.1016843671782037E-02   0.1000174000030097E-02   0.1000000062261701E-02   0.9999999748875558E-03   0.9999999750245562E-03   0.9999999752902471E-03   0.9999999757938167E-03   0.9999999767406806E-03   0.9999999785073493E-03   0.9999999817805539E-03   0.9999999878155914E-03   0.9999999989558489E-03   0.1000000019860737E-02   0.1000000061080357E-02   0.1000000151219018E-02   0.1000000380804249E-02   0.1000001058540482E-02   0.1000003241634226E-02   0.1000010422973744E-02   0.1000033521570842E-02   0.1000104535988955E-02   0.1000310943274669E-02   0.1000875114666036E-02   0.1002321246823258E-02   0.1005791894106217E-02   0.1013581519652394E-02   0.1029915298046015E-02   0.1061879526887286E-02   0.1120186265803298E-02   0.1219175664568176E-02   0.1305277504244868E-02   0.1373309155069611E-02   0.1540683290805090E-02   0.1810788945153961E-02   0.2168035380956555E-02   0.2547522210321039E-02   0.2891326193094326E-02   0.3140951486478288E-02   0.3242526881456170E-02   0.3169430183200686E-02   0.2957454623907384E-02   0.2640463829746911E-02   0.2278360024562920E-02   0.1942126358477098E-02   0.1671293839814810E-02   0.1517408117408546E-02   0.1474153114559273E-02   0.1512298954435899E-02   0.1646570083265730E-02   0.1791907639600117E-02   0.1407772562548893E-02   0.1360322411212408E-02   0.1793018565543521E-02   0.2356407985060489E-02   0.3077661030381756E-02   0.3990169524146287E-02   0.5133275440959374E-02   0.6552065152647767E-02   0.8297113669181216E-02
  0.9999999747378752E-03   0.9999999747378752E-03   0.9999999747378752E-03   0.9999999747379177E-03   0.1000000135623691E-02   0.1020262035493990E-02   0.8773842014675982E-01   0.1379682144522762E+02   0.1094026267123922E+03   0.1268271973875504E+03   0.8916775032802579E+02   0.5193413658072139E+02   0.3649417101602169E+02   0.1331171686263278E+02   0.7948939070287624E+00   0.4764061871975644E-01   0.1252549864068505E+01   0.4595161869708154E+00   0.2345240880226948E+00   0.1236118195953217E+00   0.6094738929919368E-01   0.1102224246865185E+00   0.1281276071907195E+00   0.1857169608468056E-01   0.4434544303768313E-01   0.1000829737518382E-02   0.9999999747378890E-03   0.9999999747378754E-03   0.9999999747378754E-03   0.9999999747378754E-03   0.9999999747378762E-03   0.9999999747378832E-03   0.9999999747378871E-03   0.9999999748965885E-03   0.1000082250839008E-02   0.1073686900359218E-02   0.1218032333734274E-02   0.1059032234791598E-02   0.1265103662405274E-02   0.1350670841398806E-02   0.1217478273236600E-02   0.1147788931225955E-02   0.1044338572082086E-02   0.1003733342942182E-02   0.1000012353109925E-02   0.9999999772555255E-03   0.9999999750230123E-03   0.9999999752870641E-03   0.9999999757874382E-03   0.9999999767280456E-03   0.9999999784826587E-03   0.9999999817332731E-03   0.9999999877288251E-03   0.9999999988147118E-03   0.1000000019725377E-02   0.1000000061490760E-02   0.1000000155113024E-02   0.1000000401741402E-02   0.1000001153121295E-02   0.1000003627545373E-02   0.1000011876360557E-02   0.1000038612919611E-02   0.1000121176138517E-02   0.1000361748803040E-02   0.1001020106796937E-02   0.1002708124891145E-02   0.1006757171444459E-02   0.1015833658920251E-02   0.1034828870867838E-02   0.1071903375427648E-02   0.1139305294606581E-02   0.1253266158889595E-02   0.1332092005435754E-02   0.1401788628884135E-02   0.1619405594316842E-02   0.1945663937213451E-02   0.2359779924187984E-02   0.2779797786089975E-02   0.3140453884286877E-02   0.3407696698629311E-02   0.3485676012586752E-02   0.3380110971410992E-02   0.3122789321795578E-02   0.2765403821316942E-02   0.2355304572507812E-02   0.1988782788394222E-02   0.1707777632175040E-02   0.1523614341351548E-02   0.1478052519006480E-02   0.1519296874321190E-02   0.1649674563826695E-02   0.1792302370680882E-02   0.1415445751867578E-02   0.1344553578416405E-02   0.1772669007124307E-02   0.2330047119294811E-02   0.3043588951167985E-02   0.3946388878025378E-02   0.5077446884665557E-02   0.6481464142676102E-02   0.8208596491421560E-02
  0.9999999747378752E-03   0.9999999747378752E-03   0.9999999747378752E-03   0.9999999747378752E-03   0.9999999747556869E-03   0.1000026448039203E-02   0.1977652860816800E-02   0.1226341588994783E+01   0.4753633300077752E+02   0.1205113318015391E+03   0.9902474640776998E+02   0.6008706484622358E+02   0.3926956613928510E+02   0.2543587637156535E+02   0.4208445598841094E+01   0.2461704457202918E-01   0.5084173793615331E-01   0.9967754868203809E+00   0.3208315347257059E+00   0.1729939641694370E+00   0.8844993659893328E-01   0.5423381031572241E-01   0.1017092307955560E+00   0.1102915399513861E+00   0.1762735271344766E-01   0.3493440741894709E-01   0.1000430340843710E-02   0.9999999747378797E-03   0.9999999747378754E-03   0.9999999747378754E-03   0.9999999747378762E-03   0.9999999747378832E-03   0.9999999747378871E-03   0.9999999747920632E-03   0.1000041790846336E-02   0.1059009748508687E-02   0.1229621654932138E-02   0.1061511221871928E-02   0.1201152758645356E-02   0.1444487869078345E-02   0.1312092413739227E-02   0.1222209147520070E-02   0.1103194743398294E-02   0.1031171478843164E-02   0.1000553331867957E-02   0.1000000687574407E-02   0.9999999750850174E-03   0.9999999752838208E-03   0.9999999757809189E-03   0.9999999767151019E-03   0.9999999784573205E-03   0.9999999816847148E-03   0.9999999876399604E-03   0.9999999986726074E-03   0.1000000019607074E-02   0.1000000062036676E-02   0.1000000159776333E-02   0.1000000426475552E-02   0.1000001264736517E-02   0.1000004083897790E-02   0.1000013599644940E-02   0.1000044664575594E-02   0.1000140992663745E-02   0.1000422327040641E-02   0.1001193075511148E-02   0.1003169533088768E-02   0.1007907218207044E-02   0.1018512025218197E-02   0.1040657111538065E-02   0.1083752539054681E-02   0.1161809923402440E-02   0.1283188984096253E-02   0.1358228969640650E-02   0.1464075850376547E-02   0.1717043776310111E-02   0.2084446455911056E-02   0.2549299437032465E-02   0.3031571246475728E-02   0.3427969818197342E-02   0.3688826005746032E-02   0.3746969825349487E-02   0.3611669582751801E-02   0.3302083398504379E-02   0.2888852401771930E-02   0.2437347626421461E-02   0.2039140289023394E-02   0.1728106874809226E-02   0.1534699553898336E-02   0.1488156240476119E-02   0.1523708849193736E-02   0.1661092215758588E-02   0.1791564495986462E-02   0.1452247322408300E-02   0.1327956563910595E-02   0.1751381366480006E-02   0.2302525443162720E-02   0.3008038712896886E-02   0.3900720367025612E-02   0.5019221030332924E-02   0.6407844194163827E-02   0.8116311735796964E-02
  0.9999999747378752E-03   0.9999999747378752E-03   0.9999999747378752E-03   0.9999999747378752E-03   0.9999999747378754E-03   0.9999999811657308E-03   0.1003169921217478E-02   0.3541398342380631E-01   0.9252687458358297E+01   0.8749834790450576E+02   0.1041318996625954E+03   0.7095637876223726E+02   0.4294122364563331E+02   0.3159600861962620E+02   0.1223077701677985E+02   0.5080288731904209E+00   0.1078341653561664E-02   0.5702800887654404E-01   0.7563606804655755E+00   0.2379896239388528E+00   0.1281834457518294E+00   0.6623869487138383E-01   0.5143127553703539E-01   0.9450299767090595E-01   0.9568716155818459E-01   0.1730503686227153E-01   0.2796815758125996E-01   0.1000268694175392E-02   0.9999999747378780E-03   0.9999999747378754E-03   0.9999999747378762E-03   0.9999999747378830E-03   0.9999999747378871E-03   0.9999999747537696E-03   0.1000018623564246E-02   0.1042891681803495E-02   0.1245358141567514E-02   0.1074668250636192E-02   0.1104246237216123E-02   0.1468756122595627E-02   0.1465573287043473E-02   0.1315261142688094E-02   0.1192569939851550E-02   0.1081021049678515E-02   0.1008805368010052E-02   0.1000062664258512E-02   0.1000000012597730E-02   0.9999999752823760E-03   0.9999999757742495E-03   0.9999999767018335E-03   0.9999999784313044E-03   0.9999999816348369E-03   0.9999999875489867E-03   0.9999999985299650E-03   0.1000000019509483E-02   0.1000000062741422E-02   0.1000000165339302E-02   0.1000000455666788E-02   0.1000001396445585E-02   0.1000004623728280E-02   0.1000015644024096E-02   0.1000051862117447E-02   0.1000164607076536E-02   0.1000494602331094E-02   0.1001399531039246E-02   0.1003720064145383E-02   0.1009277769378538E-02   0.1021697496104071E-02   0.1047569057353808E-02   0.1097752868572609E-02   0.1188278455886774E-02   0.1319886610785787E-02   0.1365093491797451E-02   0.1512076154986216E-02   0.1835926316028872E-02   0.2269660444969920E-02   0.2788945264627317E-02   0.3314584676740800E-02   0.3744622484806116E-02   0.4003889788620606E-02   0.4044814508440958E-02   0.3861671141473248E-02   0.3482517173648830E-02   0.3008073391856536E-02   0.2512190539579280E-02   0.2081511816320361E-02   0.1741206710222040E-02   0.1540085454312737E-02   0.1484222738805449E-02   0.1525482947705788E-02   0.1650854864203657E-02   0.1779748605859995E-02   0.1498227918790335E-02   0.1310571576273207E-02   0.1729187916558259E-02   0.2273872166779153E-02   0.2971040857165948E-02   0.3853199092425914E-02   0.4958639785249856E-02   0.6331255628229530E-02   0.8020319340168926E-02
  0.9999999747378752E-03   0.9999999747378752E-03   0.9999999747378752E-03   0.9999999747378752E-03   0.9999999747378752E-03   0.9999999747380992E-03   0.1000001759835294E-02   0.1185563353152234E-02   0.6214100317467326E+00   0.3534220827243335E+02   0.9875683052041535E+02   0.8119938456603893E+02   0.4880189434047665E+02   0.3392019471270022E+02   0.2380630577180145E+02   0.3602154136709617E+01   0.1153649925375702E-01   0.1001747353171141E-02   0.6497092402922799E-01   0.5561634520902742E+00   0.1839591381406311E+00   0.9758797361948141E-01   0.5355787273279050E-01   0.5072765737641403E-01   0.8793953347700360E-01   0.8377922999678671E-01   0.1755420217279574E-01   0.2274817342714620E-01   0.1000201408320757E-02   0.9999999747378782E-03   0.9999999747378762E-03   0.9999999747378828E-03   0.9999999747378871E-03   0.9999999747418772E-03   0.1000007231182444E-02   0.1028002243209219E-02   0.1260996969825664E-02   0.1083437335894846E-02   0.1026802214818454E-02   0.1367545566711049E-02   0.1597361766143535E-02   0.1442158054260961E-02   0.1323040826499773E-02   0.1165521321774614E-02   0.1048060054161104E-02   0.1001832012790405E-02   0.1000006054313887E-02   0.9999999772688233E-03   0.9999999757674858E-03   0.9999999766882239E-03   0.9999999784045829E-03   0.9999999815835966E-03   0.9999999874559032E-03   0.9999999983873098E-03   0.1000000019436919E-02   0.1000000063632464E-02   0.1000000171956132E-02   0.1000000490100183E-02   0.1000001551905634E-02   0.1000005262687038E-02   0.1000018071161787E-02   0.1000060429574332E-02   0.1000192770585706E-02   0.1000580900929751E-02   0.1001646127988323E-02   0.1004377303901944E-02   0.1010911745584106E-02   0.1025486762401788E-02   0.1055765579683532E-02   0.1114288656274546E-02   0.1219386572876148E-02   0.1354447692999686E-02   0.1394285981364331E-02   0.1597922020955335E-02   0.1968600879720430E-02   0.2483982346067302E-02   0.3071091631786549E-02   0.3620429342352534E-02   0.4090832686678975E-02   0.4331980959934781E-02   0.4337115714045918E-02   0.4117235636873119E-02   0.3670958602603369E-02   0.3130184466959908E-02   0.2557540677878206E-02   0.2094321304089989E-02   0.1756160660309811E-02   0.1539351439111586E-02   0.1476138944936763E-02   0.1524657348261265E-02   0.1639050086314595E-02   0.1766940366419347E-02   0.1543454473234640E-02   0.1292447828379321E-02   0.1706127370278830E-02   0.2244122973495163E-02   0.2932633778027359E-02   0.3803870149684878E-02   0.4895757761817437E-02   0.6251764740187806E-02   0.7920699098427431E-02
  0.9999999747378752E-03   0.9999999747378752E-03   0.9999999747378752E-03   0.9999999747378752E-03   0.9999999747378752E-03   0.9999999747378752E-03   0.9999999748826042E-03   0.1000338633698053E-02   0.1193930774856729E-01   0.5674738646531548E+01   0.6952085553881506E+02   0.8677405695667262E+02   0.5754856653403849E+02   0.3658666889956388E+02   0.2746510178183949E+02   0.1185598127287405E+02   0.3582300103612797E+00   0.1018494158123537E-02   0.1002290090039420E-02   0.7360959658836062E-01   0.4052526248128607E+00   0.1479568807746380E+00   0.7824128011432313E-01   0.4725414944901497E-01   0.5093076701709230E-01   0.8171561872219375E-01   0.7413223648467283E-01   0.1834222854788128E-01   0.1879843548440364E-01   0.1000178924483508E-02   0.9999999747378812E-03   0.9999999747378828E-03   0.9999999747378871E-03   0.9999999747387508E-03   0.1000002423580576E-02   0.1016257786122122E-02   0.1267443476639151E-02   0.1083939378558511E-02   0.1009109696788212E-02   0.1191140100975072E-02   0.1661216491967379E-02   0.1601978334579993E-02   0.1441306499210854E-02   0.1280676056161769E-02   0.1132816913096554E-02   0.1020561341222192E-02   0.1000309039981021E-02   0.1000000526671015E-02   0.9999999758739330E-03   0.9999999766742576E-03   0.9999999783771260E-03   0.9999999815309567E-03   0.9999999873607278E-03   0.9999999982452806E-03   0.1000000019394462E-02   0.1000000064742129E-02   0.1000000179809184E-02   0.1000000530709441E-02   0.1000001735488705E-02   0.1000006019563951E-02   0.1000020955335493E-02   0.1000070637399184E-02   0.1000226391074719E-02   0.1000684034206983E-02   0.1001940899172763E-02   0.1005162429453890E-02   0.1012860642839909E-02   0.1029995250952971E-02   0.1065484916996623E-02   0.1133811979716292E-02   0.1255921188739223E-02   0.1368124569610117E-02   0.1437619663509155E-02   0.1693983547393630E-02   0.2147828370238540E-02   0.2730210053483349E-02   0.3368076067431604E-02   0.3980463196669229E-02   0.4466603343157288E-02   0.4691657787400155E-02   0.4661233162258280E-02   0.4355033758103009E-02   0.3853997055104541E-02   0.3232215074580126E-02   0.2621175490586172E-02   0.2096158670751610E-02   0.1762248385197822E-02   0.1532254357083680E-02   0.1473926204468356E-02   0.1521358278249464E-02   0.1625816081529185E-02   0.1753251339889655E-02   0.1598006217096028E-02   0.1283640853107082E-02   0.1682243130615812E-02   0.2213318761954998E-02   0.2892862612058020E-02   0.3752787444179993E-02   0.4830640884671061E-02   0.6169452112928080E-02   0.7817548618042338E-02
  0.9999999747378752E-03   0.9999999747378752E-03   0.9999999747378752E-03   0.9999999747378752E-03   0.9999999747378752E-03   0.9999999747378752E-03   0.9999999747378765E-03   0.1000000042290292E-02   0.1029744184517274E-02   0.2657229841364943E+00   0.2510185299127957E+02   0.8179247932998926E+02   0.6738093260148138E+02   0.4097106775741138E+02   0.2969323467535440E+02   0.2243486534589638E+02   0.3306806568203720E+01   0.6846665949480475E-02   0.1000010226650394E-02   0.1003283277146943E-02   0.8194784738625742E-01   0.2990336991194724E+00   0.1239016701397322E+00   0.6692271759800193E-01   0.4475352997545522E-01   0.5125856374008125E-01   0.7565171943015957E-01   0.6636699520556667E-01   0.1962604448513421E-01   0.1577115847651754E-01   0.1000184567919603E-02   0.9999999747378960E-03   0.9999999747378871E-03   0.9999999747380562E-03   0.1000000687061964E-02   0.1008312433698972E-02   0.1255334817512291E-02   0.1079931468010469E-02   0.1010202455241066E-02   0.1087156566449730E-02   0.1585679784870713E-02   0.1802889365030833E-02   0.1595794030377954E-02   0.1423134011138695E-02   0.1261809603474456E-02   0.1065153905161960E-02   0.1005716532213128E-02   0.1000045867364797E-02   0.1000000025732978E-02   0.9999999766671936E-03   0.9999999783489066E-03   0.9999999814768812E-03   0.9999999872634991E-03   0.9999999981046487E-03   0.1000000019388085E-02   0.1000000066108428E-02   0.1000000189114083E-02   0.1000000578605048E-02   0.1000001952421927E-02   0.1000006916920451E-02   0.1000024386020206E-02   0.1000082812071048E-02   0.1000266565567152E-02   0.1000807398535848E-02   0.1002293535152606E-02   0.1006100919753712E-02   0.1015186169382021E-02   0.1035360527327033E-02   0.1077009017617222E-02   0.1156853189490349E-02   0.1298795540020374E-02   0.1382351414060685E-02   0.1497136992119091E-02   0.1822874724001892E-02   0.2336568686062584E-02   0.3001219773748970E-02   0.3722126094676819E-02   0.4385716852435787E-02   0.4851424165410815E-02   0.5080870720644369E-02   0.4993948106653396E-02   0.4611301007199635E-02   0.4027995608183742E-02   0.3331178345023223E-02   0.2661013534501854E-02   0.2115834952338402E-02   0.1738978954005511E-02   0.1518741977670987E-02   0.1457740368169096E-02   0.1525793669660226E-02   0.1611333982592081E-02   0.1738812578042609E-02   0.1641970267417444E-02   0.1274209766725993E-02   0.1657581606832568E-02   0.2181504459706305E-02   0.2851778171252259E-02   0.3700012519772781E-02   0.4763364986617233E-02   0.6084410898531275E-02   0.7710981224178674E-02
  0.9999999747378752E-03   0.9999999747378752E-03   0.9999999747378752E-03   0.9999999747378752E-03   0.9999999747378752E-03   0.9999999747378752E-03   0.9999999747378752E-03   0.9999999747392452E-03   0.1000020961039079E-02   0.3529684182985098E-02   0.3106993102024328E+01   0.5466464209019858E+02   0.7319696564287031E+02   0.4782453657704693E+02   0.3190669460297650E+02   0.2414930990044781E+02   0.1204656596912026E+02   0.2837694327026660E+00   0.1004879644529939E-02   0.9999999750635738E-03   0.1004853660721223E-02   0.8913008008392441E-01   0.2267368416180434E+00   0.1075096366222315E+00   0.6071548202447580E-01   0.4422582295637245E-01   0.5124318901672361E-01   0.6975194993787542E-01   0.6012881311559824E-01   0.2137179568577707E-01   0.1340679666315876E-01   0.1000215664111251E-02   0.9999999747379385E-03   0.9999999747379263E-03   0.1000000152223822E-02   0.1003706421235671E-02   0.1220968265090774E-02   0.1079443489578339E-02   0.1014041732684624E-02   0.1016296969425932E-02   0.1333390749511212E-02   0.1948632078010133E-02   0.1798655368442189E-02   0.1582406943841068E-02   0.1419141019398084E-02   0.1188112721590395E-02   0.1045138347818429E-02   0.1001335593878681E-02   0.1000006373231857E-02   0.9999999813921925E-03   0.9999999783204391E-03   0.9999999814213399E-03   0.9999999871642782E-03   0.9999999979663369E-03   0.1000000019424791E-02   0.1000000067776039E-02   0.1000000200125713E-02   0.1000000635107660E-02   0.1000002208954723E-02   0.1000007981845954E-02   0.1000028470988332E-02   0.1000097347622386E-02   0.1000314619159665E-02   0.1000955094742543E-02   0.1002715716934654E-02   0.1007223395490455E-02   0.1017962161823216E-02   0.1041746228219977E-02   0.1090670743713785E-02   0.1184032537650335E-02   0.1349065326790935E-02   0.1388762495582505E-02   0.1565123887556976E-02   0.1977453794705028E-02   0.2577956075446717E-02   0.3319908889300380E-02   0.4115271359836161E-02   0.4816788992341290E-02   0.5294174190997813E-02   0.5476897589137181E-02   0.5321448099567513E-02   0.4861873205065809E-02   0.4189162736328787E-02   0.3414155674709182E-02   0.2695189716183947E-02   0.2112434567499706E-02   0.1736117266132643E-02   0.1518958843064341E-02   0.1457865643873284E-02   0.1528242751237347E-02   0.1595818064481615E-02   0.1723767432033155E-02   0.1665437109300928E-02   0.1264214678782304E-02   0.1632190712152871E-02   0.2148727979269911E-02   0.2809435975638951E-02   0.3645613460981045E-02   0.4694014467691793E-02   0.5996745161671983E-02   0.7601123927632207E-02
  0.9999999747378752E-03   0.9999999747378752E-03   0.9999999747378752E-03   0.9999999747378752E-03   0.9999999747378752E-03   0.9999999747378752E-03   0.9999999747378752E-03   0.9999999747378752E-03   0.9999999758638905E-03   0.1004007974928794E-02   0.9149145427095877E-01   0.1680983654761896E+02   0.6820707755322810E+02   0.5664395702484072E+02   0.3524062240823247E+02   0.2606036480533996E+02   0.2083666407115234E+02   0.3261766308486604E+01   0.5201070178344466E-02   0.1000004377326808E-02   0.9999999747393332E-03   0.1007408178126592E-02   0.9457479159937060E-01   0.1776136891358187E+00   0.9571352664472804E-01   0.5731945230556247E-01   0.4441165725144328E-01   0.5063637113705156E-01   0.6408988656496156E-01   0.5511965495110810E-01   0.2347460534770271E-01   0.1154542761357105E-01   0.1000278070700805E-02   0.9999999747381577E-03   0.1000000012386088E-02   0.1001427276032936E-02   0.1169621466320190E-02   0.1089462160502713E-02   0.1015793630304938E-02   0.1002172055832678E-02   0.1147394449654975E-02   0.1901858596264232E-02   0.2050661278656460E-02   0.1811033954246950E-02   0.1590048280475503E-02   0.1379929815335787E-02   0.1121448865030698E-02   0.1015886927913664E-02   0.1000278320189474E-02   0.1000000855325461E-02   0.9999999787778920E-03   0.9999999813643560E-03   0.9999999870631535E-03   0.9999999978314376E-03   0.1000000019512776E-02   0.1000000069797418E-02   0.1000000213145270E-02   0.1000000701787584E-02   0.1000002512557551E-02   0.1000009246860293E-02   0.1000033340015383E-02   0.1000114719424121E-02   0.1000372151516185E-02   0.1001132070290826E-02   0.1003221509879974E-02   0.1008566605794784E-02   0.1021276812401415E-02   0.1049346566893231E-02   0.1106861964463992E-02   0.1216072881950720E-02   0.1387945600481830E-02   0.1419209789740582E-02   0.1664120411877454E-02   0.2160815704886042E-02   0.2845261850207489E-02   0.3689123106422736E-02   0.4549240952060862E-02   0.5293733153863150E-02   0.5763026210399055E-02   0.5896292266727900E-02   0.5659333614664175E-02   0.5102245902121306E-02   0.4333643235336273E-02   0.3488391552877167E-02   0.2712131262119098E-02   0.2095361415032010E-02   0.1723701397550993E-02   0.1503243539070009E-02   0.1464702226940482E-02   0.1529042089627040E-02   0.1579504468595918E-02   0.1708264077136198E-02   0.1718496296413761E-02   0.1253714424709542E-02   0.1606118627772100E-02   0.2115039361138365E-02   0.2765895419346994E-02   0.3589663906621712E-02   0.4622681066107893E-02   0.5906568348063290E-02   0.7488115537280423E-02
  0.9999999747378752E-03   0.9999999747378752E-03   0.9999999747378752E-03   0.9999999747378752E-03   0.9999999747378752E-03   0.9999999747378752E-03   0.9999999747378752E-03   0.9999999747378752E-03   0.9999999747378791E-03   0.1000000604994723E-02   0.1360175258718995E-02   0.1470651640041846E+01   0.4222425481407393E+02   0.6240024608480459E+02   0.4063394853388288E+02   0.2823513703411918E+02   0.2174885982599160E+02   0.1266005357417813E+02   0.2540325880842574E+00   0.1010483602162985E-02   0.9999999748072793E-03   0.9999999747402047E-03   0.1011813738811784E-02   0.9793742519724273E-01   0.1434685093831632E+00   0.8655594301697461E-01   0.5519254604638398E-01   0.4459177256508337E-01   0.4938981439557963E-01   0.5873752520652981E-01   0.5103866594302316E-01   0.2577473881266678E-01   0.1004661094419818E-01   0.1000385584363878E-02   0.9999999814973911E-03   0.1000470076975927E-02   0.1113453233094957E-02   0.1110494341870176E-02   0.1014465833118132E-02   0.1000641301713710E-02   0.1044286271051858E-02   0.1517596692860651E-02   0.2255211594577694E-02   0.2085316988838410E-02   0.1817398114154641E-02   0.1576283758594015E-02   0.1295313263765289E-02   0.1050955583982906E-02   0.1004807883566620E-02   0.1000054242555391E-02   0.1000000101356826E-02   0.9999999813610938E-03   0.9999999869602508E-03   0.9999999977012451E-03   0.1000000019661615E-02   0.1000000072234114E-02   0.1000000228528499E-02   0.1000000780511259E-02   0.1000002872157170E-02   0.1000010750985779E-02   0.1000039149290495E-02   0.1000135500594294E-02   0.1000441092113921E-02   0.1001344287594037E-02   0.1003827827188150E-02   0.1010174579190775E-02   0.1025235236133955E-02   0.1058391442479475E-02   0.1126042529539816E-02   0.1253813315391243E-02   0.1416827925633517E-02   0.1465778933237802E-02   0.1786926183564566E-02   0.2366274362503708E-02   0.3161842146051968E-02   0.4101566513325935E-02   0.5025346502084977E-02   0.5795938950433436E-02   0.6255358156055021E-02   0.6334852459038936E-02   0.6002650859375548E-02   0.5327659287735764E-02   0.4467626936108294E-02   0.3551395069416978E-02   0.2710630248477807E-02   0.2084375438480055E-02   0.1702048961827007E-02   0.1492116904338510E-02   0.1458748149270679E-02   0.1518568875528239E-02   0.1562639180173891E-02   0.1692448266307178E-02   0.1761232663090141E-02   0.1242764752151542E-02   0.1579412883420287E-02   0.2080490122256879E-02   0.2721219083067660E-02   0.3532242192845652E-02   0.4549462767526241E-02   0.5814001914363655E-02   0.7372104964968944E-02
  0.9999999747378752E-03   0.9999999747378752E-03   0.9999999747378752E-03   0.9999999747378752E-03   0.9999999747378752E-03   0.9999999747378752E-03   0.9999999747378752E-03   0.9999999747378752E-03   0.9999999747378752E-03   0.9999999747444415E-03   0.1000220460058323E-02   0.2424658162326274E-01   0.1040518795615526E+02   0.5704683883264499E+02   0.4825273031208415E+02   0.3095567167012194E+02   0.2298877818577201E+02   0.1878909424364767E+02   0.3448703593050161E+01   0.4730836981703355E-02   0.1000001972451292E-02   0.9999999747378752E-03   0.9999999747430013E-03   0.1019874166762460E-02   0.9901029910346908E-01   0.1189778499864029E+00   0.7888171993074347E-01   0.5339937453953481E-01   0.4436677132793012E-01   0.4757846775905122E-01   0.5378404047159190E-01   0.4762802270304606E-01   0.2808812452911001E-01   0.8815265958356315E-02   0.1000561165912706E-02   0.1000131134728006E-02   0.1065087047565252E-02   0.1134141349922397E-02   0.1012418758695204E-02   0.1000948539620218E-02   0.1006517129464338E-02   0.1216082211819152E-02   0.2229933210995582E-02   0.2372864791279598E-02   0.2108511345381296E-02   0.1813388389142400E-02   0.1528336124607032E-02   0.1186200921163406E-02   0.1038543690716436E-02   0.1001306389547732E-02   0.1000010239628672E-02   0.9999999992518292E-03   0.9999999868627030E-03   0.9999999975772720E-03   0.1000000019882466E-02   0.1000000075158267E-02   0.1000000246695273E-02   0.1000000873495713E-02   0.1000003298413704E-02   0.1000012541014244E-02   0.1000046086637921E-02   0.1000160381420252E-02   0.1000523765493100E-02   0.1001598921939270E-02   0.1004554971213171E-02   0.1012099954752812E-02   0.1029962400165778E-02   0.1069152163057729E-02   0.1148750060196588E-02   0.1298223455533985E-02   0.1407297144126997E-02   0.1530802205649852E-02   0.1926598492187955E-02   0.2617332212408286E-02   0.3521068533972982E-02   0.4549693754532122E-02   0.5554352690590284E-02   0.6332012043557411E-02   0.6767677549850691E-02   0.6767612545799647E-02   0.6335954490626648E-02   0.5543208884623383E-02   0.4577472300793526E-02   0.3581043435094108E-02   0.2699908097527115E-02   0.2059616465982676E-02   0.1681751143322134E-02   0.1486261309126095E-02   0.1440576240156589E-02   0.1497222476075694E-02   0.1545466058108481E-02   0.1676456796559433E-02   0.1813723266364728E-02   0.1241417042424299E-02   0.1552119769371100E-02   0.2045132805566964E-02   0.2675472189007670E-02   0.3473430627660156E-02   0.4474462861101675E-02   0.5719174133987604E-02   0.7253249743566142E-02
  0.9999999747378752E-03   0.9999999747378752E-03   0.9999999747378752E-03   0.9999999747378752E-03   0.9999999747378752E-03   0.9999999747378752E-03   0.9999999747378752E-03   0.9999999747378752E-03   0.9999999747378752E-03   0.9999999747378752E-03   0.9999999824390777E-03   0.1033345924533177E-02   0.5768367117358653E+00   0.3169533080168332E+02   0.5367419041470231E+02   0.3523138412557802E+02   0.2502283119152278E+02   0.1995253789645633E+02   0.1345718291970837E+02   0.2553102285865081E+00   0.1007932675520158E-02   0.9999999747511723E-03   0.9999999747378752E-03   0.9999999747538155E-03   0.1015372459114969E-02   0.9787105232663150E-01   0.1009339328420995E+00   0.7213260530285667E-01   0.5148408545517077E-01   0.4360400329540151E-01   0.4536120490213936E-01   0.4924577425128313E-01   0.4464327322421253E-01   0.3015592632758621E-01   0.7781643212683751E-02   0.1000868601640337E-02   0.1031554976496785E-02   0.1146309247202493E-02   0.1013593793838419E-02   0.1002845447113295E-02   0.1000681298363870E-02   0.1086938833503911E-02   0.1770000104836536E-02   0.2633360171888392E-02   0.2384134654834126E-02   0.2087748286779860E-02   0.1802116942003850E-02   0.1462756836375179E-02   0.1107568889161967E-02   0.1014267997189125E-02   0.1000330232013195E-02   0.1000001913115184E-02   0.9999999895401951E-03   0.9999999974622707E-03   0.1000000020188307E-02   0.1000000078654318E-02   0.1000000268140661E-02   0.1000000983371941E-02   0.1000003804044912E-02   0.1000014672995106E-02   0.1000054377658648E-02   0.1000190192191575E-02   0.1000622967760814E-02   0.1001904592381531E-02   0.1005427260060770E-02   0.1014405505994998E-02   0.1035606426076502E-02   0.1081947760338265E-02   0.1175610419977847E-02   0.1350417978552180E-02   0.1421146811707930E-02   0.1606866899475761E-02   0.2106440753805076E-02   0.2907634494576241E-02   0.3936239547251193E-02   0.5065584357914764E-02   0.6126338084476846E-02   0.6919658531714967E-02   0.7305565927170542E-02   0.7208867317568409E-02   0.6643402880444877E-02   0.5733980682219948E-02   0.4659840432663069E-02   0.3595681908358437E-02   0.2679667307958363E-02   0.2011612619332237E-02   0.1633653782615672E-02   0.1456491773161708E-02   0.1450807493617898E-02   0.1475405432869370E-02   0.1528215708579329E-02   0.1660412098715668E-02   0.1836035226940608E-02   0.1249717594882037E-02   0.1524284062425840E-02   0.2009020707979145E-02   0.2628722182281698E-02   0.3413314887710145E-02   0.4397789137482193E-02   0.5622219076614897E-02   0.7131714758002831E-02
  0.9999999747378752E-03   0.9999999747378752E-03   0.9999999747378752E-03   0.9999999747378752E-03   0.9999999747378752E-03   0.9999999747378752E-03   0.9999999747378752E-03   0.9999999747378752E-03   0.9999999747378752E-03   0.9999999747378752E-03   0.9999999747378862E-03   0.1000005740229150E-02   0.5141628477118579E-02   0.5791710033143860E+01   0.4763925718788023E+02   0.4165710686242377E+02   0.2751263884191193E+02   0.2073689225718417E+02   0.1658623058682787E+02   0.3880643050078066E+01   0.4684832447007299E-02   0.1000000793389885E-02   0.9999999747378752E-03   0.9999999747378752E-03   0.9999999748075831E-03   0.1036270345092043E-02   0.9472049380375364E-01   0.8729372083572913E-01   0.6607045544149463E-01   0.4935047743746668E-01   0.4238289981577720E-01   0.4292520862844471E-01   0.4520330386684926E-01   0.4195820746514654E-01   0.3174986321198976E-01   0.6893924759539140E-02   0.1013995805682734E-02   0.1136080543996761E-02   0.1020355939317722E-02   0.1011658025551724E-02   0.1000259568687646E-02   0.1015163151006883E-02   0.1280140717179691E-02   0.2581683615516468E-02   0.2739013845363976E-02   0.2421995665954526E-02   0.2105343998272963E-02   0.1786599878096244E-02   0.1308120884693490E-02   0.1051924594762387E-02   0.1004760350573630E-02   0.1000079819625131E-02   0.1000000355360587E-02   0.9999999978169945E-03   0.1000000020594353E-02   0.1000000082820961E-02   0.1000000293447606E-02   0.1000001113258106E-02   0.1000004404202796E-02   0.1000017213969550E-02   0.1000064292897146E-02   0.1000225929820576E-02   0.1000742055497144E-02   0.1002271628502587E-02   0.1006473745090812E-02   0.1017165863802878E-02   0.1042342257631673E-02   0.1097151827396152E-02   0.1207348625703714E-02   0.1411670794411774E-02   0.1450392102328581E-02   0.1736817073503399E-02   0.2329978656873710E-02   0.3250905546984397E-02   0.4400471721706390E-02   0.5630800369523304E-02   0.6750550695741718E-02   0.7525580732295779E-02   0.7853650703486630E-02   0.7632231865422701E-02   0.6928887019872403E-02   0.5895207447346991E-02   0.4701833513870128E-02   0.3584213876904659E-02   0.2630125926228823E-02   0.1961271378049541E-02   0.1598825770344252E-02   0.1433720346646213E-02   0.1450082459760317E-02   0.1453505140382272E-02   0.1511095914835387E-02   0.1644418251075501E-02   0.1848224523577904E-02   0.1257707447086871E-02   0.1495949022040170E-02   0.1972207751768421E-02   0.2581038415377409E-02   0.3351983521058087E-02   0.4319553215104117E-02   0.5523275747665633E-02   0.7007671174326375E-02
  0.9999999747378752E-03   0.9999999747378752E-03   0.9999999747378752E-03   0.9999999747378752E-03   0.9999999747378752E-03   0.9999999747378752E-03   0.9999999747378752E-03   0.9999999747378752E-03   0.9999999747378752E-03   0.9999999747378752E-03   0.9999999747378752E-03   0.9999999747707215E-03   0.1002420308872757E-02   0.1778814702304433E+00   0.2278048004979470E+02   0.4651502307763473E+02   0.3106521011551530E+02   0.2227423862903061E+02   0.1812806806698593E+02   0.1403236231871406E+02   0.2837322358665548E+00   0.1005650676573474E-02   0.9999999747399709E-03   0.9999999747378752E-03   0.9999999747378752E-03   0.9999999751516176E-03   0.1089086854172516E-02   0.9000139459255524E-01   0.7684508504619486E-01   0.6060079462204114E-01   0.4702341142489477E-01   0.4084266372508755E-01   0.4045147912873016E-01   0.4164709723912196E-01   0.3949238449358135E-01   0.3266108151424299E-01   0.6116414464315409E-02   0.1106343433768869E-02   0.1031865829530599E-02   0.1039843614606581E-02   0.1002151521318544E-02   0.1001896145636505E-02   0.1118632020589597E-02   0.2007843669422886E-02   0.3065339222214005E-02   0.2819552281362593E-02   0.2468227643324329E-02   0.2118925473398990E-02   0.1639082436084901E-02   0.1184208641095076E-02   0.1035393652044128E-02   0.1001470014003375E-02   0.1000018823231896E-02   0.1000000069417078E-02   0.1000000021199298E-02   0.1000000087773346E-02   0.1000000323301310E-02   0.1000001266843262E-02   0.1000005116906844E-02   0.1000020243972360E-02   0.1000076156123183E-02   0.1000268788563893E-02   0.1000885047956914E-02   0.1002712374971352E-02   0.1007729021671377E-02   0.1020469434687770E-02   0.1050375659322108E-02   0.1115199746565273E-02   0.1244799827358462E-02   0.1463428029328396E-02   0.1487278619549344E-02   0.1853746333304344E-02   0.2590921127389122E-02   0.3650864712578280E-02   0.4926569541829767E-02   0.6246229840185546E-02   0.7395264279889724E-02   0.8165392499379290E-02   0.8395612048664321E-02   0.8050741707337175E-02   0.7196192126250699E-02   0.6022440884965109E-02   0.4721130347541160E-02   0.3526174587909314E-02   0.2562030925125410E-02   0.1909852437501029E-02   0.1558515972404132E-02   0.1438915765293716E-02   0.1439032459913520E-02   0.1431877385681793E-02   0.1494284191053147E-02   0.1628558582576132E-02   0.1830335731483080E-02   0.1265422659962115E-02   0.1467156594555294E-02   0.1934748458149049E-02   0.2532491909406204E-02   0.3289527536348562E-02   0.4239869976107402E-02   0.5422487366956428E-02   0.6881295542455759E-02
  0.9999999747378752E-03   0.9999999747378752E-03   0.9999999747378752E-03   0.9999999747378752E-03   0.9999999747378752E-03   0.9999999747378752E-03   0.9999999747378752E-03   0.9999999747378752E-03   0.9999999747378752E-03   0.9999999747378752E-03   0.9999999747378752E-03   0.9999999747378752E-03   0.1000000037895774E-02   0.1438869009963470E-02   0.2796246846837456E+01   0.3949792014685008E+02   0.3644306623162685E+02   0.2450478372518622E+02   0.1910578257575105E+02   0.1488904282583804E+02   0.4585716087542585E+01   0.4766679770461464E-02   0.1000000257195789E-02   0.9999999747378752E-03   0.9999999747378752E-03   0.9999999747378752E-03   0.9999999778733343E-03   0.1206800509764833E-02   0.8424349568030785E-01   0.6875968679509925E-01   0.5575332805633140E-01   0.4463444177700444E-01   0.3918319990716938E-01   0.3818303297840250E-01   0.3861063610059150E-01   0.3726368261795027E-01   0.3278606682832544E-01   0.5467045577640808E-02   0.1046763040552886E-02   0.1074445528968141E-02   0.1015790264149531E-02   0.1000230102392817E-02   0.1028001757191131E-02   0.1386518567006835E-02   0.2917511383595592E-02   0.3215935736769963E-02   0.2838845950688476E-02   0.2481337826208668E-02   0.2046013545655288E-02   0.1495172217440066E-02   0.1094842896649254E-02   0.1013818988452170E-02   0.1000429127460738E-02   0.1000004396804142E-02   0.1000000036346873E-02   0.1000000093660819E-02   0.1000000358505338E-02   0.1000001448481950E-02   0.1000005963536535E-02   0.1000023858315424E-02   0.1000090353786992E-02   0.1000320195032242E-02   0.1001056742984767E-02   0.1003241534185585E-02   0.1009234130262633E-02   0.1024420495561581E-02   0.1059947472617539E-02   0.1136596088577321E-02   0.1288919818669570E-02   0.1447318707039974E-02   0.1554285211975373E-02   0.2020978920340204E-02   0.2873103156563729E-02   0.4101119838230478E-02   0.5506874820351945E-02   0.6921920384134848E-02   0.8097643026906930E-02   0.8823563100962474E-02   0.8944231861783482E-02   0.8446995460816693E-02   0.7439188596589321E-02   0.6111732252210822E-02   0.4706110718036145E-02   0.3451782295931205E-02   0.2496647744318798E-02   0.1848922753078609E-02   0.1524100824110186E-02   0.1423060821393023E-02   0.1428252485648694E-02   0.1410832771392477E-02   0.1477922832815871E-02   0.1612894886035299E-02   0.1812402593459663E-02   0.1272894965373568E-02   0.1437947754452627E-02   0.1896697981238497E-02   0.2483155166501232E-02   0.3226040058231765E-02   0.4158857091175397E-02   0.5320000762319471E-02   0.6752769043466930E-02
  0.9999999747378752E-03   0.9999999747378752E-03   0.9999999747378752E-03   0.9999999747378752E-03   0.9999999747378752E-03   0.9999999747378752E-03   0.9999999747378752E-03   0.9999999747378752E-03   0.9999999747378752E-03   0.9999999747378752E-03   0.9999999747378752E-03   0.9999999747378752E-03   0.9999999747379185E-03   0.1000067452241368E-02   0.4091427099308167E-01   0.1536873105999122E+02   0.4056891461655000E+02   0.2761095623806073E+02   0.2025224375569308E+02   0.1610474766045503E+02   0.1391164669227257E+02   0.3421550036098249E+00   0.1003597498908179E-02   0.9999999747381393E-03   0.9999999747378752E-03   0.9999999747378752E-03   0.9999999747378754E-03   0.1000000002794137E-02   0.1450968154310740E-02   0.7805538282754308E-01   0.6237912421376394E-01   0.5150218116974542E-01   0.4232825070935648E-01   0.3758115942029563E-01   0.3625107906486790E-01   0.3619050749332233E-01   0.3534229032307364E-01   0.3205032608797346E-01   0.4778830364888109E-02   0.1154435610807274E-02   0.1058476362065312E-02   0.1000899980011453E-02   0.1004204915259468E-02   0.1144693967733248E-02   0.2221913756366716E-02   0.3537586721285381E-02   0.3317226694889637E-02   0.2897643081236653E-02   0.2491861575086512E-02   0.1933710450834326E-02   0.1298716720443314E-02   0.1055190962870934E-02   0.1004973543804736E-02   0.1000120332058203E-02   0.1000001049359547E-02   0.1000000103633820E-02   0.1000000400002443E-02   0.1000001663299424E-02   0.1000006969382845E-02   0.1000028170153898E-02   0.1000107345650953E-02   0.1000381847459236E-02   0.1001262846277029E-02   0.1003876544661836E-02   0.1011037536993226E-02   0.1029141424655159E-02   0.1071338004547882E-02   0.1161921852679353E-02   0.1340794335894648E-02   0.1445161702833728E-02   0.1634118510092650E-02   0.2222036151803806E-02   0.3240407622526335E-02   0.4615037096532328E-02   0.6153097495716878E-02   0.7646908887233151E-02   0.8833623851886100E-02   0.9493399051350132E-02   0.9491490763135612E-02   0.8813339943983325E-02   0.7632046274883723E-02   0.6159812174365331E-02   0.4655959837918521E-02   0.3371961445974360E-02   0.2405724708354540E-02   0.1810295522936661E-02   0.1507025573135648E-02   0.1407110139151200E-02   0.1398277501920810E-02   0.1390626786509720E-02   0.1462116611469924E-02   0.1597468123269647E-02   0.1794449269178653E-02   0.1310152652162114E-02   0.1408362911463387E-02   0.1858112164718888E-02   0.2433102010898130E-02   0.3161616030360298E-02   0.4076634612751074E-02   0.5215965853257941E-02   0.6622276850829781E-02
  0.9999999747378752E-03   0.9999999747378752E-03   0.9999999747378752E-03   0.9999999747378752E-03   0.9999999747378752E-03   0.9999999747378752E-03   0.9999999747378752E-03   0.9999999747378752E-03   0.9999999747378752E-03   0.9999999747378752E-03   0.9999999747378752E-03   0.9999999747378752E-03   0.9999999747378752E-03   0.9999999750016160E-03   0.1023363246961331E-02   0.1120334466017810E+01   0.3227732065515610E+02   0.3218267090711041E+02   0.2206376189908855E+02   0.1743078940405916E+02   0.1400337627416339E+02   0.5569564275367111E+01   0.4823717374750603E-02   0.1000000056680013E-02   0.9999999747378752E-03   0.9999999747378752E-03   0.9999999747378754E-03   0.9999999747378754E-03   0.1000000247010283E-02   0.1935526666657463E-02   0.7198333431441732E-01   0.5728501484013143E-01   0.4786680926350702E-01   0.4026363468498295E-01   0.3617992855370808E-01   0.3474311235187245E-01   0.3441953728484164E-01   0.3390321602905740E-01   0.3027079651725067E-01   0.4391807197375230E-02   0.1320467622850055E-02   0.1013068224282664E-02   0.1000510996765719E-02   0.1044859059868419E-02   0.1493994960776773E-02   0.3249296551613243E-02   0.3797078868839941E-02   0.3390099664097748E-02   0.2950742234555481E-02   0.2460036172414076E-02   0.1694727605450796E-02   0.1174986207233687E-02   0.1033065368763243E-02   0.1001676961993688E-02   0.1000032807547486E-02   0.1000000349476731E-02   0.1000000449534026E-02   0.1000001917307031E-02   0.1000008164253953E-02   0.1000033313315135E-02   0.1000127676513270E-02   0.1000455758861174E-02   0.1001510112423038E-02   0.1004637988964073E-02   0.1013196171569993E-02   0.1034774998557992E-02   0.1084871354401403E-02   0.1191841077860203E-02   0.1401646160421738E-02   0.1458967221074767E-02   0.1759696534374811E-02   0.2480585048606714E-02   0.3656663589152382E-02   0.5185586956043904E-02   0.6846131630647468E-02   0.8419055403838511E-02   0.9597826717022096E-02   0.1016707303528708E-01   0.1000871705371523E-01   0.9152094636859643E-02   0.7779463270768615E-02   0.6164258995038287E-02   0.4580744401463887E-02   0.3248333933847705E-02   0.2311432782734090E-02   0.1745956193725675E-02   0.1458742750957987E-02   0.1401951070110249E-02   0.1369563587678121E-02   0.1371453965356542E-02   0.1446933029514486E-02   0.1582300386489214E-02   0.1776492051789255E-02   0.1377221568493139E-02   0.1378442319922653E-02   0.1819047590813079E-02   0.2382407440848151E-02   0.3096351949844291E-02   0.3993324617643699E-02   0.5110535200900223E-02   0.6490007576078524E-02
  0.9999999747378752E-03   0.9999999747378752E-03   0.9999999747378752E-03   0.9999999747378752E-03   0.9999999747378752E-03   0.9999999747378752E-03   0.9999999747378752E-03   0.9999999747378752E-03   0.9999999747378752E-03   0.9999999747378752E-03   0.9999999747378752E-03   0.9999999747378752E-03   0.9999999747378752E-03   0.9999999747378752E-03   0.1000000844822779E-02   0.7120078384591083E-02   0.9486548235449387E+01   0.3552353479254036E+02   0.2474117028332323E+02   0.1862726182042985E+02   0.1445144387699052E+02   0.1290916626951126E+02   0.4390983758179574E+00   0.1002103904582893E-02   0.9999999747379042E-03   0.9999999747378752E-03   0.9999999747378754E-03   0.9999999747378754E-03   0.9999999747378754E-03   0.1000002614969615E-02   0.2763042339531663E-02   0.6636901472403900E-01   0.5314039626923647E-01   0.4481721127914756E-01   0.3851137818297712E-01   0.3510076408764997E-01   0.3372213934327625E-01   0.3331455053113254E-01   0.3299204702704104E-01   0.2727860905039329E-01   0.4967322203266831E-02   0.1136031289078520E-02   0.1000625374327903E-02   0.1007997921316329E-02   0.1154368056071441E-02   0.2422561189096481E-02   0.4056396545777280E-02   0.3912509677623585E-02   0.3489524097023926E-02   0.2979452545504380E-02   0.2267069511295535E-02   0.1487032553374296E-02   0.1090360062836846E-02   0.1013361447374757E-02   0.1000536396207588E-02   0.1000008862210269E-02   0.1000000563196171E-02   0.1000002217666247E-02   0.1000009583123696E-02   0.1000039445339221E-02   0.1000151988807802E-02   0.1000544303217780E-02   0.1001806494413708E-02   0.1005550019468830E-02   0.1015776484805345E-02   0.1041486646048539E-02   0.1100919396728945E-02   0.1227106186022792E-02   0.1472838765013320E-02   0.1500930657005343E-02   0.1894118434422871E-02   0.2790366032128659E-02   0.4135519193863006E-02   0.5815167593341724E-02   0.7605862447839063E-02   0.9234891191596119E-02   0.1039350418252847E-01   0.1084570796039534E-01   0.1049678883462819E-01   0.9445809080672132E-02   0.7876898052360040E-02   0.6133644247616453E-02   0.4481452777751152E-02   0.3133176450883742E-02   0.2206283032020928E-02   0.1667979713111662E-02   0.1450651766068656E-02   0.1398370169980895E-02   0.1342474934642891E-02   0.1353446217369849E-02   0.1432404844935990E-02   0.1567397796406770E-02   0.1758541337211442E-02   0.1434126122085095E-02   0.1348226439836010E-02   0.1779561600135269E-02   0.2331147478589706E-02   0.3030345620081004E-02   0.3909050882403587E-02   0.5003863602905137E-02   0.6356152772077039E-02
  0.9999999747378752E-03   0.9999999747378752E-03   0.9999999747378752E-03   0.9999999747378752E-03   0.9999999747378752E-03   0.9999999747378752E-03   0.9999999747378752E-03   0.9999999747378752E-03   0.9999999747378752E-03   0.9999999747378752E-03   0.9999999747378752E-03   0.9999999747378752E-03   0.9999999747378752E-03   0.9999999747378752E-03   0.9999999747382791E-03   0.1001258944286240E-02   0.3547697637161480E+00   0.2573881147083859E+02   0.2864844425462787E+02   0.2016844515213601E+02   0.1560317500822689E+02   0.1343217572805636E+02   0.6745687994507335E+01   0.4925391270584485E-02   0.9999999976604509E-03   0.9999999747378752E-03   0.9999999747378754E-03   0.9999999747378754E-03   0.9999999747378754E-03   0.9999999747378843E-03   0.1000023798772882E-02   0.4197607474436069E-02   0.6145353842571064E-01   0.4973785915631487E-01   0.4234182242284951E-01   0.3716281256622984E-01   0.3436462996455464E-01   0.3319590766634569E-01   0.3283374729338509E-01   0.3239170419879392E-01   0.2428628411449375E-01   0.5121296595403208E-02   0.1036539249165757E-02   0.1001202360573206E-02   0.1066278847337368E-02   0.1610309998696255E-02   0.3595967122512950E-02   0.4484166238945411E-02   0.4049977309548743E-02   0.3537577044532342E-02   0.2914405450626554E-02   0.2013562982921987E-02   0.1277586374564244E-02   0.1067424265922421E-02   0.1005022503447822E-02   0.1000164349354700E-02   0.1000002867071269E-02   0.1000002585568785E-02   0.1000011266833560E-02   0.1000046750635180E-02   0.1000181035676692E-02   0.1000650263093443E-02   0.1002161295874509E-02   0.1006640782781049E-02   0.1018855467432536E-02   0.1049466499021076E-02   0.1119905031087606E-02   0.1268561220102208E-02   0.1485874945153765E-02   0.1573416388430284E-02   0.2070617195732572E-02   0.3135096803468030E-02   0.4680288289772103E-02   0.6515408901006066E-02   0.8430972481950790E-02   0.1009949247816325E-01   0.1120254140098438E-01   0.1150952214068862E-01   0.1095638699031954E-01   0.9677543297085268E-02   0.7930791516051954E-02   0.6057643964143904E-02   0.4339993689960847E-02   0.3009344300137197E-02   0.2103025975572049E-02   0.1598444121384951E-02   0.1404043508897197E-02   0.1377027257483852E-02   0.1317277201866647E-02   0.1336675059759522E-02   0.1418534406569694E-02   0.1552753974131017E-02   0.1740603637218495E-02   0.1500890183038577E-02   0.1317756215180864E-02   0.1739712270077471E-02   0.2279399010378599E-02   0.2963695911886918E-02   0.3823938577553846E-02   0.4896107715017227E-02   0.6220906470659696E-02
  0.9999999747378752E-03   0.9999999747378752E-03   0.9999999747378752E-03   0.9999999747378752E-03   0.9999999747378752E-03   0.9999999747378752E-03   0.9999999747378752E-03   0.9999999747378752E-03   0.9999999747378752E-03   0.9999999747378752E-03   0.9999999747378752E-03   0.9999999747378752E-03   0.9999999747378752E-03   0.9999999747378752E-03   0.9999999747378752E-03   0.9999999798032959E-03   0.1578746463227792E-02   0.5194781502627856E+01   0.3116512071311843E+02   0.2243033853295792E+02   0.1689155559401298E+02   0.1355493556424891E+02   0.1142845974552933E+02   0.5881567865218034E+00   0.1001315263167432E-02   0.9999999747378791E-03   0.9999999747378754E-03   0.9999999747378754E-03   0.9999999747378754E-03   0.9999999747378754E-03   0.9999999747387443E-03   0.1000189138840754E-02   0.6362470634221642E-02   0.5724610461179547E-01   0.4692979873556243E-01   0.4040268266619679E-01   0.3618687317911935E-01   0.3391905901841885E-01   0.3305066875819598E-01   0.3282690162166466E-01   0.3145850862551678E-01   0.2308930410176599E-01   0.4375085454444165E-02   0.1021089628397853E-02   0.1013918146131404E-02   0.1191133805625557E-02   0.2618197535531038E-02   0.4605204838905957E-02   0.4699959553986724E-02   0.4172508672564518E-02   0.3593880781751023E-02   0.2730262777851688E-02   0.1692805701318273E-02   0.1165521792335229E-02   0.1029683324268311E-02   0.1001773196455608E-02   0.1000049073676769E-02   0.1000003582722812E-02   0.1000013265794631E-02   0.1000055443602529E-02   0.1000215693854689E-02   0.1000776876151369E-02   0.1002585317020218E-02   0.1007942813784249E-02   0.1022521545517365E-02   0.1058931018545044E-02   0.1142304181313190E-02   0.1317141918890548E-02   0.1452388560623461E-02   0.1648928737332639E-02   0.2312492139492831E-02   0.3558350095794187E-02   0.5283771425653671E-02   0.7286962435845464E-02   0.9298757157702295E-02   0.1098639270979381E-01   0.1200551686662987E-01   0.1213803858284954E-01   0.1136829268446660E-01   0.9851157995711814E-02   0.7928764542355591E-02   0.5937105672118073E-02   0.4179150267912817E-02   0.2850164614727265E-02   0.1994538657073000E-02   0.1549345981022077E-02   0.1390053427685806E-02   0.1348438397591738E-02   0.1294137186341788E-02   0.1321157180294898E-02   0.1405299236383184E-02   0.1538353722558076E-02   0.1722683458691325E-02   0.1557537830943127E-02   0.1297073251202569E-02   0.1699558347470349E-02   0.2227239612548993E-02   0.2896502525558422E-02   0.3738113969516559E-02   0.4787425684270877E-02   0.6084464735462831E-02
  0.9999999747378752E-03   0.9999999747378752E-03   0.9999999747378752E-03   0.9999999747378752E-03   0.9999999747378752E-03   0.9999999747378752E-03   0.9999999747378752E-03   0.9999999747378752E-03   0.9999999747378752E-03   0.9999999747378752E-03   0.9999999747378752E-03   0.9999999747378752E-03   0.9999999747378752E-03   0.9999999747378752E-03   0.9999999747378752E-03   0.9999999747378754E-03   0.1000025777557493E-02   0.8519853813419451E-01   0.1977256411406248E+02   0.2570955356271129E+02   0.1837586097171193E+02   0.1421334218141217E+02   0.1248526008065426E+02   0.7876936439905648E+01   0.5351815405151986E-02   0.9999999837899693E-03   0.9999999747378754E-03   0.9999999747378754E-03   0.9999999747378754E-03   0.9999999747378754E-03   0.9999999747378767E-03   0.9999999748018253E-03   0.1001271069356012E-02   0.9273218066911292E-02   0.5368126245291293E-01   0.4461327708403016E-01   0.3893853345397841E-01   0.3549676648605513E-01   0.3383540080356572E-01   0.3331905375105550E-01   0.3278509181870765E-01   0.3063179845178352E-01   0.2184038273372990E-01   0.3707394130110810E-02   0.1020309595881091E-02   0.1094222329965107E-02   0.1739423250647142E-02   0.3937681944936571E-02   0.5262827475939862E-02   0.4875229549720966E-02   0.4310962481791043E-02   0.3516698835031721E-02   0.2367199781630720E-02   0.1434451022487763E-02   0.1080545972075067E-02   0.1012084968746550E-02   0.1000592699021399E-02   0.1000017279689258E-02   0.1000015775497491E-02   0.1000065772189416E-02   0.1000256975364952E-02   0.1000927876744872E-02   0.1003090981116566E-02   0.1009493357866105E-02   0.1026875235310219E-02   0.1070123900097237E-02   0.1168645882511292E-02   0.1373871336537236E-02   0.1464127241877861E-02   0.1740067152530790E-02   0.2593018226359228E-02   0.4033403948328842E-02   0.5948053620330932E-02   0.8109285085931894E-02   0.1022496214554520E-01   0.1190754642202737E-01   0.1281183223668204E-01   0.1274035738706727E-01   0.1172371869335553E-01   0.9971598573281481E-02   0.7869776425056339E-02   0.5774063125806902E-02   0.3982489468410845E-02   0.2699304450816297E-02   0.1893706408707476E-02   0.1492523079201587E-02   0.1379625870654325E-02   0.1312968381020233E-02   0.1273128249491011E-02   0.1306862530725347E-02   0.1392658255714550E-02   0.1524176589414021E-02   0.1704784916005274E-02   0.1634093899886363E-02   0.1276219888760645E-02   0.1659159137541898E-02   0.2174747362517363E-02   0.2828865748742540E-02   0.3651704121673235E-02   0.4677976782123064E-02   0.5947025214847394E-02
  0.9999999747378752E-03   0.9999999747378752E-03   0.9999999747378752E-03   0.9999999747378752E-03   0.9999999747378752E-03   0.9999999747378752E-03   0.9999999747378752E-03   0.9999999747378752E-03   0.9999999747378752E-03   0.9999999747378752E-03   0.9999999747378752E-03   0.9999999747378752E-03   0.9999999747378752E-03   0.9999999747378752E-03   0.9999999747378752E-03   0.9999999747378752E-03   0.9999999747519338E-03   0.1020563149494692E-02   0.2442323916504905E+01   0.2731774970534300E+02   0.2037609264448166E+02   0.1528730100150847E+02   0.1294082136833668E+02   0.1018406648426438E+02   0.8058958610033519E+00   0.1001121944651490E-02   0.9999999747378767E-03   0.9999999747378754E-03   0.9999999747378754E-03   0.9999999747378754E-03   0.9999999747378767E-03   0.9999999747378832E-03   0.9999999780260943E-03   0.1007065980883013E-02   0.1292732860881170E-01   0.5067305964440777E-01   0.4272866593492052E-01   0.3780770063578561E-01   0.3512890428814952E-01   0.3414130931489655E-01   0.3351777914091630E-01   0.3243111051338629E-01   0.3073991780643973E-01   0.1975413883777827E-01   0.3235675404762616E-02   0.1041700914172431E-02   0.1252379670434891E-02   0.2844662147423870E-02   0.5181806164606154E-02   0.5636150582565091E-02   0.5060242748210684E-02   0.4360742172877915E-02   0.3253861750953857E-02   0.1996543135604381E-02   0.1231735070402583E-02   0.1056398400402352E-02   0.1004582951899575E-02   0.1000191816332631E-02   0.1000022218991557E-02   0.1000078053992560E-02   0.1000306036758529E-02   0.1001107527171145E-02   0.1003692423002762E-02   0.1011334564741550E-02   0.1032029402086658E-02   0.1083315878167908E-02   0.1199509639276425E-02   0.1439849486815862E-02   0.1492923679429021E-02   0.1879462648824784E-02   0.2935329701142210E-02   0.4573064523530060E-02   0.6674283650687733E-02   0.9000426752795540E-02   0.1119365641942320E-01   0.1284335726833246E-01   0.1359991636623037E-01   0.1329548555463099E-01   0.1200465968596204E-01   0.1002515508359000E-01   0.7754230728420191E-02   0.5571693981794486E-02   0.3784230245345807E-02   0.2530621434741351E-02   0.1793306884301386E-02   0.1459589254592001E-02   0.1363491461970086E-02   0.1280832461415494E-02   0.1254240507147377E-02   0.1293724023535378E-02   0.1380558079326102E-02   0.1510200049483942E-02   0.1686912994652965E-02   0.1710584322060710E-02   0.1265239181310075E-02   0.1618574355363067E-02   0.2122000635545650E-02   0.2760886206796511E-02   0.3564836588356650E-02   0.4567921028878292E-02   0.5808786683698909E-02
  0.9999999747378752E-03   0.9999999747378752E-03   0.9999999747378752E-03   0.9999999747378752E-03   0.9999999747378752E-03   0.9999999747378752E-03   0.9999999747378752E-03   0.9999999747378752E-03   0.9999999747378752E-03   0.9999999747378752E-03   0.9999999747378752E-03   0.9999999747378752E-03   0.9999999747378752E-03   0.9999999747378752E-03   0.9999999747378752E-03   0.9999999747378752E-03   0.9999999747378752E-03   0.1000000277029738E-02   0.1566076655214975E-01   0.1439968576851152E+02   0.2314686952237701E+02   0.1667813159110005E+02   0.1340638437694925E+02   0.1114421126289789E+02   0.8638814860469498E+01   0.6515994368450653E-02   0.9999999821927465E-03   0.9999999747378754E-03   0.9999999747378754E-03   0.9999999747378754E-03   0.9999999747378767E-03   0.9999999747378832E-03   0.9999999747378880E-03   0.1000000089243953E-02   0.1032225636793315E-02   0.1703590176182544E-01   0.4811506771194315E-01   0.4112235874541046E-01   0.3699091258363305E-01   0.3521120908932251E-01   0.3438145198429739E-01   0.3352206930059230E-01   0.3250585295769316E-01   0.3074106877293484E-01   0.1743586507652515E-01   0.2877981185903180E-02   0.1132753939386985E-02   0.1870596040365735E-02   0.4347964184836738E-02   0.6111356097846097E-02   0.5895879697821450E-02   0.5234895303889210E-02   0.4254943645297982E-02   0.2838193889233192E-02   0.1612924929718033E-02   0.1123197210338680E-02   0.1024272520160803E-02   0.1001630908218367E-02   0.1000078414315474E-02   0.1000093510568238E-02   0.1000364191908631E-02   0.1001320631281897E-02   0.1004405515022885E-02   0.1013513479793604E-02   0.1038108924693352E-02   0.1098802961190107E-02   0.1235519086181941E-02   0.1506235298542521E-02   0.1550652981549513E-02   0.2069692751944538E-02   0.3312276542795485E-02   0.5169463365593186E-02   0.7472442144030966E-02   0.9946834731812683E-02   0.1219715573538207E-01   0.1378278089151319E-01   0.1435750436297213E-01   0.1379271331950952E-01   0.1222424289696077E-01   0.1000967983352209E-01   0.7584017638926276E-02   0.5344219565229576E-02   0.3559077239304808E-02   0.2378006251785341E-02   0.1685903828047545E-02   0.1401885172703897E-02   0.1342158186894782E-02   0.1252106373489406E-02   0.1237394487247743E-02   0.1281647882767215E-02   0.1368938883481350E-02   0.1496402126143427E-02   0.1669074434577955E-02   0.1777036274773187E-02   0.1244174794560553E-02   0.1577863948082732E-02   0.2069077889103340E-02   0.2692664603712549E-02   0.3477639097646413E-02   0.4457418803554492E-02   0.5669948566427706E-02
  0.9999999747378752E-03   0.9999999747378752E-03   0.9999999747378752E-03   0.9999999747378752E-03   0.9999999747378752E-03   0.9999999747378752E-03   0.9999999747378752E-03   0.9999999747378752E-03   0.9999999747378752E-03   0.9999999747378752E-03   0.9999999747378752E-03   0.9999999747378752E-03   0.9999999747378752E-03   0.9999999747378752E-03   0.9999999747378752E-03   0.9999999747378752E-03   0.9999999747378752E-03   0.9999999747378968E-03   0.1001734942122930E-02   0.9600706369215893E+00   0.2381656948804578E+02   0.1852255295270059E+02   0.1419082655939879E+02   0.1199825539270784E+02   0.9533364204782441E+01   0.1103964902536026E+01   0.1001438178127936E-02   0.9999999747378767E-03   0.9999999747378754E-03   0.9999999747378754E-03   0.9999999747378767E-03   0.9999999747378832E-03   0.9999999747378873E-03   0.9999999747380998E-03   0.1000002667444428E-02   0.1071021761654000E-02   0.2124534197133134E-01   0.4584622324403095E-01   0.3972039568045144E-01   0.3659685082596654E-01   0.3559194474549741E-01   0.3454768971147040E-01   0.3350854096878114E-01   0.3308396036924140E-01   0.3015499770401567E-01   0.1518571452348167E-01   0.2614882639664592E-02   0.1351358562506842E-02   0.3135898004494892E-02   0.5873800987768716E-02   0.6736913946036253E-02   0.6191143519131265E-02   0.5317678214358192E-02   0.3925380135093182E-02   0.2313822441103971E-02   0.1345270962185725E-02   0.1064038949047277E-02   0.1009660302329656E-02   0.1000567394457687E-02   0.1000125885558072E-02   0.1000433125768085E-02   0.1001572522805462E-02   0.1005247798771717E-02   0.1016081739827193E-02   0.1045249522965587E-02   0.1116902541046500E-02   0.1277330850587834E-02   0.1534219047355544E-02   0.1619173672940224E-02   0.2303172742417886E-02   0.3766253540229151E-02   0.5833833285861895E-02   0.8331108503070464E-02   0.1094318942465343E-01   0.1322601100555531E-01   0.1471351014119521E-01   0.1507198716966447E-01   0.1422202095294735E-01   0.1236705803333122E-01   0.9924745305258850E-02   0.7362485671587061E-02   0.5076750249439937E-02   0.3342029713663606E-02   0.2225227122782302E-02   0.1603757247862440E-02   0.1380447457291704E-02   0.1315915692879355E-02   0.1226743047920549E-02   0.1222456811357713E-02   0.1270523776044995E-02   0.1357739475565400E-02   0.1482763359520949E-02   0.1651278245226375E-02   0.1833478165784956E-02   0.1243070842961788E-02   0.1537087896668092E-02   0.2016057437049484E-02   0.2624301452768319E-02   0.3390239220629717E-02   0.4346630435775985E-02   0.5530710436600670E-02
  0.9999999747378752E-03   0.9999999747378752E-03   0.9999999747378752E-03   0.9999999747378752E-03   0.9999999747378752E-03   0.9999999747378752E-03   0.9999999747378752E-03   0.9999999747378752E-03   0.9999999747378752E-03   0.9999999747378752E-03   0.9999999747378752E-03   0.9999999747378752E-03   0.9999999747378752E-03   0.9999999747378752E-03   0.9999999747378752E-03   0.9999999747378752E-03   0.9999999747378752E-03   0.9999999747378752E-03   0.9999999770643133E-03   0.2866742061800670E-02   0.9775696205054096E+01   0.2090455082590669E+02   0.1536660467488422E+02   0.1262287701819390E+02   0.9954175954932104E+01   0.8828010256029021E+01   0.9070606589557013E-02   0.9999999868127182E-03   0.9999999747378754E-03   0.9999999747378754E-03   0.9999999747378767E-03   0.9999999747378832E-03   0.9999999747378873E-03   0.9999999747379038E-03   0.9999999747697594E-03   0.1000043621238334E-02   0.1309498415916764E-02   0.2528119855770669E-01   0.4371419067193665E-01   0.3840146542682338E-01   0.3710843769023669E-01   0.3574885973903351E-01   0.3454680706508153E-01   0.3389152915308000E-01   0.3363474451797311E-01   0.2899249909622553E-01   0.1311138993974539E-01   0.2466135461000698E-02   0.2102304394449362E-02   0.4865574885405013E-02   0.7139999023223553E-02   0.7169156214886850E-02   0.6416816743744756E-02   0.5134544371426562E-02   0.3342985839139239E-02   0.1854361247109401E-02   0.1181991939642083E-02   0.1041885605050236E-02   0.1003591117471081E-02   0.1000299302306764E-02   0.1000518136372449E-02   0.1001869066428142E-02   0.1006238284304579E-02   0.1019094861264762E-02   0.1053595463818828E-02   0.1137946749804641E-02   0.1325617435850146E-02   0.1504983430103546E-02   0.1700250193146841E-02   0.2602021947067553E-02   0.4269003710795329E-02   0.6556269755236508E-02   0.9247239362426236E-02   0.1198228725184549E-01   0.1426907446386667E-01   0.1562224558496158E-01   0.1573082122095974E-01   0.1457449533318917E-01   0.1242944413148033E-01   0.9771727829491410E-02   0.7094340415577828E-02   0.4795084356362456E-02   0.3108177721095075E-02   0.2075786301604904E-02   0.1538755231524745E-02   0.1365997026244863E-02   0.1274851268880721E-02   0.1204594040114446E-02   0.1209256467500257E-02   0.1260234009889083E-02   0.1346901333190371E-02   0.1469268109095463E-02   0.1633535896968914E-02   0.1849939494311498E-02   0.1271971690142070E-02   0.1496306005088578E-02   0.1963017215849356E-02   0.2555896796922945E-02   0.3302764026307713E-02   0.4235715778357830E-02   0.5391271491292276E-02
  0.9999999747378752E-03   0.9999999747378752E-03   0.9999999747378752E-03   0.9999999747378752E-03   0.9999999747378752E-03   0.9999999747378752E-03   0.9999999747378752E-03   0.9999999747378752E-03   0.9999999747378752E-03   0.9999999747378752E-03   0.9999999747378752E-03   0.9999999747378752E-03   0.9999999747378752E-03   0.9999999747378752E-03   0.9999999747378752E-03   0.9999999747378752E-03   0.9999999747378752E-03   0.9999999747378752E-03   0.9999999747378752E-03   0.1000054912511890E-02   0.3140983699286253E+00   0.2057221957171004E+02   0.1699807630441576E+02   0.1330864242876114E+02   0.1081359393283197E+02   0.9247945494768278E+01   0.1471015757133037E+01   0.1002489680168171E-02   0.9999999747378791E-03   0.9999999747378754E-03   0.9999999747378767E-03   0.9999999747378832E-03   0.9999999747378873E-03   0.9999999747379038E-03   0.9999999747379348E-03   0.9999999776518563E-03   0.1000510094405388E-02   0.1927850531702299E-02   0.2874443427655992E-01   0.4114796429570507E-01   0.3870547325266979E-01   0.3732929208990107E-01   0.3574193007637717E-01   0.3471810558953618E-01   0.3447613511193035E-01   0.3397045578304147E-01   0.2732652165909360E-01   0.1128575124515556E-01   0.2545407523980233E-02   0.3549922383547875E-02   0.6712927245141978E-02   0.8067563529580296E-02   0.7558865025855678E-02   0.6460846139188449E-02   0.4654750483186990E-02   0.2712319199264943E-02   0.1476458039725292E-02   0.1090125432563611E-02   0.1017146727247352E-02   0.1001372703710389E-02   0.1000658205894922E-02   0.1002217411986635E-02   0.1007397083378300E-02   0.1022610992969733E-02   0.1063295831199501E-02   0.1162272397788226E-02   0.1381042946665280E-02   0.1519651639562807E-02   0.1815455410119759E-02   0.2937905258640689E-02   0.4831400123457307E-02   0.7335487597890161E-02   0.1021597360970496E-01   0.1305498678469848E-01   0.1531365345592130E-01   0.1649504850946652E-01   0.1632198160138366E-01   0.1484273202788750E-01   0.1240971182601844E-01   0.9553806786764533E-02   0.6785473459496615E-02   0.4495472431197272E-02   0.2882498665441166E-02   0.1932797609298535E-02   0.1472370722080258E-02   0.1338945835209204E-02   0.1238875134378175E-02   0.1185433520210920E-02   0.1197600395489854E-02   0.1250661275714056E-02   0.1336371520464892E-02   0.1455905243682265E-02   0.1615861253563572E-02   0.1826450623904524E-02   0.1300921726210441E-02   0.1455577683443628E-02   0.1910034544861741E-02   0.2487549919679614E-02   0.3215339722594613E-02   0.4124833760971842E-02   0.5251830000450210E-02
  0.9999999747378752E-03   0.9999999747378752E-03   0.9999999747378752E-03   0.9999999747378752E-03   0.9999999747378752E-03   0.9999999747378752E-03   0.9999999747378752E-03   0.9999999747378752E-03   0.9999999747378752E-03   0.9999999747378752E-03   0.9999999747378752E-03   0.9999999747378752E-03   0.9999999747378752E-03   0.9999999747378752E-03   0.9999999747378752E-03   0.9999999747378752E-03   0.9999999747378752E-03   0.9999999747378752E-03   0.9999999747378752E-03   0.9999999747527743E-03   0.1154402619081361E-02   0.6111992477229666E+01   0.1896454184213215E+02   0.1428081112088813E+02   0.1156845335866902E+02   0.9257271498165663E+01   0.8509528322748729E+01   0.1379817046610199E-01   0.1000000004943705E-02   0.9999999747378754E-03   0.9999999747378767E-03   0.9999999747378832E-03   0.9999999747378873E-03   0.9999999747379038E-03   0.9999999747379346E-03   0.9999999747381137E-03   0.1000000147523174E-02   0.1004688582958286E-02   0.3268654334884920E-02   0.3089955017906439E-01   0.3920338055272982E-01   0.3954271618183810E-01   0.3725406701747468E-01   0.3576637461486377E-01   0.3517844477323039E-01   0.3509785952296322E-01   0.3397771605336444E-01   0.2527690817017280E-01   0.9714497618870685E-02   0.3303426238057865E-02   0.5561136310530278E-02   0.8359354137821781E-02   0.8766536823102760E-02   0.7874407240215285E-02   0.6182351113680189E-02   0.3956940974141097E-02   0.2092007567838766E-02   0.1238597878475377E-02   0.1063368018323612E-02   0.1006603495421871E-02   0.1001106291289230E-02   0.1002634405773745E-02   0.1008745015586743E-02   0.1026688999566006E-02   0.1074499035857106E-02   0.1190206845392964E-02   0.1444230612626865E-02   0.1539221251452617E-02   0.1976052716044978E-02   0.3331852004976187E-02   0.5443213020271512E-02   0.8168585736127632E-02   0.1123048065054399E-01   0.1415023290992844E-01   0.1634575708452576E-01   0.1731776698877834E-01   0.1683443644981739E-01   0.1502119675116445E-01   0.1230828225627517E-01   0.9275874815038809E-02   0.6442730196754355E-02   0.4194361756127221E-02   0.2669667444974465E-02   0.1798892127282354E-02   0.1425644401295003E-02   0.1319419812318589E-02   0.1207752143933086E-02   0.1168982735539128E-02   0.1187287367766723E-02   0.1241694658038789E-02   0.1326104511443914E-02   0.1442668316665684E-02   0.1598270318134413E-02   0.1803042507625374E-02   0.1349965134867289E-02   0.1414961729901680E-02   0.1857185882540067E-02   0.2419359047728005E-02   0.3128091284898226E-02   0.4014141926688293E-02   0.5112582733366295E-02
  0.9999999747378752E-03   0.9999999747378752E-03   0.9999999747378752E-03   0.9999999747378752E-03   0.9999999747378752E-03   0.9999999747378752E-03   0.9999999747378752E-03   0.9999999747378752E-03   0.9999999747378752E-03   0.9999999747378752E-03   0.9999999747378752E-03   0.9999999747378752E-03   0.9999999747378752E-03   0.9999999747378752E-03   0.9999999747378752E-03   0.9999999747378752E-03   0.9999999747378752E-03   0.9999999747378752E-03   0.9999999747378752E-03   0.9999999747378752E-03   0.1000001528815673E-02   0.8877760705668353E-01   0.1750429648519591E+02   0.1566072733963141E+02   0.1228524064120229E+02   0.9838199119985669E+01   0.8931415383875162E+01   0.1854313557654557E+01   0.1005140712244474E-02   0.9999999747378923E-03   0.9999999747378767E-03   0.9999999747378832E-03   0.9999999747378873E-03   0.9999999747379038E-03   0.9999999747379346E-03   0.9999999747379975E-03   0.9999999747952188E-03   0.1000009107313843E-02   0.1040015510803484E-02   0.5958531970496402E-02   0.2992763072443868E-01   0.4044979843369241E-01   0.3933957371321190E-01   0.3714134896868405E-01   0.3603842765453212E-01   0.3568661826875141E-01   0.3569222905552119E-01   0.3355153807040352E-01   0.2302748713600627E-01   0.8733443177215786E-02   0.4841278485419515E-02   0.7782124632012417E-02   0.9663504701398788E-02   0.9313297625590217E-02   0.7867733659679712E-02   0.5536949713802761E-02   0.3107730022819430E-02   0.1618676391651803E-02   0.1128700860415596E-02   0.1026264688873574E-02   0.1003060706962136E-02   0.1003202757562329E-02   0.1010304990967116E-02   0.1031385786205683E-02   0.1087345267319706E-02   0.1222049265232447E-02   0.1515721382148491E-02   0.1564483475439325E-02   0.2182858805236966E-02   0.3764056781745304E-02   0.6102872228830997E-02   0.9050835423380149E-02   0.1228186921902181E-01   0.1525517105427586E-01   0.1735043493926870E-01   0.1807651862971263E-01   0.1725861578828537E-01   0.1510652028258203E-01   0.1212772860674938E-01   0.8944361081206810E-02   0.6083630284840063E-02   0.3888137715844249E-02   0.2473892104942451E-02   0.1696156647733193E-02   0.1389192640608621E-02   0.1297294630015358E-02   0.1181136811788427E-02   0.1154933120834644E-02   0.1178119473679489E-02   0.1233233829719671E-02   0.1316063044189504E-02   0.1429555347879290E-02   0.1580780862789837E-02   0.1779746396779301E-02   0.1409145667876887E-02   0.1374516114821093E-02   0.1804546580267994E-02   0.2351421047183634E-02   0.3041142074605209E-02   0.3903795954296118E-02   0.4973724365762047E-02
  0.9999999747378752E-03   0.9999999747378752E-03   0.9999999747378752E-03   0.9999999747378752E-03   0.9999999747378752E-03   0.9999999747378752E-03   0.9999999747378752E-03   0.9999999747378752E-03   0.9999999747378752E-03   0.9999999747378752E-03   0.9999999747378752E-03   0.9999999747378752E-03   0.9999999747378752E-03   0.9999999747378752E-03   0.9999999747378752E-03   0.9999999747378752E-03   0.9999999747378752E-03   0.9999999747378752E-03   0.9999999747378752E-03   0.9999999747378752E-03   0.9999999747379853E-03   0.1019914179499281E-02   0.3524335159986355E+01   0.1721861306083954E+02   0.1316284122841058E+02   0.1052466021045607E+02   0.8896714149821097E+01   0.7929970090341488E+01   0.2160933630118636E-01   0.1000000073403683E-02   0.9999999747378769E-03   0.9999999747378832E-03   0.9999999747378873E-03   0.9999999747379038E-03   0.9999999747379344E-03   0.9999999747379970E-03   0.9999999747382243E-03   0.1000000016083453E-02   0.1000609720460169E-02   0.1256962806629466E-02   0.8805957808281443E-02   0.2945808467669522E-01   0.4143912494687976E-01   0.3899177972898208E-01   0.3717569636410221E-01   0.3639335685352493E-01   0.3626561274012462E-01   0.3616699487364316E-01   0.3264027434138107E-01   0.2071404453241578E-01   0.8640700343686416E-02   0.7084859891410107E-02   0.9898039502259079E-02   0.1073124146352638E-01   0.9609284766278418E-02   0.7366346641005617E-02   0.4547481194410412E-02   0.2328778747809223E-02   0.1299668813347960E-02   0.1085165666677015E-02   0.1010744491473606E-02   0.1004325899656133E-02   0.1012116880395842E-02   0.1036753211405818E-02   0.1101956676634988E-02   0.1258046973494472E-02   0.1555923409251518E-02   0.1595928515135874E-02   0.2456090277532342E-02   0.4243669782423440E-02   0.6807238081988577E-02   0.9975509496945435E-02   0.1335917330085715E-01   0.1635535905628126E-01   0.1831220006878239E-01   0.1875820695561877E-01   0.1758684515936774E-01   0.1509770353337850E-01   0.1187271275651159E-01   0.8566976500817945E-02   0.5696058540802716E-02   0.3572878828451498E-02   0.2278784577871403E-02   0.1586106600886684E-02   0.1353237510593286E-02   0.1252240250270461E-02   0.1158608701113324E-02   0.1142966641382396E-02   0.1169910855657665E-02   0.1225191537881100E-02   0.1306218187969925E-02   0.1416568337833280E-02   0.1563412002502563E-02   0.1756593550379208E-02   0.1488506426060417E-02   0.1334297769255392E-02   0.1752190635528836E-02   0.2283831115668998E-02   0.2954613450447857E-02   0.3793949170159103E-02   0.4835446872093162E-02
  0.9999999747378752E-03   0.9999999747378752E-03   0.9999999747378752E-03   0.9999999747378752E-03   0.9999999747378752E-03   0.9999999747378752E-03   0.9999999747378752E-03   0.9999999747378752E-03   0.9999999747378752E-03   0.9999999747378752E-03   0.9999999747378752E-03   0.9999999747378752E-03   0.9999999747378752E-03   0.9999999747378752E-03   0.9999999747378752E-03   0.9999999747378752E-03   0.9999999747378752E-03   0.9999999747378752E-03   0.9999999747378752E-03   0.9999999747378752E-03   0.9999999747378752E-03   0.1000000025702153E-02   0.2394859733259492E-01   0.1458109248415231E+02   0.1438198669153732E+02   0.1124706227648744E+02   0.9210394250546752E+01   0.8447704148972822E+01   0.2168785025249388E+01   0.1011589516785260E-02   0.9999999747379881E-03   0.9999999747378832E-03   0.9999999747378873E-03   0.9999999747379038E-03   0.9999999747379344E-03   0.9999999747379966E-03   0.9999999747381256E-03   0.9999999754892954E-03   0.1000022001379219E-02   0.1026810374021528E-02   0.2260394694736275E-02   0.9172939711979775E-02   0.3230932225641801E-01   0.4124407663331298E-01   0.3875399700890444E-01   0.3733965851659557E-01   0.3685618970168276E-01   0.3687666993240838E-01   0.3641614413276355E-01   0.3126850703524187E-01   0.1886717107566981E-01   0.9660038276457941E-02   0.9689488865592925E-02   0.1171585140510812E-01   0.1146934211217531E-01   0.9454268054683095E-02   0.6421190240208817E-02   0.3489378843429515E-02   0.1738156182123894E-02   0.1160878229153800E-02   0.1035648301717997E-02   0.1007552181571809E-02   0.1014315483568898E-02   0.1042837635558197E-02   0.1118425317218821E-02   0.1298366882292222E-02   0.1545053076576266E-02   0.1673639334524455E-02   0.2755199742038571E-02   0.4758587432186953E-02   0.7551397075939660E-02   0.1093377130881781E-01   0.1444942940385404E-01   0.1743507828762207E-01   0.1921552075878630E-01   0.1935104281966667E-01   0.1781371399110798E-01   0.1499621442406415E-01   0.1154981717022898E-01   0.8152396143274124E-02   0.5307946504017491E-02   0.3284140887802428E-02   0.2077272871325716E-02   0.1509692263827801E-02   0.1337654327596754E-02   0.1213769951283268E-02   0.1139705629775179E-02   0.1132772442061707E-02   0.1162493658946068E-02   0.1217494613887655E-02   0.1296548831357723E-02   0.1403712629382393E-02   0.1546183760464416E-02   0.1733614964122119E-02   0.1538089657048681E-02   0.1304362379012715E-02   0.1700190446174429E-02   0.2216682472829965E-02   0.2868624376218558E-02   0.3684752053996470E-02   0.4697938908488710E-02
  0.9999999747378752E-03   0.9999999747378752E-03   0.9999999747378752E-03   0.9999999747378752E-03   0.9999999747378752E-03   0.9999999747378752E-03   0.9999999747378752E-03   0.9999999747378752E-03   0.9999999747378752E-03   0.9999999747378752E-03   0.9999999747378752E-03   0.9999999747378752E-03   0.9999999747378752E-03   0.9999999747378752E-03   0.9999999747378752E-03   0.9999999747378752E-03   0.9999999747378752E-03   0.9999999747378752E-03   0.9999999747378752E-03   0.9999999747378752E-03   0.9999999747378752E-03   0.9999999747378765E-03   0.1002189447673037E-02   0.1930428685716581E+01   0.1564862593255486E+02   0.1209096233102706E+02   0.9750036474969018E+01   0.8543354234394032E+01   0.7320891021395706E+01   0.3280769735665281E-01   0.1000000352462942E-02   0.9999999747378832E-03   0.9999999747378873E-03   0.9999999747379038E-03   0.9999999747379341E-03   0.9999999747379957E-03   0.9999999747381232E-03   0.9999999747652946E-03   0.1000001304713091E-02   0.1003096440912694E-02   0.1254578524694629E-02   0.2957342285994178E-02   0.1040732717603869E-01   0.3496560655100166E-01   0.4077414038618484E-01   0.3866848823466179E-01   0.3763986693378891E-01   0.3734635343982945E-01   0.3748205642993419E-01   0.3635199908726595E-01   0.2957707177275675E-01   0.1800120568338855E-01   0.1162507679516149E-01   0.1235008325191730E-01   0.1319503656953917E-01   0.1168460801339572E-01   0.8669689637859615E-02   0.5146244301699514E-02   0.2536292447957557E-02   0.1368160157480984E-02   0.1092781116741988E-02   0.1017535932066984E-02   0.1017413715451003E-02   0.1049696493244172E-02   0.1136799735356645E-02   0.1343062686531072E-02   0.1523069326923552E-02   0.1777178125669740E-02   0.3088709998517594E-02   0.5305257458422529E-02   0.8328500960632793E-02   0.1191464180000798E-01   0.1553785536927267E-01   0.1847773842543712E-01   0.2004535827664451E-01   0.1984503850889001E-01   0.1793635082328416E-01   0.1480596531224165E-01   0.1116728026784010E-01   0.7709899223018526E-02   0.4926965492916614E-02   0.3016782853290124E-02   0.1931557372134327E-02   0.1467334475035840E-02   0.1322031274987161E-02   0.1181289762794329E-02   0.1123952749061030E-02   0.1124059371966799E-02   0.1155721410385978E-02   0.1210083815974704E-02   0.1287040795421983E-02   0.1390996211775951E-02   0.1529116657707506E-02   0.1710841125937751E-02   0.1607936561912378E-02   0.1284764186281782E-02   0.1648616567680716E-02   0.2150066052150170E-02   0.2783291028644720E-02   0.3576351743418762E-02   0.4561385192314838E-02
  0.9999999747378752E-03   0.9999999747378752E-03   0.9999999747378752E-03   0.9999999747378752E-03   0.9999999747378752E-03   0.9999999747378752E-03   0.9999999747378752E-03   0.9999999747378752E-03   0.9999999747378752E-03   0.9999999747378752E-03   0.9999999747378752E-03   0.9999999747378752E-03   0.9999999747378752E-03   0.9999999747378752E-03   0.9999999747378752E-03   0.9999999747378752E-03   0.9999999747378752E-03   0.9999999747378752E-03   0.9999999747378752E-03   0.9999999747378752E-03   0.9999999747378752E-03   0.9999999747378752E-03   0.9999999774920208E-03   0.7470770736206387E-02   0.1185177798443805E+02   0.1322190173708872E+02   0.1040210405416960E+02   0.8757689840573288E+01   0.7883746574865535E+01   0.2337947380870799E+01   0.1026438473054270E-02   0.9999999747388013E-03   0.9999999747378873E-03   0.9999999747379038E-03   0.9999999747379339E-03   0.9999999747379955E-03   0.9999999747381226E-03   0.9999999747396747E-03   0.1000000074254848E-02   0.1000405224203423E-02   0.1058386197026520E-02   0.1879650921727498E-02   0.2388459536904412E-02   0.1374821066293694E-01   0.3652489064949000E-01   0.4038621313835448E-01   0.3875644971119746E-01   0.3798094697563746E-01   0.3790670111293029E-01   0.3799690894109547E-01   0.3586894999824726E-01   0.2820201905408774E-01   0.1836530979131042E-01   0.1435675741639444E-01   0.1474377567024120E-01   0.1406769741041373E-01   0.1125426972106307E-01   0.7327667371194446E-02   0.3817760722212701E-02   0.1816024012423156E-02   0.1167091674773598E-02   0.1045546050255984E-02   0.1023065476751174E-02   0.1057478229109123E-02   0.1157074343303710E-02   0.1392039253137855E-02   0.1509604478529760E-02   0.1925472067566153E-02   0.3444057990201710E-02   0.5878515617808160E-02   0.9129669448801080E-02   0.1290506138300574E-01   0.1660813524811305E-01   0.1946636241346813E-01   0.2078772136833458E-01   0.2023244097305823E-01   0.1795458249524871E-01   0.1453316830550653E-01   0.1073465121147465E-01   0.7248990440154709E-02   0.4530250596056706E-02   0.2764843186210076E-02   0.1783110197612043E-02   0.1408984033818624E-02   0.1295735321610712E-02   0.1154144815280728E-02   0.1110886251984018E-02   0.1116564400075005E-02   0.1149470217822324E-02   0.1202912837387885E-02   0.1277685751716341E-02   0.1378429037607985E-02   0.1512231346524587E-02   0.1688301801083832E-02   0.1668087125420232E-02   0.1275555798165052E-02   0.1597537475413856E-02   0.2084070197111835E-02   0.2698726409455606E-02   0.3468891542328252E-02   0.4425965884721227E-02
  0.9999999747378752E-03   0.9999999747378752E-03   0.9999999747378752E-03   0.9999999747378752E-03   0.9999999747378752E-03   0.9999999747378752E-03   0.9999999747378752E-03   0.9999999747378752E-03   0.9999999747378752E-03   0.9999999747378752E-03   0.9999999747378752E-03   0.9999999747378752E-03   0.9999999747378752E-03   0.9999999747378752E-03   0.9999999747378752E-03   0.9999999747378752E-03   0.9999999747378752E-03   0.9999999747378752E-03   0.9999999747378752E-03   0.9999999747378752E-03   0.9999999747378752E-03   0.9999999747378752E-03   0.9999999747378752E-03   0.1000385973971945E-02   0.1079806472396159E+01   0.1428133714280654E+02   0.1118671762852411E+02   0.9176756144482804E+01   0.8069200960474715E+01   0.6783572191868659E+01   0.4600427081743698E-01   0.1000001521536967E-02   0.9999999747378873E-03   0.9999999747379036E-03   0.9999999747379337E-03   0.9999999747379953E-03   0.9999999747381215E-03   0.9999999747384478E-03   0.9999999830161354E-03   0.1000055223286932E-02   0.1022059389511727E-02   0.1404767995687451E-02   0.1699425036364008E-02   0.2831102373787339E-02   0.1750112677054236E-01   0.3746578859653611E-01   0.4020579423605286E-01   0.3888595493084578E-01   0.3842053185688765E-01   0.3849109611427726E-01   0.3835852047189688E-01   0.3523487164655483E-01   0.2763717249725788E-01   0.2006450513084714E-01   0.1727340329165925E-01   0.1651167746740067E-01   0.1408885428968477E-01   0.9960513197236728E-02   0.5623770985803233E-02   0.2637849603011693E-02   0.1357244796679649E-02   0.1104228177485569E-02   0.1035642064130046E-02   0.1066670368489095E-02   0.1179195313137818E-02   0.1445017210888716E-02   0.1523896317030848E-02   0.2116707442002068E-02   0.3827463175799099E-02   0.6471473681004563E-02   0.9943976833200628E-02   0.1389005972181619E-01   0.1764280776795758E-01   0.2038413037439831E-01   0.2143020380280762E-01   0.2050807234115561E-01   0.1787096185461301E-01   0.1418607509491211E-01   0.1026238648952041E-01   0.6779027584799087E-02   0.4164171857093607E-02   0.2521470764655984E-02   0.1672713125011248E-02   0.1374197707974876E-02   0.1247978965977175E-02   0.1131659963190764E-02   0.1100071167443189E-02   0.1110057289522171E-02   0.1143638275983973E-02   0.1195946795702597E-02   0.1268480088118997E-02   0.1366022398860578E-02   0.1495548296443446E-02   0.1666025846344739E-02   0.1738579952931269E-02   0.1266788004269024E-02   0.1547019334048590E-02   0.2018780364854918E-02   0.2615039965779373E-02   0.3362510438431297E-02   0.4291855982721963E-02
  0.9999999747378752E-03   0.9999999747378752E-03   0.9999999747378752E-03   0.9999999747378752E-03   0.9999999747378752E-03   0.9999999747378752E-03   0.9999999747378752E-03   0.9999999747378752E-03   0.9999999747378752E-03   0.9999999747378752E-03   0.9999999747378752E-03   0.9999999747378752E-03   0.9999999747378752E-03   0.9999999747378752E-03   0.9999999747378752E-03   0.9999999747378752E-03   0.9999999747378752E-03   0.9999999747378752E-03   0.9999999747378752E-03   0.9999999747378752E-03   0.9999999747378752E-03   0.9999999747378752E-03   0.9999999747378752E-03   0.9999999754175390E-03   0.3705649217166495E-02   0.9398001728153485E+01   0.1220756607423357E+02   0.9727309781956013E+01   0.8308211243969396E+01   0.7338195264074015E+01   0.2330307556207244E+01   0.1046665647898352E-02   0.9999999747464339E-03   0.9999999747379034E-03   0.9999999747379335E-03   0.9999999747379949E-03   0.9999999747381195E-03   0.9999999747383758E-03   0.9999999754744481E-03   0.1000007598140172E-02   0.1005252246166533E-02   0.1163325301830676E-02   0.1627420029346365E-02   0.1314771718649553E-02   0.4278984990927273E-02   0.2101482644529405E-01   0.3819233644989219E-01   0.4009287778528084E-01   0.3913758721034592E-01   0.3885640392224698E-01   0.3908641088647069E-01   0.3847705209013606E-01   0.3499194317940137E-01   0.2843922696054807E-01   0.2264498566086432E-01   0.1982255205034683E-01   0.1732685133564377E-01   0.1308567319291502E-01   0.8037779187042135E-02   0.3948724751260960E-02   0.1814823587524255E-02   0.1172435890164473E-02   0.1064789152224973E-02   0.1078679946697312E-02   0.1203116946149990E-02   0.1501503943659206E-02   0.1544728043751019E-02   0.2318243483077586E-02   0.4223837389211136E-02   0.7075479463172737E-02   0.1075854113535694E-01   0.1485304115333981E-01   0.1862374811608294E-01   0.2121495442976663E-01   0.2196246941449100E-01   0.2066955072430603E-01   0.1769065790700084E-01   0.1377461698364170E-01   0.9761415114197957E-02   0.6318879112958769E-02   0.3804164313449274E-02   0.2308909812159610E-02   0.1580527013591070E-02   0.1352223350629801E-02   0.1207883118266717E-02   0.1113173003542165E-02   0.1091113314246793E-02   0.1104342134240819E-02   0.1138144185047495E-02   0.1189160473380265E-02   0.1259423824850880E-02   0.1353788387034339E-02   0.1479087533729243E-02   0.1644041050960816E-02   0.1789452126813700E-02   0.1288509602331366E-02   0.1497125776354165E-02   0.1954278840509389E-02   0.2532337223014581E-02   0.3257342635123668E-02   0.4159224727401662E-02
  0.9999999747378752E-03   0.9999999747378752E-03   0.9999999747378752E-03   0.9999999747378752E-03   0.9999999747378752E-03   0.9999999747378752E-03   0.9999999747378752E-03   0.9999999747378752E-03   0.9999999747378752E-03   0.9999999747378752E-03   0.9999999747378752E-03   0.9999999747378752E-03   0.9999999747378752E-03   0.9999999747378752E-03   0.9999999747378752E-03   0.9999999747378752E-03   0.9999999747378752E-03   0.9999999747378752E-03   0.9999999747378752E-03   0.9999999747378752E-03   0.9999999747378752E-03   0.9999999747378752E-03   0.9999999747378752E-03   0.9999999747378754E-03   0.1000394449641660E-02   0.6938801331691206E+00   0.1307454961531105E+02   0.1041329712610944E+02   0.8653096658309929E+01   0.7559583615721618E+01   0.6305741493897593E+01   0.5781197735140825E-01   0.1000006097729195E-02   0.9999999747379034E-03   0.9999999747379333E-03   0.9999999747379942E-03   0.9999999747381182E-03   0.9999999747383676E-03   0.9999999748077654E-03   0.1000001031220496E-02   0.1001191291399414E-02   0.1069678710000996E-02   0.1494253422533894E-02   0.1292173709614521E-02   0.1416688456674161E-02   0.6251422829108606E-02   0.2432991393563074E-01   0.3871506983218846E-01   0.4010848551866469E-01   0.3938931561186437E-01   0.3934942225544393E-01   0.3958693369639169E-01   0.3884185671691492E-01   0.3581910952081436E-01   0.3049381713268100E-01   0.2543824893643207E-01   0.2148033875046816E-01   0.1684515110207778E-01   0.1110721731622386E-01   0.5855476650842430E-02   0.2609349630987158E-02   0.1348622233724909E-02   0.1128737890607420E-02   0.1096910369521459E-02   0.1228970392562524E-02   0.1560783507732080E-02   0.1570384575562478E-02   0.2546559151032060E-02   0.4626754561479599E-02   0.7680169142111637E-02   0.1155873069066808E-01   0.1577618658559675E-01   0.1953272488481179E-01   0.2194405145614547E-01   0.2237665044401749E-01   0.2071737203732739E-01   0.1742121271633209E-01   0.1330996857293656E-01   0.9242701161117186E-02   0.5866631990191467E-02   0.3484623047092605E-02   0.2118534004292836E-02   0.1506183902561406E-02   0.1342086955806677E-02   0.1174532565837218E-02   0.1098059766492122E-02   0.1083665968846229E-02   0.1099256480013678E-02   0.1132924550697667E-02   0.1182536519059259E-02   0.1250519644465382E-02   0.1341739445894460E-02   0.1462868430503875E-02   0.1622374001135338E-02   0.1830739071153871E-02   0.1330767237811708E-02   0.1447917693579081E-02   0.1890644465322850E-02   0.2450719434236351E-02   0.3153517102913402E-02   0.4028235034739668E-02
  0.9999999747378752E-03   0.9999999747378752E-03   0.9999999747378752E-03   0.9999999747378752E-03   0.9999999747378752E-03   0.9999999747378752E-03   0.9999999747378752E-03   0.9999999747378752E-03   0.9999999747378752E-03   0.9999999747378752E-03   0.9999999747378752E-03   0.9999999747378752E-03   0.9999999747378752E-03   0.9999999747378752E-03   0.9999999747378752E-03   0.9999999747378752E-03   0.9999999747378752E-03   0.9999999747378752E-03   0.9999999747378752E-03   0.9999999747378752E-03   0.9999999747378752E-03   0.9999999747378752E-03   0.9999999747378752E-03   0.9999999747378752E-03   0.9999999864220839E-03   0.4757199720818927E-02   0.7342451870440613E+01   0.1129314139085584E+02   0.9119086204898561E+01   0.7808066953739885E+01   0.6857114702614892E+01   0.2162168435987197E+01   0.1067216992786229E-02   0.9999999748161394E-03   0.9999999747379331E-03   0.9999999747379938E-03   0.9999999747381161E-03   0.9999999747383633E-03   0.9999999747456402E-03   0.1000000121996063E-02   0.1000258864421971E-02   0.1037125791177845E-02   0.1331776292817744E-02   0.1375844370918964E-02   0.1205708088104125E-02   0.1748664784673169E-02   0.8844889676164881E-02   0.2728079456705094E-01   0.3916507630138037E-01   0.4015739169536544E-01   0.3974295181031052E-01   0.3992539238430557E-01   0.4025123883102454E-01   0.4013190076520502E-01   0.3794579785037717E-01   0.3332588679576386E-01   0.2768581804599743E-01   0.2169855845960241E-01   0.1493943800551451E-01   0.8471460524102898E-02   0.3892164587461483E-02   0.1731980659698525E-02   0.1197786512757159E-02   0.1128398587171208E-02   0.1257426326836905E-02   0.1611947711780706E-02   0.1618635862241465E-02   0.2777246882185050E-02   0.5028498325082287E-02   0.8273629337277811E-02   0.1232849717845346E-01   0.1664096465625924E-01   0.2035200690932993E-01   0.2255847856410931E-01   0.2266762974183558E-01   0.2065484361892464E-01   0.1707217972583606E-01   0.1280406422829064E-01   0.8716831555756713E-02   0.5419364904200503E-02   0.3178863732198331E-02   0.1960921493594496E-02   0.1458892346923324E-02   0.1312675498140428E-02   0.1147021739962753E-02   0.1085751190018331E-02   0.1077432115855482E-02   0.1094668766732908E-02   0.1127931259294976E-02   0.1176063755341769E-02   0.1241772067296292E-02   0.1329888014018712E-02   0.1446909537097268E-02   0.1601049964955955E-02   0.1802474434239466E-02   0.1393605252097840E-02   0.1399453039618853E-02   0.1827952381583083E-02   0.2370283250031878E-02   0.3051157155348990E-02   0.3899042955323302E-02
  0.9999999747378752E-03   0.9999999747378752E-03   0.9999999747378752E-03   0.9999999747378752E-03   0.9999999747378752E-03   0.9999999747378752E-03   0.9999999747378752E-03   0.9999999747378752E-03   0.9999999747378752E-03   0.9999999747378752E-03   0.9999999747378752E-03   0.9999999747378752E-03   0.9999999747378752E-03   0.9999999747378752E-03   0.9999999747378752E-03   0.9999999747378752E-03   0.9999999747378752E-03   0.9999999747378752E-03   0.9999999747378752E-03   0.9999999747378752E-03   0.9999999747378752E-03   0.9999999747378752E-03   0.9999999747378752E-03   0.9999999747378752E-03   0.9999999747379617E-03   0.1005769337934535E-02   0.5456881732673636E+00   0.1195958832656414E+02   0.9701871988616110E+01   0.8133865217436270E+01   0.7081890222285064E+01   0.5832482346373790E+01   0.6425364239143397E-01   0.1000021142495242E-02   0.9999999747379333E-03   0.9999999747379927E-03   0.9999999747381143E-03   0.9999999747383589E-03   0.9999999747395500E-03   0.9999999954978568E-03   0.1000054364598546E-02   0.1012729248051238E-02   0.1189415408376200E-02   0.1412408963829490E-02   0.1221538943792677E-02   0.1178728383968456E-02   0.2464590372934581E-02   0.1186065439818155E-01   0.2990190091031707E-01   0.3949981830263347E-01   0.4030760425604193E-01   0.4011330659800796E-01   0.4057239774329139E-01   0.4177990030713871E-01   0.4272407646187638E-01   0.4124056002432405E-01   0.3609752934513954E-01   0.2854707844482883E-01   0.2008671596447482E-01   0.1194895427967843E-01   0.5780117796543222E-02   0.2432445180981523E-02   0.1317438716195551E-02   0.1185936865035336E-02   0.1290327453310221E-02   0.1584000942091310E-02   0.1676760261502906E-02   0.3015066820976583E-02   0.5420202935689697E-02   0.8842681072777232E-02   0.1305083611653459E-01   0.1742873634423788E-01   0.2106498923302537E-01   0.2304759709697746E-01   0.2283318539939756E-01   0.2048787188219429E-01   0.1665466739946176E-01   0.1226909935520917E-01   0.8193653587210784E-02   0.4992995625112242E-02   0.2889143865669838E-02   0.1825960348493747E-02   0.1417546895490717E-02   0.1272810822825978E-02   0.1124489772956533E-02   0.1075743134979395E-02   0.1072163301996895E-02   0.1090474764682221E-02   0.1123128728482043E-02   0.1169735680621160E-02   0.1233186779611832E-02   0.1318246247638000E-02   0.1431228450533377E-02   0.1580092794989351E-02   0.1774689975844078E-02   0.1457065545887949E-02   0.1351786651043387E-02   0.1766273797150034E-02   0.2291120412421233E-02   0.2950380054134000E-02   0.3771797168886711E-02
  0.9999999747378752E-03   0.9999999747378752E-03   0.9999999747378752E-03   0.9999999747378752E-03   0.9999999747378752E-03   0.9999999747378752E-03   0.9999999747378752E-03   0.9999999747378752E-03   0.9999999747378752E-03   0.9999999747378752E-03   0.9999999747378752E-03   0.9999999747378752E-03   0.9999999747378752E-03   0.9999999747378752E-03   0.9999999747378752E-03   0.9999999747378752E-03   0.9999999747378752E-03   0.9999999747378752E-03   0.9999999747378752E-03   0.9999999747378752E-03   0.9999999747378752E-03   0.9999999747378752E-03   0.9999999747378752E-03   0.9999999747378752E-03   0.9999999747378752E-03   0.1000001857162999E-02   0.1707637698544708E-01   0.5842515507582608E+01   0.1045023640817274E+02   0.8534948229096923E+01   0.7322092295977055E+01   0.6440059770088108E+01   0.1877436299992834E+01   0.1072089257452507E-02   0.9999999753452947E-03   0.9999999747379918E-03   0.9999999747381124E-03   0.9999999747383546E-03   0.9999999747389132E-03   0.9999999777209427E-03   0.1000011137500628E-02   0.1004072421615992E-02   0.1106086641909056E-02   0.1396503099785829E-02   0.1256349245465599E-02   0.1160586554695572E-02   0.1198449003722834E-02   0.3650166889650990E-02   0.1519926090805682E-01   0.3207515100853588E-01   0.3982378178328427E-01   0.4047123630975360E-01   0.4062547010707566E-01   0.4200362744478619E-01   0.4466172496545012E-01   0.4684776392554901E-01   0.4497873656967694E-01   0.3769035228042247E-01   0.2728898403210486E-01   0.1674104817799011E-01   0.8500028377028146E-02   0.3587775509020073E-02   0.1611829920732394E-02   0.1240629360585911E-02   0.1331651139779152E-02   0.1576079044276918E-02   0.1761623214896227E-02   0.3234072801752350E-02   0.5792097761582635E-02   0.9373289693599966E-02   0.1370836609559811E-01   0.1812142883305257E-01   0.2165680429878700E-01   0.2340343541204346E-01   0.2287398700159392E-01   0.2022461794339164E-01   0.1618081918681733E-01   0.1171704838192068E-01   0.7681981068009234E-02   0.4602204595125657E-02   0.2656735585977928E-02   0.1712972922807379E-02   0.1390833787313546E-02   0.1231311499953270E-02   0.1106144934435854E-02   0.1067600117089936E-02   0.1067656124583303E-02   0.1086593564000326E-02   0.1118491338737417E-02   0.1163549204994144E-02   0.1224770105636342E-02   0.1306825811253086E-02   0.1415841712458665E-02   0.1559524846402135E-02   0.1747415477390966E-02   0.1541187454681145E-02   0.1314970084645013E-02   0.1705675772170482E-02   0.2213317476214463E-02   0.2851296647739814E-02   0.3646638519174367E-02
  0.9999999747378752E-03   0.9999999747378752E-03   0.9999999747378752E-03   0.9999999747378752E-03   0.9999999747378752E-03   0.9999999747378752E-03   0.9999999747378752E-03   0.9999999747378752E-03   0.9999999747378752E-03   0.9999999747378752E-03   0.9999999747378752E-03   0.9999999747378752E-03   0.9999999747378752E-03   0.9999999747378752E-03   0.9999999747378752E-03   0.9999999747378752E-03   0.9999999747378752E-03   0.9999999747378752E-03   0.9999999747378752E-03   0.9999999747378752E-03   0.9999999747378752E-03   0.9999999747378752E-03   0.9999999747378752E-03   0.9999999747378752E-03   0.9999999747378752E-03   0.9999999748945792E-03   0.1131744076851105E-02   0.4288826064298006E+00   0.1091646866549237E+02   0.9036281916938831E+01   0.7618917143622947E+01   0.6653470072283745E+01   0.5310963415996011E+01   0.6302544514865374E-01   0.1000059273999930E-02   0.9999999747379946E-03   0.9999999747381109E-03   0.9999999747383500E-03   0.9999999747388345E-03   0.9999999751794380E-03   0.1000002237370044E-02   0.1001232614921059E-02   0.1061577905154012E-02   0.1324481435378613E-02   0.1315659097368933E-02   0.1169745887385316E-02   0.1105337263875277E-02   0.1392443546748432E-02   0.5451067910713452E-02   0.1856960415575015E-01   0.3393156640811584E-01   0.4006794955820211E-01   0.4076395605161513E-01   0.4175375394997211E-01   0.4477413000713978E-01   0.4945390468955028E-01   0.5202967289711431E-01   0.4785456737322372E-01   0.3695650256873495E-01   0.2368554140537869E-01   0.1246188005949536E-01   0.5388089805079982E-02   0.2173683775417056E-02   0.1335654349810025E-02   0.1388947922238847E-02   0.1557837979133495E-02   0.1859828910290824E-02   0.3447817256073476E-02   0.6133857717791340E-02   0.9851094271346172E-02   0.1428400714136667E-01   0.1870224701352801E-01   0.2211488417456859E-01   0.2362092838106428E-01   0.2279344495449449E-01   0.1987504593060979E-01   0.1566326504973040E-01   0.1115922828366789E-01   0.7189381084921994E-02   0.4230430529025556E-02   0.2452038033670926E-02   0.1620847938963931E-02   0.1377326688218457E-02   0.1197041166862632E-02   0.1091279387919635E-02   0.1060954332997135E-02   0.1063747290786585E-02   0.1082963540836885E-02   0.1114001166734723E-02   0.1157503625521734E-02   0.1216528605589830E-02   0.1295637723086474E-02   0.1400764730805687E-02   0.1539366909056979E-02   0.1720678658363957E-02   0.1586007644335062E-02   0.1289051475222212E-02   0.1646221030260545E-02   0.2136955560794546E-02   0.2754011047387656E-02   0.3523699594100606E-02
  0.9999999747378752E-03   0.9999999747378752E-03   0.9999999747378752E-03   0.9999999747378752E-03   0.9999999747378752E-03   0.9999999747378752E-03   0.9999999747378752E-03   0.9999999747378752E-03   0.9999999747378752E-03   0.9999999747378752E-03   0.9999999747378752E-03   0.9999999747378752E-03   0.9999999747378752E-03   0.9999999747378752E-03   0.9999999747378752E-03   0.9999999747378752E-03   0.9999999747378752E-03   0.9999999747378752E-03   0.9999999747378752E-03   0.9999999747378752E-03   0.9999999747378752E-03   0.9999999747378752E-03   0.9999999747378752E-03   0.9999999747378752E-03   0.9999999747378752E-03   0.9999999747378795E-03   0.1000427905910727E-02   0.6179837018742668E-01   0.4917712005525991E+01   0.9677063956634766E+01   0.7983077887358521E+01   0.6881352630065462E+01   0.6066461458907831E+01   0.1527661243713381E+01   0.1130145105658856E-02   0.9999999783056105E-03   0.9999999747381085E-03   0.9999999747383455E-03   0.9999999747388158E-03   0.9999999748068660E-03   0.1000000432607912E-02   0.1000357802915462E-02   0.1032206950665579E-02   0.1229607781290935E-02   0.1360714512020769E-02   0.1207880347315481E-02   0.1106242013030069E-02   0.1098315158534554E-02   0.1921681326453257E-02   0.7750053743536128E-02   0.2190125204758281E-01   0.3540679719102319E-01   0.4033762884999710E-01   0.4148331914057820E-01   0.4410585533584610E-01   0.4973600272571559E-01   0.5606619627796548E-01   0.5689791662079047E-01   0.4826312062937850E-01   0.3323472009307103E-01   0.1835944920392111E-01   0.8215385604792357E-02   0.3162987482617134E-02   0.1536350469987328E-02   0.1446102503687631E-02   0.1540164946471234E-02   0.1957973411663863E-02   0.3639637191676262E-02   0.6435051860894577E-02   0.1026203768616828E-01   0.1476172744733140E-01   0.1915638533319611E-01   0.2242944231283946E-01   0.2369802171053972E-01   0.2259742694470426E-01   0.1945039731068826E-01   0.1511458077247402E-01   0.1060593097133211E-01   0.6722045774195274E-02   0.3899928569750456E-02   0.2254715774968480E-02   0.1548170347548478E-02   0.1365568290001461E-02   0.1168943308376867E-02   0.1079275768275086E-02   0.1055501370868766E-02   0.1060308024032373E-02   0.1079538588609042E-02   0.1109646073476274E-02   0.1151599823612642E-02   0.1208468778309702E-02   0.1284692243563886E-02   0.1386011720658563E-02   0.1519638152535713E-02   0.1694505107915226E-02   0.1661560014804768E-02   0.1274075413540738E-02   0.1587967796113100E-02   0.2062110134904898E-02   0.2658620343767523E-02   0.3403104355568462E-02
  0.9999999747378752E-03   0.9999999747378752E-03   0.9999999747378752E-03   0.9999999747378752E-03   0.9999999747378752E-03   0.9999999747378752E-03   0.9999999747378752E-03   0.9999999747378752E-03   0.9999999747378752E-03   0.9999999747378752E-03   0.9999999747378752E-03   0.9999999747378752E-03   0.9999999747378752E-03   0.9999999747378752E-03   0.9999999747378752E-03   0.9999999747378752E-03   0.9999999747378752E-03   0.9999999747378752E-03   0.9999999747378752E-03   0.9999999747378752E-03   0.9999999747378752E-03   0.9999999747378752E-03   0.9999999747378752E-03   0.9999999747378752E-03   0.9999999747378752E-03   0.9999999747378752E-03   0.1000000293364412E-02   0.4280025555262099E-02   0.2746306688298339E+00   0.9968364711043700E+01   0.8422581139513317E+01   0.7149051051759264E+01   0.6273414449611654E+01   0.4704045143492369E+01   0.5472451667242548E-01   0.1000129437195693E-02   0.9999999747381571E-03   0.9999999747383401E-03   0.9999999747388037E-03   0.9999999747504055E-03   0.1000000068206400E-02   0.1000100918417584E-02   0.1013519649519145E-02   0.1167248519708083E-02   0.1378544696786027E-02   0.1252795714647567E-02   0.1134696419423350E-02   0.1052701425162930E-02   0.1136584479785761E-02   0.2815405679014032E-02   0.1053058687369086E-01   0.2495915604964092E-01   0.3661580316920559E-01   0.4084386336160028E-01   0.4327396331489431E-01   0.4874741352444586E-01   0.5728777846753463E-01   0.6325274739043715E-01   0.5937280553876587E-01   0.4496780117010003E-01   0.2691208723489434E-01   0.1269480731315321E-01   0.4904251684709512E-02   0.1973181072068095E-02   0.1511675206467560E-02   0.1526951678998672E-02   0.2053101174128931E-02   0.3803023338129242E-02   0.6685671193161272E-02   0.1059306556330615E-01   0.1512731743839752E-01   0.1947169937894291E-01   0.2259384875041476E-01   0.2363564070171952E-01   0.2229386710164581E-01   0.1896263016474180E-01   0.1454678903809555E-01   0.1006614068418653E-01   0.6284746398763643E-02   0.3601877853158644E-02   0.2103849879064295E-02   0.1503341027027480E-02   0.1354135604281136E-02   0.1146063528343648E-02   0.1069607354442832E-02   0.1050993870316320E-02   0.1057238406427160E-02   0.1076284783698205E-02   0.1105418151162725E-02   0.1145839655163765E-02   0.1200596847110535E-02   0.1273998796903150E-02   0.1371595660907571E-02   0.1500356083414292E-02   0.1668918230253867E-02   0.1697875633344310E-02   0.1280082846412149E-02   0.1530969661128879E-02   0.1988850836571360E-02   0.2565214367308446E-02   0.3284967822638631E-02
  0.9999999747378752E-03   0.9999999747378752E-03   0.9999999747378752E-03   0.9999999747378752E-03   0.9999999747378752E-03   0.9999999747378752E-03   0.9999999747378752E-03   0.9999999747378752E-03   0.9999999747378752E-03   0.9999999747378752E-03   0.9999999747378752E-03   0.9999999747378752E-03   0.9999999747378752E-03   0.9999999747378752E-03   0.9999999747378752E-03   0.9999999747378752E-03   0.9999999747378752E-03   0.9999999747378752E-03   0.9999999747378752E-03   0.9999999747378752E-03   0.9999999747378752E-03   0.9999999747378752E-03   0.9999999747378752E-03   0.9999999747378752E-03   0.9999999747378752E-03   0.9999999747378752E-03   0.9999999748262958E-03   0.1058620721941897E-02   0.1023653516579984E+00   0.4410664820748323E+01   0.8974186676638553E+01   0.7468598966784990E+01   0.6484352843009056E+01   0.5709982885368596E+01   0.1161462840587790E+01   0.1155614400327709E-02   0.9999999896809903E-03   0.9999999747383344E-03   0.9999999747387915E-03   0.9999999747414780E-03   0.9999999941747398E-03   0.1000027992873742E-02   0.1005374822933445E-02   0.1108387601865452E-02   0.1361948633842278E-02   0.1298299317218261E-02   0.1162918497756641E-02   0.1060793826663823E-02   0.1038395420201382E-02   0.1334578032010691E-02   0.4218621789817693E-02   0.1358224142135312E-01   0.2771268952640129E-01   0.3774563118646849E-01   0.4215905602274122E-01   0.4728752219596595E-01   0.5658698767530770E-01   0.6655630287479826E-01   0.6853905560842016E-01   0.5746747317695865E-01   0.3796607473129841E-01   0.1946852626512603E-01   0.7907534298910501E-02   0.2892491924870089E-02   0.1645399211895447E-02   0.1511310051533560E-02   0.2133918934055881E-02   0.3932119555237140E-02   0.6876709318164407E-02   0.1083285034782640E-01   0.1536914198965490E-01   0.1963929606419335E-01   0.2260488013689477E-01   0.2343753453428453E-01   0.2189230248114498E-01   0.1842386431141133E-01   0.1397093120915464E-01   0.9547344620059819E-02   0.5880860986154796E-02   0.3336523393167712E-02   0.1978089548630396E-02   0.1474680757094475E-02   0.1311688562850939E-02   0.1127561105952659E-02   0.1061833642715194E-02   0.1047234185652368E-02   0.1054462061113831E-02   0.1073177560219803E-02   0.1101312501489616E-02   0.1140225499708629E-02   0.1192918609768015E-02   0.1263565917955527E-02   0.1357528264221637E-02   0.1481536514356972E-02   0.1643939204099012E-02   0.1764982671763007E-02   0.1307111000534569E-02   0.1475275478289331E-02   0.1917241329810221E-02   0.2473875494222190E-02   0.3169395811014766E-02
  0.9999999747378752E-03   0.9999999747378752E-03   0.9999999747378752E-03   0.9999999747378752E-03   0.9999999747378752E-03   0.9999999747378752E-03   0.9999999747378752E-03   0.9999999747378752E-03   0.9999999747378752E-03   0.9999999747378752E-03   0.9999999747378752E-03   0.9999999747378752E-03   0.9999999747378752E-03   0.9999999747378752E-03   0.9999999747378752E-03   0.9999999747378752E-03   0.9999999747378752E-03   0.9999999747378752E-03   0.9999999747378752E-03   0.9999999747378752E-03   0.9999999747378752E-03   0.9999999747378752E-03   0.9999999747378752E-03   0.9999999747378752E-03   0.9999999747378752E-03   0.9999999747378752E-03   0.9999999747378864E-03   0.1000326100492376E-02   0.3007318148534392E-01   0.2169571755624457E+00   0.9136439897291311E+01   0.7856565503217130E+01   0.6726524548866331E+01   0.5933924850458011E+01   0.3997026669249081E+01   0.4219778913433163E-01   0.1000217669032107E-02   0.9999999747387963E-03   0.9999999747387785E-03   0.9999999747399796E-03   0.9999999788935271E-03   0.1000007714949338E-02   0.1002052527886869E-02   0.1077933066099369E-02   0.1307354707411546E-02   0.1343758428120613E-02   0.1202867634493378E-02   0.1082291984769147E-02   0.1015794427711331E-02   0.1059552647780578E-02   0.1826979650884643E-02   0.6061991551908924E-02   0.1678146480271592E-01   0.3022148714717083E-01   0.3927277668053776E-01   0.4550365470758402E-01   0.5486465876298290E-01   0.6733467894735123E-01   0.7489296678722493E-01   0.6904788700750714E-01   0.5054581789856208E-01   0.2882131625806290E-01   0.1279985048611822E-01   0.4736295259648116E-02   0.2084671651655349E-02   0.1525706068685363E-02   0.2185291456979831E-02   0.4022725963562324E-02   0.7000795561475865E-02   0.1097249002284845E-01   0.1547881704490188E-01   0.1965400381175227E-01   0.2246283462260517E-01   0.2311001708448651E-01   0.2140337693239538E-01   0.1784587136230640E-01   0.1339673162986767E-01   0.9055437370774830E-02   0.5512462468573278E-02   0.3093337030838470E-02   0.1855794410902002E-02   0.1460515300960861E-02   0.1277002933187003E-02   0.1112712008637062E-02   0.1055592976359265E-02   0.1044066859642843E-02   0.1051921416073616E-02   0.1070199400440110E-02   0.1097326301459732E-02   0.1134759935589939E-02   0.1185439336702232E-02   0.1253401218357817E-02   0.1343819958589692E-02   0.1463193544727721E-02   0.1619586956370069E-02   0.1782906376418397E-02   0.1355193329160352E-02   0.1420929287095568E-02   0.1847339199277910E-02   0.2384678499925205E-02   0.3056484731052006E-02
  0.9999999747378752E-03   0.9999999747378752E-03   0.9999999747378752E-03   0.9999999747378752E-03   0.9999999747378752E-03   0.9999999747378752E-03   0.9999999747378752E-03   0.9999999747378752E-03   0.9999999747378752E-03   0.9999999747378752E-03   0.9999999747378752E-03   0.9999999747378752E-03   0.9999999747378752E-03   0.9999999747378752E-03   0.9999999747378752E-03   0.9999999747378752E-03   0.9999999747378752E-03   0.9999999747378752E-03   0.9999999747378752E-03   0.9999999747378752E-03   0.9999999747378752E-03   0.9999999747378752E-03   0.9999999747378752E-03   0.9999999747378752E-03   0.9999999747378752E-03   0.9999999747378752E-03   0.9999999747378754E-03   0.1000000730634845E-02   0.3316456528647193E-02   0.5058958546132890E-01   0.4190996760068912E+01   0.8336609297915105E+01   0.7008772900175043E+01   0.6127312063519889E+01   0.5331725667034452E+01   0.8197959040363800E+00   0.1136663998050962E-02   0.1000000018581863E-02   0.9999999747387659E-03   0.9999999747396955E-03   0.9999999756602068E-03   0.1000002125434049E-02   0.1000762827928334E-02   0.1041212254978906E-02   0.1256664357188830E-02   0.1397478953091305E-02   0.1251206104535367E-02   0.1099293197054338E-02   0.1020597414564555E-02   0.1019668166694701E-02   0.1173307367094413E-02   0.2609127155729301E-02   0.8383810272970612E-02   0.2004956004259905E-01   0.3278206910451247E-01   0.4239432995228417E-01   0.5254150150312493E-01   0.6640663564460844E-01   0.7846983917678335E-01   0.7852289204345234E-01   0.6320911665789648E-01   0.4010268848107860E-01   0.1990005650582468E-01   0.8006586753676269E-02   0.3150453365807837E-02   0.1695612148480456E-02   0.2232965951222441E-02   0.4075595039307179E-02   0.7053110602214821E-02   0.1100615098204570E-01   0.1545175848085486E-01   0.1951468974057362E-01   0.2217151041501832E-01   0.2266163236865240E-01   0.2083835353616202E-01   0.1723964346367579E-01   0.1283236797290068E-01   0.8594713138407461E-02   0.5180451934433393E-02   0.2891183527369950E-02   0.1775160322077150E-02   0.1459240612033920E-02   0.1248989535573486E-02   0.1100905605991668E-02   0.1050593626101023E-02   0.1041371470968546E-02   0.1049573661750926E-02   0.1067338004010333E-02   0.1093458107053622E-02   0.1129445511865492E-02   0.1178163704787750E-02   0.1243511367651692E-02   0.1330479879193880E-02   0.1445339552461533E-02   0.1595878150147924E-02   0.1791669042556259E-02   0.1444359482366129E-02   0.1367970268999608E-02   0.1779195883514437E-02   0.2297690460814092E-02   0.2946321445717325E-02
  0.9999999747378752E-03   0.9999999747378752E-03   0.9999999747378752E-03   0.9999999747378752E-03   0.9999999747378752E-03   0.9999999747378752E-03   0.9999999747378752E-03   0.9999999747378752E-03   0.9999999747378752E-03   0.9999999747378752E-03   0.9999999747378752E-03   0.9999999747378752E-03   0.9999999747378752E-03   0.9999999747378752E-03   0.9999999747378752E-03   0.9999999747378752E-03   0.9999999747378752E-03   0.9999999747378752E-03   0.9999999747378752E-03   0.9999999747378752E-03   0.9999999747378752E-03   0.9999999747378752E-03   0.9999999747378752E-03   0.9999999747378752E-03   0.9999999747378752E-03   0.9999999747378752E-03   0.9999999747378754E-03   0.9999999756040100E-03   0.1091813347825982E-02   0.6187677039371717E-01   0.2663718480837399E+00   0.8425233722565412E+01   0.7344764652983783E+01   0.6344696395585536E+01   0.5625356171581034E+01   0.3207355928002120E+01   0.2903221530441632E-01   0.1000282808058235E-02   0.9999999747414339E-03   0.9999999747396199E-03   0.9999999749533532E-03   0.1000000581489451E-02   0.1000279230953551E-02   0.1020760147978497E-02   0.1183322328049551E-02   0.1408437653063568E-02   0.1303289030185866E-02   0.1129968765664623E-02   0.1033485804996985E-02   0.1005181503332520E-02   0.1058995559404617E-02   0.1403449821658704E-02   0.3820753177216546E-02   0.1116940631995326E-01   0.2345478660255798E-01   0.3644282563661479E-01   0.4908864794335093E-01   0.6435244431115228E-01   0.7980577827003159E-01   0.8546700702317696E-01   0.7467827702552481E-01   0.5218643139717367E-01   0.2906317487348833E-01   0.1310186926860049E-01   0.5234793786346151E-02   0.2358638711127176E-02   0.2386173294204789E-02   0.4106951046043036E-02   0.7033805474799588E-02   0.1093179137633156E-01   0.1528757375544240E-01   0.1922440041125148E-01   0.2173805482302602E-01   0.2210277603450761E-01   0.2020867344041407E-01   0.1661506627714892E-01   0.1228435261945042E-01   0.8167934769080027E-02   0.4884721241101787E-02   0.2718480370971627E-02   0.1704324398716535E-02   0.1449368943523321E-02   0.1226702261825156E-02   0.1091637172244461E-02   0.1046604405680449E-02   0.1039056203671638E-02   0.1047387421656196E-02   0.1064584876014192E-02   0.1089707346504790E-02   0.1124284592612874E-02   0.1171095757272091E-02   0.1233902086266473E-02   0.1317515869713987E-02   0.1427985196922311E-02   0.1572827186787749E-02   0.1761290018689549E-02   0.1514635304172698E-02   0.1326432733107011E-02   0.1712856646932017E-02   0.2212970704741095E-02   0.2838983189148634E-02
  0.9999999747378752E-03   0.9999999747378752E-03   0.9999999747378752E-03   0.9999999747378752E-03   0.9999999747378752E-03   0.9999999747378752E-03   0.9999999747378752E-03   0.9999999747378752E-03   0.9999999747378752E-03   0.9999999747378752E-03   0.9999999747378752E-03   0.9999999747378752E-03   0.9999999747378752E-03   0.9999999747378752E-03   0.9999999747378752E-03   0.9999999747378752E-03   0.9999999747378752E-03   0.9999999747378752E-03   0.9999999747378752E-03   0.9999999747378752E-03   0.9999999747378752E-03   0.9999999747378752E-03   0.9999999747378752E-03   0.9999999747378752E-03   0.9999999747378752E-03   0.9999999747378752E-03   0.9999999747378754E-03   0.9999999747384478E-03   0.1001435903188510E-02   0.2648701841888156E-01   0.9144350998344019E-02   0.4187103971524839E+01   0.7754533548290271E+01   0.6594068835546061E+01   0.5805413072212637E+01   0.4872197579018004E+01   0.5323813967278463E+00   0.1093628771952661E-02   0.1000000065291220E-02   0.9999999747395815E-03   0.9999999747925654E-03   0.1000000149991212E-02   0.1000101755083414E-02   0.1010093799347891E-02   0.1143043844586039E-02   0.1387005615723590E-02   0.1347799305035248E-02   0.1154871717673896E-02   0.1051828200309494E-02   0.1004078208033861E-02   0.1013355128231256E-02   0.1096541404432838E-02   0.1885661606098481E-02   0.5538387180836357E-02   0.1437480987629481E-01   0.2778160259889330E-01   0.4335065134259776E-01   0.6104351819215438E-01   0.7944883002389926E-01   0.9003018965121898E-01   0.8421180596566993E-01   0.6387549443222176E-01   0.3941054202126000E-01   0.2000973251825061E-01   0.8790016638980208E-02   0.3778982190811085E-02   0.2828296128075326E-02   0.4172114174985394E-02   0.6955328053581917E-02   0.1075278610814732E-01   0.1499039206490724E-01   0.1879032574154966E-01   0.2117269793775508E-01   0.2144530362656229E-01   0.1952559149462122E-01   0.1598071160618884E-01   0.1175752210536979E-01   0.7776465617584092E-02   0.4624330576546035E-02   0.2563343021302277E-02   0.1641447646876463E-02   0.1459557913594543E-02   0.1209337570479889E-02   0.1084497963984093E-02   0.1043445597095432E-02   0.1037052314680743E-02   0.1045340094976395E-02   0.1061934265593390E-02   0.1086073960384958E-02   0.1119279254415146E-02   0.1164238882830821E-02   0.1224578148169294E-02   0.1304934492364213E-02   0.1411139432419472E-02   0.1550446221906282E-02   0.1731785720757864E-02   0.1586042846581499E-02   0.1296346132810505E-02   0.1648360590212715E-02   0.2130570809920755E-02   0.2734537545691037E-02
  0.9999999747378752E-03   0.9999999747378752E-03   0.9999999747378752E-03   0.9999999747378752E-03   0.9999999747378752E-03   0.9999999747378752E-03   0.9999999747378752E-03   0.9999999747378752E-03   0.9999999747378752E-03   0.9999999747378752E-03   0.9999999747378752E-03   0.9999999747378752E-03   0.9999999747378752E-03   0.9999999747378752E-03   0.9999999747378752E-03   0.9999999747378752E-03   0.9999999747378752E-03   0.9999999747378752E-03   0.9999999747378752E-03   0.9999999747378752E-03   0.9999999747378752E-03   0.9999999747378752E-03   0.9999999747378752E-03   0.9999999747378752E-03   0.9999999747378752E-03   0.9999999747378752E-03   0.9999999747378754E-03   0.9999999747378756E-03   0.1000011813276480E-02   0.5129090727412978E-02   0.2528249471595579E-01   0.3842364346166303E+00   0.7819089931771165E+01   0.6886833585223458E+01   0.5999972582936742E+01   0.5330513313705199E+01   0.2389549186839472E+01   0.1788790794871468E-01   0.1000286381722240E-02   0.9999999747492458E-03   0.9999999747542598E-03   0.1000000026941247E-02   0.1000037264573036E-02   0.1004793910830201E-02   0.1101994829194448E-02   0.1357663257412927E-02   0.1405063167049334E-02   0.1196595997105659E-02   0.1065285409093885E-02   0.1006573298477364E-02   0.1003154759604681E-02   0.1041818879925585E-02   0.1234276100995670E-02   0.2740304142160228E-02   0.7836954378046802E-02   0.1865115262697786E-01   0.3514920775523540E-01   0.5573987705571323E-01   0.7750144830855976E-01   0.9255865816756030E-01   0.9159974738658762E-01   0.7427909863083332E-01   0.4991257709989436E-01   0.2831168559746956E-01   0.1393766222733490E-01   0.6369766793214117E-02   0.3825782820429633E-02   0.4397457211120778E-02   0.6859023296496188E-02   0.1048276528832280E-01   0.1456969747329904E-01   0.1822367613179662E-01   0.2048839845219486E-01   0.2070215256509287E-01   0.1879990860310980E-01   0.1534375406700946E-01   0.1125512489709031E-01   0.7420449087573408E-02   0.4397689124991094E-02   0.2433710701524519E-02   0.1614775840851582E-02   0.1458625376316715E-02   0.1196228011648587E-02   0.1079164293882969E-02   0.1040980685141367E-02   0.1035309549780487E-02   0.1043415797310662E-02   0.1059382388581295E-02   0.1082558152925685E-02   0.1114431222460108E-02   0.1157595808781656E-02   0.1215543391619099E-02   0.1292741046070172E-02   0.1394809531979579E-02   0.1528745194812131E-02   0.1703169670203765E-02   0.1658600413049107E-02   0.1287735110871892E-02   0.1585740698313762E-02   0.2050534651409154E-02   0.2633042488548035E-02
  0.9999999747378752E-03   0.9999999747378752E-03   0.9999999747378752E-03   0.9999999747378752E-03   0.9999999747378752E-03   0.9999999747378752E-03   0.9999999747378752E-03   0.9999999747378752E-03   0.9999999747378752E-03   0.9999999747378752E-03   0.9999999747378752E-03   0.9999999747378752E-03   0.9999999747378752E-03   0.9999999747378752E-03   0.9999999747378752E-03   0.9999999747378752E-03   0.9999999747378752E-03   0.9999999747378752E-03   0.9999999747378752E-03   0.9999999747378752E-03   0.9999999747378752E-03   0.9999999747378752E-03   0.9999999747378752E-03   0.9999999747378752E-03   0.9999999747378752E-03   0.9999999747378752E-03   0.9999999747378754E-03   0.9999999747378754E-03   0.1000000033366495E-02   0.1252536144645128E-02   0.4127495544024735E-01   0.1014208939661773E-01   0.4337605814167582E+01   0.7237006751770724E+01   0.6220277332740825E+01   0.5514622665535083E+01   0.4265163246359588E+01   0.3146622217422202E+00   0.1059821531334471E-02   0.1000000108217558E-02   0.9999999747446295E-03   0.9999999908752574E-03   0.1000013824405859E-02   0.1002247962559919E-02   0.1069543118131072E-02   0.1284148841776335E-02   0.1430539010898704E-02   0.1258364162695978E-02   0.1083852366773257E-02   0.1011222336277934E-02   0.1001040149342057E-02   0.1011165142546841E-02   0.1074704541032972E-02   0.1594278059539280E-02   0.4102036394529620E-02   0.1135350920816254E-01   0.2605576113462241E-01   0.4819570526371075E-01   0.7356437578015269E-01   0.9318752904514793E-01   0.9691724492613725E-01   0.8292889772200659E-01   0.5966298037532608E-01   0.3713879299378327E-01   0.2045721019432873E-01   0.1031331445888947E-01   0.5685455049548018E-02   0.4995302974991122E-02   0.6839099136926355E-02   0.1015682248347620E-01   0.1404322872425340E-01   0.1753987393550888E-01   0.1970048442931125E-01   0.1988700373773054E-01   0.1804180901743518E-01   0.1471000546757648E-01   0.1077899253251558E-01   0.7099021050747900E-02   0.4202730219536138E-02   0.2327451033859824E-02   0.1582681025487080E-02   0.1455553297077108E-02   0.1186832045923535E-02   0.1075386653417943E-02   0.1039109179063907E-02   0.1033792475913927E-02   0.1041603813041686E-02   0.1056926874965322E-02   0.1079160226480306E-02   0.1109741834592083E-02   0.1151168604970509E-02   0.1206800736883807E-02   0.1280939592237972E-02   0.1379001120884779E-02   0.1507731870802036E-02   0.1675452545147062E-02   0.1692322621935213E-02   0.1290619574173367E-02   0.1525023924844558E-02   0.1972898493743341E-02   0.2534546476486140E-02
  0.9999999747378752E-03   0.9999999747378752E-03   0.9999999747378752E-03   0.9999999747378752E-03   0.9999999747378752E-03   0.9999999747378752E-03   0.9999999747378752E-03   0.9999999747378752E-03   0.9999999747378752E-03   0.9999999747378752E-03   0.9999999747378752E-03   0.9999999747378752E-03   0.9999999747378752E-03   0.9999999747378752E-03   0.9999999747378752E-03   0.9999999747378752E-03   0.9999999747378752E-03   0.9999999747378752E-03   0.9999999747378752E-03   0.9999999747378752E-03   0.9999999747378752E-03   0.9999999747378752E-03   0.9999999747378752E-03   0.9999999747378752E-03   0.9999999747378752E-03   0.9999999747378752E-03   0.9999999747378754E-03   0.9999999747378754E-03   0.9999999749340746E-03   0.1017903240200321E-02   0.2977880445886567E-01   0.4910235546254447E-02   0.5897363680820863E+00   0.7309076818012357E+01   0.6475496460298615E+01   0.5690143747600963E+01   0.5009021937588761E+01   0.1623976524135237E+01   0.9971946431074163E-02   0.1000227942681629E-02   0.9999999747646300E-03   0.9999999799432384E-03   0.1000005227361676E-02   0.1001050688089243E-02   0.1041909077911628E-02   0.1242153073051185E-02   0.1421058386311897E-02   0.1311602557368392E-02   0.1097961505950222E-02   0.1018101099828840E-02   0.1000875060514340E-02   0.1003130636216095E-02   0.1036792913366592E-02   0.1213927283240505E-02   0.2310357481470896E-02   0.6607413181424561E-02   0.1811847152968881E-01   0.3948936934794732E-01   0.6745117425986714E-01   0.9170072172417236E-01   0.1001943095314288E+00   0.8965577750142269E-01   0.6804978518302214E-01   0.4564311029391033E-01   0.2775771212243245E-01   0.1552821361262060E-01   0.8642404052433661E-02   0.6230996516172606E-02   0.7058378838726165E-02   0.9848684914956544E-02   0.1344418442476255E-01   0.1676011167440487E-01   0.1882656581143750E-01   0.1901403485829686E-01   0.1726080279134971E-01   0.1408405142801519E-01   0.1032977560540430E-01   0.6810541740307713E-02   0.4037075679041381E-02   0.2232444491928145E-02   0.1563687171949770E-02   0.1449483889333702E-02   0.1180722052400704E-02   0.1072979612128458E-02   0.1037760636827060E-02   0.1032477651486421E-02   0.1039897474031877E-02   0.1054566392043298E-02   0.1075880477913846E-02   0.1105212025768027E-02   0.1144958695919388E-02   0.1198352210052520E-02   0.1269532987573358E-02   0.1363718219405612E-02   0.1487411895613695E-02   0.1648642248563761E-02   0.1747220486791960E-02   0.1315014793747337E-02   0.1466231311182598E-02   0.1897691127820053E-02   0.2439088606385553E-02
  0.9999999747378752E-03   0.9999999747378752E-03   0.9999999747378752E-03   0.9999999747378752E-03   0.9999999747378752E-03   0.9999999747378752E-03   0.9999999747378752E-03   0.9999999747378752E-03   0.9999999747378752E-03   0.9999999747378752E-03   0.9999999747378752E-03   0.9999999747378752E-03   0.9999999747378752E-03   0.9999999747378752E-03   0.9999999747378752E-03   0.9999999747378752E-03   0.9999999747378752E-03   0.9999999747378752E-03   0.9999999747378752E-03   0.9999999747378752E-03   0.9999999747378752E-03   0.9999999747378752E-03   0.9999999747378752E-03   0.9999999747378752E-03   0.9999999747378752E-03   0.9999999747378752E-03   0.9999999747378754E-03   0.9999999747378754E-03   0.9999999747383691E-03   0.1000519289720747E-02   0.1115057570436447E-01   0.1080241507565066E-01   0.2353228846512359E-01   0.4584129938223658E+01   0.6775727206704858E+01   0.5885522008439662E+01   0.5248019896095355E+01   0.3480814034264389E+01   0.1672014143609409E+00   0.1065742088248054E-02   0.1000000117211519E-02   0.9999999764989192E-03   0.1000002021660796E-02   0.1000493574414005E-02   0.1024765120663056E-02   0.1204025585933313E-02   0.1439795541290174E-02   0.1363953708973086E-02   0.1138723759024613E-02   0.1027519576160855E-02   0.1001378509981098E-02   0.1001016451457985E-02   0.1013141973750726E-02   0.1120836073671442E-02   0.1574912146118103E-02   0.3985650137314385E-02   0.1242363901489481E-01   0.3137963019634435E-01   0.5992822119713422E-01   0.8796272089352250E-01   0.1012459533823086E+00   0.9434536444514849E-01   0.7473261542920588E-01   0.5316761945982527E-01   0.3512699407619860E-01   0.2163115512814846E-01   0.1273651893044380E-01   0.8340209233886354E-02   0.7733597016207019E-02   0.9684669466603422E-02   0.1283301919578376E-01   0.1591582859211658E-01   0.1788740423394269E-01   0.1809793193380884E-01   0.1646578553761566E-01   0.1346947026015455E-01   0.9907224336222037E-02   0.6552835612588286E-02   0.3898186933930701E-02   0.2146651613159470E-02   0.1556484162569805E-02   0.1439711071814991E-02   0.1177572045773753E-02   0.1071812962610550E-02   0.1036889902203473E-02   0.1031351538108849E-02   0.1038293388951924E-02   0.1052300404838447E-02   0.1072719141629238E-02   0.1100842327768090E-02   0.1138966879588726E-02   0.1190198972246468E-02   0.1258522923395279E-02   0.1348963294078086E-02   0.1467788861209512E-02   0.1622743991409560E-02   0.1763301525312994E-02   0.1390931531232933E-02   0.1409378138343055E-02   0.1824934049638162E-02   0.2346698818847867E-02
  0.9999999747378752E-03   0.9999999747378752E-03   0.9999999747378752E-03   0.9999999747378752E-03   0.9999999747378752E-03   0.9999999747378752E-03   0.9999999747378752E-03   0.9999999747378752E-03   0.9999999747378752E-03   0.9999999747378752E-03   0.9999999747378752E-03   0.9999999747378752E-03   0.9999999747378752E-03   0.9999999747378752E-03   0.9999999747378752E-03   0.9999999747378752E-03   0.9999999747378752E-03   0.9999999747378752E-03   0.9999999747378752E-03   0.9999999747378752E-03   0.9999999747378752E-03   0.9999999747378752E-03   0.9999999747378752E-03   0.9999999747378752E-03   0.9999999747378752E-03   0.9999999747378752E-03   0.9999999747378754E-03   0.9999999747378754E-03   0.9999999747378765E-03   0.1000010273177200E-02   0.2811179041053613E-02   0.2293474110497917E-01   0.6286003401945518E-02   0.9156219515018850E+00   0.6875533581602135E+01   0.6108732643681376E+01   0.5413653428228525E+01   0.4582444389209579E+01   0.9888147551198990E+00   0.5124397441331258E-02   0.1000143280576641E-02   0.9999999754009138E-03   0.1000000798649885E-02   0.1000234717399029E-02   0.1014481976106990E-02   0.1166882188037203E-02   0.1407615722390881E-02   0.1399068764835555E-02   0.1167760350312711E-02   0.1039826752432563E-02   0.1002355783893341E-02   0.1000459912111970E-02   0.1005968665424782E-02   0.1060605327477491E-02   0.1331873124402305E-02   0.2677658843517635E-02   0.8924674119998777E-02   0.2512332088458284E-01   0.5247608752667597E-01   0.8251396827590846E-01   0.9991533548167224E-01   0.9677091159061645E-01   0.7948240881434838E-01   0.5927552425586578E-01   0.4191554615803773E-01   0.2808973676155835E-01   0.1777482036477436E-01   0.1143519990717705E-01   0.9082587298851329E-02   0.9839192276066847E-02   0.1230865927452051E-01   0.1505662365193297E-01   0.1690977249423353E-01   0.1715457521730118E-01   0.1566529625314281E-01   0.1286912380016449E-01   0.9510494784481401E-02   0.6323429751928903E-02   0.3783502704992186E-02   0.2088167073828900E-02   0.1539934413804181E-02   0.1435669994420605E-02   0.1177146288976888E-02   0.1071804397387218E-02   0.1036473508915848E-02   0.1030409059098038E-02   0.1036790961707889E-02   0.1050129045578396E-02   0.1069676368842962E-02   0.1096632880832314E-02   0.1133193351646832E-02   0.1182341353641282E-02   0.1247909970867114E-02   0.1334737316807592E-02   0.1448864381967544E-02   0.1597760389505802E-02   0.1780569875238420E-02   0.1448376191917408E-02   0.1354474109312697E-02   0.1754641678134170E-02   0.2257398153562247E-02
  0.9999999747378752E-03   0.9999999747378752E-03   0.9999999747378752E-03   0.9999999747378752E-03   0.9999999747378752E-03   0.9999999747378752E-03   0.9999999747378752E-03   0.9999999747378752E-03   0.9999999747378752E-03   0.9999999747378752E-03   0.9999999747378752E-03   0.9999999747378752E-03   0.9999999747378752E-03   0.9999999747378752E-03   0.9999999747378752E-03   0.9999999747378752E-03   0.9999999747378752E-03   0.9999999747378752E-03   0.9999999747378752E-03   0.9999999747378752E-03   0.9999999747378752E-03   0.9999999747378752E-03   0.9999999747378752E-03   0.9999999747378752E-03   0.9999999747378752E-03   0.9999999747378752E-03   0.9999999747378754E-03   0.9999999747378754E-03   0.9999999747378754E-03   0.1000000127230237E-02   0.1183690149694975E-02   0.2807629496378888E-01   0.5422233032223287E-02   0.5300092671255315E-01   0.4875278296796297E+01   0.6367248392957598E+01   0.5588530811080556E+01   0.4981193227310301E+01   0.2571329424489452E+01   0.7883275517909133E-01   0.1030179199424381E-02   0.1000000086241047E-02   0.1000000318755379E-02   0.1000113687025641E-02   0.1008448081720067E-02   0.1133209599719231E-02   0.1381180117809337E-02   0.1408329588600100E-02   0.1216532746854564E-02   0.1055458203958957E-02   0.1003858597450668E-02   0.1000335996788854E-02   0.1003752455493346E-02   0.1039923046053060E-02   0.1267782514052033E-02   0.2093455370639488E-02   0.7034050034636756E-02   0.2102985134335949E-01   0.4641045107169599E-01   0.7656320182188837E-01   0.9652669524780486E-01   0.9671548544367327E-01   0.8203550351329740E-01   0.6366657503111306E-01   0.4764662799061008E-01   0.3434896959140765E-01   0.2338344622044501E-01   0.1545078499641037E-01   0.1125293128656827E-01   0.1050307707070243E-01   0.1200917901660115E-01   0.1425881964706886E-01   0.1593181099723846E-01   0.1620304947671659E-01   0.1486820818255733E-01   0.1228555487459762E-01   0.9138471325466989E-02   0.6119784210093912E-02   0.3690564332814435E-02   0.2035265088446125E-02   0.1553076208184710E-02   0.1436926989718837E-02   0.1179289716371086E-02   0.1072913891036318E-02   0.1036507189049452E-02   0.1029652725359490E-02   0.1035392153579349E-02   0.1048053073361723E-02   0.1066752236742034E-02   0.1092583455293190E-02   0.1127637734533691E-02   0.1174778891787199E-02   0.1237693631548881E-02   0.1321039831028120E-02   0.1430638180277363E-02   0.1573691572899219E-02   0.1759026436798934E-02   0.1517350991194008E-02   0.1321523558801853E-02   0.1686821609009274E-02   0.2171199050700374E-02
  0.9999999747378752E-03   0.9999999747378752E-03   0.9999999747378752E-03   0.9999999747378752E-03   0.9999999747378752E-03   0.9999999747378752E-03   0.9999999747378752E-03   0.9999999747378752E-03   0.9999999747378752E-03   0.9999999747378752E-03   0.9999999747378752E-03   0.9999999747378752E-03   0.9999999747378752E-03   0.9999999747378752E-03   0.9999999747378752E-03   0.9999999747378752E-03   0.9999999747378752E-03   0.9999999747378752E-03   0.9999999747378752E-03   0.9999999747378752E-03   0.9999999747378752E-03   0.9999999747378752E-03   0.9999999747378752E-03   0.9999999747378752E-03   0.9999999747378752E-03   0.9999999747378752E-03   0.9999999747378754E-03   0.9999999747378754E-03   0.9999999747378754E-03   0.9999999765627082E-03   0.1027033519855624E-02   0.2056825337550152E-01   0.5805038306702156E-02   0.5811073686998879E-02   0.1406635653687096E+01   0.6497587031677700E+01   0.5785173335434145E+01   0.5166792286188426E+01   0.3954531115692472E+01   0.5294515550531849E+00   0.2597214658841630E-02   0.1000071050568689E-02   0.1000000124294982E-02   0.1000056373776309E-02   0.1004950564818051E-02   0.1102473031735747E-02   0.1339696102341516E-02   0.1453470802732406E-02   0.1265458324782281E-02   0.1075020234145161E-02   0.1005996683908058E-02   0.1000357666617823E-02   0.1003061363122384E-02   0.1032981656717496E-02   0.1258397583009200E-02   0.1834233826306644E-02   0.6141627499962325E-02   0.1876253185837812E-01   0.4232877422283803E-01   0.7138436559888034E-01   0.9199744902911647E-01   0.9430405262874070E-01   0.8213887653415991E-01   0.6606416696469437E-01   0.5197496403728106E-01   0.3993350344514367E-01   0.2910937376473403E-01   0.2015448822648697E-01   0.1426671795873664E-01   0.1183283395061102E-01   0.1209420557341154E-01   0.1362842145626074E-01   0.1500944509297988E-01   0.1526937955006635E-01   0.1408524451343943E-01   0.1172162283224203E-01   0.8790125618322943E-02   0.5939514260102524E-02   0.3617130895556926E-02   0.1986440291150613E-02   0.1535127252566616E-02   0.1443171873187039E-02   0.1183920869859995E-02   0.1075139903973298E-02   0.1037004433473976E-02   0.1029092272619768E-02   0.1034101460289441E-02   0.1046073913473676E-02   0.1063946784500190E-02   0.1088693482393109E-02   0.1122299110917466E-02   0.1167510373773585E-02   0.1227872392660526E-02   0.1307869024105511E-02   0.1413108180480039E-02   0.1550535306326247E-02   0.1728669021511511E-02   0.1607854148403516E-02   0.1290525690201795E-02   0.1621474901183046E-02   0.2088105694261889E-02
  0.9999999747378752E-03   0.9999999747378752E-03   0.9999999747378752E-03   0.9999999747378752E-03   0.9999999747378752E-03   0.9999999747378752E-03   0.9999999747378752E-03   0.9999999747378752E-03   0.9999999747378752E-03   0.9999999747378752E-03   0.9999999747378752E-03   0.9999999747378752E-03   0.9999999747378752E-03   0.9999999747378752E-03   0.9999999747378752E-03   0.9999999747378752E-03   0.9999999747378752E-03   0.9999999747378752E-03   0.9999999747378752E-03   0.9999999747378752E-03   0.9999999747378752E-03   0.9999999747378752E-03   0.9999999747378752E-03   0.9999999747378752E-03   0.9999999747378752E-03   0.9999999747378752E-03   0.9999999747378754E-03   0.9999999747378754E-03   0.9999999747378754E-03   0.9999999747568040E-03   0.1001853760092688E-02   0.9957562963138992E-02   0.9660209736647999E-02   0.6125451674777533E-02   0.1397647019534893E+00   0.5147378256605030E+01   0.6009555633689465E+01   0.5328825033585808E+01   0.4644353040390200E+01   0.1670148171981465E+01   0.3259463551877574E-01   0.1011468329466209E-02   0.1000000106366357E-02   0.1000028738720228E-02   0.1002931607675729E-02   0.1072671215706463E-02   0.1292059253685489E-02   0.1458772824021603E-02   0.1313277227393595E-02   0.1099304876808716E-02   0.1008899532155584E-02   0.1000457338720312E-02   0.1002875846380321E-02   0.1031031590419229E-02   0.1243676403349211E-02   0.1733393227163006E-02   0.5816075439045424E-02   0.1779197366193462E-01   0.4016696391432512E-01   0.6776587891941882E-01   0.8746127268578661E-01   0.9016975877111305E-01   0.7978150977545023E-01   0.6621480682955991E-01   0.5461323752288233E-01   0.4446948080387260E-01   0.3451372372033269E-01   0.2520664103236276E-01   0.1800635199521587E-01   0.1390249849498108E-01   0.1271112188468984E-01   0.1329245333491176E-01   0.1422006703732279E-01   0.1439128617579845E-01   0.1333160714432065E-01   0.1118161252725055E-01   0.8464991239717891E-02   0.5780621654707272E-02   0.3561288959857280E-02   0.1980447766617986E-02   0.1545491187909004E-02   0.1454214056187768E-02   0.1191027876360880E-02   0.1078517502314008E-02   0.1037996078193154E-02   0.1028744780868033E-02   0.1032926091362373E-02   0.1044193773296435E-02   0.1061260076028448E-02   0.1084962094440934E-02   0.1117176061418429E-02   0.1160533881844855E-02   0.1218443786443927E-02   0.1295221805149340E-02   0.1396270610053298E-02   0.1528287119358806E-02   0.1699492519904715E-02   0.1659880095902791E-02   0.1291474831055531E-02   0.1558596392313841E-02   0.2008114393028246E-02
  0.9999999747378752E-03   0.9999999747378752E-03   0.9999999747378752E-03   0.9999999747378752E-03   0.9999999747378752E-03   0.9999999747378752E-03   0.9999999747378752E-03   0.9999999747378752E-03   0.9999999747378752E-03   0.9999999747378752E-03   0.9999999747378752E-03   0.9999999747378752E-03   0.9999999747378752E-03   0.9999999747378752E-03   0.9999999747378752E-03   0.9999999747378752E-03   0.9999999747378752E-03   0.9999999747378752E-03   0.9999999747378752E-03   0.9999999747378752E-03   0.9999999747378752E-03   0.9999999747378752E-03   0.9999999747378752E-03   0.9999999747378752E-03   0.9999999747378752E-03   0.9999999747378752E-03   0.9999999747378754E-03   0.9999999747378754E-03   0.9999999747378754E-03   0.9999999747380567E-03   0.1000101011707657E-02   0.3694457725920253E-02   0.1636595165313013E-01   0.6484846007590806E-02   0.6230223681375901E-02   0.2064183543169188E+01   0.6163282664198324E+01   0.5504333098512026E+01   0.4930401262862893E+01   0.3089713761611409E+01   0.2443829513803530E+00   0.1477992333160403E-02   0.1000027593019671E-02   0.1000015112126415E-02   0.1001763172588121E-02   0.1051410941303733E-02   0.1275196226610659E-02   0.1492039393800299E-02   0.1336999798240059E-02   0.1119178673595188E-02   0.1012719161318959E-02   0.1000626775783363E-02   0.1002890780012085E-02   0.1031163902873658E-02   0.1244528103138686E-02   0.1675775905817960E-02   0.5806537168314469E-02   0.1766329840268636E-01   0.3953323984251470E-01   0.6589065956958713E-01   0.8378593830642921E-01   0.8525302486363852E-01   0.7537131752942271E-01   0.6403617326323338E-01   0.5531140822677746E-01   0.4765001504989896E-01   0.3921657805710328E-01   0.3023316376253306E-01   0.2224198931896904E-01   0.1667863648265699E-01   0.1395730098920132E-01   0.1337792818116768E-01   0.1365917410140696E-01   0.1362173812203841E-01   0.1263040005592181E-01   0.1067301785882481E-01   0.8163898249870606E-02   0.5641785063317412E-02   0.3521570100651603E-02   0.1986346379205464E-02   0.1533769082874455E-02   0.1469983458080034E-02   0.1200667831873492E-02   0.1083118477415034E-02   0.1039530920269244E-02   0.1028635273126788E-02   0.1031876353977534E-02   0.1042415838494043E-02   0.1058692291960525E-02   0.1081388175367711E-02   0.1112266706753175E-02   0.1153846842147848E-02   0.1209404453022293E-02   0.1283093887389374E-02   0.1380120106924370E-02   0.1506940444779752E-02   0.1671489077720832E-02   0.1723419696952095E-02   0.1314360712407448E-02   0.1498175039698180E-02   0.1931213994602441E-02
  0.9999999747378752E-03   0.9999999747378752E-03   0.9999999747378752E-03   0.9999999747378752E-03   0.9999999747378752E-03   0.9999999747378752E-03   0.9999999747378752E-03   0.9999999747378752E-03   0.9999999747378752E-03   0.9999999747378752E-03   0.9999999747378752E-03   0.9999999747378752E-03   0.9999999747378752E-03   0.9999999747378752E-03   0.9999999747378752E-03   0.9999999747378752E-03   0.9999999747378752E-03   0.9999999747378752E-03   0.9999999747378752E-03   0.9999999747378752E-03   0.9999999747378752E-03   0.9999999747378752E-03   0.9999999747378752E-03   0.9999999747378752E-03   0.9999999747378752E-03   0.9999999747378752E-03   0.9999999747378754E-03   0.9999999747378754E-03   0.9999999747378754E-03   0.9999999747378773E-03   0.1000004614107412E-02   0.1490614209721970E-02   0.2066628786814010E-01   0.6305660194218301E-02   0.1452158809214618E-02   0.3484197523673019E+00   0.5351816508898640E+01   0.5701475283584298E+01   0.5103413556501019E+01   0.4113770389188137E+01   0.9274178343191817E+00   0.1181518439954270E-01   0.1003545768266306E-02   0.1000008244050972E-02   0.1001081510532982E-02   0.1036484704642948E-02   0.1253579356746249E-02   0.1514347389414320E-02   0.1362441124592726E-02   0.1145359591035951E-02   0.1017643851548238E-02   0.1000874808788082E-02   0.1003015288166594E-02   0.1032432275906443E-02   0.1253991335613954E-02   0.1705347771233985E-02   0.5984103342310512E-02   0.1806983856739213E-01   0.3998934724245428E-01   0.6553006864458366E-01   0.8134853214906229E-01   0.8042302588121669E-01   0.6965999925023356E-01   0.5977421463820581E-01   0.5394187400563292E-01   0.4921425653728816E-01   0.4289418075763660E-01   0.3487622066256623E-01   0.2668053078907893E-01   0.2002575737032768E-01   0.1585330221899946E-01   0.1398462487397806E-01   0.1342825054788804E-01   0.1302840839456273E-01   0.1201559649593562E-01   0.1020887883687657E-01   0.7890104884246409E-02   0.5522797352991632E-02   0.3497106358682426E-02   0.2003553143185152E-02   0.1529777814863088E-02   0.1490536800617257E-02   0.1212969786369543E-02   0.1089053525954043E-02   0.1041677388092374E-02   0.1028797811861673E-02   0.1030966256005171E-02   0.1040744559042134E-02   0.1056243855801669E-02   0.1077970423643227E-02   0.1107568754756225E-02   0.1147446076384314E-02   0.1200750206182314E-02   0.1271479874279631E-02   0.1364649831793661E-02   0.1486486763732344E-02   0.1644648281247019E-02   0.1748460485696662E-02   0.1349168761192353E-02   0.1440194282799623E-02   0.1857386327913999E-02
  0.9999999747378752E-03   0.9999999747378752E-03   0.9999999747378752E-03   0.9999999747378752E-03   0.9999999747378752E-03   0.9999999747378752E-03   0.9999999747378752E-03   0.9999999747378752E-03   0.9999999747378752E-03   0.9999999747378752E-03   0.9999999747378752E-03   0.9999999747378752E-03   0.9999999747378752E-03   0.9999999747378752E-03   0.9999999747378752E-03   0.9999999747378752E-03   0.9999999747378752E-03   0.9999999747378752E-03   0.9999999747378752E-03   0.9999999747378752E-03   0.9999999747378752E-03   0.9999999747378752E-03   0.9999999747378752E-03   0.9999999747378752E-03   0.9999999747378752E-03   0.9999999747378752E-03   0.9999999747378754E-03   0.9999999747378754E-03   0.9999999747378754E-03   0.9999999747378756E-03   0.1000000163746941E-02   0.1153989242770295E-02   0.1895012867451230E-01   0.6342631505195530E-02   0.1987486534953824E-02   0.2708149837129875E-01   0.2840359761702632E+01   0.5867622938247308E+01   0.5266267006088189E+01   0.4634841379521554E+01   0.2092053202257246E+01   0.9518090829034691E-01   0.1092963545327866E-02   0.1000012867833800E-02   0.1000678854769062E-02   0.1026095647510527E-02   0.1229494328460943E-02   0.1489046902995102E-02   0.1405077031050179E-02   0.1178161924841588E-02   0.1023905746861854E-02   0.1001216417864280E-02   0.1003225055325134E-02   0.1034554778715795E-02   0.1269726313848283E-02   0.1708037013482727E-02   0.6288382580943717E-02   0.1883150291494710E-01   0.4118185042888618E-01   0.6629344838901126E-01   0.8009754515534627E-01   0.7621325994038707E-01   0.6347656544473643E-01   0.5400494783621231E-01   0.5062176989033589E-01   0.4899261661428156E-01   0.4526891753371465E-01   0.3881181048752663E-01   0.3101058328451767E-01   0.2373396519224564E-01   0.1833584563310638E-01   0.1516143301169445E-01   0.1361652195822544E-01   0.1268728186709979E-01   0.1153271702792072E-01   0.9810000786522895E-02   0.7650796315298690E-02   0.5425238265131882E-02   0.3487873948555405E-02   0.2031924803590364E-02   0.1493578908207118E-02   0.1516069811730679E-02   0.1228141370557294E-02   0.1096476502084756E-02   0.1044526292081118E-02   0.1029277122505363E-02   0.1030214351326498E-02   0.1039186039268810E-02   0.1053915601316097E-02   0.1074707430410542E-02   0.1103079553074083E-02   0.1141327856260801E-02   0.1192476101547954E-02   0.1260373348515420E-02   0.1349851584370753E-02   0.1466915756206812E-02   0.1618957350173089E-02   0.1754986907420912E-02   0.1385880406961819E-02   0.1384632423657369E-02   0.1786606669547941E-02
  0.9999999747378752E-03   0.9999999747378752E-03   0.9999999747378752E-03   0.9999999747378752E-03   0.9999999747378752E-03   0.9999999747378752E-03   0.9999999747378752E-03   0.9999999747378752E-03   0.9999999747378752E-03   0.9999999747378752E-03   0.9999999747378752E-03   0.9999999747378752E-03   0.9999999747378752E-03   0.9999999747378752E-03   0.9999999747378752E-03   0.9999999747378752E-03   0.9999999747378752E-03   0.9999999747378752E-03   0.9999999747378752E-03   0.9999999747378752E-03   0.9999999747378752E-03   0.9999999747378752E-03   0.9999999747378752E-03   0.9999999747378752E-03   0.9999999747378752E-03   0.9999999747378752E-03   0.9999999747378754E-03   0.9999999747378754E-03   0.9999999747378754E-03   0.9999999747378754E-03   0.9999999818869510E-03   0.1025198250065926E-02   0.1325473797136777E-01   0.7658458383573668E-02   0.2838527637316243E-02   0.1925554818866957E-02   0.7608438820614003E+00   0.5462016054145831E+01   0.5442950603908070E+01   0.4891536757686575E+01   0.3288935823745148E+01   0.4279421766954936E+00   0.4008677969356748E-02   0.1000872434087422E-02   0.1000437204176436E-02   0.1018884602591191E-02   0.1213622021282245E-02   0.1470571982154852E-02   0.1440877724542219E-02   0.1207309077959130E-02   0.1031769591652590E-02   0.1001670945270879E-02   0.1003518110322580E-02   0.1037484317547649E-02   0.1291160794089203E-02   0.1749176077603042E-02   0.6693498910996847E-02   0.1985070233216512E-01   0.4286484988463412E-01   0.6779246372721848E-01   0.7973911926153708E-01   0.7277878315026348E-01   0.5747256853044865E-01   0.4746789780520707E-01   0.4575238463907112E-01   0.4699382935111831E-01   0.4613443848422063E-01   0.4175308138326345E-01   0.3492901074033283E-01   0.2755263150724398E-01   0.2126935640010428E-01   0.1689406322944154E-01   0.1428239345653678E-01   0.1267119051007871E-01   0.1123579582570478E-01   0.9505952619127978E-02   0.7458605881464399E-02   0.5353385638706113E-02   0.3495077782019829E-02   0.2071893237273838E-02   0.1415525515106946E-02   0.1546936658731939E-02   0.1246479093865492E-02   0.1105590687097338E-02   0.1048194656391349E-02   0.1030130769633504E-02   0.1029644852558478E-02   0.1037748548478335E-02   0.1051708989797445E-02   0.1071597776503216E-02   0.1098796148681264E-02   0.1135487960769699E-02   0.1184576506674967E-02   0.1249766963185374E-02   0.1335715922458752E-02   0.1448215455466263E-02   0.1594401335913866E-02   0.1772980572166764E-02   0.1474473397480376E-02   0.1331463021480568E-02   0.1718844229306231E-02
  0.9999999747378752E-03   0.9999999747378752E-03   0.9999999747378752E-03   0.9999999747378752E-03   0.9999999747378752E-03   0.9999999747378752E-03   0.9999999747378752E-03   0.9999999747378752E-03   0.9999999747378752E-03   0.9999999747378752E-03   0.9999999747378752E-03   0.9999999747378752E-03   0.9999999747378752E-03   0.9999999747378752E-03   0.9999999747378752E-03   0.9999999747378752E-03   0.9999999747378752E-03   0.9999999747378752E-03   0.9999999747378752E-03   0.9999999747378752E-03   0.9999999747378752E-03   0.9999999747378752E-03   0.9999999747378752E-03   0.9999999747378752E-03   0.9999999747378752E-03   0.9999999747378752E-03   0.9999999747378754E-03   0.9999999747378754E-03   0.9999999747378754E-03   0.9999999747378754E-03   0.9999999749989591E-03   0.1003566080969631E-02   0.7602087264060230E-02   0.1078836557168495E-01   0.3797066510484368E-02   0.1029550476295436E-02   0.1050874810314671E+00   0.3636246462282610E+01   0.5611911408326973E+01   0.5067498125343770E+01   0.4132051762526237E+01   0.1176643951168475E+01   0.3071268193377318E-01   0.1036882161437800E-02   0.1000291294457314E-02   0.1013869926407408E-02   0.1185639156204960E-02   0.1453448618438654E-02   0.1446872702211352E-02   0.1251881331264581E-02   0.1041498003440520E-02   0.1002263056419849E-02   0.1003901323576830E-02   0.1041265913469764E-02   0.1318426914219639E-02   0.1838040790595926E-02   0.7189607220667039E-02   0.2107563201642235E-01   0.4487627320959933E-01   0.6970741399158206E-01   0.7990552718677053E-01   0.7000298909363140E-01   0.5201013743710432E-01   0.4085193891665744E-01   0.3993037925416994E-01   0.4345617745989196E-01   0.4541498466707552E-01   0.4346836886225783E-01   0.3815438376549628E-01   0.3121716964366429E-01   0.2446739743708649E-01   0.1910619843912739E-01   0.1544043670563485E-01   0.1303642356416931E-01   0.1118058315828174E-01   0.9333824746279940E-02   0.7332523328883110E-02   0.5315194008059551E-02   0.3521686656511284E-02   0.2124683229972708E-02   0.1336340558276436E-02   0.1583679945817846E-02   0.1268382705017232E-02   0.1116656996705107E-02   0.1052830584451987E-02   0.1031431888735705E-02   0.1029289029200869E-02   0.1036443167604847E-02   0.1049626386318050E-02   0.1068640152545233E-02   0.1094715355686405E-02   0.1129921736487486E-02   0.1177045172669440E-02   0.1239652534330274E-02   0.1322232282872113E-02   0.1430372405071702E-02   0.1570963323655892E-02   0.1752420514427664E-02   0.1554922127671781E-02   0.1300655297336009E-02   0.1654062650525022E-02
  0.9999999747378752E-03   0.9999999747378752E-03   0.9999999747378752E-03   0.9999999747378752E-03   0.9999999747378752E-03   0.9999999747378752E-03   0.9999999747378752E-03   0.9999999747378752E-03   0.9999999747378752E-03   0.9999999747378752E-03   0.9999999747378752E-03   0.9999999747378752E-03   0.9999999747378752E-03   0.9999999747378752E-03   0.9999999747378752E-03   0.9999999747378752E-03   0.9999999747378752E-03   0.9999999747378752E-03   0.9999999747378752E-03   0.9999999747378752E-03   0.9999999747378752E-03   0.9999999747378752E-03   0.9999999747378752E-03   0.9999999747378752E-03   0.9999999747378752E-03   0.9999999747378752E-03   0.9999999747378754E-03   0.9999999747378754E-03   0.9999999747378754E-03   0.9999999747378754E-03   0.9999999747473955E-03   0.1000453220276669E-02   0.3787397020266566E-02   0.1444042648839580E-01   0.4718748603026886E-02   0.1018297773910031E-02   0.8971358782865507E-02   0.1438759063670249E+01   0.5479655264140583E+01   0.5234713786921191E+01   0.4607732730394669E+01   0.2236223540404241E+01   0.1591883934762462E+00   0.1624530226233947E-02   0.1000360690980411E-02   0.1010363255495775E-02   0.1154698507409927E-02   0.1421655962489228E-02   0.1501365323366739E-02   0.1280406402680833E-02   0.1053299369394820E-02   0.1003023729295798E-02   0.1004386191066648E-02   0.1045987870006789E-02   0.1351959413591751E-02   0.1975511809026699E-02   0.7773556801013811E-02   0.2247633181175794E-01   0.4710585785433384E-01   0.7179356078589665E-01   0.8025443366877751E-01   0.6764035791495551E-01   0.4718913477990198E-01   0.3465237654411121E-01   0.3378851247491745E-01   0.3881204710796143E-01   0.4321450095892635E-01   0.4382210622403387E-01   0.4044419406172517E-01   0.3446736250376665E-01   0.2771454542117136E-01   0.2167051326281958E-01   0.1705698222942447E-01   0.1381135209049821E-01   0.1141550864279421E-01   0.9334414889119758E-02   0.7297517042708203E-02   0.5322986996468552E-02   0.3573035456647997E-02   0.2192620351895382E-02   0.1297240330817571E-02   0.1627077183323904E-02   0.1294374909311880E-02   0.1130004167668528E-02   0.1058619067286243E-02   0.1033272436791900E-02   0.1029186890805559E-02   0.1035284581094421E-02   0.1047671402615768E-02   0.1065833506294217E-02   0.1090833833079288E-02   0.1124624161211085E-02   0.1169875307014620E-02   0.1230021134240595E-02   0.1309389103234145E-02   0.1413371817238334E-02   0.1548624636477057E-02   0.1723283449716591E-02   0.1617197965050977E-02   0.1282174547764824E-02   0.1592220520839738E-02
  0.9999999747378752E-03   0.9999999747378752E-03   0.9999999747378752E-03   0.9999999747378752E-03   0.9999999747378752E-03   0.9999999747378752E-03   0.9999999747378752E-03   0.9999999747378752E-03   0.9999999747378752E-03   0.9999999747378752E-03   0.9999999747378752E-03   0.9999999747378752E-03   0.9999999747378752E-03   0.9999999747378752E-03   0.9999999747378752E-03   0.9999999747378752E-03   0.9999999747378752E-03   0.9999999747378752E-03   0.9999999747378752E-03   0.9999999747378752E-03   0.9999999747378752E-03   0.9999999747378752E-03   0.9999999747378752E-03   0.9999999747378752E-03   0.9999999747378752E-03   0.9999999747378752E-03   0.9999999747378754E-03   0.9999999747378754E-03   0.9999999747378754E-03   0.9999999747378754E-03   0.9999999747382327E-03   0.1000053480805528E-02   0.1935606213443403E-02   0.1668623486819154E-01   0.5513039761022405E-02   0.1043222820081137E-02   0.1312091147687358E-02   0.3303021899822167E+00   0.4333818251431405E+01   0.5401754481321769E+01   0.4877145017753707E+01   0.3277768580025604E+01   0.5272929840565490E+00   0.8285406488087203E-02   0.1006571592960169E-02   0.1007890870527037E-02   0.1129756172276820E-02   0.1408328069855214E-02   0.1523849711958667E-02   0.1301049721729963E-02   0.1067272413094636E-02   0.1003989524882152E-02   0.1004987444948692E-02   0.1051763099780786E-02   0.1392328881490487E-02   0.2173017852449506E-02   0.8444210664944772E-02   0.2403067885012439E-01   0.4946953988514547E-01   0.7386411096969323E-01   0.8050776788818090E-01   0.6542663760194557E-01   0.4294179330138446E-01   0.2913573745011717E-01   0.2785517991780281E-01   0.3358294664595037E-01   0.3981276834160793E-01   0.4281650013334532E-01   0.4162503060556212E-01   0.3706521154496790E-01   0.3078478073685150E-01   0.2442374817247596E-01   0.1905368271767787E-01   0.1498991403925182E-01   0.1197281345282558E-01   0.9546470387194703E-02   0.7382513210017167E-02   0.5393445213538092E-02   0.3657303045676126E-02   0.2279488125252274E-02   0.1330107866745357E-02   0.1678210291791667E-02   0.1325128865895332E-02   0.1146041306273582E-02   0.1065788650090741E-02   0.1035766878897276E-02   0.1029389125073293E-02   0.1034292010462608E-02   0.1045849310055222E-02   0.1063177220365115E-02   0.1087148173963973E-02   0.1119589911322501E-02   0.1163059647364280E-02   0.1220863184890631E-02   0.1297173943770855E-02   0.1397197731339994E-02   0.1527365039992200E-02   0.1695544038891868E-02   0.1701269581458042E-02   0.1285982559780124E-02   0.1533271889304141E-02
  0.9999999747378752E-03   0.9999999747378752E-03   0.9999999747378752E-03   0.9999999747378752E-03   0.9999999747378752E-03   0.9999999747378752E-03   0.9999999747378752E-03   0.9999999747378752E-03   0.9999999747378752E-03   0.9999999747378752E-03   0.9999999747378752E-03   0.9999999747378752E-03   0.9999999747378752E-03   0.9999999747378752E-03   0.9999999747378752E-03   0.9999999747378752E-03   0.9999999747378752E-03   0.9999999747378752E-03   0.9999999747378752E-03   0.9999999747378752E-03   0.9999999747378752E-03   0.9999999747378752E-03   0.9999999747378752E-03   0.9999999747378752E-03   0.9999999747378752E-03   0.9999999747378752E-03   0.9999999747378754E-03   0.9999999747378754E-03   0.9999999747378754E-03   0.9999999747378754E-03   0.9999999747378906E-03   0.1000006017928547E-02   0.1239298783591924E-02   0.1632095541197029E-01   0.6278224584977658E-02   0.1101790122159812E-02   0.1015023634656904E-02   0.4749576710901035E-01   0.2356259529862555E+01   0.5431633172552280E+01   0.5070043589410092E+01   0.4061778390751186E+01   0.1218100535904625E+01   0.4619609386089953E-01   0.1067302473129431E-02   0.1006151182900901E-02   0.1109766373257084E-02   0.1385704189092993E-02   0.1564745814528967E-02   0.1311839423103193E-02   0.1083362997153715E-02   0.1005199188575618E-02   0.1005722421374625E-02   0.1058719171203204E-02   0.1430151608878502E-02   0.2381967581181247E-02   0.9199927701752719E-02   0.2571651589734130E-01   0.5189274533449580E-01   0.7577052223998684E-01   0.8045624725225647E-01   0.6314003262244154E-01   0.3912959995642040E-01   0.2438142726744861E-01   0.2248377139304633E-01   0.2826203548383325E-01   0.3560447231207746E-01   0.4060346635133848E-01   0.4162646364629304E-01   0.3881915411757824E-01   0.3345893091864436E-01   0.2718199306161669E-01   0.2131610749302544E-01   0.1653068650279425E-01   0.1286203389366974E-01   0.1000033332368817E-01   0.7616918064662944E-02   0.5546601456409291E-02   0.3785618351028074E-02   0.2390833381225387E-02   0.1387695930830506E-02   0.1728559915012787E-02   0.1361506100600026E-02   0.1165273596174788E-02   0.1074618958943075E-02   0.1039056195191212E-02   0.1029959223934947E-02   0.1033490266365566E-02   0.1044167518308889E-02   0.1060671321002741E-02   0.1083655007230557E-02   0.1114813433204764E-02   0.1156590536105977E-02   0.1212168550972119E-02   0.1285573608294033E-02   0.1381833171471683E-02   0.1507162946093922E-02   0.1669175149037810E-02   0.1727103288960278E-02   0.1312038028750265E-02   0.1477166786018283E-02
  0.9999999747378752E-03   0.9999999747378752E-03   0.9999999747378752E-03   0.9999999747378752E-03   0.9999999747378752E-03   0.9999999747378752E-03   0.9999999747378752E-03   0.9999999747378752E-03   0.9999999747378752E-03   0.9999999747378752E-03   0.9999999747378752E-03   0.9999999747378752E-03   0.9999999747378752E-03   0.9999999747378752E-03   0.9999999747378752E-03   0.9999999747378752E-03   0.9999999747378752E-03   0.9999999747378752E-03   0.9999999747378752E-03   0.9999999747378752E-03   0.9999999747378752E-03   0.9999999747378752E-03   0.9999999747378752E-03   0.9999999747378752E-03   0.9999999747378752E-03   0.9999999747378752E-03   0.9999999747378754E-03   0.9999999747378754E-03   0.9999999747378754E-03   0.9999999747378754E-03   0.9999999747378773E-03   0.1000000644788084E-02   0.1142674658875035E-02   0.1375140428261985E-01   0.7413232566343204E-02   0.1178836442793683E-02   0.1000451139644895E-02   0.5307335600606393E-02   0.8322249673472200E+00   0.4848123320511600E+01   0.5243512309767071E+01   0.4567176091371955E+01   0.2140150097296005E+01   0.1800731100707917E+00   0.2269080311725383E-02   0.1005678400982976E-02   0.1093780744466674E-02   0.1345223240161887E-02   0.1585069369140333E-02   0.1350867904009601E-02   0.1101344000700173E-02   0.1006687678675539E-02   0.1006610411453125E-02   0.1066989461121338E-02   0.1466016694462531E-02   0.2643342934117728E-02   0.1003698945025628E-01   0.2750722612712067E-01   0.5430091438678099E-01   0.7738800667473045E-01   0.7995058465720500E-01   0.6062409907246995E-01   0.3561117439819304E-01   0.2035147111527056E-01   0.1785105294852088E-01   0.2323229115146067E-01   0.3101183241295933E-01   0.3745484764695008E-01   0.4049932289815337E-01   0.3961161649765636E-01   0.3554505740848874E-01   0.2975605379491351E-01   0.2370459479595046E-01   0.1836048299257411E-01   0.1406696055098784E-01   0.1071246425048005E-01   0.8026368408853724E-02   0.5803842674031602E-02   0.3971592758813785E-02   0.2534079510069807E-02   0.1493807205934117E-02   0.1730114253475650E-02   0.1404605119681352E-02   0.1188321942338146E-02   0.1085449190791546E-02   0.1043312083762653E-02   0.1030975694285549E-02   0.1032910871022865E-02   0.1042636103745760E-02   0.1058316714261702E-02   0.1080351111322702E-02   0.1110289018740524E-02   0.1150459995483157E-02   0.1203926632044097E-02   0.1274574263644266E-02   0.1367260302078844E-02   0.1487995614481504E-02   0.1644148111977048E-02   0.1754663362568110E-02   0.1330296974081092E-02   0.1423851740693424E-02
  0.9999999747378752E-03   0.9999999747378752E-03   0.9999999747378752E-03   0.9999999747378752E-03   0.9999999747378752E-03   0.9999999747378752E-03   0.9999999747378752E-03   0.9999999747378752E-03   0.9999999747378752E-03   0.9999999747378752E-03   0.9999999747378752E-03   0.9999999747378752E-03   0.9999999747378752E-03   0.9999999747378752E-03   0.9999999747378752E-03   0.9999999747378752E-03   0.9999999747378752E-03   0.9999999747378752E-03   0.9999999747378752E-03   0.9999999747378752E-03   0.9999999747378752E-03   0.9999999747378752E-03   0.9999999747378752E-03   0.9999999747378752E-03   0.9999999747378752E-03   0.9999999747378752E-03   0.9999999747378754E-03   0.9999999747378754E-03   0.9999999747378754E-03   0.9999999747378754E-03   0.9999999747378758E-03   0.1000000049305687E-02   0.1042149873645027E-02   0.1032558951015401E-01   0.9138753876032257E-02   0.1416333988964602E-02   0.1000070131281357E-02   0.1225344849917484E-02   0.1971467689957501E+00   0.3372580884194197E+01   0.5360057138109019E+01   0.4888934904038677E+01   0.3083423068190335E+01   0.5008766617334014E+00   0.1041326440344916E-01   0.1020067168695224E-02   0.1080988854819723E-02   0.1367679379418717E-02   0.1586121021031437E-02   0.1376434852135180E-02   0.1120821318639309E-02   0.1008478725905540E-02   0.1007671621823136E-02   0.1076702400891609E-02   0.1490407783927757E-02   0.2937326081991934E-02   0.1094843753740361E-01   0.2936924366063374E-01   0.5661505843930958E-01   0.7860748772347295E-01   0.7889077627420914E-01   0.5778863432899418E-01   0.3227730811754324E-01   0.1696373982309295E-01   0.1399628833220519E-01   0.1873615104961240E-01   0.2640779921333876E-01   0.3370376320179644E-01   0.3840584077146295E-01   0.3941872956206110E-01   0.3690110711883243E-01   0.3196849721824779E-01   0.2606634410294978E-01   0.2038088593309760E-01   0.1554602602316286E-01   0.1168188450816274E-01   0.8628614999604232E-02   0.6185231351987946E-02   0.4230220295601743E-02   0.2718318848314919E-02   0.1623375088633804E-02   0.1675465548735224E-02   0.1455815167994879E-02   0.1215946139654332E-02   0.1098687568086672E-02   0.1048741223498717E-02   0.1032534218636615E-02   0.1032593175477434E-02   0.1041268356536158E-02   0.1056115439646720E-02   0.1077233537584797E-02   0.1106010884316835E-02   0.1144659802954650E-02   0.1196126453345415E-02   0.1264161556938143E-02   0.1353460580761444E-02   0.1469839350797440E-02   0.1620432979123708E-02   0.1783912370246952E-02   0.1400713146838526E-02   0.1373270296867876E-02
  0.9999999747378752E-03   0.9999999747378752E-03   0.9999999747378752E-03   0.9999999747378752E-03   0.9999999747378752E-03   0.9999999747378752E-03   0.9999999747378752E-03   0.9999999747378752E-03   0.9999999747378752E-03   0.9999999747378752E-03   0.9999999747378752E-03   0.9999999747378752E-03   0.9999999747378752E-03   0.9999999747378752E-03   0.9999999747378752E-03   0.9999999747378752E-03   0.9999999747378752E-03   0.9999999747378752E-03   0.9999999747378752E-03   0.9999999747378752E-03   0.9999999747378752E-03   0.9999999747378752E-03   0.9999999747378752E-03   0.9999999747378752E-03   0.9999999747378752E-03   0.9999999747378752E-03   0.9999999747378754E-03   0.9999999747378754E-03   0.9999999747378754E-03   0.9999999747378754E-03   0.9999999747378758E-03   0.9999999832260263E-03   0.1011836701338566E-02   0.7158123425993273E-02   0.1135604260335813E-01   0.1746848216683202E-02   0.1000214550021951E-02   0.1019017245517023E-02   0.3388220855580010E-01   0.1696873286223153E+01   0.5165582606729881E+01   0.5121490169385201E+01   0.3877896257039920E+01   0.1061341614046970E+01   0.4475990003906672E-01   0.1111119375057108E-02   0.1070783401171314E-02   0.1353385449150691E-02   0.1599239402220756E-02   0.1407121892350965E-02   0.1141261892540697E-02   0.1010577607284243E-02   0.1008925538398337E-02   0.1087967494885294E-02   0.1493611495395678E-02   0.3262919433269990E-02   0.1192313114649751E-01   0.3126078601364802E-01   0.5875070026845891E-01   0.7933281659300938E-01   0.7721773546214147E-01   0.5460089576658263E-01   0.2906168919145975E-01   0.1410472078732931E-01   0.1087169577968742E-01   0.1488624256126178E-01   0.2207117180447417E-01   0.2968150737433413E-01   0.3558449170678377E-01   0.3831211918637596E-01   0.3745372941596125E-01   0.3367222509808890E-01   0.2824900716727060E-01   0.2247671440668111E-01   0.1723543793807677E-01   0.1288891029293932E-01   0.9430323556467786E-02   0.6706655761947258E-02   0.4576268937171191E-02   0.2953722980784126E-02   0.1782368592824547E-02   0.1627853690956024E-02   0.1516861378292738E-02   0.1249068373863079E-02   0.1114821147768962E-02   0.1055589358316876E-02   0.1034749594179364E-02   0.1032585368581050E-02   0.1040081298498713E-02   0.1054070923213155E-02   0.1074299737567919E-02   0.1101973251769525E-02   0.1139181566229296E-02   0.1188756754807774E-02   0.1254320730027756E-02   0.1340414907458296E-02   0.1452669700317290E-02   0.1597998771040286E-02   0.1774811491242626E-02   0.1493238438093261E-02   0.1325363518778083E-02
  0.9999999747378752E-03   0.9999999747378752E-03   0.9999999747378752E-03   0.9999999747378752E-03   0.9999999747378752E-03   0.9999999747378752E-03   0.9999999747378752E-03   0.9999999747378752E-03   0.9999999747378752E-03   0.9999999747378752E-03   0.9999999747378752E-03   0.9999999747378752E-03   0.9999999747378752E-03   0.9999999747378752E-03   0.9999999747378752E-03   0.9999999747378752E-03   0.9999999747378752E-03   0.9999999747378752E-03   0.9999999747378752E-03   0.9999999747378752E-03   0.9999999747378752E-03   0.9999999747378752E-03   0.9999999747378752E-03   0.9999999747378752E-03   0.9999999747378752E-03   0.9999999747378752E-03   0.9999999747378754E-03   0.9999999747378754E-03   0.9999999747378754E-03   0.9999999747378754E-03   0.9999999747378758E-03   0.9999999757421575E-03   0.1003221584824997E-02   0.4660348224388224E-02   0.1349901181182264E-01   0.2176405792251853E-02   0.1000659985157616E-02   0.1000970036534391E-02   0.5099012290980316E-02   0.6168353751420229E+00   0.4293513432548547E+01   0.5301822443381845E+01   0.4471704964297786E+01   0.1821366436406768E+01   0.1459803575605277E+00   0.2248440857948444E-02   0.1063783382157865E-02   0.1342316931582765E-02   0.1605631497831364E-02   0.1431807703796549E-02   0.1162035535818030E-02   0.1012965790581947E-02   0.1010388616409235E-02   0.1100857684639311E-02   0.1545612105712301E-02   0.3617561379367923E-02   0.1294500511572161E-01   0.3313154477012907E-01   0.6061915586940710E-01   0.7948156437641038E-01   0.7490780063434524E-01   0.5107403608538428E-01   0.2594766167418247E-01   0.1169188744519068E-01   0.8396064256465234E-02   0.1169729665108784E-01   0.1817542292557821E-01   0.2566988199463355E-01   0.3230347711746721E-01   0.3644102632650970E-01   0.3720613295120445E-01   0.3476727966656690E-01   0.3011554292645691E-01   0.2452612596644663E-01   0.1905439747162870E-01   0.1429604477968822E-01   0.1042524911348383E-01   0.7377331456016631E-02   0.5022428676798490E-02   0.3250608903929817E-02   0.1977475150748577E-02   0.1561114050225235E-02   0.1559820399704891E-02   0.1288789971903537E-02   0.1134424080505868E-02   0.1064144652097298E-02   0.1037757204536855E-02   0.1032945243779762E-02   0.1039096105949106E-02   0.1052188202977201E-02   0.1071547684779135E-02   0.1098170428321598E-02   0.1134016797020967E-02   0.1181806077748149E-02   0.1245036730628365E-02   0.1328103769307876E-02   0.1436461636260241E-02   0.1576813720467748E-02   0.1757320824392184E-02   0.1567823271742623E-02   0.1290070487921228E-02
  0.9999999747378752E-03   0.9999999747378752E-03   0.9999999747378752E-03   0.9999999747378752E-03   0.9999999747378752E-03   0.9999999747378752E-03   0.9999999747378752E-03   0.9999999747378752E-03   0.9999999747378752E-03   0.9999999747378752E-03   0.9999999747378752E-03   0.9999999747378752E-03   0.9999999747378752E-03   0.9999999747378752E-03   0.9999999747378752E-03   0.9999999747378752E-03   0.9999999747378752E-03   0.9999999747378752E-03   0.9999999747378752E-03   0.9999999747378752E-03   0.9999999747378752E-03   0.9999999747378752E-03   0.9999999747378752E-03   0.9999999747378752E-03   0.9999999747378752E-03   0.9999999747378752E-03   0.9999999747378754E-03   0.9999999747378754E-03   0.9999999747378754E-03   0.9999999747378754E-03   0.9999999747378758E-03   0.9999999748630610E-03   0.1000864579369012E-02   0.3048588603149035E-02   0.1492888205454104E-01   0.2718558398565081E-02   0.1001758654720180E-02   0.1000045887654305E-02   0.1352815327868535E-02   0.1688230804902962E+00   0.2852888000381635E+01   0.5341600654911340E+01   0.4899534498541257E+01   0.2667509012358314E+01   0.3683676713473361E+00   0.8016302294555923E-02   0.1072014093592552E-02   0.1344229619247883E-02   0.1596274592706327E-02   0.1449641956393921E-02   0.1172461586600050E-02   0.1015598574945854E-02   0.1012071360480421E-02   0.1115388466831178E-02   0.1545977846608473E-02   0.3996767124832630E-02   0.1399259669154619E-01   0.3492329074152158E-01   0.6213051364510051E-01   0.7898788714671555E-01   0.7196920847518484E-01   0.4725573015911139E-01   0.2291884546259554E-01   0.9651468983436367E-02   0.6474956320208511E-02   0.9122209226610570E-02   0.1480119010506970E-01   0.2187692297171117E-01   0.2881814184317309E-01   0.3400146521262352E-01   0.3623181335293135E-01   0.3521119371258205E-01   0.3155845825152104E-01   0.2641197869232789E-01   0.2091200767470074E-01   0.1585071806233860E-01   0.1159391019973967E-01   0.8198041519793814E-02   0.5577533586897456E-02   0.3618289986657077E-02   0.2215566491435903E-02   0.1549499717129423E-02   0.1577083593965309E-02   0.1336390841967285E-02   0.1158160659045136E-02   0.1074739183948662E-02   0.1041713626163967E-02   0.1033740545868127E-02   0.1038338353046381E-02   0.1050474090018518E-02   0.1068975977025431E-02   0.1094596880889404E-02   0.1129156982033234E-02   0.1175262848604788E-02   0.1236294319597606E-02   0.1316507380563237E-02   0.1421189741901851E-02   0.1556845507744527E-02   0.1731399692568667E-02   0.1634416987008851E-02   0.1267328787880345E-02
  0.9999999747378752E-03   0.9999999747378752E-03   0.9999999747378752E-03   0.9999999747378752E-03   0.9999999747378752E-03   0.9999999747378752E-03   0.9999999747378752E-03   0.9999999747378752E-03   0.9999999747378752E-03   0.9999999747378752E-03   0.9999999747378752E-03   0.9999999747378752E-03   0.9999999747378752E-03   0.9999999747378752E-03   0.9999999747378752E-03   0.9999999747378752E-03   0.9999999747378752E-03   0.9999999747378752E-03   0.9999999747378752E-03   0.9999999747378752E-03   0.9999999747378752E-03   0.9999999747378752E-03   0.9999999747378752E-03   0.9999999747378752E-03   0.9999999747378752E-03   0.9999999747378752E-03   0.9999999747378754E-03   0.9999999747378754E-03   0.9999999747378754E-03   0.9999999747378754E-03   0.9999999747378758E-03   0.9999999747545049E-03   0.1000232289366352E-02   0.2062852620599778E-02   0.1537129418780574E-01   0.3328809276741259E-02   0.1004127559726300E-02   0.1000002103775016E-02   0.1043460961028117E-02   0.3705554593880643E-01   0.1477160913019479E+01   0.4988866243263014E+01   0.5216371306922112E+01   0.3482063689441463E+01   0.7531002778808495E+00   0.2825387515405332E-01   0.1120116772973079E-02   0.1328797553163267E-02   0.1601875943483861E-02   0.1479998301364657E-02   0.1181853190447118E-02   0.1018406094106084E-02   0.1013975014258505E-02   0.1131495202568665E-02   0.1603749866729710E-02   0.4403843689221139E-02   0.1503895166110414E-01   0.3657142879339962E-01   0.6319785522965367E-01   0.7780626435750958E-01   0.6843936133892209E-01   0.4322788340459977E-01   0.2002831833477551E-01   0.7917947242818925E-02   0.5008102749456024E-02   0.7082488293934829E-02   0.1195980309100025E-01   0.1843365077851008E-01   0.2534188346801194E-01   0.3120262924355496E-01   0.3465654531245059E-01   0.3501978289002074E-01   0.3251044257620084E-01   0.2803328069840933E-01   0.2271547178188829E-01   0.1748958509775069E-01   0.1290469420898368E-01   0.9160319390891541E-02   0.6245136230497283E-02   0.4063890982263376E-02   0.2503006277353471E-02   0.1607374031991616E-02   0.1581250547588920E-02   0.1393299928611774E-02   0.1186777951214637E-02   0.1087746713070082E-02   0.1046795728196332E-02   0.1035048651839024E-02   0.1037837969390772E-02   0.1048937219396179E-02   0.1066583901215573E-02   0.1091247298337785E-02   0.1124593649053438E-02   0.1169115458918958E-02   0.1228078173855837E-02   0.1305605817008209E-02   0.1406828385774622E-02   0.1538061487664706E-02   0.1707006933156771E-02   0.1692968211473773E-02   0.1257074973709219E-02
  0.9999999747378752E-03   0.9999999747378752E-03   0.9999999747378752E-03   0.9999999747378752E-03   0.9999999747378752E-03   0.9999999747378752E-03   0.9999999747378752E-03   0.9999999747378752E-03   0.9999999747378752E-03   0.9999999747378752E-03   0.9999999747378752E-03   0.9999999747378752E-03   0.9999999747378752E-03   0.9999999747378752E-03   0.9999999747378752E-03   0.9999999747378752E-03   0.9999999747378752E-03   0.9999999747378752E-03   0.9999999747378752E-03   0.9999999747378752E-03   0.9999999747378752E-03   0.9999999747378752E-03   0.9999999747378752E-03   0.9999999747378752E-03   0.9999999747378752E-03   0.9999999747378752E-03   0.9999999747378754E-03   0.9999999747378754E-03   0.9999999747378754E-03   0.9999999747378754E-03   0.9999999747378758E-03   0.9999999747402539E-03   0.1000063309155881E-02   0.1495403485208639E-02   0.1478442285664614E-01   0.4230375042020434E-02   0.1008679202519752E-02   0.1000000103260082E-02   0.1003770128137954E-02   0.7312299439468773E-02   0.6053285091003200E+00   0.4065481487163510E+01   0.5432729097183742E+01   0.4194606865847151E+01   0.1302810808299287E+01   0.8184812433366129E-01   0.1627844729199671E-02   0.1316194109780720E-02   0.1592875389197805E-02   0.1502423874950422E-02   0.1189554912620316E-02   0.1021297346794960E-02   0.1016088244016547E-02   0.1149011304433885E-02   0.1617350776143739E-02   0.4819742528103083E-02   0.1605203251727004E-01   0.3800752911161388E-01   0.6374231114040541E-01   0.7591517334332239E-01   0.6438193209430458E-01   0.3905747791467711E-01   0.1728872970751868E-01   0.6470021862251075E-02   0.3937427487940281E-02   0.5489745525811285E-02   0.9618123740672179E-02   0.1540449173495057E-01   0.2203282782878897E-01   0.2823904817422328E-01   0.3263463876512930E-01   0.3425856193482923E-01   0.3294888026290924E-01   0.2931481859989054E-01   0.2437879454883239E-01   0.1914405498166988E-01   0.1431624739002776E-01   0.1024663022404039E-01   0.7022624088735809E-02   0.4591306748654105E-02   0.2844895269985002E-02   0.1728798857025820E-02   0.1544948196121987E-02   0.1461027576481809E-02   0.1221082369909139E-02   0.1103574240156455E-02   0.1053197345272135E-02   0.1036955249365338E-02   0.1037628779499409E-02   0.1047587936196864E-02   0.1064371438749869E-02   0.1088116633632656E-02   0.1120318425408915E-02   0.1163352340580329E-02   0.1220372984426861E-02   0.1295379144379779E-02   0.1393351889334727E-02   0.1520428906947416E-02   0.1684101178503300E-02   0.1743425218372491E-02   0.1259245024930042E-02
  0.9999999747378752E-03   0.9999999747378752E-03   0.9999999747378752E-03   0.9999999747378752E-03   0.9999999747378752E-03   0.9999999747378752E-03   0.9999999747378752E-03   0.9999999747378752E-03   0.9999999747378752E-03   0.9999999747378752E-03   0.9999999747378752E-03   0.9999999747378752E-03   0.9999999747378752E-03   0.9999999747378752E-03   0.9999999747378752E-03   0.9999999747378752E-03   0.9999999747378752E-03   0.9999999747378752E-03   0.9999999747378752E-03   0.9999999747378752E-03   0.9999999747378752E-03   0.9999999747378752E-03   0.9999999747378752E-03   0.9999999747378752E-03   0.9999999747378752E-03   0.9999999747378752E-03   0.9999999747378754E-03   0.9999999747378754E-03   0.9999999747378754E-03   0.9999999747378754E-03   0.9999999747378758E-03   0.9999999747382464E-03   0.1000017698447161E-02   0.1255243671334684E-02   0.1352460928562931E-01   0.5403895198252230E-02   0.1016636948938639E-02   0.1000000075394740E-02   0.1000315881873630E-02   0.1860996060878201E-02   0.2035822129292013E+00   0.2783394614629725E+01   0.5451432154600643E+01   0.4787890906740779E+01   0.1979667536105693E+01   0.1949206664255231E+00   0.3907953937130772E-02   0.1310406153635894E-02   0.1569479796197708E-02   0.1516598075696377E-02   0.1184972218470981E-02   0.1024166457822478E-02   0.1018384363391046E-02   0.1167651303351155E-02   0.1654534560317640E-02   0.5233119950031325E-02   0.1700573542967911E-01   0.3916279764250141E-01   0.6369852143251802E-01   0.7331997304585992E-01   0.5989320216772677E-01   0.3486843212414343E-01   0.1473432266489562E-01   0.5285908496233794E-02   0.3139347478694206E-02   0.4268723148675001E-02   0.7719347487304455E-02   0.1280370912912506E-01   0.1899343030881424E-01   0.2527275229406485E-01   0.3032584463549476E-01   0.3302783177418401E-01   0.3289349621523435E-01   0.3021309588323700E-01   0.2583075518601052E-01   0.2074651704181823E-01   0.1578093382790663E-01   0.1143151284516598E-01   0.7900975119553681E-02   0.5200448357871247E-02   0.3244361567454334E-02   0.1937067879718230E-02   0.1560586563436712E-02   0.1511056836741932E-02   0.1261895832536209E-02   0.1122644816764269E-02   0.1061122417833163E-02   0.1039551591277491E-02   0.1037747465266068E-02   0.1046437954531675E-02   0.1062339187000752E-02   0.1085200116686481E-02   0.1116323085547887E-02   0.1157962035191247E-02   0.1213163549062430E-02   0.1285807540348854E-02   0.1380734686553937E-02   0.1503915111596698E-02   0.1662641123095610E-02   0.1775736269109238E-02   0.1283774779884792E-02
  0.9999999747378752E-03   0.9999999747378752E-03   0.9999999747378752E-03   0.9999999747378752E-03   0.9999999747378752E-03   0.9999999747378752E-03   0.9999999747378752E-03   0.9999999747378752E-03   0.9999999747378752E-03   0.9999999747378752E-03   0.9999999747378752E-03   0.9999999747378752E-03   0.9999999747378752E-03   0.9999999747378752E-03   0.9999999747378752E-03   0.9999999747378752E-03   0.9999999747378752E-03   0.9999999747378752E-03   0.9999999747378752E-03   0.9999999747378752E-03   0.9999999747378752E-03   0.9999999747378752E-03   0.9999999747378752E-03   0.9999999747378752E-03   0.9999999747378752E-03   0.9999999747378752E-03   0.9999999747378754E-03   0.9999999747378754E-03   0.9999999747378754E-03   0.9999999747378754E-03   0.9999999747378758E-03   0.9999999747379400E-03   0.1000005117667490E-02   0.1212014005048751E-02   0.1182408421195634E-01   0.6758769745153720E-02   0.1029610201222581E-02   0.1000000252307682E-02   0.1000026514673585E-02   0.1106892171798815E-02   0.5882089279242175E-01   0.1592636488856532E+01   0.5093961755671343E+01   0.5269071487168018E+01   0.2725529868253550E+01   0.3931720060919117E+00   0.1093482519903869E-01   0.1342846970844532E-02   0.1561730985107977E-02   0.1532308497977786E-02   0.1177593456456884E-02   0.1026900201225175E-02   0.1020819780913242E-02   0.1187003846873545E-02   0.1622402207583816E-02   0.5630670807246073E-02   0.1784157904488823E-01   0.3998235089575694E-01   0.6303002866192521E-01   0.7006445639138280E-01   0.5505738050887773E-01   0.3072442747474522E-01   0.1240512030251489E-01   0.4299378073182306E-02   0.2554128112755469E-02   0.3373894902297742E-02   0.6197976353438115E-02   0.1061226594531297E-01   0.1627814927232945E-01   0.2242565023733074E-01   0.2787734876526940E-01   0.3144565134261151E-01   0.3239836459955084E-01   0.3071759315768459E-01   0.2702082829266978E-01   0.2223646530463052E-01   0.1724901526966797E-01   0.1268356751923239E-01   0.8865173845137948E-02   0.5886869802312310E-02   0.3701992607637912E-02   0.2194246079912165E-02   0.1610076188808932E-02   0.1534698882517650E-02   0.1309990227193071E-02   0.1145369793479091E-02   0.1070773566690727E-02   0.1042929879973942E-02   0.1038231779139654E-02   0.1045499724003296E-02   0.1060488171713173E-02   0.1082493228385428E-02   0.1112599584312652E-02   0.1152933256321992E-02   0.1206434858910394E-02   0.1276871409653593E-02   0.1368951474965795E-02   0.1488487743524400E-02   0.1642585777623247E-02   0.1789849938568108E-02   0.1310600351380720E-02
  0.9999999747378752E-03   0.9999999747378752E-03   0.9999999747378752E-03   0.9999999747378752E-03   0.9999999747378752E-03   0.9999999747378752E-03   0.9999999747378752E-03   0.9999999747378752E-03   0.9999999747378752E-03   0.9999999747378752E-03   0.9999999747378752E-03   0.9999999747378752E-03   0.9999999747378752E-03   0.9999999747378752E-03   0.9999999747378752E-03   0.9999999747378752E-03   0.9999999747378752E-03   0.9999999747378752E-03   0.9999999747378752E-03   0.9999999747378752E-03   0.9999999747378752E-03   0.9999999747378752E-03   0.9999999747378752E-03   0.9999999747378752E-03   0.9999999747378752E-03   0.9999999747378752E-03   0.9999999747378754E-03   0.9999999747378754E-03   0.9999999747378754E-03   0.9999999747378754E-03   0.9999999747378758E-03   0.9999999747378893E-03   0.1000001535812048E-02   0.1110722687539014E-02   0.1005678196290035E-01   0.8335388091511050E-02   0.1039862563354632E-02   0.1000000682863256E-02   0.1000002280440203E-02   0.1022264530119740E-02   0.1550862259207561E-01   0.7751177956308452E+00   0.4284410221568455E+01   0.5622362308860167E+01   0.3486659981078403E+01   0.6928504617255250E+00   0.2812550405634809E-01   0.1380420304488129E-02   0.1549656742503200E-02   0.1549447545699226E-02   0.1187006073923337E-02   0.1029385878006669E-02   0.1023334406614270E-02   0.1206539973602021E-02   0.1657505353236303E-02   0.6007781168058662E-02   0.1855105807860275E-01   0.4040004877217025E-01   0.6169410406239137E-01   0.6620071803301963E-01   0.5002095343746753E-01   0.2673278145388829E-01   0.1031319399856038E-01   0.3477018654470389E-02   0.2134051021677386E-02   0.2731850501540550E-02   0.4989283698788764E-02   0.8792075826787323E-02   0.1390461016410435E-01   0.1977986275365515E-01   0.2541263470944875E-01   0.2963238357976012E-01   0.3154074198494101E-01   0.3084759616652243E-01   0.2792213194695191E-01   0.2356561374682908E-01   0.1867304088802957E-01   0.1396807938747505E-01   0.9895243211050004E-02   0.6641817981871206E-02   0.4215481260751091E-02   0.2520775628280079E-02   0.1704540979945494E-02   0.1522925539004257E-02   0.1366003067459711E-02   0.1172110271780358E-02   0.1082335515198469E-02   0.1047176436042524E-02   0.1039117857631793E-02   0.1044785444993389E-02   0.1058819527930463E-02   0.1079991627285946E-02   0.1109140072745268E-02   0.1148254943489735E-02   0.1200172178716658E-02   0.1268551492022405E-02   0.1357977357756176E-02   0.1474114925889011E-02   0.1623894708916518E-02   0.1805715423191056E-02   0.1369658517914581E-02
  0.9999999747378752E-03   0.9999999747378752E-03   0.9999999747378752E-03   0.9999999747378752E-03   0.9999999747378752E-03   0.9999999747378752E-03   0.9999999747378752E-03   0.9999999747378752E-03   0.9999999747378752E-03   0.9999999747378752E-03   0.9999999747378752E-03   0.9999999747378752E-03   0.9999999747378752E-03   0.9999999747378752E-03   0.9999999747378752E-03   0.9999999747378752E-03   0.9999999747378752E-03   0.9999999747378752E-03   0.9999999747378752E-03   0.9999999747378752E-03   0.9999999747378752E-03   0.9999999747378752E-03   0.9999999747378752E-03   0.9999999747378752E-03   0.9999999747378752E-03   0.9999999747378752E-03   0.9999999747378754E-03   0.9999999747378754E-03   0.9999999747378754E-03   0.9999999747378754E-03   0.9999999747378758E-03   0.9999999747378797E-03   0.1000000474215358E-02   0.1058256678363869E-02   0.8376760970007687E-02   0.9932194232738108E-02   0.1060813995551989E-02   0.1000001595908213E-02   0.1000000187213837E-02   0.1003134717512599E-02   0.4221513758390616E-02   0.3301690372219961E+00   0.3188413261446848E+01   0.5770053008181529E+01   0.4226190460141215E+01   0.1096057818826687E+01   0.6312549753597281E-01   0.1737136571672421E-02   0.1533683028579764E-02   0.1548029528363052E-02   0.1172908940275783E-02   0.1031518829042419E-02   0.1025854652411475E-02   0.1225640994720153E-02   0.1746052145074127E-02   0.6329509166582976E-02   0.1906856410813436E-01   0.4037353278617000E-01   0.5972552044499985E-01   0.6181718301194739E-01   0.4487635106082921E-01   0.2295952862817197E-01   0.8490776892575474E-02   0.2846695668221612E-02   0.1821339990665609E-02   0.2321247641196020E-02   0.4034480583248488E-02   0.7296586334580919E-02   0.1186500143852167E-01   0.1738296110473253E-01   0.2302684287954966E-01   0.2769905832276605E-01   0.3040937281861202E-01   0.3064583619097404E-01   0.2853119705214831E-01   0.2470125908158785E-01   0.2001184294431718E-01   0.1524996114073781E-01   0.1096777736707727E-01   0.7452700194547393E-02   0.4779528583806814E-02   0.2885198135689082E-02   0.1834062323073814E-02   0.1496197455070670E-02   0.1430341413195023E-02   0.1203129641977009E-02   0.1095953593443165E-02   0.1052362571310113E-02   0.1040436564368399E-02   0.1044305698940756E-02   0.1057334035481295E-02   0.1077691023364234E-02   0.1105936894186429E-02   0.1143916306961352E-02   0.1194361120137336E-02   0.1260828962575027E-02   0.1347787976543861E-02   0.1460765436672714E-02   0.1606528265095792E-02   0.1793282832662491E-02   0.1440887096767599E-02
  0.9999999747378752E-03   0.9999999747378752E-03   0.9999999747378752E-03   0.9999999747378752E-03   0.9999999747378752E-03   0.9999999747378752E-03   0.9999999747378752E-03   0.9999999747378752E-03   0.9999999747378752E-03   0.9999999747378752E-03   0.9999999747378752E-03   0.9999999747378752E-03   0.9999999747378752E-03   0.9999999747378752E-03   0.9999999747378752E-03   0.9999999747378752E-03   0.9999999747378752E-03   0.9999999747378752E-03   0.9999999747378752E-03   0.9999999747378752E-03   0.9999999747378752E-03   0.9999999747378752E-03   0.9999999747378752E-03   0.9999999747378752E-03   0.9999999747378752E-03   0.9999999747378752E-03   0.9999999747378754E-03   0.9999999747378754E-03   0.9999999747378754E-03   0.9999999747378754E-03   0.9999999747378758E-03   0.9999999747378778E-03   0.1000000144324207E-02   0.1031140693672651E-02   0.6882032074511960E-02   0.1135598322896167E-01   0.1087560775738398E-02   0.1000003378787571E-02   0.9999999959435699E-03   0.1000450368630778E-02   0.1590477472461504E-02   0.1271706287727751E+00   0.2103728094068742E+01   0.5599423866731669E+01   0.4919169996703846E+01   0.1592707990145799E+01   0.1243434501260459E+00   0.2808042795507270E-02   0.1515643080037678E-02   0.1538224893317289E-02   0.1165122052636314E-02   0.1033209072734705E-02   0.1028299325442356E-02   0.1243647582016739E-02   0.1844214366976270E-02   0.6601851834779724E-02   0.1937467571988300E-01   0.3987903414316753E-01   0.5711884729875037E-01   0.5702484883931970E-01   0.3977537766611318E-01   0.1947588188882745E-01   0.6929910237403985E-02   0.2356957317230856E-02   0.1616265250155590E-02   0.2021561451934217E-02   0.3282932671076168E-02   0.6077832792559522E-02   0.1013589367295542E-01   0.1525537642846547E-01   0.2078706899941415E-01   0.2574025620704605E-01   0.2909431235046647E-01   0.3017062490117688E-01   0.2886505648626082E-01   0.2562753570138382E-01   0.2123358748222099E-01   0.1649662627005159E-01   0.1205778860502843E-01   0.8303913949709314E-02   0.5386014223191583E-02   0.3284027225769000E-02   0.1997486484496656E-02   0.1504308653884336E-02   0.1503084332532334E-02   0.1238541255012955E-02   0.1111708617370701E-02   0.1058533507631251E-02   0.1042208939584065E-02   0.1044067708936302E-02   0.1056031511396587E-02   0.1075586998624384E-02   0.1102982560164756E-02   0.1139906863004638E-02   0.1188987707896916E-02   0.1253685524456837E-02   0.1338359634549798E-02   0.1448408870080182E-02   0.1590447785341776E-02   0.1772503458051555E-02   0.1524225288961480E-02
  0.9999999747378752E-03   0.9999999747378752E-03   0.9999999747378752E-03   0.9999999747378752E-03   0.9999999747378752E-03   0.9999999747378752E-03   0.9999999747378752E-03   0.9999999747378752E-03   0.9999999747378752E-03   0.9999999747378752E-03   0.9999999747378752E-03   0.9999999747378752E-03   0.9999999747378752E-03   0.9999999747378752E-03   0.9999999747378752E-03   0.9999999747378752E-03   0.9999999747378752E-03   0.9999999747378752E-03   0.9999999747378752E-03   0.9999999747378752E-03   0.9999999747378752E-03   0.9999999747378752E-03   0.9999999747378752E-03   0.9999999747378752E-03   0.9999999747378752E-03   0.9999999747378752E-03   0.9999999747378754E-03   0.9999999747378754E-03   0.9999999747378754E-03   0.9999999747378754E-03   0.9999999747378758E-03   0.9999999747378775E-03   0.1000000036198816E-02   0.1017039783913891E-02   0.5636058290898605E-02   0.1258169322494529E-01   0.1146952989797882E-02   0.1000006739486659E-02   0.9999999770696879E-03   0.1000067597093116E-02   0.1128983179880281E-02   0.4585024347595668E-01   0.1249534160116904E+01   0.5060612133968996E+01   0.5532407047927082E+01   0.2166494383736923E+01   0.2190242088718772E+00   0.5253843424667209E-02   0.1490562700653217E-02   0.1520405659821781E-02   0.1163593875110886E-02   0.1034386715266758E-02   0.1030588111788374E-02   0.1259927221364233E-02   0.1928514079156005E-02   0.6803195956017078E-02   0.1945952529132025E-01   0.3891547146509779E-01   0.5397895448338110E-01   0.5196199499596467E-01   0.3479293665781771E-01   0.1631618933965196E-01   0.5603269862350547E-02   0.1957066210467097E-02   0.1495555437364106E-02   0.1801386632776304E-02   0.2702565815460392E-02   0.5090638240906548E-02   0.8685798858406334E-02   0.1339803974250379E-01   0.1873573329293487E-01   0.2383109135595452E-01   0.2767938679991434E-01   0.2948805018625634E-01   0.2895659806887414E-01   0.2634465924095523E-01   0.2231752612618893E-01   0.1768040968269382E-01   0.1314062818331731E-01   0.9177935410691111E-02   0.6024412814523909E-02   0.3711786603842615E-02   0.2212319432225839E-02   0.1546267099052402E-02   0.1553895739483207E-02   0.1278256978051901E-02   0.1129590498883294E-02   0.1065696189451795E-02   0.1044441036653360E-02   0.1044073319647353E-02   0.1054910086786094E-02   0.1073674782676147E-02   0.1100269708217988E-02   0.1136216460016381E-02   0.1184038438768733E-02   0.1247103493547213E-02   0.1329669409907105E-02   0.1437015785398284E-02   0.1575615793765433E-02   0.1753330024001476E-02   0.1589614002341746E-02
  0.9999999747378752E-03   0.9999999747378752E-03   0.9999999747378752E-03   0.9999999747378752E-03   0.9999999747378752E-03   0.9999999747378752E-03   0.9999999747378752E-03   0.9999999747378752E-03   0.9999999747378752E-03   0.9999999747378752E-03   0.9999999747378752E-03   0.9999999747378752E-03   0.9999999747378752E-03   0.9999999747378752E-03   0.9999999747378752E-03   0.9999999747378752E-03   0.9999999747378752E-03   0.9999999747378752E-03   0.9999999747378752E-03   0.9999999747378752E-03   0.9999999747378752E-03   0.9999999747378752E-03   0.9999999747378752E-03   0.9999999747378752E-03   0.9999999747378752E-03   0.9999999747378752E-03   0.9999999747378754E-03   0.9999999747378754E-03   0.9999999747378754E-03   0.9999999747378754E-03   0.9999999747378758E-03   0.9999999747378775E-03   0.9999999986379225E-03   0.1009609521936181E-02   0.4631027305512135E-02   0.1357456857750411E-01   0.1216807141991767E-02   0.1000013193054993E-02   0.9999999750253542E-03   0.1000010798473717E-02   0.1040511431174677E-02   0.1611144190173752E-01   0.6829640862889468E+00   0.4235313803954276E+01   0.6006823588922544E+01   0.2799923453441454E+01   0.3515494489387903E+00   0.9909872832771987E-02   0.1468509531903972E-02   0.1485193302759851E-02   0.1158405405094862E-02   0.1035005868388994E-02   0.1032651551158212E-02   0.1273951737349113E-02   0.1986245148774882E-02   0.6935793695279550E-02   0.1928587695222714E-01   0.3751736112924385E-01   0.5035956168116674E-01   0.4674779064665165E-01   0.3007158372921695E-01   0.1351739774773851E-01   0.4515803808410408E-02   0.1677360480077063E-02   0.1421111609790345E-02   0.1656708423909617E-02   0.2289288587566903E-02   0.4294755306011084E-02   0.7480484201996772E-02   0.1179913845731460E-01   0.1689538661237679E-01   0.2202729287240895E-01   0.2623755336283103E-01   0.2866534314932673E-01   0.2884923459964438E-01   0.2686661150475395E-01   0.2325436406135188E-01   0.1878024490469996E-01   0.1419372887137560E-01   0.1005652480698110E-01   0.6682403065370637E-02   0.4161208607530388E-02   0.2454722717853622E-02   0.1630227133167610E-02   0.1581959195504429E-02   0.1321943259682198E-02   0.1149473761439236E-02   0.1073807319513751E-02   0.1047118649574414E-02   0.1044316874581942E-02   0.1053965427776764E-02   0.1071949002194175E-02   0.1097791047239109E-02   0.1132835297007280E-02   0.1179500333666580E-02   0.1241065875186968E-02   0.1321695258919585E-02   0.1426557843008982E-02   0.1561996176920731E-02   0.1735716918743150E-02   0.1646996145769947E-02
  0.9999999747378752E-03   0.9999999747378752E-03   0.9999999747378752E-03   0.9999999747378752E-03   0.9999999747378752E-03   0.9999999747378752E-03   0.9999999747378752E-03   0.9999999747378752E-03   0.9999999747378752E-03   0.9999999747378752E-03   0.9999999747378752E-03   0.9999999747378752E-03   0.9999999747378752E-03   0.9999999747378752E-03   0.9999999747378752E-03   0.9999999747378752E-03   0.9999999747378752E-03   0.9999999747378752E-03   0.9999999747378752E-03   0.9999999747378752E-03   0.9999999747378752E-03   0.9999999747378752E-03   0.9999999747378752E-03   0.9999999747378752E-03   0.9999999747378752E-03   0.9999999747378752E-03   0.9999999747378754E-03   0.9999999747378754E-03   0.9999999747378754E-03   0.9999999747378754E-03   0.9999999747378758E-03   0.9999999747378775E-03   0.9999999847564308E-03   0.1005619349513121E-02   0.3836598194037634E-02   0.1424169056189783E-01   0.1254229642843465E-02   0.1000026186955563E-02   0.9999999747802243E-03   0.1000001853213183E-02   0.1009492946412563E-02   0.5871305604439321E-02   0.3520161171773734E+00   0.3298614627270904E+01   0.6267439984399795E+01   0.3475184388242449E+01   0.5228467858552874E+00   0.1754876506043433E-01   0.1434551001420558E-02   0.1443495250746047E-02   0.1149769254880513E-02   0.1035046857697220E-02   0.1034440622662525E-02   0.1285371597102437E-02   0.2065866044519343E-02   0.6967062534410108E-02   0.1891151525709591E-01   0.3570611759856127E-01   0.4641984572102495E-01   0.4153536242932306E-01   0.2566736927145050E-01   0.1107990776788851E-01   0.3636821584160891E-02   0.1489711287117908E-02   0.1348971692603219E-02   0.1559342683400052E-02   0.1985974106474015E-02   0.3655656462088729E-02   0.6486394891535147E-02   0.1043952134984051E-01   0.1527377978865609E-01   0.2036725908995423E-01   0.2482883389760140E-01   0.2776597595758464E-01   0.2859178457869142E-01   0.2721789514127533E-01   0.2404540880303603E-01   0.1978245727374704E-01   0.1519795596934688E-01   0.1092189179217254E-01   0.7346590593755475E-02   0.4623568488429465E-02   0.2729612238564016E-02   0.1713484012345232E-02   0.1545944424119387E-02   0.1368991233595968E-02   0.1171098518954613E-02   0.1082763284373575E-02   0.1050202625855522E-02   0.1044783254622738E-02   0.1053189993586078E-02   0.1070403434943420E-02   0.1095539299780716E-02   0.1129753937105016E-02   0.1175360983488963E-02   0.1235556432984985E-02   0.1314416109133986E-02   0.1417007927300015E-02   0.1549554344566604E-02   0.1719620402612102E-02   0.1706316899384190E-02
  0.9999999747378752E-03   0.9999999747378752E-03   0.9999999747378752E-03   0.9999999747378752E-03   0.9999999747378752E-03   0.9999999747378752E-03   0.9999999747378752E-03   0.9999999747378752E-03   0.9999999747378752E-03   0.9999999747378752E-03   0.9999999747378752E-03   0.9999999747378752E-03   0.9999999747378752E-03   0.9999999747378752E-03   0.9999999747378752E-03   0.9999999747378752E-03   0.9999999747378752E-03   0.9999999747378752E-03   0.9999999747378752E-03   0.9999999747378752E-03   0.9999999747378752E-03   0.9999999747378752E-03   0.9999999747378752E-03   0.9999999747378752E-03   0.9999999747378752E-03   0.9999999747378752E-03   0.9999999747378754E-03   0.9999999747378754E-03   0.9999999747378754E-03   0.9999999747378754E-03   0.9999999747378758E-03   0.9999999747378775E-03   0.9999999792839188E-03   0.1003425966287795E-02   0.3222857605323116E-02   0.1461977504949985E-01   0.1413544963590147E-02   0.1000053093285807E-02   0.9999999747510155E-03   0.1000000333403012E-02   0.1002348694809843E-02   0.2493766838984307E-02   0.1753664600455735E+00   0.2421647970215003E+01   0.6262543420336594E+01   0.4169309209126717E+01   0.7308459476510925E+00   0.2863699898222107E-01   0.1464804820670820E-02   0.1416509428987150E-02   0.1138021977467271E-02   0.1034516582025056E-02   0.1035933625707434E-02   0.1284071126673405E-02   0.2097291942043196E-02   0.6930496715084837E-02   0.1829055813740060E-01   0.3359942454787830E-01   0.4225929750689657E-01   0.3646495038915157E-01   0.2165729429087078E-01   0.9019586750983039E-02   0.2952212433441066E-02   0.1377920415936246E-02   0.1318470407676536E-02   0.1505619918565329E-02   0.1831324407101387E-02   0.3144516319305791E-02   0.5672643992618557E-02   0.9296700473490498E-02   0.1386849192816196E-01   0.1887510633548406E-01   0.2350020651448637E-01   0.2684658102035727E-01   0.2823415907012167E-01   0.2742998230153432E-01   0.2470082884034576E-01   0.2068069217405305E-01   0.1613843270682822E-01   0.1175767745473923E-01   0.8003252342190943E-02   0.5089113253120132E-02   0.3020849884681869E-02   0.1822534015408073E-02   0.1444012191702820E-02   0.1418506362007197E-02   0.1194060331227485E-02   0.1092393737289495E-02   0.1053625563489818E-02   0.1045446401256613E-02   0.1052572451246075E-02   0.1069030809122709E-02   0.1093507154192735E-02   0.1126963319826711E-02   0.1171608589690279E-02   0.1230559749875792E-02   0.1307811942148635E-02   0.1408340256271113E-02   0.1538257373349499E-02   0.1704998795074565E-02   0.1757523956903560E-02
  0.9999999747378752E-03   0.9999999747378752E-03   0.9999999747378752E-03   0.9999999747378752E-03   0.9999999747378752E-03   0.9999999747378752E-03   0.9999999747378752E-03   0.9999999747378752E-03   0.9999999747378752E-03   0.9999999747378752E-03   0.9999999747378752E-03   0.9999999747378752E-03   0.9999999747378752E-03   0.9999999747378752E-03   0.9999999747378752E-03   0.9999999747378752E-03   0.9999999747378752E-03   0.9999999747378752E-03   0.9999999747378752E-03   0.9999999747378752E-03   0.9999999747378752E-03   0.9999999747378752E-03   0.9999999747378752E-03   0.9999999747378752E-03   0.9999999747378752E-03   0.9999999747378752E-03   0.9999999747378754E-03   0.9999999747378754E-03   0.9999999747378754E-03   0.9999999747378754E-03   0.9999999747378758E-03   0.9999999747378773E-03   0.9999999769793363E-03   0.1002188276923256E-02   0.2788255104599699E-02   0.1475837066566980E-01   0.1634598611005004E-02   0.1000107830302961E-02   0.9999999747603288E-03   0.1000000051053305E-02   0.1000624427617408E-02   0.1430282499283782E-02   0.8647865613775765E-01   0.1705349022363452E+01   0.5999242553211367E+01   0.4848822533101085E+01   0.9708283052799465E+00   0.4313885463108881E-01   0.1508850807151124E-02   0.1365677652884207E-02   0.1123608886114345E-02   0.1033447061454599E-02   0.1037138278921007E-02   0.1270190384179653E-02   0.2132021759216259E-02   0.6826002361216324E-02   0.1755337591747180E-01   0.3125850360416091E-01   0.3807118301819827E-01   0.3166776788226190E-01   0.1808852368668270E-01   0.7270615696841311E-02   0.2416531948347531E-02   0.1297974513488117E-02   0.1291551770507206E-02   0.1475321592638383E-02   0.1758790658054521E-02   0.2737765925368452E-02   0.5012002621506973E-02   0.8347619372049206E-02   0.1267078744531747E-01   0.1756399419673288E-01   0.2228678344084076E-01   0.2595547133648368E-01   0.2782413492198853E-01   0.2753795352271057E-01   0.2523740961703591E-01   0.2147512366388759E-01   0.1700480148388108E-01   0.1254964933070852E-01   0.8639013518711979E-02   0.5547534141864284E-02   0.3321507900206510E-02   0.1943196645220287E-02   0.1443860336910105E-02   0.1469321326761787E-02   0.1217811681826955E-02   0.1102460424984528E-02   0.1057290669151910E-02   0.1046268659365025E-02   0.1052097376691032E-02   0.1067822693830786E-02   0.1091687241459398E-02   0.1124454776563222E-02   0.1168232000782723E-02   0.1226061281686989E-02   0.1301863866134134E-02   0.1400530477687609E-02   0.1528074133146266E-02   0.1691812639600769E-02   0.1790567738850061E-02
  0.9999999747378752E-03   0.9999999747378752E-03   0.9999999747378752E-03   0.9999999747378752E-03   0.9999999747378752E-03   0.9999999747378752E-03   0.9999999747378752E-03   0.9999999747378752E-03   0.9999999747378752E-03   0.9999999747378752E-03   0.9999999747378752E-03   0.9999999747378752E-03   0.9999999747378752E-03   0.9999999747378752E-03   0.9999999747378752E-03   0.9999999747378752E-03   0.9999999747378752E-03   0.9999999747378752E-03   0.9999999747378752E-03   0.9999999747378752E-03   0.9999999747378752E-03   0.9999999747378752E-03   0.9999999747378752E-03   0.9999999747378752E-03   0.9999999747378752E-03   0.9999999747378752E-03   0.9999999747378754E-03   0.9999999747378754E-03   0.9999999747378754E-03   0.9999999747378754E-03   0.9999999747378758E-03   0.9999999747378773E-03   0.9999999759429052E-03   0.1001470659731609E-02   0.2423853935278484E-02   0.1475492241799350E-01   0.1882066129700897E-02   0.1000213084207364E-02   0.9999999748072207E-03   0.9999999930524577E-03   0.1000181314761340E-02   0.1178012232064259E-02   0.4319018441646808E-01   0.1174926561097437E+01   0.5544654811218343E+01   0.5471277143962234E+01   0.1235700241752293E+01   0.6046691116038514E-01   0.1592241339613578E-02   0.1312590644874393E-02   0.1117062683618031E-02   0.1031892507647132E-02   0.1038088023038348E-02   0.1274105844857683E-02   0.2143060431957651E-02   0.6679531203862785E-02   0.1667491909228476E-01   0.2883328653031947E-01   0.3397508785721702E-01   0.2727108634424629E-01   0.1498930357647664E-01   0.5848803707504339E-02   0.2014775229096288E-02   0.1238131594735157E-02   0.1242204871377596E-02   0.1470845706907107E-02   0.1675628469336353E-02   0.2416464800431845E-02   0.4481244409682367E-02   0.7570442175577743E-02   0.1166862373117180E-01   0.1643927463233861E-01   0.2121368787738271E-01   0.2513239103266999E-01   0.2740523904171026E-01   0.2757764203185244E-01   0.2567616303486456E-01   0.2217115930456720E-01   0.1779096920376697E-01   0.1328606019086511E-01   0.9241386928114858E-02   0.5988431061840563E-02   0.3614179067971790E-02   0.2070789141200120E-02   0.1452809555683042E-02   0.1520033552417433E-02   0.1241676715638969E-02   0.1112662387564083E-02   0.1061073391926703E-02   0.1047201224425355E-02   0.1051745358723916E-02   0.1066769523525877E-02   0.1090072151099248E-02   0.1122220053687552E-02   0.1165220746007745E-02   0.1222047403514416E-02   0.1296554178085043E-02   0.1393555751687834E-02   0.1518975395879358E-02   0.1680024846072838E-02   0.1825401576953820E-02
  0.9999999747378752E-03   0.9999999747378752E-03   0.9999999747378752E-03   0.9999999747378752E-03   0.9999999747378752E-03   0.9999999747378752E-03   0.9999999747378752E-03   0.9999999747378752E-03   0.9999999747378752E-03   0.9999999747378752E-03   0.9999999747378752E-03   0.9999999747378752E-03   0.9999999747378752E-03   0.9999999747378752E-03   0.9999999747378752E-03   0.9999999747378752E-03   0.9999999747378752E-03   0.9999999747378752E-03   0.9999999747378752E-03   0.9999999747378752E-03   0.9999999747378752E-03   0.9999999747378752E-03   0.9999999747378752E-03   0.9999999747378752E-03   0.9999999747378752E-03   0.9999999747378752E-03   0.9999999747378754E-03   0.9999999747378754E-03   0.9999999747378754E-03   0.9999999747378754E-03   0.9999999747378758E-03   0.9999999747378773E-03   0.9999999754464646E-03   0.1001043878770599E-02   0.2165176857227633E-02   0.1463442239261006E-01   0.2155967808607892E-02   0.1000400405844556E-02   0.9999999749479773E-03   0.9999999797568144E-03   0.1000058432174398E-02   0.1095032271429242E-02   0.2233704366080528E-01   0.8084304775800134E+00   0.4996089142287756E+01   0.5995845084269786E+01   0.1515063801442660E+01   0.7961398883470633E-01   0.1754475790104151E-02   0.1268882629388177E-02   0.1118979692545121E-02   0.1029925592304525E-02   0.1038833197747101E-02   0.1266371968256573E-02   0.2154633780288645E-02   0.6481980001177706E-02   0.1574142269796481E-01   0.2645569631556952E-01   0.3017909427516410E-01   0.2336489633419967E-01   0.1238134530672297E-01   0.4705011538524877E-02   0.1743739031677937E-02   0.1208856472730481E-02   0.1206003682897616E-02   0.1466567018999393E-02   0.1652113268352804E-02   0.2165638189886080E-02   0.4061108383154626E-02   0.6945623571714648E-02   0.1084887613239305E-01   0.1550122906593182E-01   0.2029818575895017E-01   0.2440909560550656E-01   0.2701560183884799E-01   0.2758342207900764E-01   0.2604006085210176E-01   0.2277787106124669E-01   0.1849444580070105E-01   0.1395767677440859E-01   0.9799134219546439E-02   0.6401725606470838E-02   0.3891303801978289E-02   0.2220338902125066E-02   0.1457923534742683E-02   0.1569066172970699E-02   0.1264879457551527E-02   0.1122647977970428E-02   0.1064826154284052E-02   0.1048185866534498E-02   0.1051493583233328E-02   0.1065860786884665E-02   0.1088654496838558E-02   0.1120251346719304E-02   0.1162565067187744E-02   0.1218505449175613E-02   0.1291866415850980E-02   0.1387394819805187E-02   0.1510933926693211E-02   0.1669600810519162E-02   0.1851981871916277E-02
  0.9999999747378752E-03   0.9999999747378752E-03   0.9999999747378752E-03   0.9999999747378752E-03   0.9999999747378752E-03   0.9999999747378752E-03   0.9999999747378752E-03   0.9999999747378752E-03   0.9999999747378752E-03   0.9999999747378752E-03   0.9999999747378752E-03   0.9999999747378752E-03   0.9999999747378752E-03   0.9999999747378752E-03   0.9999999747378752E-03   0.9999999747378752E-03   0.9999999747378752E-03   0.9999999747378752E-03   0.9999999747378752E-03   0.9999999747378752E-03   0.9999999747378752E-03   0.9999999747378752E-03   0.9999999747378752E-03   0.9999999747378752E-03   0.9999999747378752E-03   0.9999999747378752E-03   0.9999999747378754E-03   0.9999999747378754E-03   0.9999999747378754E-03   0.9999999747378754E-03   0.9999999747378758E-03   0.9999999747378773E-03   0.9999999751949006E-03   0.1000785098898844E-02   0.1962650062417981E-02   0.1445369326605757E-01   0.2443137739354495E-02   0.1000706472237373E-02   0.9999999753103274E-03   0.9999999763314392E-03   0.1000021267096461E-02   0.1041603475874681E-02   0.1223123044904473E-01   0.5671293662258233E+00   0.4445971660784190E+01   0.6396547647247420E+01   0.1794118253675740E+01   0.9923100805478358E-01   0.1915499722203600E-02   0.1246168366434279E-02   0.1119999098638939E-02   0.1027633808054865E-02   0.1039429480832202E-02   0.1257635945987122E-02   0.2141733099149649E-02   0.6287428420871645E-02   0.1486564983397105E-01   0.2423144648018379E-01   0.2678214289241515E-01   0.2002027403037917E-01   0.1024329471388677E-01   0.3818379678703575E-02   0.1542952841403676E-02   0.1182644705856050E-02   0.1179737271876143E-02   0.1418355840592310E-02   0.1630912382540995E-02   0.1973660810106019E-02   0.3736064558511827E-02   0.6456486324352292E-02   0.1019891341021147E-01   0.1474731019520559E-01   0.1955177597325733E-01   0.2381040483879361E-01   0.2668755574747007E-01   0.2758664112673882E-01   0.2635205815653926E-01   0.2330635407179252E-01   0.1911541425582523E-01   0.1455752973830984E-01   0.1030244172432380E-01   0.6777994406560229E-02   0.4145488077351958E-02   0.2356817087712825E-02   0.1476154858890875E-02   0.1614748741705844E-02   0.1286584182431066E-02   0.1132033323813264E-02   0.1068386115525283E-02   0.1049157941204607E-02   0.1051316913321351E-02   0.1065085389129564E-02   0.1087427036017405E-02   0.1118541347021888E-02   0.1160255949261178E-02   0.1215423743911720E-02   0.1287785400008248E-02   0.1382028060418228E-02   0.1503924557459951E-02   0.1660508512076512E-02   0.1850268220033380E-02
  0.9999999747378752E-03   0.9999999747378752E-03   0.9999999747378752E-03   0.9999999747378752E-03   0.9999999747378752E-03   0.9999999747378752E-03   0.9999999747378752E-03   0.9999999747378752E-03   0.9999999747378752E-03   0.9999999747378752E-03   0.9999999747378752E-03   0.9999999747378752E-03   0.9999999747378752E-03   0.9999999747378752E-03   0.9999999747378752E-03   0.9999999747378752E-03   0.9999999747378752E-03   0.9999999747378752E-03   0.9999999747378752E-03   0.9999999747378752E-03   0.9999999747378752E-03   0.9999999747378752E-03   0.9999999747378752E-03   0.9999999747378752E-03   0.9999999747378752E-03   0.9999999747378752E-03   0.9999999747378754E-03   0.9999999747378754E-03   0.9999999747378754E-03   0.9999999747378754E-03   0.9999999747378758E-03   0.9999999747378773E-03   0.9999999750619892E-03   0.1000627351918224E-02   0.1821339552679085E-02   0.1422913620098210E-01   0.2729138225965743E-02   0.1001164889547724E-02   0.9999999761210361E-03   0.9999999753357383E-03   0.1000008929455223E-02   0.1020435449156000E-02   0.7255088282586896E-02   0.4139141792921628E+00   0.3961224674332102E+01   0.6669270381557942E+01   0.2053759197934683E+01   0.1178183160682085E+00   0.1978455101245100E-02   0.1226045593828488E-02   0.1110789963500699E-02   0.1025116712134141E-02   0.1039926956509918E-02   0.1258544535507729E-02   0.2149557357743644E-02   0.6100888096680571E-02   0.1406103950380961E-01   0.2232095501730987E-01   0.2392706833622220E-01   0.1730934100650040E-01   0.8554819432775310E-02   0.3179141152035082E-02   0.1395219985379407E-02   0.1143782448229033E-02   0.1161119261142158E-02   0.1383222811635710E-02   0.1636597842535349E-02   0.1831726809121589E-02   0.3494004041300661E-02   0.6089486697458367E-02   0.9707673771391274E-02   0.1417389884617640E-01   0.1898206621476014E-01   0.2335544662621375E-01   0.2644773582032902E-01   0.2761460574229879E-01   0.2663347736464173E-01   0.2376816456418862E-01   0.1965567178715791E-01   0.1508046494942566E-01   0.1074293332469176E-01   0.7108712697445566E-02   0.4369792781862359E-02   0.2495376779624589E-02   0.1504505958071810E-02   0.1655411834265176E-02   0.1305945112344330E-02   0.1140425999027173E-02   0.1071585476958478E-02   0.1050050508186081E-02   0.1051189405795197E-02   0.1064432169724652E-02   0.1086382837746534E-02   0.1117083299824620E-02   0.1158285149278415E-02   0.1212791630348526E-02   0.1284297265632116E-02   0.1377437530693139E-02   0.1497924242664179E-02   0.1652718587195162E-02   0.1850223509641314E-02
  0.9999999747378752E-03   0.9999999747378752E-03   0.9999999747378752E-03   0.9999999747378752E-03   0.9999999747378752E-03   0.9999999747378752E-03   0.9999999747378752E-03   0.9999999747378752E-03   0.9999999747378752E-03   0.9999999747378752E-03   0.9999999747378752E-03   0.9999999747378752E-03   0.9999999747378752E-03   0.9999999747378752E-03   0.9999999747378752E-03   0.9999999747378752E-03   0.9999999747378752E-03   0.9999999747378752E-03   0.9999999747378752E-03   0.9999999747378752E-03   0.9999999747378752E-03   0.9999999747378752E-03   0.9999999747378752E-03   0.9999999747378752E-03   0.9999999747378752E-03   0.9999999747378752E-03   0.9999999747378754E-03   0.9999999747378754E-03   0.9999999747378754E-03   0.9999999747378754E-03   0.9999999747378758E-03   0.9999999747378773E-03   0.9999999749911203E-03   0.1000533759839021E-02   0.1770414859605617E-02   0.1400658151674308E-01   0.2990097656510928E-02   0.1001794804728052E-02   0.9999999777038425E-03   0.9999999750106466E-03   0.1000004449183675E-02   0.1011570878257629E-02   0.4773513754354630E-02   0.3203456531244145E+00   0.3579978964966492E+01   0.6829049204067196E+01   0.2272648735235956E+01   0.1339857010527497E+00   0.1911441117864898E-02   0.1200132197002883E-02   0.1112047140286746E-02   0.1022484314534217E-02   0.1040362842845439E-02   0.1239661919988905E-02   0.2132933932852697E-02   0.5955811940967981E-02   0.1342530663854744E-01   0.2083011466085554E-01   0.2174468211263920E-01   0.1526648480624288E-01   0.7340825615340847E-02   0.2700895227241731E-02   0.1326849508020110E-02   0.1118086784538312E-02   0.1148566304592007E-02   0.1359062449121525E-02   0.1655280348746184E-02   0.1733421514866374E-02   0.3325930400300728E-02   0.5834302730640960E-02   0.9366381255964827E-02   0.1377763427877786E-01   0.1859435146814207E-01   0.2305888900605801E-01   0.2631745922060630E-01   0.2768998602910187E-01   0.2690275061702594E-01   0.2417393313572559E-01   0.2011756463895301E-01   0.1552258834466753E-01   0.1111356453152873E-01   0.7386415147300313E-02   0.4557983615636354E-02   0.2611581208430788E-02   0.1520193497273595E-02   0.1689488153662022E-02   0.1322161372742999E-02   0.1147451905944562E-02   0.1074263437811109E-02   0.1050799195765819E-02   0.1051086128890394E-02   0.1063890529245431E-02   0.1085515485340787E-02   0.1115871069441306E-02   0.1156645222825999E-02   0.1210599487541821E-02   0.1281389484021105E-02   0.1373606995131540E-02   0.1492912097797570E-02   0.1646204381216509E-02   0.1841813992293387E-02
  0.9999999747378752E-03   0.9999999747378752E-03   0.9999999747378752E-03   0.9999999747378752E-03   0.9999999747378752E-03   0.9999999747378752E-03   0.9999999747378752E-03   0.9999999747378752E-03   0.9999999747378752E-03   0.9999999747378752E-03   0.9999999747378752E-03   0.9999999747378752E-03   0.9999999747378752E-03   0.9999999747378752E-03   0.9999999747378752E-03   0.9999999747378752E-03   0.9999999747378752E-03   0.9999999747378752E-03   0.9999999747378752E-03   0.9999999747378752E-03   0.9999999747378752E-03   0.9999999747378752E-03   0.9999999747378752E-03   0.9999999747378752E-03   0.9999999747378752E-03   0.9999999747378752E-03   0.9999999747378754E-03   0.9999999747378754E-03   0.9999999747378754E-03   0.9999999747378754E-03   0.9999999747378758E-03   0.9999999747378773E-03   0.9999999749562161E-03   0.1000484296782898E-02   0.1742587738663031E-02   0.1379216173435553E-01   0.3214105253913576E-02   0.1002589445814946E-02   0.9999999804086574E-03   0.9999999748954466E-03   0.1000002730300470E-02   0.1007786176869540E-02   0.3566013319967321E-02   0.2673523905968028E+00   0.3318523093485301E+01   0.6900647529090116E+01   0.2430747256769654E+01   0.1464500308795767E+00   0.1900247081013790E-02   0.1170078697518251E-02   0.1104491528189448E-02   0.1019856031870941E-02   0.1040759258621614E-02   0.1251410930310325E-02   0.2155792138335381E-02   0.5851653562637700E-02   0.1302417285743229E-01   0.1983173867634491E-01   0.2028913249574045E-01   0.1395034737767449E-01   0.6545351720970413E-02   0.2412305990566300E-02   0.1307676968742432E-02   0.1102662485721165E-02   0.1141035918326520E-02   0.1344474074030325E-02   0.1704345936267333E-02   0.1674397954102076E-02   0.3225698836329130E-02   0.5683841900403146E-02   0.9169019688705234E-02   0.1355639320038965E-01   0.1839286913409465E-01   0.2293202525453739E-01   0.2631319841934863E-01   0.2783049267540174E-01   0.2717447344285847E-01   0.2453220245293668E-01   0.2050301312844088E-01   0.1588069512238589E-01   0.1140845376066474E-01   0.7604794002490802E-02   0.4704738904964091E-02   0.2701610745728658E-02   0.1520804868018395E-02   0.1695611957363772E-02   0.1334532310956843E-02   0.1152782806555048E-02   0.1076278602974122E-02   0.1051347302166542E-02   0.1050985084691514E-02   0.1063451095916243E-02   0.1084819290518245E-02   0.1114899205036123E-02   0.1155329546136143E-02   0.1208838742767871E-02   0.1279050874419223E-02   0.1370521940884707E-02   0.1488869420473703E-02   0.1640941977565830E-02   0.1835009321354201E-02
