     1      -0.01332557       0.00888371       3.99835709
     2      -0.00960453       0.00640302       3.99525622
     3      -0.00588348       0.00392232       3.99215535
     4      -0.00216244       0.00144163       3.98905449
     5       0.00155860      -0.00103907       3.98595362
     6      -0.01038383       0.00692255       4.00227941
     7      -0.00666278       0.00444186       3.99917855
     8      -0.00294174       0.00196116       3.99607768
     9       0.00077930      -0.00051953       3.99297681
    10       0.00450034      -0.00300023       3.98987594
    11      -0.00744208       0.00496139       4.00620174
    12      -0.00372104       0.00248069       4.00310087
    13       0.00000000       0.00000000       4.00000000
    14       0.00372104      -0.00248069       3.99689913
    15       0.00744208      -0.00496139       3.99379826
    16      -0.00450034       0.00300023       4.01012406
    17      -0.00077930       0.00051953       4.00702319
    18       0.00294174      -0.00196116       4.00392232
    19       0.00666278      -0.00444186       4.00082145
    20       0.01038383      -0.00692255       3.99772059
    21      -0.00155860       0.00103907       4.01404638
    22       0.00216244      -0.00144163       4.01094551
    23       0.00588348      -0.00392232       4.00784465
    24       0.00960453      -0.00640302       4.00474378
    25       0.01332557      -0.00888371       4.00164291
    26      -0.00832557       0.01388371       3.99835709
    27      -0.00460453       0.01140302       3.99525622
    28      -0.00088348       0.00892232       3.99215535
    29       0.00283756       0.00644163       3.98905449
    30       0.00655860       0.00396093       3.98595362
    31      -0.00538383       0.01192255       4.00227941
    32      -0.00166278       0.00944186       3.99917855
    33       0.00205826       0.00696116       3.99607768
    34       0.00577930       0.00448047       3.99297681
    35       0.00950034       0.00199977       3.98987594
    36      -0.00244208       0.00996139       4.00620174
    37       0.00127896       0.00748069       4.00310087
    38       0.00500000       0.00500000       4.00000000
    39       0.00872104       0.00251931       3.99689913
    40       0.01244208       0.00003861       3.99379826
    41       0.00049966       0.00800023       4.01012406
    42       0.00422070       0.00551953       4.00702319
    43       0.00794174       0.00303884       4.00392232
    44       0.01166278       0.00055814       4.00082145
    45       0.01538383      -0.00192255       3.99772059
    46       0.00344140       0.00603907       4.01404638
    47       0.00716244       0.00355837       4.01094551
    48       0.01088348       0.00107768       4.00784465
    49       0.01460453      -0.00140302       4.00474378
    50       0.01832557      -0.00388371       4.00164291
    51      -0.00332557       0.01888371       3.99835709
    52       0.00039547       0.01640302       3.99525622
    53       0.00411652       0.01392232       3.99215535
    54       0.00783756       0.01144163       3.98905449
    55       0.01155860       0.00896093       3.98595362
    56      -0.00038383       0.01692255       4.00227941
    57       0.00333722       0.01444186       3.99917855
    58       0.00705826       0.01196116       3.99607768
    59       0.01077930       0.00948047       3.99297681
    60       0.01450034       0.00699977       3.98987594
    61       0.00255792       0.01496139       4.00620174
    62       0.00627896       0.01248069       4.00310087
    63       0.01000000       0.01000000       4.00000000
    64       0.01372104       0.00751931       3.99689913
    65       0.01744208       0.00503861       3.99379826
    66       0.00549966       0.01300023       4.01012406
    67       0.00922070       0.01051953       4.00702319
    68       0.01294174       0.00803884       4.00392232
    69       0.01666278       0.00555814       4.00082145
    70       0.02038383       0.00307745       3.99772059
    71       0.00844140       0.01103907       4.01404638
    72       0.01216244       0.00855837       4.01094551
    73       0.01588348       0.00607768       4.00784465
    74       0.01960453       0.00359698       4.00474378
    75       0.02332557       0.00111629       4.00164291
    76       0.00167443       0.02388371       3.99835709
    77       0.00539547       0.02140302       3.99525622
    78       0.00911652       0.01892232       3.99215535
    79       0.01283756       0.01644163       3.98905449
    80       0.01655860       0.01396093       3.98595362
    81       0.00461617       0.02192255       4.00227941
    82       0.00833722       0.01944186       3.99917855
    83       0.01205826       0.01696116       3.99607768
    84       0.01577930       0.01448047       3.99297681
    85       0.01950034       0.01199977       3.98987594
    86       0.00755792       0.01996139       4.00620174
    87       0.01127896       0.01748069       4.00310087
    88       0.01500000       0.01500000       4.00000000
    89       0.01872104       0.01251931       3.99689913
    90       0.02244208       0.01003861       3.99379826
    91       0.01049966       0.01800023       4.01012406
    92       0.01422070       0.01551953       4.00702319
    93       0.01794174       0.01303884       4.00392232
    94       0.02166278       0.01055814       4.00082145
    95       0.02538383       0.00807745       3.99772059
    96       0.01344140       0.01603907       4.01404638
    97       0.01716244       0.01355837       4.01094551
    98       0.02088348       0.01107768       4.00784465
    99       0.02460453       0.00859698       4.00474378
   100       0.02832557       0.00611629       4.00164291
   101       0.00667443       0.02888371       3.99835709
   102       0.01039547       0.02640302       3.99525622
   103       0.01411652       0.02392232       3.99215535
   104       0.01783756       0.02144163       3.98905449
   105       0.02155860       0.01896093       3.98595362
   106       0.00961617       0.02692255       4.00227941
   107       0.01333722       0.02444186       3.99917855
   108       0.01705826       0.02196116       3.99607768
   109       0.02077930       0.01948047       3.99297681
   110       0.02450034       0.01699977       3.98987594
   111       0.01255792       0.02496139       4.00620174
   112       0.01627896       0.02248069       4.00310087
   113       0.02000000       0.02000000       4.00000000
   114       0.02372104       0.01751931       3.99689913
   115       0.02744208       0.01503861       3.99379826
   116       0.01549966       0.02300023       4.01012406
   117       0.01922070       0.02051953       4.00702319
   118       0.02294174       0.01803884       4.00392232
   119       0.02666278       0.01555814       4.00082145
   120       0.03038383       0.01307745       3.99772059
   121       0.01844140       0.02103907       4.01404638
   122       0.02216244       0.01855837       4.01094551
   123       0.02588348       0.01607768       4.00784465
   124       0.02960453       0.01359698       4.00474378
   125       0.03332557       0.01111629       4.00164291
   126       0.01167443       0.03388371       3.99835709
   127       0.01539547       0.03140302       3.99525622
   128       0.01911652       0.02892232       3.99215535
   129       0.02283756       0.02644163       3.98905449
   130       0.02655860       0.02396093       3.98595362
   131       0.01461617       0.03192255       4.00227941
   132       0.01833722       0.02944186       3.99917855
   133       0.02205826       0.02696116       3.99607768
   134       0.02577930       0.02448047       3.99297681
   135       0.02950034       0.02199977       3.98987594
   136       0.01755792       0.02996139       4.00620174
   137       0.02127896       0.02748069       4.00310087
   138       0.02500000       0.02500000       4.00000000
   139       0.02872104       0.02251931       3.99689913
   140       0.03244208       0.02003861       3.99379826
   141       0.02049966       0.02800023       4.01012406
   142       0.02422070       0.02551953       4.00702319
   143       0.02794174       0.02303884       4.00392232
   144       0.03166278       0.02055814       4.00082145
   145       0.03538383       0.01807745       3.99772059
   146       0.02344140       0.02603907       4.01404638
   147       0.02716244       0.02355837       4.01094551
   148       0.03088348       0.02107768       4.00784465
   149       0.03460453       0.01859698       4.00474378
   150       0.03832557       0.01611629       4.00164291
   151       0.01667443       0.03888371       3.99835709
   152       0.02039547       0.03640302       3.99525622
   153       0.02411652       0.03392232       3.99215535
   154       0.02783756       0.03144163       3.98905449
   155       0.03155860       0.02896093       3.98595362
   156       0.01961617       0.03692255       4.00227941
   157       0.02333722       0.03444186       3.99917855
   158       0.02705826       0.03196116       3.99607768
   159       0.03077930       0.02948047       3.99297681
   160       0.03450034       0.02699977       3.98987594
   161       0.02255792       0.03496139       4.00620174
   162       0.02627896       0.03248069       4.00310087
   163       0.03000000       0.03000000       4.00000000
   164       0.03372104       0.02751931       3.99689913
   165       0.03744208       0.02503861       3.99379826
   166       0.02549966       0.03300023       4.01012406
   167       0.02922070       0.03051953       4.00702319
   168       0.03294174       0.02803884       4.00392232
   169       0.03666278       0.02555814       4.00082145
   170       0.04038383       0.02307745       3.99772059
   171       0.02844140       0.03103907       4.01404638
   172       0.03216244       0.02855837       4.01094551
   173       0.03588348       0.02607768       4.00784465
   174       0.03960453       0.02359698       4.00474378
   175       0.04332557       0.02111629       4.00164291
   176       0.02167443       0.04388371       3.99835709
   177       0.02539547       0.04140302       3.99525622
   178       0.02911652       0.03892232       3.99215535
   179       0.03283756       0.03644163       3.98905449
   180       0.03655860       0.03396093       3.98595362
   181       0.02461617       0.04192255       4.00227941
   182       0.02833722       0.03944186       3.99917855
   183       0.03205826       0.03696116       3.99607768
   184       0.03577930       0.03448047       3.99297681
   185       0.03950034       0.03199977       3.98987594
   186       0.02755792       0.03996139       4.00620174
   187       0.03127896       0.03748069       4.00310087
   188       0.03500000       0.03500000       4.00000000
   189       0.03872104       0.03251931       3.99689913
   190       0.04244208       0.03003861       3.99379826
   191       0.03049966       0.03800023       4.01012406
   192       0.03422070       0.03551953       4.00702319
   193       0.03794174       0.03303884       4.00392232
   194       0.04166278       0.03055814       4.00082145
   195       0.04538383       0.02807745       3.99772059
   196       0.03344140       0.03603907       4.01404638
   197       0.03716244       0.03355837       4.01094551
   198       0.04088348       0.03107768       4.00784465
   199       0.04460453       0.02859698       4.00474378
   200       0.04832557       0.02611629       4.00164291
   201       0.02667443       0.04888371       3.99835709
   202       0.03039547       0.04640302       3.99525622
   203       0.03411652       0.04392232       3.99215535
   204       0.03783756       0.04144163       3.98905449
   205       0.04155860       0.03896093       3.98595362
   206       0.02961617       0.04692255       4.00227941
   207       0.03333722       0.04444186       3.99917855
   208       0.03705826       0.04196116       3.99607768
   209       0.04077930       0.03948047       3.99297681
   210       0.04450034       0.03699977       3.98987594
   211       0.03255792       0.04496139       4.00620174
   212       0.03627896       0.04248069       4.00310087
   213       0.04000000       0.04000000       4.00000000
   214       0.04372104       0.03751931       3.99689913
   215       0.04744208       0.03503861       3.99379826
   216       0.03549966       0.04300023       4.01012406
   217       0.03922070       0.04051953       4.00702319
   218       0.04294174       0.03803884       4.00392232
   219       0.04666278       0.03555814       4.00082145
   220       0.05038383       0.03307745       3.99772059
   221       0.03844140       0.04103907       4.01404638
   222       0.04216244       0.03855837       4.01094551
   223       0.04588348       0.03607768       4.00784465
   224       0.04960453       0.03359698       4.00474378
   225       0.05332557       0.03111629       4.00164291
   226       0.03167443       0.05388371       3.99835709
   227       0.03539547       0.05140302       3.99525622
   228       0.03911652       0.04892232       3.99215535
   229       0.04283756       0.04644163       3.98905449
   230       0.04655860       0.04396093       3.98595362
   231       0.03461617       0.05192255       4.00227941
   232       0.03833722       0.04944186       3.99917855
   233       0.04205826       0.04696116       3.99607768
   234       0.04577930       0.04448047       3.99297681
   235       0.04950034       0.04199977       3.98987594
   236       0.03755792       0.04996139       4.00620174
   237       0.04127896       0.04748069       4.00310087
   238       0.04500000       0.04500000       4.00000000
   239       0.04872104       0.04251931       3.99689913
   240       0.05244208       0.04003861       3.99379826
   241       0.04049966       0.04800023       4.01012406
   242       0.04422070       0.04551953       4.00702319
   243       0.04794174       0.04303884       4.00392232
   244       0.05166278       0.04055814       4.00082145
   245       0.05538383       0.03807745       3.99772059
   246       0.04344140       0.04603907       4.01404638
   247       0.04716244       0.04355837       4.01094551
   248       0.05088348       0.04107768       4.00784465
   249       0.05460453       0.03859698       4.00474378
   250       0.05832557       0.03611629       4.00164291
   251       0.03667443       0.05888371       3.99835709
   252       0.04039547       0.05640302       3.99525622
   253       0.04411652       0.05392232       3.99215535
   254       0.04783756       0.05144163       3.98905449
   255       0.05155860       0.04896093       3.98595362
   256       0.03961617       0.05692255       4.00227941
   257       0.04333722       0.05444186       3.99917855
   258       0.04705826       0.05196116       3.99607768
   259       0.05077930       0.04948047       3.99297681
   260       0.05450034       0.04699977       3.98987594
   261       0.04255792       0.05496139       4.00620174
   262       0.04627896       0.05248069       4.00310087
   263       0.05000000       0.05000000       4.00000000
   264       0.05372104       0.04751931       3.99689913
   265       0.05744208       0.04503861       3.99379826
   266       0.04549966       0.05300023       4.01012406
   267       0.04922070       0.05051953       4.00702319
   268       0.05294174       0.04803884       4.00392232
   269       0.05666278       0.04555814       4.00082145
   270       0.06038383       0.04307745       3.99772059
   271       0.04844140       0.05103907       4.01404638
   272       0.05216244       0.04855837       4.01094551
   273       0.05588348       0.04607768       4.00784465
   274       0.05960453       0.04359698       4.00474378
   275       0.06332557       0.04111629       4.00164291
   276       0.04167443       0.06388371       3.99835709
   277       0.04539547       0.06140302       3.99525622
   278       0.04911652       0.05892232       3.99215535
   279       0.05283756       0.05644163       3.98905449
   280       0.05655860       0.05396093       3.98595362
   281       0.04461617       0.06192255       4.00227941
   282       0.04833722       0.05944186       3.99917855
   283       0.05205826       0.05696116       3.99607768
   284       0.05577930       0.05448047       3.99297681
   285       0.05950034       0.05199977       3.98987594
   286       0.04755792       0.05996139       4.00620174
   287       0.05127896       0.05748069       4.00310087
   288       0.05500000       0.05500000       4.00000000
   289       0.05872104       0.05251931       3.99689913
   290       0.06244208       0.05003861       3.99379826
   291       0.05049966       0.05800023       4.01012406
   292       0.05422070       0.05551953       4.00702319
   293       0.05794174       0.05303884       4.00392232
   294       0.06166278       0.05055814       4.00082145
   295       0.06538383       0.04807745       3.99772059
   296       0.05344140       0.05603907       4.01404638
   297       0.05716244       0.05355837       4.01094551
   298       0.06088348       0.05107768       4.00784465
   299       0.06460453       0.04859698       4.00474378
   300       0.06832557       0.04611629       4.00164291
   301       0.04667443       0.06888371       3.99835709
   302       0.05039547       0.06640302       3.99525622
   303       0.05411652       0.06392232       3.99215535
   304       0.05783756       0.06144163       3.98905449
   305       0.06155860       0.05896093       3.98595362
   306       0.04961617       0.06692255       4.00227941
   307       0.05333722       0.06444186       3.99917855
   308       0.05705826       0.06196116       3.99607768
   309       0.06077930       0.05948047       3.99297681
   310       0.06450034       0.05699977       3.98987594
   311       0.05255792       0.06496139       4.00620174
   312       0.05627896       0.06248069       4.00310087
   313       0.06000000       0.06000000       4.00000000
   314       0.06372104       0.05751931       3.99689913
   315       0.06744208       0.05503861       3.99379826
   316       0.05549966       0.06300023       4.01012406
   317       0.05922070       0.06051953       4.00702319
   318       0.06294174       0.05803884       4.00392232
   319       0.06666278       0.05555814       4.00082145
   320       0.07038383       0.05307745       3.99772059
   321       0.05844140       0.06103907       4.01404638
   322       0.06216244       0.05855837       4.01094551
   323       0.06588348       0.05607768       4.00784465
   324       0.06960453       0.05359698       4.00474378
   325       0.07332557       0.05111629       4.00164291
   326       0.05167443       0.07388371       3.99835709
   327       0.05539547       0.07140302       3.99525622
   328       0.05911652       0.06892232       3.99215535
   329       0.06283756       0.06644163       3.98905449
   330       0.06655860       0.06396093       3.98595362
   331       0.05461617       0.07192255       4.00227941
   332       0.05833722       0.06944186       3.99917855
   333       0.06205826       0.06696116       3.99607768
   334       0.06577930       0.06448047       3.99297681
   335       0.06950034       0.06199977       3.98987594
   336       0.05755792       0.06996139       4.00620174
   337       0.06127896       0.06748069       4.00310087
   338       0.06500000       0.06500000       4.00000000
   339       0.06872104       0.06251931       3.99689913
   340       0.07244208       0.06003861       3.99379826
   341       0.06049966       0.06800023       4.01012406
   342       0.06422070       0.06551953       4.00702319
   343       0.06794174       0.06303884       4.00392232
   344       0.07166278       0.06055814       4.00082145
   345       0.07538383       0.05807745       3.99772059
   346       0.06344140       0.06603907       4.01404638
   347       0.06716244       0.06355837       4.01094551
   348       0.07088348       0.06107768       4.00784465
   349       0.07460453       0.05859698       4.00474378
   350       0.07832557       0.05611629       4.00164291
   351       0.05667443       0.07888371       3.99835709
   352       0.06039547       0.07640302       3.99525622
   353       0.06411652       0.07392232       3.99215535
   354       0.06783756       0.07144163       3.98905449
   355       0.07155860       0.06896093       3.98595362
   356       0.05961617       0.07692255       4.00227941
   357       0.06333722       0.07444186       3.99917855
   358       0.06705826       0.07196116       3.99607768
   359       0.07077930       0.06948047       3.99297681
   360       0.07450034       0.06699977       3.98987594
   361       0.06255792       0.07496139       4.00620174
   362       0.06627896       0.07248069       4.00310087
   363       0.07000000       0.07000000       4.00000000
   364       0.07372104       0.06751931       3.99689913
   365       0.07744208       0.06503861       3.99379826
   366       0.06549966       0.07300023       4.01012406
   367       0.06922070       0.07051953       4.00702319
   368       0.07294174       0.06803884       4.00392232
   369       0.07666278       0.06555814       4.00082145
   370       0.08038383       0.06307745       3.99772059
   371       0.06844140       0.07103907       4.01404638
   372       0.07216244       0.06855837       4.01094551
   373       0.07588348       0.06607768       4.00784465
   374       0.07960453       0.06359698       4.00474378
   375       0.08332557       0.06111629       4.00164291
   376       0.06167443       0.08388371       3.99835709
   377       0.06539547       0.08140302       3.99525622
   378       0.06911652       0.07892232       3.99215535
   379       0.07283756       0.07644163       3.98905449
   380       0.07655860       0.07396093       3.98595362
   381       0.06461617       0.08192255       4.00227941
   382       0.06833722       0.07944186       3.99917855
   383       0.07205826       0.07696116       3.99607768
   384       0.07577930       0.07448047       3.99297681
   385       0.07950034       0.07199977       3.98987594
   386       0.06755792       0.07996139       4.00620174
   387       0.07127896       0.07748069       4.00310087
   388       0.07500000       0.07500000       4.00000000
   389       0.07872104       0.07251931       3.99689913
   390       0.08244208       0.07003861       3.99379826
   391       0.07049966       0.07800023       4.01012406
   392       0.07422070       0.07551953       4.00702319
   393       0.07794174       0.07303884       4.00392232
   394       0.08166278       0.07055814       4.00082145
   395       0.08538383       0.06807745       3.99772059
   396       0.07344140       0.07603907       4.01404638
   397       0.07716244       0.07355837       4.01094551
   398       0.08088348       0.07107768       4.00784465
   399       0.08460453       0.06859698       4.00474378
   400       0.08832557       0.06611629       4.00164291
   401       0.06667443       0.08888371       3.99835709
   402       0.07039547       0.08640302       3.99525622
   403       0.07411652       0.08392232       3.99215535
   404       0.07783756       0.08144163       3.98905449
   405       0.08155860       0.07896093       3.98595362
   406       0.06961617       0.08692255       4.00227941
   407       0.07333722       0.08444186       3.99917855
   408       0.07705826       0.08196116       3.99607768
   409       0.08077930       0.07948047       3.99297681
   410       0.08450034       0.07699977       3.98987594
   411       0.07255792       0.08496139       4.00620174
   412       0.07627896       0.08248069       4.00310087
   413       0.08000000       0.08000000       4.00000000
   414       0.08372104       0.07751931       3.99689913
   415       0.08744208       0.07503861       3.99379826
   416       0.07549966       0.08300023       4.01012406
   417       0.07922070       0.08051953       4.00702319
   418       0.08294174       0.07803884       4.00392232
   419       0.08666278       0.07555814       4.00082145
   420       0.09038383       0.07307745       3.99772059
   421       0.07844140       0.08103907       4.01404638
   422       0.08216244       0.07855837       4.01094551
   423       0.08588348       0.07607768       4.00784465
   424       0.08960453       0.07359698       4.00474378
   425       0.09332557       0.07111629       4.00164291
   426       0.07167443       0.09388371       3.99835709
   427       0.07539547       0.09140302       3.99525622
   428       0.07911652       0.08892232       3.99215535
   429       0.08283756       0.08644163       3.98905449
   430       0.08655860       0.08396093       3.98595362
   431       0.07461617       0.09192255       4.00227941
   432       0.07833722       0.08944186       3.99917855
   433       0.08205826       0.08696116       3.99607768
   434       0.08577930       0.08448047       3.99297681
   435       0.08950034       0.08199977       3.98987594
   436       0.07755792       0.08996139       4.00620174
   437       0.08127896       0.08748069       4.00310087
   438       0.08500000       0.08500000       4.00000000
   439       0.08872104       0.08251931       3.99689913
   440       0.09244208       0.08003861       3.99379826
   441       0.08049966       0.08800023       4.01012406
   442       0.08422070       0.08551953       4.00702319
   443       0.08794174       0.08303884       4.00392232
   444       0.09166278       0.08055814       4.00082145
   445       0.09538383       0.07807745       3.99772059
   446       0.08344140       0.08603907       4.01404638
   447       0.08716244       0.08355837       4.01094551
   448       0.09088348       0.08107768       4.00784465
   449       0.09460453       0.07859698       4.00474378
   450       0.09832557       0.07611629       4.00164291
   451       0.07667443       0.09888371       3.99835709
   452       0.08039547       0.09640302       3.99525622
   453       0.08411652       0.09392232       3.99215535
   454       0.08783756       0.09144163       3.98905449
   455       0.09155860       0.08896093       3.98595362
   456       0.07961617       0.09692255       4.00227941
   457       0.08333722       0.09444186       3.99917855
   458       0.08705826       0.09196116       3.99607768
   459       0.09077930       0.08948047       3.99297681
   460       0.09450034       0.08699977       3.98987594
   461       0.08255792       0.09496139       4.00620174
   462       0.08627896       0.09248069       4.00310087
   463       0.09000000       0.09000000       4.00000000
   464       0.09372104       0.08751931       3.99689913
   465       0.09744208       0.08503861       3.99379826
   466       0.08549966       0.09300023       4.01012406
   467       0.08922070       0.09051953       4.00702319
   468       0.09294174       0.08803884       4.00392232
   469       0.09666278       0.08555814       4.00082145
   470       0.10038383       0.08307745       3.99772059
   471       0.08844140       0.09103907       4.01404638
   472       0.09216244       0.08855837       4.01094551
   473       0.09588348       0.08607768       4.00784465
   474       0.09960453       0.08359698       4.00474378
   475       0.10332557       0.08111629       4.00164291
   476       0.08167443       0.10388371       3.99835709
   477       0.08539547       0.10140302       3.99525622
   478       0.08911652       0.09892232       3.99215535
   479       0.09283756       0.09644163       3.98905449
   480       0.09655860       0.09396093       3.98595362
   481       0.08461617       0.10192255       4.00227941
   482       0.08833722       0.09944186       3.99917855
   483       0.09205826       0.09696116       3.99607768
   484       0.09577930       0.09448047       3.99297681
   485       0.09950034       0.09199977       3.98987594
   486       0.08755792       0.09996139       4.00620174
   487       0.09127896       0.09748069       4.00310087
   488       0.09500000       0.09500000       4.00000000
   489       0.09872104       0.09251931       3.99689913
   490       0.10244208       0.09003861       3.99379826
   491       0.09049966       0.09800023       4.01012406
   492       0.09422070       0.09551953       4.00702319
   493       0.09794174       0.09303884       4.00392232
   494       0.10166278       0.09055814       4.00082145
   495       0.10538383       0.08807745       3.99772059
   496       0.09344140       0.09603907       4.01404638
   497       0.09716244       0.09355837       4.01094551
   498       0.10088348       0.09107768       4.00784465
   499       0.10460453       0.08859698       4.00474378
   500       0.10832557       0.08611629       4.00164291
   501       0.08667443       0.10888371       3.99835709
   502       0.09039547       0.10640302       3.99525622
   503       0.09411652       0.10392232       3.99215535
   504       0.09783756       0.10144163       3.98905449
   505       0.10155860       0.09896093       3.98595362
   506       0.08961617       0.10692255       4.00227941
   507       0.09333722       0.10444186       3.99917855
   508       0.09705826       0.10196116       3.99607768
   509       0.10077930       0.09948047       3.99297681
   510       0.10450034       0.09699977       3.98987594
   511       0.09255792       0.10496139       4.00620174
   512       0.09627896       0.10248069       4.00310087
   513       0.10000000       0.10000000       4.00000000
   514       0.10372104       0.09751931       3.99689913
   515       0.10744208       0.09503861       3.99379826
   516       0.09549966       0.10300023       4.01012406
   517       0.09922070       0.10051953       4.00702319
   518       0.10294174       0.09803884       4.00392232
   519       0.10666278       0.09555814       4.00082145
   520       0.11038383       0.09307745       3.99772059
   521       0.09844140       0.10103907       4.01404638
   522       0.10216244       0.09855837       4.01094551
   523       0.10588348       0.09607768       4.00784465
   524       0.10960453       0.09359698       4.00474378
   525       0.11332557       0.09111629       4.00164291
   526       0.09167443       0.11388371       3.99835709
   527       0.09539547       0.11140302       3.99525622
   528       0.09911652       0.10892232       3.99215535
   529       0.10283756       0.10644163       3.98905449
   530       0.10655860       0.10396093       3.98595362
   531       0.09461617       0.11192255       4.00227941
   532       0.09833722       0.10944186       3.99917855
   533       0.10205826       0.10696116       3.99607768
   534       0.10577930       0.10448047       3.99297681
   535       0.10950034       0.10199977       3.98987594
   536       0.09755792       0.10996139       4.00620174
   537       0.10127896       0.10748069       4.00310087
   538       0.10500000       0.10500000       4.00000000
   539       0.10872104       0.10251931       3.99689913
   540       0.11244208       0.10003861       3.99379826
   541       0.10049966       0.10800023       4.01012406
   542       0.10422070       0.10551953       4.00702319
   543       0.10794174       0.10303884       4.00392232
   544       0.11166278       0.10055814       4.00082145
   545       0.11538383       0.09807745       3.99772059
   546       0.10344140       0.10603907       4.01404638
   547       0.10716244       0.10355837       4.01094551
   548       0.11088348       0.10107768       4.00784465
   549       0.11460453       0.09859698       4.00474378
   550       0.11832557       0.09611629       4.00164291
   551       0.09667443       0.11888371       3.99835709
   552       0.10039547       0.11640302       3.99525622
   553       0.10411652       0.11392232       3.99215535
   554       0.10783756       0.11144163       3.98905449
   555       0.11155860       0.10896093       3.98595362
   556       0.09961617       0.11692255       4.00227941
   557       0.10333722       0.11444186       3.99917855
   558       0.10705826       0.11196116       3.99607768
   559       0.11077930       0.10948047       3.99297681
   560       0.11450034       0.10699977       3.98987594
   561       0.10255792       0.11496139       4.00620174
   562       0.10627896       0.11248069       4.00310087
   563       0.11000000       0.11000000       4.00000000
   564       0.11372104       0.10751931       3.99689913
   565       0.11744208       0.10503861       3.99379826
   566       0.10549966       0.11300023       4.01012406
   567       0.10922070       0.11051953       4.00702319
   568       0.11294174       0.10803884       4.00392232
   569       0.11666278       0.10555814       4.00082145
   570       0.12038383       0.10307745       3.99772059
   571       0.10844140       0.11103907       4.01404638
   572       0.11216244       0.10855837       4.01094551
   573       0.11588348       0.10607768       4.00784465
   574       0.11960453       0.10359698       4.00474378
   575       0.12332557       0.10111629       4.00164291
   576       0.10167443       0.12388371       3.99835709
   577       0.10539547       0.12140302       3.99525622
   578       0.10911652       0.11892232       3.99215535
   579       0.11283756       0.11644163       3.98905449
   580       0.11655860       0.11396093       3.98595362
   581       0.10461617       0.12192255       4.00227941
   582       0.10833722       0.11944186       3.99917855
   583       0.11205826       0.11696116       3.99607768
   584       0.11577930       0.11448047       3.99297681
   585       0.11950034       0.11199977       3.98987594
   586       0.10755792       0.11996139       4.00620174
   587       0.11127896       0.11748069       4.00310087
   588       0.11500000       0.11500000       4.00000000
   589       0.11872104       0.11251931       3.99689913
   590       0.12244208       0.11003861       3.99379826
   591       0.11049966       0.11800023       4.01012406
   592       0.11422070       0.11551953       4.00702319
   593       0.11794174       0.11303884       4.00392232
   594       0.12166278       0.11055814       4.00082145
   595       0.12538383       0.10807745       3.99772059
   596       0.11344140       0.11603907       4.01404638
   597       0.11716244       0.11355837       4.01094551
   598       0.12088348       0.11107768       4.00784465
   599       0.12460453       0.10859698       4.00474378
   600       0.12832557       0.10611629       4.00164291
   601       0.10667443       0.12888371       3.99835709
   602       0.11039547       0.12640302       3.99525622
   603       0.11411652       0.12392232       3.99215535
   604       0.11783756       0.12144163       3.98905449
   605       0.12155860       0.11896093       3.98595362
   606       0.10961617       0.12692255       4.00227941
   607       0.11333722       0.12444186       3.99917855
   608       0.11705826       0.12196116       3.99607768
   609       0.12077930       0.11948047       3.99297681
   610       0.12450034       0.11699977       3.98987594
   611       0.11255792       0.12496139       4.00620174
   612       0.11627896       0.12248069       4.00310087
   613       0.12000000       0.12000000       4.00000000
   614       0.12372104       0.11751931       3.99689913
   615       0.12744208       0.11503861       3.99379826
   616       0.11549966       0.12300023       4.01012406
   617       0.11922070       0.12051953       4.00702319
   618       0.12294174       0.11803884       4.00392232
   619       0.12666278       0.11555814       4.00082145
   620       0.13038383       0.11307745       3.99772059
   621       0.11844140       0.12103907       4.01404638
   622       0.12216244       0.11855837       4.01094551
   623       0.12588348       0.11607768       4.00784465
   624       0.12960453       0.11359698       4.00474378
   625       0.13332557       0.11111629       4.00164291
   626       0.11167443       0.13388371       3.99835709
   627       0.11539547       0.13140302       3.99525622
   628       0.11911652       0.12892232       3.99215535
   629       0.12283756       0.12644163       3.98905449
   630       0.12655860       0.12396093       3.98595362
   631       0.11461617       0.13192255       4.00227941
   632       0.11833722       0.12944186       3.99917855
   633       0.12205826       0.12696116       3.99607768
   634       0.12577930       0.12448047       3.99297681
   635       0.12950034       0.12199977       3.98987594
   636       0.11755792       0.12996139       4.00620174
   637       0.12127896       0.12748069       4.00310087
   638       0.12500000       0.12500000       4.00000000
   639       0.12872104       0.12251931       3.99689913
   640       0.13244208       0.12003861       3.99379826
   641       0.12049966       0.12800023       4.01012406
   642       0.12422070       0.12551953       4.00702319
   643       0.12794174       0.12303884       4.00392232
   644       0.13166278       0.12055814       4.00082145
   645       0.13538383       0.11807745       3.99772059
   646       0.12344140       0.12603907       4.01404638
   647       0.12716244       0.12355837       4.01094551
   648       0.13088348       0.12107768       4.00784465
   649       0.13460453       0.11859698       4.00474378
   650       0.13832557       0.11611629       4.00164291
   651       0.11667443       0.13888371       3.99835709
   652       0.12039547       0.13640302       3.99525622
   653       0.12411652       0.13392232       3.99215535
   654       0.12783756       0.13144163       3.98905449
   655       0.13155860       0.12896093       3.98595362
   656       0.11961617       0.13692255       4.00227941
   657       0.12333722       0.13444186       3.99917855
   658       0.12705826       0.13196116       3.99607768
   659       0.13077930       0.12948047       3.99297681
   660       0.13450034       0.12699977       3.98987594
   661       0.12255792       0.13496139       4.00620174
   662       0.12627896       0.13248069       4.00310087
   663       0.13000000       0.13000000       4.00000000
   664       0.13372104       0.12751931       3.99689913
   665       0.13744208       0.12503861       3.99379826
   666       0.12549966       0.13300023       4.01012406
   667       0.12922070       0.13051953       4.00702319
   668       0.13294174       0.12803884       4.00392232
   669       0.13666278       0.12555814       4.00082145
   670       0.14038383       0.12307745       3.99772059
   671       0.12844140       0.13103907       4.01404638
   672       0.13216244       0.12855837       4.01094551
   673       0.13588348       0.12607768       4.00784465
   674       0.13960453       0.12359698       4.00474378
   675       0.14332557       0.12111629       4.00164291
   676       0.12167443       0.14388371       3.99835709
   677       0.12539547       0.14140302       3.99525622
   678       0.12911652       0.13892232       3.99215535
   679       0.13283756       0.13644163       3.98905449
   680       0.13655860       0.13396093       3.98595362
   681       0.12461617       0.14192255       4.00227941
   682       0.12833722       0.13944186       3.99917855
   683       0.13205826       0.13696116       3.99607768
   684       0.13577930       0.13448047       3.99297681
   685       0.13950034       0.13199977       3.98987594
   686       0.12755792       0.13996139       4.00620174
   687       0.13127896       0.13748069       4.00310087
   688       0.13500000       0.13500000       4.00000000
   689       0.13872104       0.13251931       3.99689913
   690       0.14244208       0.13003861       3.99379826
   691       0.13049966       0.13800023       4.01012406
   692       0.13422070       0.13551953       4.00702319
   693       0.13794174       0.13303884       4.00392232
   694       0.14166278       0.13055814       4.00082145
   695       0.14538383       0.12807745       3.99772059
   696       0.13344140       0.13603907       4.01404638
   697       0.13716244       0.13355837       4.01094551
   698       0.14088348       0.13107768       4.00784465
   699       0.14460453       0.12859698       4.00474378
   700       0.14832557       0.12611629       4.00164291
   701       0.12667443       0.14888371       3.99835709
   702       0.13039547       0.14640302       3.99525622
   703       0.13411652       0.14392232       3.99215535
   704       0.13783756       0.14144163       3.98905449
   705       0.14155860       0.13896093       3.98595362
   706       0.12961617       0.14692255       4.00227941
   707       0.13333722       0.14444186       3.99917855
   708       0.13705826       0.14196116       3.99607768
   709       0.14077930       0.13948047       3.99297681
   710       0.14450034       0.13699977       3.98987594
   711       0.13255792       0.14496139       4.00620174
   712       0.13627896       0.14248069       4.00310087
   713       0.14000000       0.14000000       4.00000000
   714       0.14372104       0.13751931       3.99689913
   715       0.14744208       0.13503861       3.99379826
   716       0.13549966       0.14300023       4.01012406
   717       0.13922070       0.14051953       4.00702319
   718       0.14294174       0.13803884       4.00392232
   719       0.14666278       0.13555814       4.00082145
   720       0.15038383       0.13307745       3.99772059
   721       0.13844140       0.14103907       4.01404638
   722       0.14216244       0.13855837       4.01094551
   723       0.14588348       0.13607768       4.00784465
   724       0.14960453       0.13359698       4.00474378
   725       0.15332557       0.13111629       4.00164291
   726       0.13167443       0.15388371       3.99835709
   727       0.13539547       0.15140302       3.99525622
   728       0.13911652       0.14892232       3.99215535
   729       0.14283756       0.14644163       3.98905449
   730       0.14655860       0.14396093       3.98595362
   731       0.13461617       0.15192255       4.00227941
   732       0.13833722       0.14944186       3.99917855
   733       0.14205826       0.14696116       3.99607768
   734       0.14577930       0.14448047       3.99297681
   735       0.14950034       0.14199977       3.98987594
   736       0.13755792       0.14996139       4.00620174
   737       0.14127896       0.14748069       4.00310087
   738       0.14500000       0.14500000       4.00000000
   739       0.14872104       0.14251931       3.99689913
   740       0.15244208       0.14003861       3.99379826
   741       0.14049966       0.14800023       4.01012406
   742       0.14422070       0.14551953       4.00702319
   743       0.14794174       0.14303884       4.00392232
   744       0.15166278       0.14055814       4.00082145
   745       0.15538383       0.13807745       3.99772059
   746       0.14344140       0.14603907       4.01404638
   747       0.14716244       0.14355837       4.01094551
   748       0.15088348       0.14107768       4.00784465
   749       0.15460453       0.13859698       4.00474378
   750       0.15832557       0.13611629       4.00164291
   751       0.13667443       0.15888371       3.99835709
   752       0.14039547       0.15640302       3.99525622
   753       0.14411652       0.15392232       3.99215535
   754       0.14783756       0.15144163       3.98905449
   755       0.15155860       0.14896093       3.98595362
   756       0.13961617       0.15692255       4.00227941
   757       0.14333722       0.15444186       3.99917855
   758       0.14705826       0.15196116       3.99607768
   759       0.15077930       0.14948047       3.99297681
   760       0.15450034       0.14699977       3.98987594
   761       0.14255792       0.15496139       4.00620174
   762       0.14627896       0.15248069       4.00310087
   763       0.15000000       0.15000000       4.00000000
   764       0.15372104       0.14751931       3.99689913
   765       0.15744208       0.14503861       3.99379826
   766       0.14549966       0.15300023       4.01012406
   767       0.14922070       0.15051953       4.00702319
   768       0.15294174       0.14803884       4.00392232
   769       0.15666278       0.14555814       4.00082145
   770       0.16038383       0.14307745       3.99772059
   771       0.14844140       0.15103907       4.01404638
   772       0.15216244       0.14855837       4.01094551
   773       0.15588348       0.14607768       4.00784465
   774       0.15960453       0.14359698       4.00474378
   775       0.16332557       0.14111629       4.00164291
   776       0.14167443       0.16388371       3.99835709
   777       0.14539547       0.16140302       3.99525622
   778       0.14911652       0.15892232       3.99215535
   779       0.15283756       0.15644163       3.98905449
   780       0.15655860       0.15396093       3.98595362
   781       0.14461617       0.16192255       4.00227941
   782       0.14833722       0.15944186       3.99917855
   783       0.15205826       0.15696116       3.99607768
   784       0.15577930       0.15448047       3.99297681
   785       0.15950034       0.15199977       3.98987594
   786       0.14755792       0.15996139       4.00620174
   787       0.15127896       0.15748069       4.00310087
   788       0.15500000       0.15500000       4.00000000
   789       0.15872104       0.15251931       3.99689913
   790       0.16244208       0.15003861       3.99379826
   791       0.15049966       0.15800023       4.01012406
   792       0.15422070       0.15551953       4.00702319
   793       0.15794174       0.15303884       4.00392232
   794       0.16166278       0.15055814       4.00082145
   795       0.16538383       0.14807745       3.99772059
   796       0.15344140       0.15603907       4.01404638
   797       0.15716244       0.15355837       4.01094551
   798       0.16088348       0.15107768       4.00784465
   799       0.16460453       0.14859698       4.00474378
   800       0.16832557       0.14611629       4.00164291
   801       0.14667443       0.16888371       3.99835709
   802       0.15039547       0.16640302       3.99525622
   803       0.15411652       0.16392232       3.99215535
   804       0.15783756       0.16144163       3.98905449
   805       0.16155860       0.15896093       3.98595362
   806       0.14961617       0.16692255       4.00227941
   807       0.15333722       0.16444186       3.99917855
   808       0.15705826       0.16196116       3.99607768
   809       0.16077930       0.15948047       3.99297681
   810       0.16450034       0.15699977       3.98987594
   811       0.15255792       0.16496139       4.00620174
   812       0.15627896       0.16248069       4.00310087
   813       0.16000000       0.16000000       4.00000000
   814       0.16372104       0.15751931       3.99689913
   815       0.16744208       0.15503861       3.99379826
   816       0.15549966       0.16300023       4.01012406
   817       0.15922070       0.16051953       4.00702319
   818       0.16294174       0.15803884       4.00392232
   819       0.16666278       0.15555814       4.00082145
   820       0.17038383       0.15307745       3.99772059
   821       0.15844140       0.16103907       4.01404638
   822       0.16216244       0.15855837       4.01094551
   823       0.16588348       0.15607768       4.00784465
   824       0.16960453       0.15359698       4.00474378
   825       0.17332557       0.15111629       4.00164291
   826       0.15167443       0.17388371       3.99835709
   827       0.15539547       0.17140302       3.99525622
   828       0.15911652       0.16892232       3.99215535
   829       0.16283756       0.16644163       3.98905449
   830       0.16655860       0.16396093       3.98595362
   831       0.15461617       0.17192255       4.00227941
   832       0.15833722       0.16944186       3.99917855
   833       0.16205826       0.16696116       3.99607768
   834       0.16577930       0.16448047       3.99297681
   835       0.16950034       0.16199977       3.98987594
   836       0.15755792       0.16996139       4.00620174
   837       0.16127896       0.16748069       4.00310087
   838       0.16500000       0.16500000       4.00000000
   839       0.16872104       0.16251931       3.99689913
   840       0.17244208       0.16003861       3.99379826
   841       0.16049966       0.16800023       4.01012406
   842       0.16422070       0.16551953       4.00702319
   843       0.16794174       0.16303884       4.00392232
   844       0.17166278       0.16055814       4.00082145
   845       0.17538383       0.15807745       3.99772059
   846       0.16344140       0.16603907       4.01404638
   847       0.16716244       0.16355837       4.01094551
   848       0.17088348       0.16107768       4.00784465
   849       0.17460453       0.15859698       4.00474378
   850       0.17832557       0.15611629       4.00164291
   851       0.15667443       0.17888371       3.99835709
   852       0.16039547       0.17640302       3.99525622
   853       0.16411652       0.17392232       3.99215535
   854       0.16783756       0.17144163       3.98905449
   855       0.17155860       0.16896093       3.98595362
   856       0.15961617       0.17692255       4.00227941
   857       0.16333722       0.17444186       3.99917855
   858       0.16705826       0.17196116       3.99607768
   859       0.17077930       0.16948047       3.99297681
   860       0.17450034       0.16699977       3.98987594
   861       0.16255792       0.17496139       4.00620174
   862       0.16627896       0.17248069       4.00310087
   863       0.17000000       0.17000000       4.00000000
   864       0.17372104       0.16751931       3.99689913
   865       0.17744208       0.16503861       3.99379826
   866       0.16549966       0.17300023       4.01012406
   867       0.16922070       0.17051953       4.00702319
   868       0.17294174       0.16803884       4.00392232
   869       0.17666278       0.16555814       4.00082145
   870       0.18038383       0.16307745       3.99772059
   871       0.16844140       0.17103907       4.01404638
   872       0.17216244       0.16855837       4.01094551
   873       0.17588348       0.16607768       4.00784465
   874       0.17960453       0.16359698       4.00474378
   875       0.18332557       0.16111629       4.00164291
   876       0.16167443       0.18388371       3.99835709
   877       0.16539547       0.18140302       3.99525622
   878       0.16911652       0.17892232       3.99215535
   879       0.17283756       0.17644163       3.98905449
   880       0.17655860       0.17396093       3.98595362
   881       0.16461617       0.18192255       4.00227941
   882       0.16833722       0.17944186       3.99917855
   883       0.17205826       0.17696116       3.99607768
   884       0.17577930       0.17448047       3.99297681
   885       0.17950034       0.17199977       3.98987594
   886       0.16755792       0.17996139       4.00620174
   887       0.17127896       0.17748069       4.00310087
   888       0.17500000       0.17500000       4.00000000
   889       0.17872104       0.17251931       3.99689913
   890       0.18244208       0.17003861       3.99379826
   891       0.17049966       0.17800023       4.01012406
   892       0.17422070       0.17551953       4.00702319
   893       0.17794174       0.17303884       4.00392232
   894       0.18166278       0.17055814       4.00082145
   895       0.18538383       0.16807745       3.99772059
   896       0.17344140       0.17603907       4.01404638
   897       0.17716244       0.17355837       4.01094551
   898       0.18088348       0.17107768       4.00784465
   899       0.18460453       0.16859698       4.00474378
   900       0.18832557       0.16611629       4.00164291
   901       0.16667443       0.18888371       3.99835709
   902       0.17039547       0.18640302       3.99525622
   903       0.17411652       0.18392232       3.99215535
   904       0.17783756       0.18144163       3.98905449
   905       0.18155860       0.17896093       3.98595362
   906       0.16961617       0.18692255       4.00227941
   907       0.17333722       0.18444186       3.99917855
   908       0.17705826       0.18196116       3.99607768
   909       0.18077930       0.17948047       3.99297681
   910       0.18450034       0.17699977       3.98987594
   911       0.17255792       0.18496139       4.00620174
   912       0.17627896       0.18248069       4.00310087
   913       0.18000000       0.18000000       4.00000000
   914       0.18372104       0.17751931       3.99689913
   915       0.18744208       0.17503861       3.99379826
   916       0.17549966       0.18300023       4.01012406
   917       0.17922070       0.18051953       4.00702319
   918       0.18294174       0.17803884       4.00392232
   919       0.18666278       0.17555814       4.00082145
   920       0.19038383       0.17307745       3.99772059
   921       0.17844140       0.18103907       4.01404638
   922       0.18216244       0.17855837       4.01094551
   923       0.18588348       0.17607768       4.00784465
   924       0.18960453       0.17359698       4.00474378
   925       0.19332557       0.17111629       4.00164291
   926       0.17167443       0.19388371       3.99835709
   927       0.17539547       0.19140302       3.99525622
   928       0.17911652       0.18892232       3.99215535
   929       0.18283756       0.18644163       3.98905449
   930       0.18655860       0.18396093       3.98595362
   931       0.17461617       0.19192255       4.00227941
   932       0.17833722       0.18944186       3.99917855
   933       0.18205826       0.18696116       3.99607768
   934       0.18577930       0.18448047       3.99297681
   935       0.18950034       0.18199977       3.98987594
   936       0.17755792       0.18996139       4.00620174
   937       0.18127896       0.18748069       4.00310087
   938       0.18500000       0.18500000       4.00000000
   939       0.18872104       0.18251931       3.99689913
   940       0.19244208       0.18003861       3.99379826
   941       0.18049966       0.18800023       4.01012406
   942       0.18422070       0.18551953       4.00702319
   943       0.18794174       0.18303884       4.00392232
   944       0.19166278       0.18055814       4.00082145
   945       0.19538383       0.17807745       3.99772059
   946       0.18344140       0.18603907       4.01404638
   947       0.18716244       0.18355837       4.01094551
   948       0.19088348       0.18107768       4.00784465
   949       0.19460453       0.17859698       4.00474378
   950       0.19832557       0.17611629       4.00164291
   951       0.17667443       0.19888371       3.99835709
   952       0.18039547       0.19640302       3.99525622
   953       0.18411652       0.19392232       3.99215535
   954       0.18783756       0.19144163       3.98905449
   955       0.19155860       0.18896093       3.98595362
   956       0.17961617       0.19692255       4.00227941
   957       0.18333722       0.19444186       3.99917855
   958       0.18705826       0.19196116       3.99607768
   959       0.19077930       0.18948047       3.99297681
   960       0.19450034       0.18699977       3.98987594
   961       0.18255792       0.19496139       4.00620174
   962       0.18627896       0.19248069       4.00310087
   963       0.19000000       0.19000000       4.00000000
   964       0.19372104       0.18751931       3.99689913
   965       0.19744208       0.18503861       3.99379826
   966       0.18549966       0.19300023       4.01012406
   967       0.18922070       0.19051953       4.00702319
   968       0.19294174       0.18803884       4.00392232
   969       0.19666278       0.18555814       4.00082145
   970       0.20038383       0.18307745       3.99772059
   971       0.18844140       0.19103907       4.01404638
   972       0.19216244       0.18855837       4.01094551
   973       0.19588348       0.18607768       4.00784465
   974       0.19960453       0.18359698       4.00474378
   975       0.20332557       0.18111629       4.00164291
   976       0.18167443       0.20388371       3.99835709
   977       0.18539547       0.20140302       3.99525622
   978       0.18911652       0.19892232       3.99215535
   979       0.19283756       0.19644163       3.98905449
   980       0.19655860       0.19396093       3.98595362
   981       0.18461617       0.20192255       4.00227941
   982       0.18833722       0.19944186       3.99917855
   983       0.19205826       0.19696116       3.99607768
   984       0.19577930       0.19448047       3.99297681
   985       0.19950034       0.19199977       3.98987594
   986       0.18755792       0.19996139       4.00620174
   987       0.19127896       0.19748069       4.00310087
   988       0.19500000       0.19500000       4.00000000
   989       0.19872104       0.19251931       3.99689913
   990       0.20244208       0.19003861       3.99379826
   991       0.19049966       0.19800023       4.01012406
   992       0.19422070       0.19551953       4.00702319
   993       0.19794174       0.19303884       4.00392232
   994       0.20166278       0.19055814       4.00082145
   995       0.20538383       0.18807745       3.99772059
   996       0.19344140       0.19603907       4.01404638
   997       0.19716244       0.19355837       4.01094551
   998       0.20088348       0.19107768       4.00784465
   999       0.20460453       0.18859698       4.00474378
  1000       0.20832557       0.18611629       4.00164291
  1001       0.18667443       0.20888371       3.99835709
  1002       0.19039547       0.20640302       3.99525622
  1003       0.19411652       0.20392232       3.99215535
  1004       0.19783756       0.20144163       3.98905449
  1005       0.20155860       0.19896093       3.98595362
  1006       0.18961617       0.20692255       4.00227941
  1007       0.19333722       0.20444186       3.99917855
  1008       0.19705826       0.20196116       3.99607768
  1009       0.20077930       0.19948047       3.99297681
  1010       0.20450034       0.19699977       3.98987594
  1011       0.19255792       0.20496139       4.00620174
  1012       0.19627896       0.20248069       4.00310087
  1013       0.20000000       0.20000000       4.00000000
  1014       0.20372104       0.19751931       3.99689913
  1015       0.20744208       0.19503861       3.99379826
  1016       0.19549966       0.20300023       4.01012406
  1017       0.19922070       0.20051953       4.00702319
  1018       0.20294174       0.19803884       4.00392232
  1019       0.20666278       0.19555814       4.00082145
  1020       0.21038383       0.19307745       3.99772059
  1021       0.19844140       0.20103907       4.01404638
  1022       0.20216244       0.19855837       4.01094551
  1023       0.20588348       0.19607768       4.00784465
  1024       0.20960453       0.19359698       4.00474378
  1025       0.21332557       0.19111629       4.00164291
  1026       0.19167443       0.21388371       3.99835709
  1027       0.19539547       0.21140302       3.99525622
  1028       0.19911652       0.20892232       3.99215535
  1029       0.20283756       0.20644163       3.98905449
  1030       0.20655860       0.20396093       3.98595362
  1031       0.19461617       0.21192255       4.00227941
  1032       0.19833722       0.20944186       3.99917855
  1033       0.20205826       0.20696116       3.99607768
  1034       0.20577930       0.20448047       3.99297681
  1035       0.20950034       0.20199977       3.98987594
  1036       0.19755792       0.20996139       4.00620174
  1037       0.20127896       0.20748069       4.00310087
  1038       0.20500000       0.20500000       4.00000000
  1039       0.20872104       0.20251931       3.99689913
  1040       0.21244208       0.20003861       3.99379826
  1041       0.20049966       0.20800023       4.01012406
  1042       0.20422070       0.20551953       4.00702319
  1043       0.20794174       0.20303884       4.00392232
  1044       0.21166278       0.20055814       4.00082145
  1045       0.21538383       0.19807745       3.99772059
  1046       0.20344140       0.20603907       4.01404638
  1047       0.20716244       0.20355837       4.01094551
  1048       0.21088348       0.20107768       4.00784465
  1049       0.21460453       0.19859698       4.00474378
  1050       0.21832557       0.19611629       4.00164291
  1051       0.19667443       0.21888371       3.99835709
  1052       0.20039547       0.21640302       3.99525622
  1053       0.20411652       0.21392232       3.99215535
  1054       0.20783756       0.21144163       3.98905449
  1055       0.21155860       0.20896093       3.98595362
  1056       0.19961617       0.21692255       4.00227941
  1057       0.20333722       0.21444186       3.99917855
  1058       0.20705826       0.21196116       3.99607768
  1059       0.21077930       0.20948047       3.99297681
  1060       0.21450034       0.20699977       3.98987594
  1061       0.20255792       0.21496139       4.00620174
  1062       0.20627896       0.21248069       4.00310087
  1063       0.21000000       0.21000000       4.00000000
  1064       0.21372104       0.20751931       3.99689913
  1065       0.21744208       0.20503861       3.99379826
  1066       0.20549966       0.21300023       4.01012406
  1067       0.20922070       0.21051953       4.00702319
  1068       0.21294174       0.20803884       4.00392232
  1069       0.21666278       0.20555814       4.00082145
  1070       0.22038383       0.20307745       3.99772059
  1071       0.20844140       0.21103907       4.01404638
  1072       0.21216244       0.20855837       4.01094551
  1073       0.21588348       0.20607768       4.00784465
  1074       0.21960453       0.20359698       4.00474378
  1075       0.22332557       0.20111629       4.00164291
  1076       0.20167443       0.22388371       3.99835709
  1077       0.20539547       0.22140302       3.99525622
  1078       0.20911652       0.21892232       3.99215535
  1079       0.21283756       0.21644163       3.98905449
  1080       0.21655860       0.21396093       3.98595362
  1081       0.20461617       0.22192255       4.00227941
  1082       0.20833722       0.21944186       3.99917855
  1083       0.21205826       0.21696116       3.99607768
  1084       0.21577930       0.21448047       3.99297681
  1085       0.21950034       0.21199977       3.98987594
  1086       0.20755792       0.21996139       4.00620174
  1087       0.21127896       0.21748069       4.00310087
  1088       0.21500000       0.21500000       4.00000000
  1089       0.21872104       0.21251931       3.99689913
  1090       0.22244208       0.21003861       3.99379826
  1091       0.21049966       0.21800023       4.01012406
  1092       0.21422070       0.21551953       4.00702319
  1093       0.21794174       0.21303884       4.00392232
  1094       0.22166278       0.21055814       4.00082145
  1095       0.22538383       0.20807745       3.99772059
  1096       0.21344140       0.21603907       4.01404638
  1097       0.21716244       0.21355837       4.01094551
  1098       0.22088348       0.21107768       4.00784465
  1099       0.22460453       0.20859698       4.00474378
  1100       0.22832557       0.20611629       4.00164291
  1101       0.20667443       0.22888371       3.99835709
  1102       0.21039547       0.22640302       3.99525622
  1103       0.21411652       0.22392232       3.99215535
  1104       0.21783756       0.22144163       3.98905449
  1105       0.22155860       0.21896093       3.98595362
  1106       0.20961617       0.22692255       4.00227941
  1107       0.21333722       0.22444186       3.99917855
  1108       0.21705826       0.22196116       3.99607768
  1109       0.22077930       0.21948047       3.99297681
  1110       0.22450034       0.21699977       3.98987594
  1111       0.21255792       0.22496139       4.00620174
  1112       0.21627896       0.22248069       4.00310087
  1113       0.22000000       0.22000000       4.00000000
  1114       0.22372104       0.21751931       3.99689913
  1115       0.22744208       0.21503861       3.99379826
  1116       0.21549966       0.22300023       4.01012406
  1117       0.21922070       0.22051953       4.00702319
  1118       0.22294174       0.21803884       4.00392232
  1119       0.22666278       0.21555814       4.00082145
  1120       0.23038383       0.21307745       3.99772059
  1121       0.21844140       0.22103907       4.01404638
  1122       0.22216244       0.21855837       4.01094551
  1123       0.22588348       0.21607768       4.00784465
  1124       0.22960453       0.21359698       4.00474378
  1125       0.23332557       0.21111629       4.00164291
  1126       0.21167443       0.23388371       3.99835709
  1127       0.21539547       0.23140302       3.99525622
  1128       0.21911652       0.22892232       3.99215535
  1129       0.22283756       0.22644163       3.98905449
  1130       0.22655860       0.22396093       3.98595362
  1131       0.21461617       0.23192255       4.00227941
  1132       0.21833722       0.22944186       3.99917855
  1133       0.22205826       0.22696116       3.99607768
  1134       0.22577930       0.22448047       3.99297681
  1135       0.22950034       0.22199977       3.98987594
  1136       0.21755792       0.22996139       4.00620174
  1137       0.22127896       0.22748069       4.00310087
  1138       0.22500000       0.22500000       4.00000000
  1139       0.22872104       0.22251931       3.99689913
  1140       0.23244208       0.22003861       3.99379826
  1141       0.22049966       0.22800023       4.01012406
  1142       0.22422070       0.22551953       4.00702319
  1143       0.22794174       0.22303884       4.00392232
  1144       0.23166278       0.22055814       4.00082145
  1145       0.23538383       0.21807745       3.99772059
  1146       0.22344140       0.22603907       4.01404638
  1147       0.22716244       0.22355837       4.01094551
  1148       0.23088348       0.22107768       4.00784465
  1149       0.23460453       0.21859698       4.00474378
  1150       0.23832557       0.21611629       4.00164291
  1151       0.21667443       0.23888371       3.99835709
  1152       0.22039547       0.23640302       3.99525622
  1153       0.22411652       0.23392232       3.99215535
  1154       0.22783756       0.23144163       3.98905449
  1155       0.23155860       0.22896093       3.98595362
  1156       0.21961617       0.23692255       4.00227941
  1157       0.22333722       0.23444186       3.99917855
  1158       0.22705826       0.23196116       3.99607768
  1159       0.23077930       0.22948047       3.99297681
  1160       0.23450034       0.22699977       3.98987594
  1161       0.22255792       0.23496139       4.00620174
  1162       0.22627896       0.23248069       4.00310087
  1163       0.23000000       0.23000000       4.00000000
  1164       0.23372104       0.22751931       3.99689913
  1165       0.23744208       0.22503861       3.99379826
  1166       0.22549966       0.23300023       4.01012406
  1167       0.22922070       0.23051953       4.00702319
  1168       0.23294174       0.22803884       4.00392232
  1169       0.23666278       0.22555814       4.00082145
  1170       0.24038383       0.22307745       3.99772059
  1171       0.22844140       0.23103907       4.01404638
  1172       0.23216244       0.22855837       4.01094551
  1173       0.23588348       0.22607768       4.00784465
  1174       0.23960453       0.22359698       4.00474378
  1175       0.24332557       0.22111629       4.00164291
  1176       0.22167443       0.24388371       3.99835709
  1177       0.22539547       0.24140302       3.99525622
  1178       0.22911652       0.23892232       3.99215535
  1179       0.23283756       0.23644163       3.98905449
  1180       0.23655860       0.23396093       3.98595362
  1181       0.22461617       0.24192255       4.00227941
  1182       0.22833722       0.23944186       3.99917855
  1183       0.23205826       0.23696116       3.99607768
  1184       0.23577930       0.23448047       3.99297681
  1185       0.23950034       0.23199977       3.98987594
  1186       0.22755792       0.23996139       4.00620174
  1187       0.23127896       0.23748069       4.00310087
  1188       0.23500000       0.23500000       4.00000000
  1189       0.23872104       0.23251931       3.99689913
  1190       0.24244208       0.23003861       3.99379826
  1191       0.23049966       0.23800023       4.01012406
  1192       0.23422070       0.23551953       4.00702319
  1193       0.23794174       0.23303884       4.00392232
  1194       0.24166278       0.23055814       4.00082145
  1195       0.24538383       0.22807745       3.99772059
  1196       0.23344140       0.23603907       4.01404638
  1197       0.23716244       0.23355837       4.01094551
  1198       0.24088348       0.23107768       4.00784465
  1199       0.24460453       0.22859698       4.00474378
  1200       0.24832557       0.22611629       4.00164291
  1201       0.22667443       0.24888371       3.99835709
  1202       0.23039547       0.24640302       3.99525622
  1203       0.23411652       0.24392232       3.99215535
  1204       0.23783756       0.24144163       3.98905449
  1205       0.24155860       0.23896093       3.98595362
  1206       0.22961617       0.24692255       4.00227941
  1207       0.23333722       0.24444186       3.99917855
  1208       0.23705826       0.24196116       3.99607768
  1209       0.24077930       0.23948047       3.99297681
  1210       0.24450034       0.23699977       3.98987594
  1211       0.23255792       0.24496139       4.00620174
  1212       0.23627896       0.24248069       4.00310087
  1213       0.24000000       0.24000000       4.00000000
  1214       0.24372104       0.23751931       3.99689913
  1215       0.24744208       0.23503861       3.99379826
  1216       0.23549966       0.24300023       4.01012406
  1217       0.23922070       0.24051953       4.00702319
  1218       0.24294174       0.23803884       4.00392232
  1219       0.24666278       0.23555814       4.00082145
  1220       0.25038383       0.23307745       3.99772059
  1221       0.23844140       0.24103907       4.01404638
  1222       0.24216244       0.23855837       4.01094551
  1223       0.24588348       0.23607768       4.00784465
  1224       0.24960453       0.23359698       4.00474378
  1225       0.25332557       0.23111629       4.00164291
  1226       0.23167443       0.25388371       3.99835709
  1227       0.23539547       0.25140302       3.99525622
  1228       0.23911652       0.24892232       3.99215535
  1229       0.24283756       0.24644163       3.98905449
  1230       0.24655860       0.24396093       3.98595362
  1231       0.23461617       0.25192255       4.00227941
  1232       0.23833722       0.24944186       3.99917855
  1233       0.24205826       0.24696116       3.99607768
  1234       0.24577930       0.24448047       3.99297681
  1235       0.24950034       0.24199977       3.98987594
  1236       0.23755792       0.24996139       4.00620174
  1237       0.24127896       0.24748069       4.00310087
  1238       0.24500000       0.24500000       4.00000000
  1239       0.24872104       0.24251931       3.99689913
  1240       0.25244208       0.24003861       3.99379826
  1241       0.24049966       0.24800023       4.01012406
  1242       0.24422070       0.24551953       4.00702319
  1243       0.24794174       0.24303884       4.00392232
  1244       0.25166278       0.24055814       4.00082145
  1245       0.25538383       0.23807745       3.99772059
  1246       0.24344140       0.24603907       4.01404638
  1247       0.24716244       0.24355837       4.01094551
  1248       0.25088348       0.24107768       4.00784465
  1249       0.25460453       0.23859698       4.00474378
  1250       0.25832557       0.23611629       4.00164291
  1251       0.23667443       0.25888371       3.99835709
  1252       0.24039547       0.25640302       3.99525622
  1253       0.24411652       0.25392232       3.99215535
  1254       0.24783756       0.25144163       3.98905449
  1255       0.25155860       0.24896093       3.98595362
  1256       0.23961617       0.25692255       4.00227941
  1257       0.24333722       0.25444186       3.99917855
  1258       0.24705826       0.25196116       3.99607768
  1259       0.25077930       0.24948047       3.99297681
  1260       0.25450034       0.24699977       3.98987594
  1261       0.24255792       0.25496139       4.00620174
  1262       0.24627896       0.25248069       4.00310087
  1263       0.25000000       0.25000000       4.00000000
  1264       0.25372104       0.24751931       3.99689913
  1265       0.25744208       0.24503861       3.99379826
  1266       0.24549966       0.25300023       4.01012406
  1267       0.24922070       0.25051953       4.00702319
  1268       0.25294174       0.24803884       4.00392232
  1269       0.25666278       0.24555814       4.00082145
  1270       0.26038383       0.24307745       3.99772059
  1271       0.24844140       0.25103907       4.01404638
  1272       0.25216244       0.24855837       4.01094551
  1273       0.25588348       0.24607768       4.00784465
  1274       0.25960453       0.24359698       4.00474378
  1275       0.26332557       0.24111629       4.00164291
  1276       0.24167443       0.26388371       3.99835709
  1277       0.24539547       0.26140302       3.99525622
  1278       0.24911652       0.25892232       3.99215535
  1279       0.25283756       0.25644163       3.98905449
  1280       0.25655860       0.25396093       3.98595362
  1281       0.24461617       0.26192255       4.00227941
  1282       0.24833722       0.25944186       3.99917855
  1283       0.25205826       0.25696116       3.99607768
  1284       0.25577930       0.25448047       3.99297681
  1285       0.25950034       0.25199977       3.98987594
  1286       0.24755792       0.25996139       4.00620174
  1287       0.25127896       0.25748069       4.00310087
  1288       0.25500000       0.25500000       4.00000000
  1289       0.25872104       0.25251931       3.99689913
  1290       0.26244208       0.25003861       3.99379826
  1291       0.25049966       0.25800023       4.01012406
  1292       0.25422070       0.25551953       4.00702319
  1293       0.25794174       0.25303884       4.00392232
  1294       0.26166278       0.25055814       4.00082145
  1295       0.26538383       0.24807745       3.99772059
  1296       0.25344140       0.25603907       4.01404638
  1297       0.25716244       0.25355837       4.01094551
  1298       0.26088348       0.25107768       4.00784465
  1299       0.26460453       0.24859698       4.00474378
  1300       0.26832557       0.24611629       4.00164291
  1301       0.24667443       0.26888371       3.99835709
  1302       0.25039547       0.26640302       3.99525622
  1303       0.25411652       0.26392232       3.99215535
  1304       0.25783756       0.26144163       3.98905449
  1305       0.26155860       0.25896093       3.98595362
  1306       0.24961617       0.26692255       4.00227941
  1307       0.25333722       0.26444186       3.99917855
  1308       0.25705826       0.26196116       3.99607768
  1309       0.26077930       0.25948047       3.99297681
  1310       0.26450034       0.25699977       3.98987594
  1311       0.25255792       0.26496139       4.00620174
  1312       0.25627896       0.26248069       4.00310087
  1313       0.26000000       0.26000000       4.00000000
  1314       0.26372104       0.25751931       3.99689913
  1315       0.26744208       0.25503861       3.99379826
  1316       0.25549966       0.26300023       4.01012406
  1317       0.25922070       0.26051953       4.00702319
  1318       0.26294174       0.25803884       4.00392232
  1319       0.26666278       0.25555814       4.00082145
  1320       0.27038383       0.25307745       3.99772059
  1321       0.25844140       0.26103907       4.01404638
  1322       0.26216244       0.25855837       4.01094551
  1323       0.26588348       0.25607768       4.00784465
  1324       0.26960453       0.25359698       4.00474378
  1325       0.27332557       0.25111629       4.00164291
  1326       0.25167443       0.27388371       3.99835709
  1327       0.25539547       0.27140302       3.99525622
  1328       0.25911652       0.26892232       3.99215535
  1329       0.26283756       0.26644163       3.98905449
  1330       0.26655860       0.26396093       3.98595362
  1331       0.25461617       0.27192255       4.00227941
  1332       0.25833722       0.26944186       3.99917855
  1333       0.26205826       0.26696116       3.99607768
  1334       0.26577930       0.26448047       3.99297681
  1335       0.26950034       0.26199977       3.98987594
  1336       0.25755792       0.26996139       4.00620174
  1337       0.26127896       0.26748069       4.00310087
  1338       0.26500000       0.26500000       4.00000000
  1339       0.26872104       0.26251931       3.99689913
  1340       0.27244208       0.26003861       3.99379826
  1341       0.26049966       0.26800023       4.01012406
  1342       0.26422070       0.26551953       4.00702319
  1343       0.26794174       0.26303884       4.00392232
  1344       0.27166278       0.26055814       4.00082145
  1345       0.27538383       0.25807745       3.99772059
  1346       0.26344140       0.26603907       4.01404638
  1347       0.26716244       0.26355837       4.01094551
  1348       0.27088348       0.26107768       4.00784465
  1349       0.27460453       0.25859698       4.00474378
  1350       0.27832557       0.25611629       4.00164291
  1351       0.25667443       0.27888371       3.99835709
  1352       0.26039547       0.27640302       3.99525622
  1353       0.26411652       0.27392232       3.99215535
  1354       0.26783756       0.27144163       3.98905449
  1355       0.27155860       0.26896093       3.98595362
  1356       0.25961617       0.27692255       4.00227941
  1357       0.26333722       0.27444186       3.99917855
  1358       0.26705826       0.27196116       3.99607768
  1359       0.27077930       0.26948047       3.99297681
  1360       0.27450034       0.26699977       3.98987594
  1361       0.26255792       0.27496139       4.00620174
  1362       0.26627896       0.27248069       4.00310087
  1363       0.27000000       0.27000000       4.00000000
  1364       0.27372104       0.26751931       3.99689913
  1365       0.27744208       0.26503861       3.99379826
  1366       0.26549966       0.27300023       4.01012406
  1367       0.26922070       0.27051953       4.00702319
  1368       0.27294174       0.26803884       4.00392232
  1369       0.27666278       0.26555814       4.00082145
  1370       0.28038383       0.26307745       3.99772059
  1371       0.26844140       0.27103907       4.01404638
  1372       0.27216244       0.26855837       4.01094551
  1373       0.27588348       0.26607768       4.00784465
  1374       0.27960453       0.26359698       4.00474378
  1375       0.28332557       0.26111629       4.00164291
  1376       0.26167443       0.28388371       3.99835709
  1377       0.26539547       0.28140302       3.99525622
  1378       0.26911652       0.27892232       3.99215535
  1379       0.27283756       0.27644163       3.98905449
  1380       0.27655860       0.27396093       3.98595362
  1381       0.26461617       0.28192255       4.00227941
  1382       0.26833722       0.27944186       3.99917855
  1383       0.27205826       0.27696116       3.99607768
  1384       0.27577930       0.27448047       3.99297681
  1385       0.27950034       0.27199977       3.98987594
  1386       0.26755792       0.27996139       4.00620174
  1387       0.27127896       0.27748069       4.00310087
  1388       0.27500000       0.27500000       4.00000000
  1389       0.27872104       0.27251931       3.99689913
  1390       0.28244208       0.27003861       3.99379826
  1391       0.27049966       0.27800023       4.01012406
  1392       0.27422070       0.27551953       4.00702319
  1393       0.27794174       0.27303884       4.00392232
  1394       0.28166278       0.27055814       4.00082145
  1395       0.28538383       0.26807745       3.99772059
  1396       0.27344140       0.27603907       4.01404638
  1397       0.27716244       0.27355837       4.01094551
  1398       0.28088348       0.27107768       4.00784465
  1399       0.28460453       0.26859698       4.00474378
  1400       0.28832557       0.26611629       4.00164291
  1401       0.26667443       0.28888371       3.99835709
  1402       0.27039547       0.28640302       3.99525622
  1403       0.27411652       0.28392232       3.99215535
  1404       0.27783756       0.28144163       3.98905449
  1405       0.28155860       0.27896093       3.98595362
  1406       0.26961617       0.28692255       4.00227941
  1407       0.27333722       0.28444186       3.99917855
  1408       0.27705826       0.28196116       3.99607768
  1409       0.28077930       0.27948047       3.99297681
  1410       0.28450034       0.27699977       3.98987594
  1411       0.27255792       0.28496139       4.00620174
  1412       0.27627896       0.28248069       4.00310087
  1413       0.28000000       0.28000000       4.00000000
  1414       0.28372104       0.27751931       3.99689913
  1415       0.28744208       0.27503861       3.99379826
  1416       0.27549966       0.28300023       4.01012406
  1417       0.27922070       0.28051953       4.00702319
  1418       0.28294174       0.27803884       4.00392232
  1419       0.28666278       0.27555814       4.00082145
  1420       0.29038383       0.27307745       3.99772059
  1421       0.27844140       0.28103907       4.01404638
  1422       0.28216244       0.27855837       4.01094551
  1423       0.28588348       0.27607768       4.00784465
  1424       0.28960453       0.27359698       4.00474378
  1425       0.29332557       0.27111629       4.00164291
  1426       0.27167443       0.29388371       3.99835709
  1427       0.27539547       0.29140302       3.99525622
  1428       0.27911652       0.28892232       3.99215535
  1429       0.28283756       0.28644163       3.98905449
  1430       0.28655860       0.28396093       3.98595362
  1431       0.27461617       0.29192255       4.00227941
  1432       0.27833722       0.28944186       3.99917855
  1433       0.28205826       0.28696116       3.99607768
  1434       0.28577930       0.28448047       3.99297681
  1435       0.28950034       0.28199977       3.98987594
  1436       0.27755792       0.28996139       4.00620174
  1437       0.28127896       0.28748069       4.00310087
  1438       0.28500000       0.28500000       4.00000000
  1439       0.28872104       0.28251931       3.99689913
  1440       0.29244208       0.28003861       3.99379826
  1441       0.28049966       0.28800023       4.01012406
  1442       0.28422070       0.28551953       4.00702319
  1443       0.28794174       0.28303884       4.00392232
  1444       0.29166278       0.28055814       4.00082145
  1445       0.29538383       0.27807745       3.99772059
  1446       0.28344140       0.28603907       4.01404638
  1447       0.28716244       0.28355837       4.01094551
  1448       0.29088348       0.28107768       4.00784465
  1449       0.29460453       0.27859698       4.00474378
  1450       0.29832557       0.27611629       4.00164291
  1451       0.27667443       0.29888371       3.99835709
  1452       0.28039547       0.29640302       3.99525622
  1453       0.28411652       0.29392232       3.99215535
  1454       0.28783756       0.29144163       3.98905449
  1455       0.29155860       0.28896093       3.98595362
  1456       0.27961617       0.29692255       4.00227941
  1457       0.28333722       0.29444186       3.99917855
  1458       0.28705826       0.29196116       3.99607768
  1459       0.29077930       0.28948047       3.99297681
  1460       0.29450034       0.28699977       3.98987594
  1461       0.28255792       0.29496139       4.00620174
  1462       0.28627896       0.29248069       4.00310087
  1463       0.29000000       0.29000000       4.00000000
  1464       0.29372104       0.28751931       3.99689913
  1465       0.29744208       0.28503861       3.99379826
  1466       0.28549966       0.29300023       4.01012406
  1467       0.28922070       0.29051953       4.00702319
  1468       0.29294174       0.28803884       4.00392232
  1469       0.29666278       0.28555814       4.00082145
  1470       0.30038383       0.28307745       3.99772059
  1471       0.28844140       0.29103907       4.01404638
  1472       0.29216244       0.28855837       4.01094551
  1473       0.29588348       0.28607768       4.00784465
  1474       0.29960453       0.28359698       4.00474378
  1475       0.30332557       0.28111629       4.00164291
  1476       0.28167443       0.30388371       3.99835709
  1477       0.28539547       0.30140302       3.99525622
  1478       0.28911652       0.29892232       3.99215535
  1479       0.29283756       0.29644163       3.98905449
  1480       0.29655860       0.29396093       3.98595362
  1481       0.28461617       0.30192255       4.00227941
  1482       0.28833722       0.29944186       3.99917855
  1483       0.29205826       0.29696116       3.99607768
  1484       0.29577930       0.29448047       3.99297681
  1485       0.29950034       0.29199977       3.98987594
  1486       0.28755792       0.29996139       4.00620174
  1487       0.29127896       0.29748069       4.00310087
  1488       0.29500000       0.29500000       4.00000000
  1489       0.29872104       0.29251931       3.99689913
  1490       0.30244208       0.29003861       3.99379826
  1491       0.29049966       0.29800023       4.01012406
  1492       0.29422070       0.29551953       4.00702319
  1493       0.29794174       0.29303884       4.00392232
  1494       0.30166278       0.29055814       4.00082145
  1495       0.30538383       0.28807745       3.99772059
  1496       0.29344140       0.29603907       4.01404638
  1497       0.29716244       0.29355837       4.01094551
  1498       0.30088348       0.29107768       4.00784465
  1499       0.30460453       0.28859698       4.00474378
  1500       0.30832557       0.28611629       4.00164291
  1501       0.28667443       0.30888371       3.99835709
  1502       0.29039547       0.30640302       3.99525622
  1503       0.29411652       0.30392232       3.99215535
  1504       0.29783756       0.30144163       3.98905449
  1505       0.30155860       0.29896093       3.98595362
  1506       0.28961617       0.30692255       4.00227941
  1507       0.29333722       0.30444186       3.99917855
  1508       0.29705826       0.30196116       3.99607768
  1509       0.30077930       0.29948047       3.99297681
  1510       0.30450034       0.29699977       3.98987594
  1511       0.29255792       0.30496139       4.00620174
  1512       0.29627896       0.30248069       4.00310087
  1513       0.30000000       0.30000000       4.00000000
  1514       0.30372104       0.29751931       3.99689913
  1515       0.30744208       0.29503861       3.99379826
  1516       0.29549966       0.30300023       4.01012406
  1517       0.29922070       0.30051953       4.00702319
  1518       0.30294174       0.29803884       4.00392232
  1519       0.30666278       0.29555814       4.00082145
  1520       0.31038383       0.29307745       3.99772059
  1521       0.29844140       0.30103907       4.01404638
  1522       0.30216244       0.29855837       4.01094551
  1523       0.30588348       0.29607768       4.00784465
  1524       0.30960453       0.29359698       4.00474378
  1525       0.31332557       0.29111629       4.00164291
  1526       0.29167443       0.31388371       3.99835709
  1527       0.29539547       0.31140302       3.99525622
  1528       0.29911652       0.30892232       3.99215535
  1529       0.30283756       0.30644163       3.98905449
  1530       0.30655860       0.30396093       3.98595362
  1531       0.29461617       0.31192255       4.00227941
  1532       0.29833722       0.30944186       3.99917855
  1533       0.30205826       0.30696116       3.99607768
  1534       0.30577930       0.30448047       3.99297681
  1535       0.30950034       0.30199977       3.98987594
  1536       0.29755792       0.30996139       4.00620174
  1537       0.30127896       0.30748069       4.00310087
  1538       0.30500000       0.30500000       4.00000000
  1539       0.30872104       0.30251931       3.99689913
  1540       0.31244208       0.30003861       3.99379826
  1541       0.30049966       0.30800023       4.01012406
  1542       0.30422070       0.30551953       4.00702319
  1543       0.30794174       0.30303884       4.00392232
  1544       0.31166278       0.30055814       4.00082145
  1545       0.31538383       0.29807745       3.99772059
  1546       0.30344140       0.30603907       4.01404638
  1547       0.30716244       0.30355837       4.01094551
  1548       0.31088348       0.30107768       4.00784465
  1549       0.31460453       0.29859698       4.00474378
  1550       0.31832557       0.29611629       4.00164291
  1551       0.29667443       0.31888371       3.99835709
  1552       0.30039547       0.31640302       3.99525622
  1553       0.30411652       0.31392232       3.99215535
  1554       0.30783756       0.31144163       3.98905449
  1555       0.31155860       0.30896093       3.98595362
  1556       0.29961617       0.31692255       4.00227941
  1557       0.30333722       0.31444186       3.99917855
  1558       0.30705826       0.31196116       3.99607768
  1559       0.31077930       0.30948047       3.99297681
  1560       0.31450034       0.30699977       3.98987594
  1561       0.30255792       0.31496139       4.00620174
  1562       0.30627896       0.31248069       4.00310087
  1563       0.31000000       0.31000000       4.00000000
  1564       0.31372104       0.30751931       3.99689913
  1565       0.31744208       0.30503861       3.99379826
  1566       0.30549966       0.31300023       4.01012406
  1567       0.30922070       0.31051953       4.00702319
  1568       0.31294174       0.30803884       4.00392232
  1569       0.31666278       0.30555814       4.00082145
  1570       0.32038383       0.30307745       3.99772059
  1571       0.30844140       0.31103907       4.01404638
  1572       0.31216244       0.30855837       4.01094551
  1573       0.31588348       0.30607768       4.00784465
  1574       0.31960453       0.30359698       4.00474378
  1575       0.32332557       0.30111629       4.00164291
  1576       0.30167443       0.32388371       3.99835709
  1577       0.30539547       0.32140302       3.99525622
  1578       0.30911652       0.31892232       3.99215535
  1579       0.31283756       0.31644163       3.98905449
  1580       0.31655860       0.31396093       3.98595362
  1581       0.30461617       0.32192255       4.00227941
  1582       0.30833722       0.31944186       3.99917855
  1583       0.31205826       0.31696116       3.99607768
  1584       0.31577930       0.31448047       3.99297681
  1585       0.31950034       0.31199977       3.98987594
  1586       0.30755792       0.31996139       4.00620174
  1587       0.31127896       0.31748069       4.00310087
  1588       0.31500000       0.31500000       4.00000000
  1589       0.31872104       0.31251931       3.99689913
  1590       0.32244208       0.31003861       3.99379826
  1591       0.31049966       0.31800023       4.01012406
  1592       0.31422070       0.31551953       4.00702319
  1593       0.31794174       0.31303884       4.00392232
  1594       0.32166278       0.31055814       4.00082145
  1595       0.32538383       0.30807745       3.99772059
  1596       0.31344140       0.31603907       4.01404638
  1597       0.31716244       0.31355837       4.01094551
  1598       0.32088348       0.31107768       4.00784465
  1599       0.32460453       0.30859698       4.00474378
  1600       0.32832557       0.30611629       4.00164291
  1601       0.30667443       0.32888371       3.99835709
  1602       0.31039547       0.32640302       3.99525622
  1603       0.31411652       0.32392232       3.99215535
  1604       0.31783756       0.32144163       3.98905449
  1605       0.32155860       0.31896093       3.98595362
  1606       0.30961617       0.32692255       4.00227941
  1607       0.31333722       0.32444186       3.99917855
  1608       0.31705826       0.32196116       3.99607768
  1609       0.32077930       0.31948047       3.99297681
  1610       0.32450034       0.31699977       3.98987594
  1611       0.31255792       0.32496139       4.00620174
  1612       0.31627896       0.32248069       4.00310087
  1613       0.32000000       0.32000000       4.00000000
  1614       0.32372104       0.31751931       3.99689913
  1615       0.32744208       0.31503861       3.99379826
  1616       0.31549966       0.32300023       4.01012406
  1617       0.31922070       0.32051953       4.00702319
  1618       0.32294174       0.31803884       4.00392232
  1619       0.32666278       0.31555814       4.00082145
  1620       0.33038383       0.31307745       3.99772059
  1621       0.31844140       0.32103907       4.01404638
  1622       0.32216244       0.31855837       4.01094551
  1623       0.32588348       0.31607768       4.00784465
  1624       0.32960453       0.31359698       4.00474378
  1625       0.33332557       0.31111629       4.00164291
  1626       0.31167443       0.33388371       3.99835709
  1627       0.31539547       0.33140302       3.99525622
  1628       0.31911652       0.32892232       3.99215535
  1629       0.32283756       0.32644163       3.98905449
  1630       0.32655860       0.32396093       3.98595362
  1631       0.31461617       0.33192255       4.00227941
  1632       0.31833722       0.32944186       3.99917855
  1633       0.32205826       0.32696116       3.99607768
  1634       0.32577930       0.32448047       3.99297681
  1635       0.32950034       0.32199977       3.98987594
  1636       0.31755792       0.32996139       4.00620174
  1637       0.32127896       0.32748069       4.00310087
  1638       0.32500000       0.32500000       4.00000000
  1639       0.32872104       0.32251931       3.99689913
  1640       0.33244208       0.32003861       3.99379826
  1641       0.32049966       0.32800023       4.01012406
  1642       0.32422070       0.32551953       4.00702319
  1643       0.32794174       0.32303884       4.00392232
  1644       0.33166278       0.32055814       4.00082145
  1645       0.33538383       0.31807745       3.99772059
  1646       0.32344140       0.32603907       4.01404638
  1647       0.32716244       0.32355837       4.01094551
  1648       0.33088348       0.32107768       4.00784465
  1649       0.33460453       0.31859698       4.00474378
  1650       0.33832557       0.31611629       4.00164291
  1651       0.31667443       0.33888371       3.99835709
  1652       0.32039547       0.33640302       3.99525622
  1653       0.32411652       0.33392232       3.99215535
  1654       0.32783756       0.33144163       3.98905449
  1655       0.33155860       0.32896093       3.98595362
  1656       0.31961617       0.33692255       4.00227941
  1657       0.32333722       0.33444186       3.99917855
  1658       0.32705826       0.33196116       3.99607768
  1659       0.33077930       0.32948047       3.99297681
  1660       0.33450034       0.32699977       3.98987594
  1661       0.32255792       0.33496139       4.00620174
  1662       0.32627896       0.33248069       4.00310087
  1663       0.33000000       0.33000000       4.00000000
  1664       0.33372104       0.32751931       3.99689913
  1665       0.33744208       0.32503861       3.99379826
  1666       0.32549966       0.33300023       4.01012406
  1667       0.32922070       0.33051953       4.00702319
  1668       0.33294174       0.32803884       4.00392232
  1669       0.33666278       0.32555814       4.00082145
  1670       0.34038383       0.32307745       3.99772059
  1671       0.32844140       0.33103907       4.01404638
  1672       0.33216244       0.32855837       4.01094551
  1673       0.33588348       0.32607768       4.00784465
  1674       0.33960453       0.32359698       4.00474378
  1675       0.34332557       0.32111629       4.00164291
  1676       0.32167443       0.34388371       3.99835709
  1677       0.32539547       0.34140302       3.99525622
  1678       0.32911652       0.33892232       3.99215535
  1679       0.33283756       0.33644163       3.98905449
  1680       0.33655860       0.33396093       3.98595362
  1681       0.32461617       0.34192255       4.00227941
  1682       0.32833722       0.33944186       3.99917855
  1683       0.33205826       0.33696116       3.99607768
  1684       0.33577930       0.33448047       3.99297681
  1685       0.33950034       0.33199977       3.98987594
  1686       0.32755792       0.33996139       4.00620174
  1687       0.33127896       0.33748069       4.00310087
  1688       0.33500000       0.33500000       4.00000000
  1689       0.33872104       0.33251931       3.99689913
  1690       0.34244208       0.33003861       3.99379826
  1691       0.33049966       0.33800023       4.01012406
  1692       0.33422070       0.33551953       4.00702319
  1693       0.33794174       0.33303884       4.00392232
  1694       0.34166278       0.33055814       4.00082145
  1695       0.34538383       0.32807745       3.99772059
  1696       0.33344140       0.33603907       4.01404638
  1697       0.33716244       0.33355837       4.01094551
  1698       0.34088348       0.33107768       4.00784465
  1699       0.34460453       0.32859698       4.00474378
  1700       0.34832557       0.32611629       4.00164291
  1701       0.32667443       0.34888371       3.99835709
  1702       0.33039547       0.34640302       3.99525622
  1703       0.33411652       0.34392232       3.99215535
  1704       0.33783756       0.34144163       3.98905449
  1705       0.34155860       0.33896093       3.98595362
  1706       0.32961617       0.34692255       4.00227941
  1707       0.33333722       0.34444186       3.99917855
  1708       0.33705826       0.34196116       3.99607768
  1709       0.34077930       0.33948047       3.99297681
  1710       0.34450034       0.33699977       3.98987594
  1711       0.33255792       0.34496139       4.00620174
  1712       0.33627896       0.34248069       4.00310087
  1713       0.34000000       0.34000000       4.00000000
  1714       0.34372104       0.33751931       3.99689913
  1715       0.34744208       0.33503861       3.99379826
  1716       0.33549966       0.34300023       4.01012406
  1717       0.33922070       0.34051953       4.00702319
  1718       0.34294174       0.33803884       4.00392232
  1719       0.34666278       0.33555814       4.00082145
  1720       0.35038383       0.33307745       3.99772059
  1721       0.33844140       0.34103907       4.01404638
  1722       0.34216244       0.33855837       4.01094551
  1723       0.34588348       0.33607768       4.00784465
  1724       0.34960453       0.33359698       4.00474378
  1725       0.35332557       0.33111629       4.00164291
  1726       0.33167443       0.35388371       3.99835709
  1727       0.33539547       0.35140302       3.99525622
  1728       0.33911652       0.34892232       3.99215535
  1729       0.34283756       0.34644163       3.98905449
  1730       0.34655860       0.34396093       3.98595362
  1731       0.33461617       0.35192255       4.00227941
  1732       0.33833722       0.34944186       3.99917855
  1733       0.34205826       0.34696116       3.99607768
  1734       0.34577930       0.34448047       3.99297681
  1735       0.34950034       0.34199977       3.98987594
  1736       0.33755792       0.34996139       4.00620174
  1737       0.34127896       0.34748069       4.00310087
  1738       0.34500000       0.34500000       4.00000000
  1739       0.34872104       0.34251931       3.99689913
  1740       0.35244208       0.34003861       3.99379826
  1741       0.34049966       0.34800023       4.01012406
  1742       0.34422070       0.34551953       4.00702319
  1743       0.34794174       0.34303884       4.00392232
  1744       0.35166278       0.34055814       4.00082145
  1745       0.35538383       0.33807745       3.99772059
  1746       0.34344140       0.34603907       4.01404638
  1747       0.34716244       0.34355837       4.01094551
  1748       0.35088348       0.34107768       4.00784465
  1749       0.35460453       0.33859698       4.00474378
  1750       0.35832557       0.33611629       4.00164291
  1751       0.33667443       0.35888371       3.99835709
  1752       0.34039547       0.35640302       3.99525622
  1753       0.34411652       0.35392232       3.99215535
  1754       0.34783756       0.35144163       3.98905449
  1755       0.35155860       0.34896093       3.98595362
  1756       0.33961617       0.35692255       4.00227941
  1757       0.34333722       0.35444186       3.99917855
  1758       0.34705826       0.35196116       3.99607768
  1759       0.35077930       0.34948047       3.99297681
  1760       0.35450034       0.34699977       3.98987594
  1761       0.34255792       0.35496139       4.00620174
  1762       0.34627896       0.35248069       4.00310087
  1763       0.35000000       0.35000000       4.00000000
  1764       0.35372104       0.34751931       3.99689913
  1765       0.35744208       0.34503861       3.99379826
  1766       0.34549966       0.35300023       4.01012406
  1767       0.34922070       0.35051953       4.00702319
  1768       0.35294174       0.34803884       4.00392232
  1769       0.35666278       0.34555814       4.00082145
  1770       0.36038383       0.34307745       3.99772059
  1771       0.34844140       0.35103907       4.01404638
  1772       0.35216244       0.34855837       4.01094551
  1773       0.35588348       0.34607768       4.00784465
  1774       0.35960453       0.34359698       4.00474378
  1775       0.36332557       0.34111629       4.00164291
  1776       0.34167443       0.36388371       3.99835709
  1777       0.34539547       0.36140302       3.99525622
  1778       0.34911652       0.35892232       3.99215535
  1779       0.35283756       0.35644163       3.98905449
  1780       0.35655860       0.35396093       3.98595362
  1781       0.34461617       0.36192255       4.00227941
  1782       0.34833722       0.35944186       3.99917855
  1783       0.35205826       0.35696116       3.99607768
  1784       0.35577930       0.35448047       3.99297681
  1785       0.35950034       0.35199977       3.98987594
  1786       0.34755792       0.35996139       4.00620174
  1787       0.35127896       0.35748069       4.00310087
  1788       0.35500000       0.35500000       4.00000000
  1789       0.35872104       0.35251931       3.99689913
  1790       0.36244208       0.35003861       3.99379826
  1791       0.35049966       0.35800023       4.01012406
  1792       0.35422070       0.35551953       4.00702319
  1793       0.35794174       0.35303884       4.00392232
  1794       0.36166278       0.35055814       4.00082145
  1795       0.36538383       0.34807745       3.99772059
  1796       0.35344140       0.35603907       4.01404638
  1797       0.35716244       0.35355837       4.01094551
  1798       0.36088348       0.35107768       4.00784465
  1799       0.36460453       0.34859698       4.00474378
  1800       0.36832557       0.34611629       4.00164291
  1801       0.34667443       0.36888371       3.99835709
  1802       0.35039547       0.36640302       3.99525622
  1803       0.35411652       0.36392232       3.99215535
  1804       0.35783756       0.36144163       3.98905449
  1805       0.36155860       0.35896093       3.98595362
  1806       0.34961617       0.36692255       4.00227941
  1807       0.35333722       0.36444186       3.99917855
  1808       0.35705826       0.36196116       3.99607768
  1809       0.36077930       0.35948047       3.99297681
  1810       0.36450034       0.35699977       3.98987594
  1811       0.35255792       0.36496139       4.00620174
  1812       0.35627896       0.36248069       4.00310087
  1813       0.36000000       0.36000000       4.00000000
  1814       0.36372104       0.35751931       3.99689913
  1815       0.36744208       0.35503861       3.99379826
  1816       0.35549966       0.36300023       4.01012406
  1817       0.35922070       0.36051953       4.00702319
  1818       0.36294174       0.35803884       4.00392232
  1819       0.36666278       0.35555814       4.00082145
  1820       0.37038383       0.35307745       3.99772059
  1821       0.35844140       0.36103907       4.01404638
  1822       0.36216244       0.35855837       4.01094551
  1823       0.36588348       0.35607768       4.00784465
  1824       0.36960453       0.35359698       4.00474378
  1825       0.37332557       0.35111629       4.00164291
  1826       0.35167443       0.37388371       3.99835709
  1827       0.35539547       0.37140302       3.99525622
  1828       0.35911652       0.36892232       3.99215535
  1829       0.36283756       0.36644163       3.98905449
  1830       0.36655860       0.36396093       3.98595362
  1831       0.35461617       0.37192255       4.00227941
  1832       0.35833722       0.36944186       3.99917855
  1833       0.36205826       0.36696116       3.99607768
  1834       0.36577930       0.36448047       3.99297681
  1835       0.36950034       0.36199977       3.98987594
  1836       0.35755792       0.36996139       4.00620174
  1837       0.36127896       0.36748069       4.00310087
  1838       0.36500000       0.36500000       4.00000000
  1839       0.36872104       0.36251931       3.99689913
  1840       0.37244208       0.36003861       3.99379826
  1841       0.36049966       0.36800023       4.01012406
  1842       0.36422070       0.36551953       4.00702319
  1843       0.36794174       0.36303884       4.00392232
  1844       0.37166278       0.36055814       4.00082145
  1845       0.37538383       0.35807745       3.99772059
  1846       0.36344140       0.36603907       4.01404638
  1847       0.36716244       0.36355837       4.01094551
  1848       0.37088348       0.36107768       4.00784465
  1849       0.37460453       0.35859698       4.00474378
  1850       0.37832557       0.35611629       4.00164291
  1851       0.35667443       0.37888371       3.99835709
  1852       0.36039547       0.37640302       3.99525622
  1853       0.36411652       0.37392232       3.99215535
  1854       0.36783756       0.37144163       3.98905449
  1855       0.37155860       0.36896093       3.98595362
  1856       0.35961617       0.37692255       4.00227941
  1857       0.36333722       0.37444186       3.99917855
  1858       0.36705826       0.37196116       3.99607768
  1859       0.37077930       0.36948047       3.99297681
  1860       0.37450034       0.36699977       3.98987594
  1861       0.36255792       0.37496139       4.00620174
  1862       0.36627896       0.37248069       4.00310087
  1863       0.37000000       0.37000000       4.00000000
  1864       0.37372104       0.36751931       3.99689913
  1865       0.37744208       0.36503861       3.99379826
  1866       0.36549966       0.37300023       4.01012406
  1867       0.36922070       0.37051953       4.00702319
  1868       0.37294174       0.36803884       4.00392232
  1869       0.37666278       0.36555814       4.00082145
  1870       0.38038383       0.36307745       3.99772059
  1871       0.36844140       0.37103907       4.01404638
  1872       0.37216244       0.36855837       4.01094551
  1873       0.37588348       0.36607768       4.00784465
  1874       0.37960453       0.36359698       4.00474378
  1875       0.38332557       0.36111629       4.00164291
  1876       0.36167443       0.38388371       3.99835709
  1877       0.36539547       0.38140302       3.99525622
  1878       0.36911652       0.37892232       3.99215535
  1879       0.37283756       0.37644163       3.98905449
  1880       0.37655860       0.37396093       3.98595362
  1881       0.36461617       0.38192255       4.00227941
  1882       0.36833722       0.37944186       3.99917855
  1883       0.37205826       0.37696116       3.99607768
  1884       0.37577930       0.37448047       3.99297681
  1885       0.37950034       0.37199977       3.98987594
  1886       0.36755792       0.37996139       4.00620174
  1887       0.37127896       0.37748069       4.00310087
  1888       0.37500000       0.37500000       4.00000000
  1889       0.37872104       0.37251931       3.99689913
  1890       0.38244208       0.37003861       3.99379826
  1891       0.37049966       0.37800023       4.01012406
  1892       0.37422070       0.37551953       4.00702319
  1893       0.37794174       0.37303884       4.00392232
  1894       0.38166278       0.37055814       4.00082145
  1895       0.38538383       0.36807745       3.99772059
  1896       0.37344140       0.37603907       4.01404638
  1897       0.37716244       0.37355837       4.01094551
  1898       0.38088348       0.37107768       4.00784465
  1899       0.38460453       0.36859698       4.00474378
  1900       0.38832557       0.36611629       4.00164291
  1901       0.36667443       0.38888371       3.99835709
  1902       0.37039547       0.38640302       3.99525622
  1903       0.37411652       0.38392232       3.99215535
  1904       0.37783756       0.38144163       3.98905449
  1905       0.38155860       0.37896093       3.98595362
  1906       0.36961617       0.38692255       4.00227941
  1907       0.37333722       0.38444186       3.99917855
  1908       0.37705826       0.38196116       3.99607768
  1909       0.38077930       0.37948047       3.99297681
  1910       0.38450034       0.37699977       3.98987594
  1911       0.37255792       0.38496139       4.00620174
  1912       0.37627896       0.38248069       4.00310087
  1913       0.38000000       0.38000000       4.00000000
  1914       0.38372104       0.37751931       3.99689913
  1915       0.38744208       0.37503861       3.99379826
  1916       0.37549966       0.38300023       4.01012406
  1917       0.37922070       0.38051953       4.00702319
  1918       0.38294174       0.37803884       4.00392232
  1919       0.38666278       0.37555814       4.00082145
  1920       0.39038383       0.37307745       3.99772059
  1921       0.37844140       0.38103907       4.01404638
  1922       0.38216244       0.37855837       4.01094551
  1923       0.38588348       0.37607768       4.00784465
  1924       0.38960453       0.37359698       4.00474378
  1925       0.39332557       0.37111629       4.00164291
  1926       0.37167443       0.39388371       3.99835709
  1927       0.37539547       0.39140302       3.99525622
  1928       0.37911652       0.38892232       3.99215535
  1929       0.38283756       0.38644163       3.98905449
  1930       0.38655860       0.38396093       3.98595362
  1931       0.37461617       0.39192255       4.00227941
  1932       0.37833722       0.38944186       3.99917855
  1933       0.38205826       0.38696116       3.99607768
  1934       0.38577930       0.38448047       3.99297681
  1935       0.38950034       0.38199977       3.98987594
  1936       0.37755792       0.38996139       4.00620174
  1937       0.38127896       0.38748069       4.00310087
  1938       0.38500000       0.38500000       4.00000000
  1939       0.38872104       0.38251931       3.99689913
  1940       0.39244208       0.38003861       3.99379826
  1941       0.38049966       0.38800023       4.01012406
  1942       0.38422070       0.38551953       4.00702319
  1943       0.38794174       0.38303884       4.00392232
  1944       0.39166278       0.38055814       4.00082145
  1945       0.39538383       0.37807745       3.99772059
  1946       0.38344140       0.38603907       4.01404638
  1947       0.38716244       0.38355837       4.01094551
  1948       0.39088348       0.38107768       4.00784465
  1949       0.39460453       0.37859698       4.00474378
  1950       0.39832557       0.37611629       4.00164291
  1951       0.37667443       0.39888371       3.99835709
  1952       0.38039547       0.39640302       3.99525622
  1953       0.38411652       0.39392232       3.99215535
  1954       0.38783756       0.39144163       3.98905449
  1955       0.39155860       0.38896093       3.98595362
  1956       0.37961617       0.39692255       4.00227941
  1957       0.38333722       0.39444186       3.99917855
  1958       0.38705826       0.39196116       3.99607768
  1959       0.39077930       0.38948047       3.99297681
  1960       0.39450034       0.38699977       3.98987594
  1961       0.38255792       0.39496139       4.00620174
  1962       0.38627896       0.39248069       4.00310087
  1963       0.39000000       0.39000000       4.00000000
  1964       0.39372104       0.38751931       3.99689913
  1965       0.39744208       0.38503861       3.99379826
  1966       0.38549966       0.39300023       4.01012406
  1967       0.38922070       0.39051953       4.00702319
  1968       0.39294174       0.38803884       4.00392232
  1969       0.39666278       0.38555814       4.00082145
  1970       0.40038383       0.38307745       3.99772059
  1971       0.38844140       0.39103907       4.01404638
  1972       0.39216244       0.38855837       4.01094551
  1973       0.39588348       0.38607768       4.00784465
  1974       0.39960453       0.38359698       4.00474378
  1975       0.40332557       0.38111629       4.00164291
  1976       0.38167443       0.40388371       3.99835709
  1977       0.38539547       0.40140302       3.99525622
  1978       0.38911652       0.39892232       3.99215535
  1979       0.39283756       0.39644163       3.98905449
  1980       0.39655860       0.39396093       3.98595362
  1981       0.38461617       0.40192255       4.00227941
  1982       0.38833722       0.39944186       3.99917855
  1983       0.39205826       0.39696116       3.99607768
  1984       0.39577930       0.39448047       3.99297681
  1985       0.39950034       0.39199977       3.98987594
  1986       0.38755792       0.39996139       4.00620174
  1987       0.39127896       0.39748069       4.00310087
  1988       0.39500000       0.39500000       4.00000000
  1989       0.39872104       0.39251931       3.99689913
  1990       0.40244208       0.39003861       3.99379826
  1991       0.39049966       0.39800023       4.01012406
  1992       0.39422070       0.39551953       4.00702319
  1993       0.39794174       0.39303884       4.00392232
  1994       0.40166278       0.39055814       4.00082145
  1995       0.40538383       0.38807745       3.99772059
  1996       0.39344140       0.39603907       4.01404638
  1997       0.39716244       0.39355837       4.01094551
  1998       0.40088348       0.39107768       4.00784465
  1999       0.40460453       0.38859698       4.00474378
  2000       0.40832557       0.38611629       4.00164291
  2001       0.38667443       0.40888371       3.99835709
  2002       0.39039547       0.40640302       3.99525622
  2003       0.39411652       0.40392232       3.99215535
  2004       0.39783756       0.40144163       3.98905449
  2005       0.40155860       0.39896093       3.98595362
  2006       0.38961617       0.40692255       4.00227941
  2007       0.39333722       0.40444186       3.99917855
  2008       0.39705826       0.40196116       3.99607768
  2009       0.40077930       0.39948047       3.99297681
  2010       0.40450034       0.39699977       3.98987594
  2011       0.39255792       0.40496139       4.00620174
  2012       0.39627896       0.40248069       4.00310087
  2013       0.40000000       0.40000000       4.00000000
  2014       0.40372104       0.39751931       3.99689913
  2015       0.40744208       0.39503861       3.99379826
  2016       0.39549966       0.40300023       4.01012406
  2017       0.39922070       0.40051953       4.00702319
  2018       0.40294174       0.39803884       4.00392232
  2019       0.40666278       0.39555814       4.00082145
  2020       0.41038383       0.39307745       3.99772059
  2021       0.39844140       0.40103907       4.01404638
  2022       0.40216244       0.39855837       4.01094551
  2023       0.40588348       0.39607768       4.00784465
  2024       0.40960453       0.39359698       4.00474378
  2025       0.41332557       0.39111629       4.00164291
  2026       0.39167443       0.41388371       3.99835709
  2027       0.39539547       0.41140302       3.99525622
  2028       0.39911652       0.40892232       3.99215535
  2029       0.40283756       0.40644163       3.98905449
  2030       0.40655860       0.40396093       3.98595362
  2031       0.39461617       0.41192255       4.00227941
  2032       0.39833722       0.40944186       3.99917855
  2033       0.40205826       0.40696116       3.99607768
  2034       0.40577930       0.40448047       3.99297681
  2035       0.40950034       0.40199977       3.98987594
  2036       0.39755792       0.40996139       4.00620174
  2037       0.40127896       0.40748069       4.00310087
  2038       0.40500000       0.40500000       4.00000000
  2039       0.40872104       0.40251931       3.99689913
  2040       0.41244208       0.40003861       3.99379826
  2041       0.40049966       0.40800023       4.01012406
  2042       0.40422070       0.40551953       4.00702319
  2043       0.40794174       0.40303884       4.00392232
  2044       0.41166278       0.40055814       4.00082145
  2045       0.41538383       0.39807745       3.99772059
  2046       0.40344140       0.40603907       4.01404638
  2047       0.40716244       0.40355837       4.01094551
  2048       0.41088348       0.40107768       4.00784465
  2049       0.41460453       0.39859698       4.00474378
  2050       0.41832557       0.39611629       4.00164291
  2051       0.39667443       0.41888371       3.99835709
  2052       0.40039547       0.41640302       3.99525622
  2053       0.40411652       0.41392232       3.99215535
  2054       0.40783756       0.41144163       3.98905449
  2055       0.41155860       0.40896093       3.98595362
  2056       0.39961617       0.41692255       4.00227941
  2057       0.40333722       0.41444186       3.99917855
  2058       0.40705826       0.41196116       3.99607768
  2059       0.41077930       0.40948047       3.99297681
  2060       0.41450034       0.40699977       3.98987594
  2061       0.40255792       0.41496139       4.00620174
  2062       0.40627896       0.41248069       4.00310087
  2063       0.41000000       0.41000000       4.00000000
  2064       0.41372104       0.40751931       3.99689913
  2065       0.41744208       0.40503861       3.99379826
  2066       0.40549966       0.41300023       4.01012406
  2067       0.40922070       0.41051953       4.00702319
  2068       0.41294174       0.40803884       4.00392232
  2069       0.41666278       0.40555814       4.00082145
  2070       0.42038383       0.40307745       3.99772059
  2071       0.40844140       0.41103907       4.01404638
  2072       0.41216244       0.40855837       4.01094551
  2073       0.41588348       0.40607768       4.00784465
  2074       0.41960453       0.40359698       4.00474378
  2075       0.42332557       0.40111629       4.00164291
  2076       0.40167443       0.42388371       3.99835709
  2077       0.40539547       0.42140302       3.99525622
  2078       0.40911652       0.41892232       3.99215535
  2079       0.41283756       0.41644163       3.98905449
  2080       0.41655860       0.41396093       3.98595362
  2081       0.40461617       0.42192255       4.00227941
  2082       0.40833722       0.41944186       3.99917855
  2083       0.41205826       0.41696116       3.99607768
  2084       0.41577930       0.41448047       3.99297681
  2085       0.41950034       0.41199977       3.98987594
  2086       0.40755792       0.41996139       4.00620174
  2087       0.41127896       0.41748069       4.00310087
  2088       0.41500000       0.41500000       4.00000000
  2089       0.41872104       0.41251931       3.99689913
  2090       0.42244208       0.41003861       3.99379826
  2091       0.41049966       0.41800023       4.01012406
  2092       0.41422070       0.41551953       4.00702319
  2093       0.41794174       0.41303884       4.00392232
  2094       0.42166278       0.41055814       4.00082145
  2095       0.42538383       0.40807745       3.99772059
  2096       0.41344140       0.41603907       4.01404638
  2097       0.41716244       0.41355837       4.01094551
  2098       0.42088348       0.41107768       4.00784465
  2099       0.42460453       0.40859698       4.00474378
  2100       0.42832557       0.40611629       4.00164291
  2101       0.40667443       0.42888371       3.99835709
  2102       0.41039547       0.42640302       3.99525622
  2103       0.41411652       0.42392232       3.99215535
  2104       0.41783756       0.42144163       3.98905449
  2105       0.42155860       0.41896093       3.98595362
  2106       0.40961617       0.42692255       4.00227941
  2107       0.41333722       0.42444186       3.99917855
  2108       0.41705826       0.42196116       3.99607768
  2109       0.42077930       0.41948047       3.99297681
  2110       0.42450034       0.41699977       3.98987594
  2111       0.41255792       0.42496139       4.00620174
  2112       0.41627896       0.42248069       4.00310087
  2113       0.42000000       0.42000000       4.00000000
  2114       0.42372104       0.41751931       3.99689913
  2115       0.42744208       0.41503861       3.99379826
  2116       0.41549966       0.42300023       4.01012406
  2117       0.41922070       0.42051953       4.00702319
  2118       0.42294174       0.41803884       4.00392232
  2119       0.42666278       0.41555814       4.00082145
  2120       0.43038383       0.41307745       3.99772059
  2121       0.41844140       0.42103907       4.01404638
  2122       0.42216244       0.41855837       4.01094551
  2123       0.42588348       0.41607768       4.00784465
  2124       0.42960453       0.41359698       4.00474378
  2125       0.43332557       0.41111629       4.00164291
  2126       0.41167443       0.43388371       3.99835709
  2127       0.41539547       0.43140302       3.99525622
  2128       0.41911652       0.42892232       3.99215535
  2129       0.42283756       0.42644163       3.98905449
  2130       0.42655860       0.42396093       3.98595362
  2131       0.41461617       0.43192255       4.00227941
  2132       0.41833722       0.42944186       3.99917855
  2133       0.42205826       0.42696116       3.99607768
  2134       0.42577930       0.42448047       3.99297681
  2135       0.42950034       0.42199977       3.98987594
  2136       0.41755792       0.42996139       4.00620174
  2137       0.42127896       0.42748069       4.00310087
  2138       0.42500000       0.42500000       4.00000000
  2139       0.42872104       0.42251931       3.99689913
  2140       0.43244208       0.42003861       3.99379826
  2141       0.42049966       0.42800023       4.01012406
  2142       0.42422070       0.42551953       4.00702319
  2143       0.42794174       0.42303884       4.00392232
  2144       0.43166278       0.42055814       4.00082145
  2145       0.43538383       0.41807745       3.99772059
  2146       0.42344140       0.42603907       4.01404638
  2147       0.42716244       0.42355837       4.01094551
  2148       0.43088348       0.42107768       4.00784465
  2149       0.43460453       0.41859698       4.00474378
  2150       0.43832557       0.41611629       4.00164291
  2151       0.41667443       0.43888371       3.99835709
  2152       0.42039547       0.43640302       3.99525622
  2153       0.42411652       0.43392232       3.99215535
  2154       0.42783756       0.43144163       3.98905449
  2155       0.43155860       0.42896093       3.98595362
  2156       0.41961617       0.43692255       4.00227941
  2157       0.42333722       0.43444186       3.99917855
  2158       0.42705826       0.43196116       3.99607768
  2159       0.43077930       0.42948047       3.99297681
  2160       0.43450034       0.42699977       3.98987594
  2161       0.42255792       0.43496139       4.00620174
  2162       0.42627896       0.43248069       4.00310087
  2163       0.43000000       0.43000000       4.00000000
  2164       0.43372104       0.42751931       3.99689913
  2165       0.43744208       0.42503861       3.99379826
  2166       0.42549966       0.43300023       4.01012406
  2167       0.42922070       0.43051953       4.00702319
  2168       0.43294174       0.42803884       4.00392232
  2169       0.43666278       0.42555814       4.00082145
  2170       0.44038383       0.42307745       3.99772059
  2171       0.42844140       0.43103907       4.01404638
  2172       0.43216244       0.42855837       4.01094551
  2173       0.43588348       0.42607768       4.00784465
  2174       0.43960453       0.42359698       4.00474378
  2175       0.44332557       0.42111629       4.00164291
  2176       0.42167443       0.44388371       3.99835709
  2177       0.42539547       0.44140302       3.99525622
  2178       0.42911652       0.43892232       3.99215535
  2179       0.43283756       0.43644163       3.98905449
  2180       0.43655860       0.43396093       3.98595362
  2181       0.42461617       0.44192255       4.00227941
  2182       0.42833722       0.43944186       3.99917855
  2183       0.43205826       0.43696116       3.99607768
  2184       0.43577930       0.43448047       3.99297681
  2185       0.43950034       0.43199977       3.98987594
  2186       0.42755792       0.43996139       4.00620174
  2187       0.43127896       0.43748069       4.00310087
  2188       0.43500000       0.43500000       4.00000000
  2189       0.43872104       0.43251931       3.99689913
  2190       0.44244208       0.43003861       3.99379826
  2191       0.43049966       0.43800023       4.01012406
  2192       0.43422070       0.43551953       4.00702319
  2193       0.43794174       0.43303884       4.00392232
  2194       0.44166278       0.43055814       4.00082145
  2195       0.44538383       0.42807745       3.99772059
  2196       0.43344140       0.43603907       4.01404638
  2197       0.43716244       0.43355837       4.01094551
  2198       0.44088348       0.43107768       4.00784465
  2199       0.44460453       0.42859698       4.00474378
  2200       0.44832557       0.42611629       4.00164291
  2201       0.42667443       0.44888371       3.99835709
  2202       0.43039547       0.44640302       3.99525622
  2203       0.43411652       0.44392232       3.99215535
  2204       0.43783756       0.44144163       3.98905449
  2205       0.44155860       0.43896093       3.98595362
  2206       0.42961617       0.44692255       4.00227941
  2207       0.43333722       0.44444186       3.99917855
  2208       0.43705826       0.44196116       3.99607768
  2209       0.44077930       0.43948047       3.99297681
  2210       0.44450034       0.43699977       3.98987594
  2211       0.43255792       0.44496139       4.00620174
  2212       0.43627896       0.44248069       4.00310087
  2213       0.44000000       0.44000000       4.00000000
  2214       0.44372104       0.43751931       3.99689913
  2215       0.44744208       0.43503861       3.99379826
  2216       0.43549966       0.44300023       4.01012406
  2217       0.43922070       0.44051953       4.00702319
  2218       0.44294174       0.43803884       4.00392232
  2219       0.44666278       0.43555814       4.00082145
  2220       0.45038383       0.43307745       3.99772059
  2221       0.43844140       0.44103907       4.01404638
  2222       0.44216244       0.43855837       4.01094551
  2223       0.44588348       0.43607768       4.00784465
  2224       0.44960453       0.43359698       4.00474378
  2225       0.45332557       0.43111629       4.00164291
  2226       0.43167443       0.45388371       3.99835709
  2227       0.43539547       0.45140302       3.99525622
  2228       0.43911652       0.44892232       3.99215535
  2229       0.44283756       0.44644163       3.98905449
  2230       0.44655860       0.44396093       3.98595362
  2231       0.43461617       0.45192255       4.00227941
  2232       0.43833722       0.44944186       3.99917855
  2233       0.44205826       0.44696116       3.99607768
  2234       0.44577930       0.44448047       3.99297681
  2235       0.44950034       0.44199977       3.98987594
  2236       0.43755792       0.44996139       4.00620174
  2237       0.44127896       0.44748069       4.00310087
  2238       0.44500000       0.44500000       4.00000000
  2239       0.44872104       0.44251931       3.99689913
  2240       0.45244208       0.44003861       3.99379826
  2241       0.44049966       0.44800023       4.01012406
  2242       0.44422070       0.44551953       4.00702319
  2243       0.44794174       0.44303884       4.00392232
  2244       0.45166278       0.44055814       4.00082145
  2245       0.45538383       0.43807745       3.99772059
  2246       0.44344140       0.44603907       4.01404638
  2247       0.44716244       0.44355837       4.01094551
  2248       0.45088348       0.44107768       4.00784465
  2249       0.45460453       0.43859698       4.00474378
  2250       0.45832557       0.43611629       4.00164291
  2251       0.43667443       0.45888371       3.99835709
  2252       0.44039547       0.45640302       3.99525622
  2253       0.44411652       0.45392232       3.99215535
  2254       0.44783756       0.45144163       3.98905449
  2255       0.45155860       0.44896093       3.98595362
  2256       0.43961617       0.45692255       4.00227941
  2257       0.44333722       0.45444186       3.99917855
  2258       0.44705826       0.45196116       3.99607768
  2259       0.45077930       0.44948047       3.99297681
  2260       0.45450034       0.44699977       3.98987594
  2261       0.44255792       0.45496139       4.00620174
  2262       0.44627896       0.45248069       4.00310087
  2263       0.45000000       0.45000000       4.00000000
  2264       0.45372104       0.44751931       3.99689913
  2265       0.45744208       0.44503861       3.99379826
  2266       0.44549966       0.45300023       4.01012406
  2267       0.44922070       0.45051953       4.00702319
  2268       0.45294174       0.44803884       4.00392232
  2269       0.45666278       0.44555814       4.00082145
  2270       0.46038383       0.44307745       3.99772059
  2271       0.44844140       0.45103907       4.01404638
  2272       0.45216244       0.44855837       4.01094551
  2273       0.45588348       0.44607768       4.00784465
  2274       0.45960453       0.44359698       4.00474378
  2275       0.46332557       0.44111629       4.00164291
  2276       0.44167443       0.46388371       3.99835709
  2277       0.44539547       0.46140302       3.99525622
  2278       0.44911652       0.45892232       3.99215535
  2279       0.45283756       0.45644163       3.98905449
  2280       0.45655860       0.45396093       3.98595362
  2281       0.44461617       0.46192255       4.00227941
  2282       0.44833722       0.45944186       3.99917855
  2283       0.45205826       0.45696116       3.99607768
  2284       0.45577930       0.45448047       3.99297681
  2285       0.45950034       0.45199977       3.98987594
  2286       0.44755792       0.45996139       4.00620174
  2287       0.45127896       0.45748069       4.00310087
  2288       0.45500000       0.45500000       4.00000000
  2289       0.45872104       0.45251931       3.99689913
  2290       0.46244208       0.45003861       3.99379826
  2291       0.45049966       0.45800023       4.01012406
  2292       0.45422070       0.45551953       4.00702319
  2293       0.45794174       0.45303884       4.00392232
  2294       0.46166278       0.45055814       4.00082145
  2295       0.46538383       0.44807745       3.99772059
  2296       0.45344140       0.45603907       4.01404638
  2297       0.45716244       0.45355837       4.01094551
  2298       0.46088348       0.45107768       4.00784465
  2299       0.46460453       0.44859698       4.00474378
  2300       0.46832557       0.44611629       4.00164291
  2301       0.44667443       0.46888371       3.99835709
  2302       0.45039547       0.46640302       3.99525622
  2303       0.45411652       0.46392232       3.99215535
  2304       0.45783756       0.46144163       3.98905449
  2305       0.46155860       0.45896093       3.98595362
  2306       0.44961617       0.46692255       4.00227941
  2307       0.45333722       0.46444186       3.99917855
  2308       0.45705826       0.46196116       3.99607768
  2309       0.46077930       0.45948047       3.99297681
  2310       0.46450034       0.45699977       3.98987594
  2311       0.45255792       0.46496139       4.00620174
  2312       0.45627896       0.46248069       4.00310087
  2313       0.46000000       0.46000000       4.00000000
  2314       0.46372104       0.45751931       3.99689913
  2315       0.46744208       0.45503861       3.99379826
  2316       0.45549966       0.46300023       4.01012406
  2317       0.45922070       0.46051953       4.00702319
  2318       0.46294174       0.45803884       4.00392232
  2319       0.46666278       0.45555814       4.00082145
  2320       0.47038383       0.45307745       3.99772059
  2321       0.45844140       0.46103907       4.01404638
  2322       0.46216244       0.45855837       4.01094551
  2323       0.46588348       0.45607768       4.00784465
  2324       0.46960453       0.45359698       4.00474378
  2325       0.47332557       0.45111629       4.00164291
  2326       0.45167443       0.47388371       3.99835709
  2327       0.45539547       0.47140302       3.99525622
  2328       0.45911652       0.46892232       3.99215535
  2329       0.46283756       0.46644163       3.98905449
  2330       0.46655860       0.46396093       3.98595362
  2331       0.45461617       0.47192255       4.00227941
  2332       0.45833722       0.46944186       3.99917855
  2333       0.46205826       0.46696116       3.99607768
  2334       0.46577930       0.46448047       3.99297681
  2335       0.46950034       0.46199977       3.98987594
  2336       0.45755792       0.46996139       4.00620174
  2337       0.46127896       0.46748069       4.00310087
  2338       0.46500000       0.46500000       4.00000000
  2339       0.46872104       0.46251931       3.99689913
  2340       0.47244208       0.46003861       3.99379826
  2341       0.46049966       0.46800023       4.01012406
  2342       0.46422070       0.46551953       4.00702319
  2343       0.46794174       0.46303884       4.00392232
  2344       0.47166278       0.46055814       4.00082145
  2345       0.47538383       0.45807745       3.99772059
  2346       0.46344140       0.46603907       4.01404638
  2347       0.46716244       0.46355837       4.01094551
  2348       0.47088348       0.46107768       4.00784465
  2349       0.47460453       0.45859698       4.00474378
  2350       0.47832557       0.45611629       4.00164291
  2351       0.45667443       0.47888371       3.99835709
  2352       0.46039547       0.47640302       3.99525622
  2353       0.46411652       0.47392232       3.99215535
  2354       0.46783756       0.47144163       3.98905449
  2355       0.47155860       0.46896093       3.98595362
  2356       0.45961617       0.47692255       4.00227941
  2357       0.46333722       0.47444186       3.99917855
  2358       0.46705826       0.47196116       3.99607768
  2359       0.47077930       0.46948047       3.99297681
  2360       0.47450034       0.46699977       3.98987594
  2361       0.46255792       0.47496139       4.00620174
  2362       0.46627896       0.47248069       4.00310087
  2363       0.47000000       0.47000000       4.00000000
  2364       0.47372104       0.46751931       3.99689913
  2365       0.47744208       0.46503861       3.99379826
  2366       0.46549966       0.47300023       4.01012406
  2367       0.46922070       0.47051953       4.00702319
  2368       0.47294174       0.46803884       4.00392232
  2369       0.47666278       0.46555814       4.00082145
  2370       0.48038383       0.46307745       3.99772059
  2371       0.46844140       0.47103907       4.01404638
  2372       0.47216244       0.46855837       4.01094551
  2373       0.47588348       0.46607768       4.00784465
  2374       0.47960453       0.46359698       4.00474378
  2375       0.48332557       0.46111629       4.00164291
  2376       0.46167443       0.48388371       3.99835709
  2377       0.46539547       0.48140302       3.99525622
  2378       0.46911652       0.47892232       3.99215535
  2379       0.47283756       0.47644163       3.98905449
  2380       0.47655860       0.47396093       3.98595362
  2381       0.46461617       0.48192255       4.00227941
  2382       0.46833722       0.47944186       3.99917855
  2383       0.47205826       0.47696116       3.99607768
  2384       0.47577930       0.47448047       3.99297681
  2385       0.47950034       0.47199977       3.98987594
  2386       0.46755792       0.47996139       4.00620174
  2387       0.47127896       0.47748069       4.00310087
  2388       0.47500000       0.47500000       4.00000000
  2389       0.47872104       0.47251931       3.99689913
  2390       0.48244208       0.47003861       3.99379826
  2391       0.47049966       0.47800023       4.01012406
  2392       0.47422070       0.47551953       4.00702319
  2393       0.47794174       0.47303884       4.00392232
  2394       0.48166278       0.47055814       4.00082145
  2395       0.48538383       0.46807745       3.99772059
  2396       0.47344140       0.47603907       4.01404638
  2397       0.47716244       0.47355837       4.01094551
  2398       0.48088348       0.47107768       4.00784465
  2399       0.48460453       0.46859698       4.00474378
  2400       0.48832557       0.46611629       4.00164291
  2401       0.46667443       0.48888371       3.99835709
  2402       0.47039547       0.48640302       3.99525622
  2403       0.47411652       0.48392232       3.99215535
  2404       0.47783756       0.48144163       3.98905449
  2405       0.48155860       0.47896093       3.98595362
  2406       0.46961617       0.48692255       4.00227941
  2407       0.47333722       0.48444186       3.99917855
  2408       0.47705826       0.48196116       3.99607768
  2409       0.48077930       0.47948047       3.99297681
  2410       0.48450034       0.47699977       3.98987594
  2411       0.47255792       0.48496139       4.00620174
  2412       0.47627896       0.48248069       4.00310087
  2413       0.48000000       0.48000000       4.00000000
  2414       0.48372104       0.47751931       3.99689913
  2415       0.48744208       0.47503861       3.99379826
  2416       0.47549966       0.48300023       4.01012406
  2417       0.47922070       0.48051953       4.00702319
  2418       0.48294174       0.47803884       4.00392232
  2419       0.48666278       0.47555814       4.00082145
  2420       0.49038383       0.47307745       3.99772059
  2421       0.47844140       0.48103907       4.01404638
  2422       0.48216244       0.47855837       4.01094551
  2423       0.48588348       0.47607768       4.00784465
  2424       0.48960453       0.47359698       4.00474378
  2425       0.49332557       0.47111629       4.00164291
  2426       0.47167443       0.49388371       3.99835709
  2427       0.47539547       0.49140302       3.99525622
  2428       0.47911652       0.48892232       3.99215535
  2429       0.48283756       0.48644163       3.98905449
  2430       0.48655860       0.48396093       3.98595362
  2431       0.47461617       0.49192255       4.00227941
  2432       0.47833722       0.48944186       3.99917855
  2433       0.48205826       0.48696116       3.99607768
  2434       0.48577930       0.48448047       3.99297681
  2435       0.48950034       0.48199977       3.98987594
  2436       0.47755792       0.48996139       4.00620174
  2437       0.48127896       0.48748069       4.00310087
  2438       0.48500000       0.48500000       4.00000000
  2439       0.48872104       0.48251931       3.99689913
  2440       0.49244208       0.48003861       3.99379826
  2441       0.48049966       0.48800023       4.01012406
  2442       0.48422070       0.48551953       4.00702319
  2443       0.48794174       0.48303884       4.00392232
  2444       0.49166278       0.48055814       4.00082145
  2445       0.49538383       0.47807745       3.99772059
  2446       0.48344140       0.48603907       4.01404638
  2447       0.48716244       0.48355837       4.01094551
  2448       0.49088348       0.48107768       4.00784465
  2449       0.49460453       0.47859698       4.00474378
  2450       0.49832557       0.47611629       4.00164291
  2451       0.47667443       0.49888371       3.99835709
  2452       0.48039547       0.49640302       3.99525622
  2453       0.48411652       0.49392232       3.99215535
  2454       0.48783756       0.49144163       3.98905449
  2455       0.49155860       0.48896093       3.98595362
  2456       0.47961617       0.49692255       4.00227941
  2457       0.48333722       0.49444186       3.99917855
  2458       0.48705826       0.49196116       3.99607768
  2459       0.49077930       0.48948047       3.99297681
  2460       0.49450034       0.48699977       3.98987594
  2461       0.48255792       0.49496139       4.00620174
  2462       0.48627896       0.49248069       4.00310087
  2463       0.49000000       0.49000000       4.00000000
  2464       0.49372104       0.48751931       3.99689913
  2465       0.49744208       0.48503861       3.99379826
  2466       0.48549966       0.49300023       4.01012406
  2467       0.48922070       0.49051953       4.00702319
  2468       0.49294174       0.48803884       4.00392232
  2469       0.49666278       0.48555814       4.00082145
  2470       0.50038383       0.48307745       3.99772059
  2471       0.48844140       0.49103907       4.01404638
  2472       0.49216244       0.48855837       4.01094551
  2473       0.49588348       0.48607768       4.00784465
  2474       0.49960453       0.48359698       4.00474378
  2475       0.50332557       0.48111629       4.00164291
  2476       0.48167443       0.50388371       3.99835709
  2477       0.48539547       0.50140302       3.99525622
  2478       0.48911652       0.49892232       3.99215535
  2479       0.49283756       0.49644163       3.98905449
  2480       0.49655860       0.49396093       3.98595362
  2481       0.48461617       0.50192255       4.00227941
  2482       0.48833722       0.49944186       3.99917855
  2483       0.49205826       0.49696116       3.99607768
  2484       0.49577930       0.49448047       3.99297681
  2485       0.49950034       0.49199977       3.98987594
  2486       0.48755792       0.49996139       4.00620174
  2487       0.49127896       0.49748069       4.00310087
  2488       0.49500000       0.49500000       4.00000000
  2489       0.49872104       0.49251931       3.99689913
  2490       0.50244208       0.49003861       3.99379826
  2491       0.49049966       0.49800023       4.01012406
  2492       0.49422070       0.49551953       4.00702319
  2493       0.49794174       0.49303884       4.00392232
  2494       0.50166278       0.49055814       4.00082145
  2495       0.50538383       0.48807745       3.99772059
  2496       0.49344140       0.49603907       4.01404638
  2497       0.49716244       0.49355837       4.01094551
  2498       0.50088348       0.49107768       4.00784465
  2499       0.50460453       0.48859698       4.00474378
  2500       0.50832557       0.48611629       4.00164291
  2501       0.48667443       0.50888371       3.99835709
  2502       0.49039547       0.50640302       3.99525622
  2503       0.49411652       0.50392232       3.99215535
  2504       0.49783756       0.50144163       3.98905449
  2505       0.50155860       0.49896093       3.98595362
  2506       0.48961617       0.50692255       4.00227941
  2507       0.49333722       0.50444186       3.99917855
  2508       0.49705826       0.50196116       3.99607768
  2509       0.50077930       0.49948047       3.99297681
  2510       0.50450034       0.49699977       3.98987594
  2511       0.49255792       0.50496139       4.00620174
  2512       0.49627896       0.50248069       4.00310087
  2513       0.50000000       0.50000000       4.00000000
  2514       0.50372104       0.49751931       3.99689913
  2515       0.50744208       0.49503861       3.99379826
  2516       0.49549966       0.50300023       4.01012406
  2517       0.49922070       0.50051953       4.00702319
  2518       0.50294174       0.49803884       4.00392232
  2519       0.50666278       0.49555814       4.00082145
  2520       0.51038383       0.49307745       3.99772059
  2521       0.49844140       0.50103907       4.01404638
  2522       0.50216244       0.49855837       4.01094551
  2523       0.50588348       0.49607768       4.00784465
  2524       0.50960453       0.49359698       4.00474378
  2525       0.51332557       0.49111629       4.00164291
  2526       0.49167443       0.51388371       3.99835709
  2527       0.49539547       0.51140302       3.99525622
  2528       0.49911652       0.50892232       3.99215535
  2529       0.50283756       0.50644163       3.98905449
  2530       0.50655860       0.50396093       3.98595362
  2531       0.49461617       0.51192255       4.00227941
  2532       0.49833722       0.50944186       3.99917855
  2533       0.50205826       0.50696116       3.99607768
  2534       0.50577930       0.50448047       3.99297681
  2535       0.50950034       0.50199977       3.98987594
  2536       0.49755792       0.50996139       4.00620174
  2537       0.50127896       0.50748069       4.00310087
  2538       0.50500000       0.50500000       4.00000000
  2539       0.50872104       0.50251931       3.99689913
  2540       0.51244208       0.50003861       3.99379826
  2541       0.50049966       0.50800023       4.01012406
  2542       0.50422070       0.50551953       4.00702319
  2543       0.50794174       0.50303884       4.00392232
  2544       0.51166278       0.50055814       4.00082145
  2545       0.51538383       0.49807745       3.99772059
  2546       0.50344140       0.50603907       4.01404638
  2547       0.50716244       0.50355837       4.01094551
  2548       0.51088348       0.50107768       4.00784465
  2549       0.51460453       0.49859698       4.00474378
  2550       0.51832557       0.49611629       4.00164291
  2551       0.49667443       0.51888371       3.99835709
  2552       0.50039547       0.51640302       3.99525622
  2553       0.50411652       0.51392232       3.99215535
  2554       0.50783756       0.51144163       3.98905449
  2555       0.51155860       0.50896093       3.98595362
  2556       0.49961617       0.51692255       4.00227941
  2557       0.50333722       0.51444186       3.99917855
  2558       0.50705826       0.51196116       3.99607768
  2559       0.51077930       0.50948047       3.99297681
  2560       0.51450034       0.50699977       3.98987594
  2561       0.50255792       0.51496139       4.00620174
  2562       0.50627896       0.51248069       4.00310087
  2563       0.51000000       0.51000000       4.00000000
  2564       0.51372104       0.50751931       3.99689913
  2565       0.51744208       0.50503861       3.99379826
  2566       0.50549966       0.51300023       4.01012406
  2567       0.50922070       0.51051953       4.00702319
  2568       0.51294174       0.50803884       4.00392232
  2569       0.51666278       0.50555814       4.00082145
  2570       0.52038383       0.50307745       3.99772059
  2571       0.50844140       0.51103907       4.01404638
  2572       0.51216244       0.50855837       4.01094551
  2573       0.51588348       0.50607768       4.00784465
  2574       0.51960453       0.50359698       4.00474378
  2575       0.52332557       0.50111629       4.00164291
  2576       0.50167443       0.52388371       3.99835709
  2577       0.50539547       0.52140302       3.99525622
  2578       0.50911652       0.51892232       3.99215535
  2579       0.51283756       0.51644163       3.98905449
  2580       0.51655860       0.51396093       3.98595362
  2581       0.50461617       0.52192255       4.00227941
  2582       0.50833722       0.51944186       3.99917855
  2583       0.51205826       0.51696116       3.99607768
  2584       0.51577930       0.51448047       3.99297681
  2585       0.51950034       0.51199977       3.98987594
  2586       0.50755792       0.51996139       4.00620174
  2587       0.51127896       0.51748069       4.00310087
  2588       0.51500000       0.51500000       4.00000000
  2589       0.51872104       0.51251931       3.99689913
  2590       0.52244208       0.51003861       3.99379826
  2591       0.51049966       0.51800023       4.01012406
  2592       0.51422070       0.51551953       4.00702319
  2593       0.51794174       0.51303884       4.00392232
  2594       0.52166278       0.51055814       4.00082145
  2595       0.52538383       0.50807745       3.99772059
  2596       0.51344140       0.51603907       4.01404638
  2597       0.51716244       0.51355837       4.01094551
  2598       0.52088348       0.51107768       4.00784465
  2599       0.52460453       0.50859698       4.00474378
  2600       0.52832557       0.50611629       4.00164291
  2601       0.50667443       0.52888371       3.99835709
  2602       0.51039547       0.52640302       3.99525622
  2603       0.51411652       0.52392232       3.99215535
  2604       0.51783756       0.52144163       3.98905449
  2605       0.52155860       0.51896093       3.98595362
  2606       0.50961617       0.52692255       4.00227941
  2607       0.51333722       0.52444186       3.99917855
  2608       0.51705826       0.52196116       3.99607768
  2609       0.52077930       0.51948047       3.99297681
  2610       0.52450034       0.51699977       3.98987594
  2611       0.51255792       0.52496139       4.00620174
  2612       0.51627896       0.52248069       4.00310087
  2613       0.52000000       0.52000000       4.00000000
  2614       0.52372104       0.51751931       3.99689913
  2615       0.52744208       0.51503861       3.99379826
  2616       0.51549966       0.52300023       4.01012406
  2617       0.51922070       0.52051953       4.00702319
  2618       0.52294174       0.51803884       4.00392232
  2619       0.52666278       0.51555814       4.00082145
  2620       0.53038383       0.51307745       3.99772059
  2621       0.51844140       0.52103907       4.01404638
  2622       0.52216244       0.51855837       4.01094551
  2623       0.52588348       0.51607768       4.00784465
  2624       0.52960453       0.51359698       4.00474378
  2625       0.53332557       0.51111629       4.00164291
  2626       0.51167443       0.53388371       3.99835709
  2627       0.51539547       0.53140302       3.99525622
  2628       0.51911652       0.52892232       3.99215535
  2629       0.52283756       0.52644163       3.98905449
  2630       0.52655860       0.52396093       3.98595362
  2631       0.51461617       0.53192255       4.00227941
  2632       0.51833722       0.52944186       3.99917855
  2633       0.52205826       0.52696116       3.99607768
  2634       0.52577930       0.52448047       3.99297681
  2635       0.52950034       0.52199977       3.98987594
  2636       0.51755792       0.52996139       4.00620174
  2637       0.52127896       0.52748069       4.00310087
  2638       0.52500000       0.52500000       4.00000000
  2639       0.52872104       0.52251931       3.99689913
  2640       0.53244208       0.52003861       3.99379826
  2641       0.52049966       0.52800023       4.01012406
  2642       0.52422070       0.52551953       4.00702319
  2643       0.52794174       0.52303884       4.00392232
  2644       0.53166278       0.52055814       4.00082145
  2645       0.53538383       0.51807745       3.99772059
  2646       0.52344140       0.52603907       4.01404638
  2647       0.52716244       0.52355837       4.01094551
  2648       0.53088348       0.52107768       4.00784465
  2649       0.53460453       0.51859698       4.00474378
  2650       0.53832557       0.51611629       4.00164291
  2651       0.51667443       0.53888371       3.99835709
  2652       0.52039547       0.53640302       3.99525622
  2653       0.52411652       0.53392232       3.99215535
  2654       0.52783756       0.53144163       3.98905449
  2655       0.53155860       0.52896093       3.98595362
  2656       0.51961617       0.53692255       4.00227941
  2657       0.52333722       0.53444186       3.99917855
  2658       0.52705826       0.53196116       3.99607768
  2659       0.53077930       0.52948047       3.99297681
  2660       0.53450034       0.52699977       3.98987594
  2661       0.52255792       0.53496139       4.00620174
  2662       0.52627896       0.53248069       4.00310087
  2663       0.53000000       0.53000000       4.00000000
  2664       0.53372104       0.52751931       3.99689913
  2665       0.53744208       0.52503861       3.99379826
  2666       0.52549966       0.53300023       4.01012406
  2667       0.52922070       0.53051953       4.00702319
  2668       0.53294174       0.52803884       4.00392232
  2669       0.53666278       0.52555814       4.00082145
  2670       0.54038383       0.52307745       3.99772059
  2671       0.52844140       0.53103907       4.01404638
  2672       0.53216244       0.52855837       4.01094551
  2673       0.53588348       0.52607768       4.00784465
  2674       0.53960453       0.52359698       4.00474378
  2675       0.54332557       0.52111629       4.00164291
  2676       0.52167443       0.54388371       3.99835709
  2677       0.52539547       0.54140302       3.99525622
  2678       0.52911652       0.53892232       3.99215535
  2679       0.53283756       0.53644163       3.98905449
  2680       0.53655860       0.53396093       3.98595362
  2681       0.52461617       0.54192255       4.00227941
  2682       0.52833722       0.53944186       3.99917855
  2683       0.53205826       0.53696116       3.99607768
  2684       0.53577930       0.53448047       3.99297681
  2685       0.53950034       0.53199977       3.98987594
  2686       0.52755792       0.53996139       4.00620174
  2687       0.53127896       0.53748069       4.00310087
  2688       0.53500000       0.53500000       4.00000000
  2689       0.53872104       0.53251931       3.99689913
  2690       0.54244208       0.53003861       3.99379826
  2691       0.53049966       0.53800023       4.01012406
  2692       0.53422070       0.53551953       4.00702319
  2693       0.53794174       0.53303884       4.00392232
  2694       0.54166278       0.53055814       4.00082145
  2695       0.54538383       0.52807745       3.99772059
  2696       0.53344140       0.53603907       4.01404638
  2697       0.53716244       0.53355837       4.01094551
  2698       0.54088348       0.53107768       4.00784465
  2699       0.54460453       0.52859698       4.00474378
  2700       0.54832557       0.52611629       4.00164291
  2701       0.52667443       0.54888371       3.99835709
  2702       0.53039547       0.54640302       3.99525622
  2703       0.53411652       0.54392232       3.99215535
  2704       0.53783756       0.54144163       3.98905449
  2705       0.54155860       0.53896093       3.98595362
  2706       0.52961617       0.54692255       4.00227941
  2707       0.53333722       0.54444186       3.99917855
  2708       0.53705826       0.54196116       3.99607768
  2709       0.54077930       0.53948047       3.99297681
  2710       0.54450034       0.53699977       3.98987594
  2711       0.53255792       0.54496139       4.00620174
  2712       0.53627896       0.54248069       4.00310087
  2713       0.54000000       0.54000000       4.00000000
  2714       0.54372104       0.53751931       3.99689913
  2715       0.54744208       0.53503861       3.99379826
  2716       0.53549966       0.54300023       4.01012406
  2717       0.53922070       0.54051953       4.00702319
  2718       0.54294174       0.53803884       4.00392232
  2719       0.54666278       0.53555814       4.00082145
  2720       0.55038383       0.53307745       3.99772059
  2721       0.53844140       0.54103907       4.01404638
  2722       0.54216244       0.53855837       4.01094551
  2723       0.54588348       0.53607768       4.00784465
  2724       0.54960453       0.53359698       4.00474378
  2725       0.55332557       0.53111629       4.00164291
  2726       0.53167443       0.55388371       3.99835709
  2727       0.53539547       0.55140302       3.99525622
  2728       0.53911652       0.54892232       3.99215535
  2729       0.54283756       0.54644163       3.98905449
  2730       0.54655860       0.54396093       3.98595362
  2731       0.53461617       0.55192255       4.00227941
  2732       0.53833722       0.54944186       3.99917855
  2733       0.54205826       0.54696116       3.99607768
  2734       0.54577930       0.54448047       3.99297681
  2735       0.54950034       0.54199977       3.98987594
  2736       0.53755792       0.54996139       4.00620174
  2737       0.54127896       0.54748069       4.00310087
  2738       0.54500000       0.54500000       4.00000000
  2739       0.54872104       0.54251931       3.99689913
  2740       0.55244208       0.54003861       3.99379826
  2741       0.54049966       0.54800023       4.01012406
  2742       0.54422070       0.54551953       4.00702319
  2743       0.54794174       0.54303884       4.00392232
  2744       0.55166278       0.54055814       4.00082145
  2745       0.55538383       0.53807745       3.99772059
  2746       0.54344140       0.54603907       4.01404638
  2747       0.54716244       0.54355837       4.01094551
  2748       0.55088348       0.54107768       4.00784465
  2749       0.55460453       0.53859698       4.00474378
  2750       0.55832557       0.53611629       4.00164291
  2751       0.53667443       0.55888371       3.99835709
  2752       0.54039547       0.55640302       3.99525622
  2753       0.54411652       0.55392232       3.99215535
  2754       0.54783756       0.55144163       3.98905449
  2755       0.55155860       0.54896093       3.98595362
  2756       0.53961617       0.55692255       4.00227941
  2757       0.54333722       0.55444186       3.99917855
  2758       0.54705826       0.55196116       3.99607768
  2759       0.55077930       0.54948047       3.99297681
  2760       0.55450034       0.54699977       3.98987594
  2761       0.54255792       0.55496139       4.00620174
  2762       0.54627896       0.55248069       4.00310087
  2763       0.55000000       0.55000000       4.00000000
  2764       0.55372104       0.54751931       3.99689913
  2765       0.55744208       0.54503861       3.99379826
  2766       0.54549966       0.55300023       4.01012406
  2767       0.54922070       0.55051953       4.00702319
  2768       0.55294174       0.54803884       4.00392232
  2769       0.55666278       0.54555814       4.00082145
  2770       0.56038383       0.54307745       3.99772059
  2771       0.54844140       0.55103907       4.01404638
  2772       0.55216244       0.54855837       4.01094551
  2773       0.55588348       0.54607768       4.00784465
  2774       0.55960453       0.54359698       4.00474378
  2775       0.56332557       0.54111629       4.00164291
  2776       0.54167443       0.56388371       3.99835709
  2777       0.54539547       0.56140302       3.99525622
  2778       0.54911652       0.55892232       3.99215535
  2779       0.55283756       0.55644163       3.98905449
  2780       0.55655860       0.55396093       3.98595362
  2781       0.54461617       0.56192255       4.00227941
  2782       0.54833722       0.55944186       3.99917855
  2783       0.55205826       0.55696116       3.99607768
  2784       0.55577930       0.55448047       3.99297681
  2785       0.55950034       0.55199977       3.98987594
  2786       0.54755792       0.55996139       4.00620174
  2787       0.55127896       0.55748069       4.00310087
  2788       0.55500000       0.55500000       4.00000000
  2789       0.55872104       0.55251931       3.99689913
  2790       0.56244208       0.55003861       3.99379826
  2791       0.55049966       0.55800023       4.01012406
  2792       0.55422070       0.55551953       4.00702319
  2793       0.55794174       0.55303884       4.00392232
  2794       0.56166278       0.55055814       4.00082145
  2795       0.56538383       0.54807745       3.99772059
  2796       0.55344140       0.55603907       4.01404638
  2797       0.55716244       0.55355837       4.01094551
  2798       0.56088348       0.55107768       4.00784465
  2799       0.56460453       0.54859698       4.00474378
  2800       0.56832557       0.54611629       4.00164291
  2801       0.54667443       0.56888371       3.99835709
  2802       0.55039547       0.56640302       3.99525622
  2803       0.55411652       0.56392232       3.99215535
  2804       0.55783756       0.56144163       3.98905449
  2805       0.56155860       0.55896093       3.98595362
  2806       0.54961617       0.56692255       4.00227941
  2807       0.55333722       0.56444186       3.99917855
  2808       0.55705826       0.56196116       3.99607768
  2809       0.56077930       0.55948047       3.99297681
  2810       0.56450034       0.55699977       3.98987594
  2811       0.55255792       0.56496139       4.00620174
  2812       0.55627896       0.56248069       4.00310087
  2813       0.56000000       0.56000000       4.00000000
  2814       0.56372104       0.55751931       3.99689913
  2815       0.56744208       0.55503861       3.99379826
  2816       0.55549966       0.56300023       4.01012406
  2817       0.55922070       0.56051953       4.00702319
  2818       0.56294174       0.55803884       4.00392232
  2819       0.56666278       0.55555814       4.00082145
  2820       0.57038383       0.55307745       3.99772059
  2821       0.55844140       0.56103907       4.01404638
  2822       0.56216244       0.55855837       4.01094551
  2823       0.56588348       0.55607768       4.00784465
  2824       0.56960453       0.55359698       4.00474378
  2825       0.57332557       0.55111629       4.00164291
  2826       0.55167443       0.57388371       3.99835709
  2827       0.55539547       0.57140302       3.99525622
  2828       0.55911652       0.56892232       3.99215535
  2829       0.56283756       0.56644163       3.98905449
  2830       0.56655860       0.56396093       3.98595362
  2831       0.55461617       0.57192255       4.00227941
  2832       0.55833722       0.56944186       3.99917855
  2833       0.56205826       0.56696116       3.99607768
  2834       0.56577930       0.56448047       3.99297681
  2835       0.56950034       0.56199977       3.98987594
  2836       0.55755792       0.56996139       4.00620174
  2837       0.56127896       0.56748069       4.00310087
  2838       0.56500000       0.56500000       4.00000000
  2839       0.56872104       0.56251931       3.99689913
  2840       0.57244208       0.56003861       3.99379826
  2841       0.56049966       0.56800023       4.01012406
  2842       0.56422070       0.56551953       4.00702319
  2843       0.56794174       0.56303884       4.00392232
  2844       0.57166278       0.56055814       4.00082145
  2845       0.57538383       0.55807745       3.99772059
  2846       0.56344140       0.56603907       4.01404638
  2847       0.56716244       0.56355837       4.01094551
  2848       0.57088348       0.56107768       4.00784465
  2849       0.57460453       0.55859698       4.00474378
  2850       0.57832557       0.55611629       4.00164291
  2851       0.55667443       0.57888371       3.99835709
  2852       0.56039547       0.57640302       3.99525622
  2853       0.56411652       0.57392232       3.99215535
  2854       0.56783756       0.57144163       3.98905449
  2855       0.57155860       0.56896093       3.98595362
  2856       0.55961617       0.57692255       4.00227941
  2857       0.56333722       0.57444186       3.99917855
  2858       0.56705826       0.57196116       3.99607768
  2859       0.57077930       0.56948047       3.99297681
  2860       0.57450034       0.56699977       3.98987594
  2861       0.56255792       0.57496139       4.00620174
  2862       0.56627896       0.57248069       4.00310087
  2863       0.57000000       0.57000000       4.00000000
  2864       0.57372104       0.56751931       3.99689913
  2865       0.57744208       0.56503861       3.99379826
  2866       0.56549966       0.57300023       4.01012406
  2867       0.56922070       0.57051953       4.00702319
  2868       0.57294174       0.56803884       4.00392232
  2869       0.57666278       0.56555814       4.00082145
  2870       0.58038383       0.56307745       3.99772059
  2871       0.56844140       0.57103907       4.01404638
  2872       0.57216244       0.56855837       4.01094551
  2873       0.57588348       0.56607768       4.00784465
  2874       0.57960453       0.56359698       4.00474378
  2875       0.58332557       0.56111629       4.00164291
  2876       0.56167443       0.58388371       3.99835709
  2877       0.56539547       0.58140302       3.99525622
  2878       0.56911652       0.57892232       3.99215535
  2879       0.57283756       0.57644163       3.98905449
  2880       0.57655860       0.57396093       3.98595362
  2881       0.56461617       0.58192255       4.00227941
  2882       0.56833722       0.57944186       3.99917855
  2883       0.57205826       0.57696116       3.99607768
  2884       0.57577930       0.57448047       3.99297681
  2885       0.57950034       0.57199977       3.98987594
  2886       0.56755792       0.57996139       4.00620174
  2887       0.57127896       0.57748069       4.00310087
  2888       0.57500000       0.57500000       4.00000000
  2889       0.57872104       0.57251931       3.99689913
  2890       0.58244208       0.57003861       3.99379826
  2891       0.57049966       0.57800023       4.01012406
  2892       0.57422070       0.57551953       4.00702319
  2893       0.57794174       0.57303884       4.00392232
  2894       0.58166278       0.57055814       4.00082145
  2895       0.58538383       0.56807745       3.99772059
  2896       0.57344140       0.57603907       4.01404638
  2897       0.57716244       0.57355837       4.01094551
  2898       0.58088348       0.57107768       4.00784465
  2899       0.58460453       0.56859698       4.00474378
  2900       0.58832557       0.56611629       4.00164291
  2901       0.56667443       0.58888371       3.99835709
  2902       0.57039547       0.58640302       3.99525622
  2903       0.57411652       0.58392232       3.99215535
  2904       0.57783756       0.58144163       3.98905449
  2905       0.58155860       0.57896093       3.98595362
  2906       0.56961617       0.58692255       4.00227941
  2907       0.57333722       0.58444186       3.99917855
  2908       0.57705826       0.58196116       3.99607768
  2909       0.58077930       0.57948047       3.99297681
  2910       0.58450034       0.57699977       3.98987594
  2911       0.57255792       0.58496139       4.00620174
  2912       0.57627896       0.58248069       4.00310087
  2913       0.58000000       0.58000000       4.00000000
  2914       0.58372104       0.57751931       3.99689913
  2915       0.58744208       0.57503861       3.99379826
  2916       0.57549966       0.58300023       4.01012406
  2917       0.57922070       0.58051953       4.00702319
  2918       0.58294174       0.57803884       4.00392232
  2919       0.58666278       0.57555814       4.00082145
  2920       0.59038383       0.57307745       3.99772059
  2921       0.57844140       0.58103907       4.01404638
  2922       0.58216244       0.57855837       4.01094551
  2923       0.58588348       0.57607768       4.00784465
  2924       0.58960453       0.57359698       4.00474378
  2925       0.59332557       0.57111629       4.00164291
  2926       0.57167443       0.59388371       3.99835709
  2927       0.57539547       0.59140302       3.99525622
  2928       0.57911652       0.58892232       3.99215535
  2929       0.58283756       0.58644163       3.98905449
  2930       0.58655860       0.58396093       3.98595362
  2931       0.57461617       0.59192255       4.00227941
  2932       0.57833722       0.58944186       3.99917855
  2933       0.58205826       0.58696116       3.99607768
  2934       0.58577930       0.58448047       3.99297681
  2935       0.58950034       0.58199977       3.98987594
  2936       0.57755792       0.58996139       4.00620174
  2937       0.58127896       0.58748069       4.00310087
  2938       0.58500000       0.58500000       4.00000000
  2939       0.58872104       0.58251931       3.99689913
  2940       0.59244208       0.58003861       3.99379826
  2941       0.58049966       0.58800023       4.01012406
  2942       0.58422070       0.58551953       4.00702319
  2943       0.58794174       0.58303884       4.00392232
  2944       0.59166278       0.58055814       4.00082145
  2945       0.59538383       0.57807745       3.99772059
  2946       0.58344140       0.58603907       4.01404638
  2947       0.58716244       0.58355837       4.01094551
  2948       0.59088348       0.58107768       4.00784465
  2949       0.59460453       0.57859698       4.00474378
  2950       0.59832557       0.57611629       4.00164291
  2951       0.57667443       0.59888371       3.99835709
  2952       0.58039547       0.59640302       3.99525622
  2953       0.58411652       0.59392232       3.99215535
  2954       0.58783756       0.59144163       3.98905449
  2955       0.59155860       0.58896093       3.98595362
  2956       0.57961617       0.59692255       4.00227941
  2957       0.58333722       0.59444186       3.99917855
  2958       0.58705826       0.59196116       3.99607768
  2959       0.59077930       0.58948047       3.99297681
  2960       0.59450034       0.58699977       3.98987594
  2961       0.58255792       0.59496139       4.00620174
  2962       0.58627896       0.59248069       4.00310087
  2963       0.59000000       0.59000000       4.00000000
  2964       0.59372104       0.58751931       3.99689913
  2965       0.59744208       0.58503861       3.99379826
  2966       0.58549966       0.59300023       4.01012406
  2967       0.58922070       0.59051953       4.00702319
  2968       0.59294174       0.58803884       4.00392232
  2969       0.59666278       0.58555814       4.00082145
  2970       0.60038383       0.58307745       3.99772059
  2971       0.58844140       0.59103907       4.01404638
  2972       0.59216244       0.58855837       4.01094551
  2973       0.59588348       0.58607768       4.00784465
  2974       0.59960453       0.58359698       4.00474378
  2975       0.60332557       0.58111629       4.00164291
  2976       0.58167443       0.60388371       3.99835709
  2977       0.58539547       0.60140302       3.99525622
  2978       0.58911652       0.59892232       3.99215535
  2979       0.59283756       0.59644163       3.98905449
  2980       0.59655860       0.59396093       3.98595362
  2981       0.58461617       0.60192255       4.00227941
  2982       0.58833722       0.59944186       3.99917855
  2983       0.59205826       0.59696116       3.99607768
  2984       0.59577930       0.59448047       3.99297681
  2985       0.59950034       0.59199977       3.98987594
  2986       0.58755792       0.59996139       4.00620174
  2987       0.59127896       0.59748069       4.00310087
  2988       0.59500000       0.59500000       4.00000000
  2989       0.59872104       0.59251931       3.99689913
  2990       0.60244208       0.59003861       3.99379826
  2991       0.59049966       0.59800023       4.01012406
  2992       0.59422070       0.59551953       4.00702319
  2993       0.59794174       0.59303884       4.00392232
  2994       0.60166278       0.59055814       4.00082145
  2995       0.60538383       0.58807745       3.99772059
  2996       0.59344140       0.59603907       4.01404638
  2997       0.59716244       0.59355837       4.01094551
  2998       0.60088348       0.59107768       4.00784465
  2999       0.60460453       0.58859698       4.00474378
  3000       0.60832557       0.58611629       4.00164291
  3001       0.58667443       0.60888371       3.99835709
  3002       0.59039547       0.60640302       3.99525622
  3003       0.59411652       0.60392232       3.99215535
  3004       0.59783756       0.60144163       3.98905449
  3005       0.60155860       0.59896093       3.98595362
  3006       0.58961617       0.60692255       4.00227941
  3007       0.59333722       0.60444186       3.99917855
  3008       0.59705826       0.60196116       3.99607768
  3009       0.60077930       0.59948047       3.99297681
  3010       0.60450034       0.59699977       3.98987594
  3011       0.59255792       0.60496139       4.00620174
  3012       0.59627896       0.60248069       4.00310087
  3013       0.60000000       0.60000000       4.00000000
  3014       0.60372104       0.59751931       3.99689913
  3015       0.60744208       0.59503861       3.99379826
  3016       0.59549966       0.60300023       4.01012406
  3017       0.59922070       0.60051953       4.00702319
  3018       0.60294174       0.59803884       4.00392232
  3019       0.60666278       0.59555814       4.00082145
  3020       0.61038383       0.59307745       3.99772059
  3021       0.59844140       0.60103907       4.01404638
  3022       0.60216244       0.59855837       4.01094551
  3023       0.60588348       0.59607768       4.00784465
  3024       0.60960453       0.59359698       4.00474378
  3025       0.61332557       0.59111629       4.00164291
  3026       0.59167443       0.61388371       3.99835709
  3027       0.59539547       0.61140302       3.99525622
  3028       0.59911652       0.60892232       3.99215535
  3029       0.60283756       0.60644163       3.98905449
  3030       0.60655860       0.60396093       3.98595362
  3031       0.59461617       0.61192255       4.00227941
  3032       0.59833722       0.60944186       3.99917855
  3033       0.60205826       0.60696116       3.99607768
  3034       0.60577930       0.60448047       3.99297681
  3035       0.60950034       0.60199977       3.98987594
  3036       0.59755792       0.60996139       4.00620174
  3037       0.60127896       0.60748069       4.00310087
  3038       0.60500000       0.60500000       4.00000000
  3039       0.60872104       0.60251931       3.99689913
  3040       0.61244208       0.60003861       3.99379826
  3041       0.60049966       0.60800023       4.01012406
  3042       0.60422070       0.60551953       4.00702319
  3043       0.60794174       0.60303884       4.00392232
  3044       0.61166278       0.60055814       4.00082145
  3045       0.61538383       0.59807745       3.99772059
  3046       0.60344140       0.60603907       4.01404638
  3047       0.60716244       0.60355837       4.01094551
  3048       0.61088348       0.60107768       4.00784465
  3049       0.61460453       0.59859698       4.00474378
  3050       0.61832557       0.59611629       4.00164291
  3051       0.59667443       0.61888371       3.99835709
  3052       0.60039547       0.61640302       3.99525622
  3053       0.60411652       0.61392232       3.99215535
  3054       0.60783756       0.61144163       3.98905449
  3055       0.61155860       0.60896093       3.98595362
  3056       0.59961617       0.61692255       4.00227941
  3057       0.60333722       0.61444186       3.99917855
  3058       0.60705826       0.61196116       3.99607768
  3059       0.61077930       0.60948047       3.99297681
  3060       0.61450034       0.60699977       3.98987594
  3061       0.60255792       0.61496139       4.00620174
  3062       0.60627896       0.61248069       4.00310087
  3063       0.61000000       0.61000000       4.00000000
  3064       0.61372104       0.60751931       3.99689913
  3065       0.61744208       0.60503861       3.99379826
  3066       0.60549966       0.61300023       4.01012406
  3067       0.60922070       0.61051953       4.00702319
  3068       0.61294174       0.60803884       4.00392232
  3069       0.61666278       0.60555814       4.00082145
  3070       0.62038383       0.60307745       3.99772059
  3071       0.60844140       0.61103907       4.01404638
  3072       0.61216244       0.60855837       4.01094551
  3073       0.61588348       0.60607768       4.00784465
  3074       0.61960453       0.60359698       4.00474378
  3075       0.62332557       0.60111629       4.00164291
  3076       0.60167443       0.62388371       3.99835709
  3077       0.60539547       0.62140302       3.99525622
  3078       0.60911652       0.61892232       3.99215535
  3079       0.61283756       0.61644163       3.98905449
  3080       0.61655860       0.61396093       3.98595362
  3081       0.60461617       0.62192255       4.00227941
  3082       0.60833722       0.61944186       3.99917855
  3083       0.61205826       0.61696116       3.99607768
  3084       0.61577930       0.61448047       3.99297681
  3085       0.61950034       0.61199977       3.98987594
  3086       0.60755792       0.61996139       4.00620174
  3087       0.61127896       0.61748069       4.00310087
  3088       0.61500000       0.61500000       4.00000000
  3089       0.61872104       0.61251931       3.99689913
  3090       0.62244208       0.61003861       3.99379826
  3091       0.61049966       0.61800023       4.01012406
  3092       0.61422070       0.61551953       4.00702319
  3093       0.61794174       0.61303884       4.00392232
  3094       0.62166278       0.61055814       4.00082145
  3095       0.62538383       0.60807745       3.99772059
  3096       0.61344140       0.61603907       4.01404638
  3097       0.61716244       0.61355837       4.01094551
  3098       0.62088348       0.61107768       4.00784465
  3099       0.62460453       0.60859698       4.00474378
  3100       0.62832557       0.60611629       4.00164291
  3101       0.60667443       0.62888371       3.99835709
  3102       0.61039547       0.62640302       3.99525622
  3103       0.61411652       0.62392232       3.99215535
  3104       0.61783756       0.62144163       3.98905449
  3105       0.62155860       0.61896093       3.98595362
  3106       0.60961617       0.62692255       4.00227941
  3107       0.61333722       0.62444186       3.99917855
  3108       0.61705826       0.62196116       3.99607768
  3109       0.62077930       0.61948047       3.99297681
  3110       0.62450034       0.61699977       3.98987594
  3111       0.61255792       0.62496139       4.00620174
  3112       0.61627896       0.62248069       4.00310087
  3113       0.62000000       0.62000000       4.00000000
  3114       0.62372104       0.61751931       3.99689913
  3115       0.62744208       0.61503861       3.99379826
  3116       0.61549966       0.62300023       4.01012406
  3117       0.61922070       0.62051953       4.00702319
  3118       0.62294174       0.61803884       4.00392232
  3119       0.62666278       0.61555814       4.00082145
  3120       0.63038383       0.61307745       3.99772059
  3121       0.61844140       0.62103907       4.01404638
  3122       0.62216244       0.61855837       4.01094551
  3123       0.62588348       0.61607768       4.00784465
  3124       0.62960453       0.61359698       4.00474378
  3125       0.63332557       0.61111629       4.00164291
  3126       0.61167443       0.63388371       3.99835709
  3127       0.61539547       0.63140302       3.99525622
  3128       0.61911652       0.62892232       3.99215535
  3129       0.62283756       0.62644163       3.98905449
  3130       0.62655860       0.62396093       3.98595362
  3131       0.61461617       0.63192255       4.00227941
  3132       0.61833722       0.62944186       3.99917855
  3133       0.62205826       0.62696116       3.99607768
  3134       0.62577930       0.62448047       3.99297681
  3135       0.62950034       0.62199977       3.98987594
  3136       0.61755792       0.62996139       4.00620174
  3137       0.62127896       0.62748069       4.00310087
  3138       0.62500000       0.62500000       4.00000000
  3139       0.62872104       0.62251931       3.99689913
  3140       0.63244208       0.62003861       3.99379826
  3141       0.62049966       0.62800023       4.01012406
  3142       0.62422070       0.62551953       4.00702319
  3143       0.62794174       0.62303884       4.00392232
  3144       0.63166278       0.62055814       4.00082145
  3145       0.63538383       0.61807745       3.99772059
  3146       0.62344140       0.62603907       4.01404638
  3147       0.62716244       0.62355837       4.01094551
  3148       0.63088348       0.62107768       4.00784465
  3149       0.63460453       0.61859698       4.00474378
  3150       0.63832557       0.61611629       4.00164291
  3151       0.61667443       0.63888371       3.99835709
  3152       0.62039547       0.63640302       3.99525622
  3153       0.62411652       0.63392232       3.99215535
  3154       0.62783756       0.63144163       3.98905449
  3155       0.63155860       0.62896093       3.98595362
  3156       0.61961617       0.63692255       4.00227941
  3157       0.62333722       0.63444186       3.99917855
  3158       0.62705826       0.63196116       3.99607768
  3159       0.63077930       0.62948047       3.99297681
  3160       0.63450034       0.62699977       3.98987594
  3161       0.62255792       0.63496139       4.00620174
  3162       0.62627896       0.63248069       4.00310087
  3163       0.63000000       0.63000000       4.00000000
  3164       0.63372104       0.62751931       3.99689913
  3165       0.63744208       0.62503861       3.99379826
  3166       0.62549966       0.63300023       4.01012406
  3167       0.62922070       0.63051953       4.00702319
  3168       0.63294174       0.62803884       4.00392232
  3169       0.63666278       0.62555814       4.00082145
  3170       0.64038383       0.62307745       3.99772059
  3171       0.62844140       0.63103907       4.01404638
  3172       0.63216244       0.62855837       4.01094551
  3173       0.63588348       0.62607768       4.00784465
  3174       0.63960453       0.62359698       4.00474378
  3175       0.64332557       0.62111629       4.00164291
  3176       0.62167443       0.64388371       3.99835709
  3177       0.62539547       0.64140302       3.99525622
  3178       0.62911652       0.63892232       3.99215535
  3179       0.63283756       0.63644163       3.98905449
  3180       0.63655860       0.63396093       3.98595362
  3181       0.62461617       0.64192255       4.00227941
  3182       0.62833722       0.63944186       3.99917855
  3183       0.63205826       0.63696116       3.99607768
  3184       0.63577930       0.63448047       3.99297681
  3185       0.63950034       0.63199977       3.98987594
  3186       0.62755792       0.63996139       4.00620174
  3187       0.63127896       0.63748069       4.00310087
  3188       0.63500000       0.63500000       4.00000000
  3189       0.63872104       0.63251931       3.99689913
  3190       0.64244208       0.63003861       3.99379826
  3191       0.63049966       0.63800023       4.01012406
  3192       0.63422070       0.63551953       4.00702319
  3193       0.63794174       0.63303884       4.00392232
  3194       0.64166278       0.63055814       4.00082145
  3195       0.64538383       0.62807745       3.99772059
  3196       0.63344140       0.63603907       4.01404638
  3197       0.63716244       0.63355837       4.01094551
  3198       0.64088348       0.63107768       4.00784465
  3199       0.64460453       0.62859698       4.00474378
  3200       0.64832557       0.62611629       4.00164291
  3201       0.62667443       0.64888371       3.99835709
  3202       0.63039547       0.64640302       3.99525622
  3203       0.63411652       0.64392232       3.99215535
  3204       0.63783756       0.64144163       3.98905449
  3205       0.64155860       0.63896093       3.98595362
  3206       0.62961617       0.64692255       4.00227941
  3207       0.63333722       0.64444186       3.99917855
  3208       0.63705826       0.64196116       3.99607768
  3209       0.64077930       0.63948047       3.99297681
  3210       0.64450034       0.63699977       3.98987594
  3211       0.63255792       0.64496139       4.00620174
  3212       0.63627896       0.64248069       4.00310087
  3213       0.64000000       0.64000000       4.00000000
  3214       0.64372104       0.63751931       3.99689913
  3215       0.64744208       0.63503861       3.99379826
  3216       0.63549966       0.64300023       4.01012406
  3217       0.63922070       0.64051953       4.00702319
  3218       0.64294174       0.63803884       4.00392232
  3219       0.64666278       0.63555814       4.00082145
  3220       0.65038383       0.63307745       3.99772059
  3221       0.63844140       0.64103907       4.01404638
  3222       0.64216244       0.63855837       4.01094551
  3223       0.64588348       0.63607768       4.00784465
  3224       0.64960453       0.63359698       4.00474378
  3225       0.65332557       0.63111629       4.00164291
  3226       0.63167443       0.65388371       3.99835709
  3227       0.63539547       0.65140302       3.99525622
  3228       0.63911652       0.64892232       3.99215535
  3229       0.64283756       0.64644163       3.98905449
  3230       0.64655860       0.64396093       3.98595362
  3231       0.63461617       0.65192255       4.00227941
  3232       0.63833722       0.64944186       3.99917855
  3233       0.64205826       0.64696116       3.99607768
  3234       0.64577930       0.64448047       3.99297681
  3235       0.64950034       0.64199977       3.98987594
  3236       0.63755792       0.64996139       4.00620174
  3237       0.64127896       0.64748069       4.00310087
  3238       0.64500000       0.64500000       4.00000000
  3239       0.64872104       0.64251931       3.99689913
  3240       0.65244208       0.64003861       3.99379826
  3241       0.64049966       0.64800023       4.01012406
  3242       0.64422070       0.64551953       4.00702319
  3243       0.64794174       0.64303884       4.00392232
  3244       0.65166278       0.64055814       4.00082145
  3245       0.65538383       0.63807745       3.99772059
  3246       0.64344140       0.64603907       4.01404638
  3247       0.64716244       0.64355837       4.01094551
  3248       0.65088348       0.64107768       4.00784465
  3249       0.65460453       0.63859698       4.00474378
  3250       0.65832557       0.63611629       4.00164291
  3251       0.63667443       0.65888371       3.99835709
  3252       0.64039547       0.65640302       3.99525622
  3253       0.64411652       0.65392232       3.99215535
  3254       0.64783756       0.65144163       3.98905449
  3255       0.65155860       0.64896093       3.98595362
  3256       0.63961617       0.65692255       4.00227941
  3257       0.64333722       0.65444186       3.99917855
  3258       0.64705826       0.65196116       3.99607768
  3259       0.65077930       0.64948047       3.99297681
  3260       0.65450034       0.64699977       3.98987594
  3261       0.64255792       0.65496139       4.00620174
  3262       0.64627896       0.65248069       4.00310087
  3263       0.65000000       0.65000000       4.00000000
  3264       0.65372104       0.64751931       3.99689913
  3265       0.65744208       0.64503861       3.99379826
  3266       0.64549966       0.65300023       4.01012406
  3267       0.64922070       0.65051953       4.00702319
  3268       0.65294174       0.64803884       4.00392232
  3269       0.65666278       0.64555814       4.00082145
  3270       0.66038383       0.64307745       3.99772059
  3271       0.64844140       0.65103907       4.01404638
  3272       0.65216244       0.64855837       4.01094551
  3273       0.65588348       0.64607768       4.00784465
  3274       0.65960453       0.64359698       4.00474378
  3275       0.66332557       0.64111629       4.00164291
  3276       0.64167443       0.66388371       3.99835709
  3277       0.64539547       0.66140302       3.99525622
  3278       0.64911652       0.65892232       3.99215535
  3279       0.65283756       0.65644163       3.98905449
  3280       0.65655860       0.65396093       3.98595362
  3281       0.64461617       0.66192255       4.00227941
  3282       0.64833722       0.65944186       3.99917855
  3283       0.65205826       0.65696116       3.99607768
  3284       0.65577930       0.65448047       3.99297681
  3285       0.65950034       0.65199977       3.98987594
  3286       0.64755792       0.65996139       4.00620174
  3287       0.65127896       0.65748069       4.00310087
  3288       0.65500000       0.65500000       4.00000000
  3289       0.65872104       0.65251931       3.99689913
  3290       0.66244208       0.65003861       3.99379826
  3291       0.65049966       0.65800023       4.01012406
  3292       0.65422070       0.65551953       4.00702319
  3293       0.65794174       0.65303884       4.00392232
  3294       0.66166278       0.65055814       4.00082145
  3295       0.66538383       0.64807745       3.99772059
  3296       0.65344140       0.65603907       4.01404638
  3297       0.65716244       0.65355837       4.01094551
  3298       0.66088348       0.65107768       4.00784465
  3299       0.66460453       0.64859698       4.00474378
  3300       0.66832557       0.64611629       4.00164291
  3301       0.64667443       0.66888371       3.99835709
  3302       0.65039547       0.66640302       3.99525622
  3303       0.65411652       0.66392232       3.99215535
  3304       0.65783756       0.66144163       3.98905449
  3305       0.66155860       0.65896093       3.98595362
  3306       0.64961617       0.66692255       4.00227941
  3307       0.65333722       0.66444186       3.99917855
  3308       0.65705826       0.66196116       3.99607768
  3309       0.66077930       0.65948047       3.99297681
  3310       0.66450034       0.65699977       3.98987594
  3311       0.65255792       0.66496139       4.00620174
  3312       0.65627896       0.66248069       4.00310087
  3313       0.66000000       0.66000000       4.00000000
  3314       0.66372104       0.65751931       3.99689913
  3315       0.66744208       0.65503861       3.99379826
  3316       0.65549966       0.66300023       4.01012406
  3317       0.65922070       0.66051953       4.00702319
  3318       0.66294174       0.65803884       4.00392232
  3319       0.66666278       0.65555814       4.00082145
  3320       0.67038383       0.65307745       3.99772059
  3321       0.65844140       0.66103907       4.01404638
  3322       0.66216244       0.65855837       4.01094551
  3323       0.66588348       0.65607768       4.00784465
  3324       0.66960453       0.65359698       4.00474378
  3325       0.67332557       0.65111629       4.00164291
  3326       0.65167443       0.67388371       3.99835709
  3327       0.65539547       0.67140302       3.99525622
  3328       0.65911652       0.66892232       3.99215535
  3329       0.66283756       0.66644163       3.98905449
  3330       0.66655860       0.66396093       3.98595362
  3331       0.65461617       0.67192255       4.00227941
  3332       0.65833722       0.66944186       3.99917855
  3333       0.66205826       0.66696116       3.99607768
  3334       0.66577930       0.66448047       3.99297681
  3335       0.66950034       0.66199977       3.98987594
  3336       0.65755792       0.66996139       4.00620174
  3337       0.66127896       0.66748069       4.00310087
  3338       0.66500000       0.66500000       4.00000000
  3339       0.66872104       0.66251931       3.99689913
  3340       0.67244208       0.66003861       3.99379826
  3341       0.66049966       0.66800023       4.01012406
  3342       0.66422070       0.66551953       4.00702319
  3343       0.66794174       0.66303884       4.00392232
  3344       0.67166278       0.66055814       4.00082145
  3345       0.67538383       0.65807745       3.99772059
  3346       0.66344140       0.66603907       4.01404638
  3347       0.66716244       0.66355837       4.01094551
  3348       0.67088348       0.66107768       4.00784465
  3349       0.67460453       0.65859698       4.00474378
  3350       0.67832557       0.65611629       4.00164291
  3351       0.65667443       0.67888371       3.99835709
  3352       0.66039547       0.67640302       3.99525622
  3353       0.66411652       0.67392232       3.99215535
  3354       0.66783756       0.67144163       3.98905449
  3355       0.67155860       0.66896093       3.98595362
  3356       0.65961617       0.67692255       4.00227941
  3357       0.66333722       0.67444186       3.99917855
  3358       0.66705826       0.67196116       3.99607768
  3359       0.67077930       0.66948047       3.99297681
  3360       0.67450034       0.66699977       3.98987594
  3361       0.66255792       0.67496139       4.00620174
  3362       0.66627896       0.67248069       4.00310087
  3363       0.67000000       0.67000000       4.00000000
  3364       0.67372104       0.66751931       3.99689913
  3365       0.67744208       0.66503861       3.99379826
  3366       0.66549966       0.67300023       4.01012406
  3367       0.66922070       0.67051953       4.00702319
  3368       0.67294174       0.66803884       4.00392232
  3369       0.67666278       0.66555814       4.00082145
  3370       0.68038383       0.66307745       3.99772059
  3371       0.66844140       0.67103907       4.01404638
  3372       0.67216244       0.66855837       4.01094551
  3373       0.67588348       0.66607768       4.00784465
  3374       0.67960453       0.66359698       4.00474378
  3375       0.68332557       0.66111629       4.00164291
  3376       0.66167443       0.68388371       3.99835709
  3377       0.66539547       0.68140302       3.99525622
  3378       0.66911652       0.67892232       3.99215535
  3379       0.67283756       0.67644163       3.98905449
  3380       0.67655860       0.67396093       3.98595362
  3381       0.66461617       0.68192255       4.00227941
  3382       0.66833722       0.67944186       3.99917855
  3383       0.67205826       0.67696116       3.99607768
  3384       0.67577930       0.67448047       3.99297681
  3385       0.67950034       0.67199977       3.98987594
  3386       0.66755792       0.67996139       4.00620174
  3387       0.67127896       0.67748069       4.00310087
  3388       0.67500000       0.67500000       4.00000000
  3389       0.67872104       0.67251931       3.99689913
  3390       0.68244208       0.67003861       3.99379826
  3391       0.67049966       0.67800023       4.01012406
  3392       0.67422070       0.67551953       4.00702319
  3393       0.67794174       0.67303884       4.00392232
  3394       0.68166278       0.67055814       4.00082145
  3395       0.68538383       0.66807745       3.99772059
  3396       0.67344140       0.67603907       4.01404638
  3397       0.67716244       0.67355837       4.01094551
  3398       0.68088348       0.67107768       4.00784465
  3399       0.68460453       0.66859698       4.00474378
  3400       0.68832557       0.66611629       4.00164291
  3401       0.66667443       0.68888371       3.99835709
  3402       0.67039547       0.68640302       3.99525622
  3403       0.67411652       0.68392232       3.99215535
  3404       0.67783756       0.68144163       3.98905449
  3405       0.68155860       0.67896093       3.98595362
  3406       0.66961617       0.68692255       4.00227941
  3407       0.67333722       0.68444186       3.99917855
  3408       0.67705826       0.68196116       3.99607768
  3409       0.68077930       0.67948047       3.99297681
  3410       0.68450034       0.67699977       3.98987594
  3411       0.67255792       0.68496139       4.00620174
  3412       0.67627896       0.68248069       4.00310087
  3413       0.68000000       0.68000000       4.00000000
  3414       0.68372104       0.67751931       3.99689913
  3415       0.68744208       0.67503861       3.99379826
  3416       0.67549966       0.68300023       4.01012406
  3417       0.67922070       0.68051953       4.00702319
  3418       0.68294174       0.67803884       4.00392232
  3419       0.68666278       0.67555814       4.00082145
  3420       0.69038383       0.67307745       3.99772059
  3421       0.67844140       0.68103907       4.01404638
  3422       0.68216244       0.67855837       4.01094551
  3423       0.68588348       0.67607768       4.00784465
  3424       0.68960453       0.67359698       4.00474378
  3425       0.69332557       0.67111629       4.00164291
  3426       0.67167443       0.69388371       3.99835709
  3427       0.67539547       0.69140302       3.99525622
  3428       0.67911652       0.68892232       3.99215535
  3429       0.68283756       0.68644163       3.98905449
  3430       0.68655860       0.68396093       3.98595362
  3431       0.67461617       0.69192255       4.00227941
  3432       0.67833722       0.68944186       3.99917855
  3433       0.68205826       0.68696116       3.99607768
  3434       0.68577930       0.68448047       3.99297681
  3435       0.68950034       0.68199977       3.98987594
  3436       0.67755792       0.68996139       4.00620174
  3437       0.68127896       0.68748069       4.00310087
  3438       0.68500000       0.68500000       4.00000000
  3439       0.68872104       0.68251931       3.99689913
  3440       0.69244208       0.68003861       3.99379826
  3441       0.68049966       0.68800023       4.01012406
  3442       0.68422070       0.68551953       4.00702319
  3443       0.68794174       0.68303884       4.00392232
  3444       0.69166278       0.68055814       4.00082145
  3445       0.69538383       0.67807745       3.99772059
  3446       0.68344140       0.68603907       4.01404638
  3447       0.68716244       0.68355837       4.01094551
  3448       0.69088348       0.68107768       4.00784465
  3449       0.69460453       0.67859698       4.00474378
  3450       0.69832557       0.67611629       4.00164291
  3451       0.67667443       0.69888371       3.99835709
  3452       0.68039547       0.69640302       3.99525622
  3453       0.68411652       0.69392232       3.99215535
  3454       0.68783756       0.69144163       3.98905449
  3455       0.69155860       0.68896093       3.98595362
  3456       0.67961617       0.69692255       4.00227941
  3457       0.68333722       0.69444186       3.99917855
  3458       0.68705826       0.69196116       3.99607768
  3459       0.69077930       0.68948047       3.99297681
  3460       0.69450034       0.68699977       3.98987594
  3461       0.68255792       0.69496139       4.00620174
  3462       0.68627896       0.69248069       4.00310087
  3463       0.69000000       0.69000000       4.00000000
  3464       0.69372104       0.68751931       3.99689913
  3465       0.69744208       0.68503861       3.99379826
  3466       0.68549966       0.69300023       4.01012406
  3467       0.68922070       0.69051953       4.00702319
  3468       0.69294174       0.68803884       4.00392232
  3469       0.69666278       0.68555814       4.00082145
  3470       0.70038383       0.68307745       3.99772059
  3471       0.68844140       0.69103907       4.01404638
  3472       0.69216244       0.68855837       4.01094551
  3473       0.69588348       0.68607768       4.00784465
  3474       0.69960453       0.68359698       4.00474378
  3475       0.70332557       0.68111629       4.00164291
  3476       0.68167443       0.70388371       3.99835709
  3477       0.68539547       0.70140302       3.99525622
  3478       0.68911652       0.69892232       3.99215535
  3479       0.69283756       0.69644163       3.98905449
  3480       0.69655860       0.69396093       3.98595362
  3481       0.68461617       0.70192255       4.00227941
  3482       0.68833722       0.69944186       3.99917855
  3483       0.69205826       0.69696116       3.99607768
  3484       0.69577930       0.69448047       3.99297681
  3485       0.69950034       0.69199977       3.98987594
  3486       0.68755792       0.69996139       4.00620174
  3487       0.69127896       0.69748069       4.00310087
  3488       0.69500000       0.69500000       4.00000000
  3489       0.69872104       0.69251931       3.99689913
  3490       0.70244208       0.69003861       3.99379826
  3491       0.69049966       0.69800023       4.01012406
  3492       0.69422070       0.69551953       4.00702319
  3493       0.69794174       0.69303884       4.00392232
  3494       0.70166278       0.69055814       4.00082145
  3495       0.70538383       0.68807745       3.99772059
  3496       0.69344140       0.69603907       4.01404638
  3497       0.69716244       0.69355837       4.01094551
  3498       0.70088348       0.69107768       4.00784465
  3499       0.70460453       0.68859698       4.00474378
  3500       0.70832557       0.68611629       4.00164291
  3501       0.68667443       0.70888371       3.99835709
  3502       0.69039547       0.70640302       3.99525622
  3503       0.69411652       0.70392232       3.99215535
  3504       0.69783756       0.70144163       3.98905449
  3505       0.70155860       0.69896093       3.98595362
  3506       0.68961617       0.70692255       4.00227941
  3507       0.69333722       0.70444186       3.99917855
  3508       0.69705826       0.70196116       3.99607768
  3509       0.70077930       0.69948047       3.99297681
  3510       0.70450034       0.69699977       3.98987594
  3511       0.69255792       0.70496139       4.00620174
  3512       0.69627896       0.70248069       4.00310087
  3513       0.70000000       0.70000000       4.00000000
  3514       0.70372104       0.69751931       3.99689913
  3515       0.70744208       0.69503861       3.99379826
  3516       0.69549966       0.70300023       4.01012406
  3517       0.69922070       0.70051953       4.00702319
  3518       0.70294174       0.69803884       4.00392232
  3519       0.70666278       0.69555814       4.00082145
  3520       0.71038383       0.69307745       3.99772059
  3521       0.69844140       0.70103907       4.01404638
  3522       0.70216244       0.69855837       4.01094551
  3523       0.70588348       0.69607768       4.00784465
  3524       0.70960453       0.69359698       4.00474378
  3525       0.71332557       0.69111629       4.00164291
  3526       0.69167443       0.71388371       3.99835709
  3527       0.69539547       0.71140302       3.99525622
  3528       0.69911652       0.70892232       3.99215535
  3529       0.70283756       0.70644163       3.98905449
  3530       0.70655860       0.70396093       3.98595362
  3531       0.69461617       0.71192255       4.00227941
  3532       0.69833722       0.70944186       3.99917855
  3533       0.70205826       0.70696116       3.99607768
  3534       0.70577930       0.70448047       3.99297681
  3535       0.70950034       0.70199977       3.98987594
  3536       0.69755792       0.70996139       4.00620174
  3537       0.70127896       0.70748069       4.00310087
  3538       0.70500000       0.70500000       4.00000000
  3539       0.70872104       0.70251931       3.99689913
  3540       0.71244208       0.70003861       3.99379826
  3541       0.70049966       0.70800023       4.01012406
  3542       0.70422070       0.70551953       4.00702319
  3543       0.70794174       0.70303884       4.00392232
  3544       0.71166278       0.70055814       4.00082145
  3545       0.71538383       0.69807745       3.99772059
  3546       0.70344140       0.70603907       4.01404638
  3547       0.70716244       0.70355837       4.01094551
  3548       0.71088348       0.70107768       4.00784465
  3549       0.71460453       0.69859698       4.00474378
  3550       0.71832557       0.69611629       4.00164291
  3551       0.69667443       0.71888371       3.99835709
  3552       0.70039547       0.71640302       3.99525622
  3553       0.70411652       0.71392232       3.99215535
  3554       0.70783756       0.71144163       3.98905449
  3555       0.71155860       0.70896093       3.98595362
  3556       0.69961617       0.71692255       4.00227941
  3557       0.70333722       0.71444186       3.99917855
  3558       0.70705826       0.71196116       3.99607768
  3559       0.71077930       0.70948047       3.99297681
  3560       0.71450034       0.70699977       3.98987594
  3561       0.70255792       0.71496139       4.00620174
  3562       0.70627896       0.71248069       4.00310087
  3563       0.71000000       0.71000000       4.00000000
  3564       0.71372104       0.70751931       3.99689913
  3565       0.71744208       0.70503861       3.99379826
  3566       0.70549966       0.71300023       4.01012406
  3567       0.70922070       0.71051953       4.00702319
  3568       0.71294174       0.70803884       4.00392232
  3569       0.71666278       0.70555814       4.00082145
  3570       0.72038383       0.70307745       3.99772059
  3571       0.70844140       0.71103907       4.01404638
  3572       0.71216244       0.70855837       4.01094551
  3573       0.71588348       0.70607768       4.00784465
  3574       0.71960453       0.70359698       4.00474378
  3575       0.72332557       0.70111629       4.00164291
  3576       0.70167443       0.72388371       3.99835709
  3577       0.70539547       0.72140302       3.99525622
  3578       0.70911652       0.71892232       3.99215535
  3579       0.71283756       0.71644163       3.98905449
  3580       0.71655860       0.71396093       3.98595362
  3581       0.70461617       0.72192255       4.00227941
  3582       0.70833722       0.71944186       3.99917855
  3583       0.71205826       0.71696116       3.99607768
  3584       0.71577930       0.71448047       3.99297681
  3585       0.71950034       0.71199977       3.98987594
  3586       0.70755792       0.71996139       4.00620174
  3587       0.71127896       0.71748069       4.00310087
  3588       0.71500000       0.71500000       4.00000000
  3589       0.71872104       0.71251931       3.99689913
  3590       0.72244208       0.71003861       3.99379826
  3591       0.71049966       0.71800023       4.01012406
  3592       0.71422070       0.71551953       4.00702319
  3593       0.71794174       0.71303884       4.00392232
  3594       0.72166278       0.71055814       4.00082145
  3595       0.72538383       0.70807745       3.99772059
  3596       0.71344140       0.71603907       4.01404638
  3597       0.71716244       0.71355837       4.01094551
  3598       0.72088348       0.71107768       4.00784465
  3599       0.72460453       0.70859698       4.00474378
  3600       0.72832557       0.70611629       4.00164291
  3601       0.70667443       0.72888371       3.99835709
  3602       0.71039547       0.72640302       3.99525622
  3603       0.71411652       0.72392232       3.99215535
  3604       0.71783756       0.72144163       3.98905449
  3605       0.72155860       0.71896093       3.98595362
  3606       0.70961617       0.72692255       4.00227941
  3607       0.71333722       0.72444186       3.99917855
  3608       0.71705826       0.72196116       3.99607768
  3609       0.72077930       0.71948047       3.99297681
  3610       0.72450034       0.71699977       3.98987594
  3611       0.71255792       0.72496139       4.00620174
  3612       0.71627896       0.72248069       4.00310087
  3613       0.72000000       0.72000000       4.00000000
  3614       0.72372104       0.71751931       3.99689913
  3615       0.72744208       0.71503861       3.99379826
  3616       0.71549966       0.72300023       4.01012406
  3617       0.71922070       0.72051953       4.00702319
  3618       0.72294174       0.71803884       4.00392232
  3619       0.72666278       0.71555814       4.00082145
  3620       0.73038383       0.71307745       3.99772059
  3621       0.71844140       0.72103907       4.01404638
  3622       0.72216244       0.71855837       4.01094551
  3623       0.72588348       0.71607768       4.00784465
  3624       0.72960453       0.71359698       4.00474378
  3625       0.73332557       0.71111629       4.00164291
  3626       0.71167443       0.73388371       3.99835709
  3627       0.71539547       0.73140302       3.99525622
  3628       0.71911652       0.72892232       3.99215535
  3629       0.72283756       0.72644163       3.98905449
  3630       0.72655860       0.72396093       3.98595362
  3631       0.71461617       0.73192255       4.00227941
  3632       0.71833722       0.72944186       3.99917855
  3633       0.72205826       0.72696116       3.99607768
  3634       0.72577930       0.72448047       3.99297681
  3635       0.72950034       0.72199977       3.98987594
  3636       0.71755792       0.72996139       4.00620174
  3637       0.72127896       0.72748069       4.00310087
  3638       0.72500000       0.72500000       4.00000000
  3639       0.72872104       0.72251931       3.99689913
  3640       0.73244208       0.72003861       3.99379826
  3641       0.72049966       0.72800023       4.01012406
  3642       0.72422070       0.72551953       4.00702319
  3643       0.72794174       0.72303884       4.00392232
  3644       0.73166278       0.72055814       4.00082145
  3645       0.73538383       0.71807745       3.99772059
  3646       0.72344140       0.72603907       4.01404638
  3647       0.72716244       0.72355837       4.01094551
  3648       0.73088348       0.72107768       4.00784465
  3649       0.73460453       0.71859698       4.00474378
  3650       0.73832557       0.71611629       4.00164291
  3651       0.71667443       0.73888371       3.99835709
  3652       0.72039547       0.73640302       3.99525622
  3653       0.72411652       0.73392232       3.99215535
  3654       0.72783756       0.73144163       3.98905449
  3655       0.73155860       0.72896093       3.98595362
  3656       0.71961617       0.73692255       4.00227941
  3657       0.72333722       0.73444186       3.99917855
  3658       0.72705826       0.73196116       3.99607768
  3659       0.73077930       0.72948047       3.99297681
  3660       0.73450034       0.72699977       3.98987594
  3661       0.72255792       0.73496139       4.00620174
  3662       0.72627896       0.73248069       4.00310087
  3663       0.73000000       0.73000000       4.00000000
  3664       0.73372104       0.72751931       3.99689913
  3665       0.73744208       0.72503861       3.99379826
  3666       0.72549966       0.73300023       4.01012406
  3667       0.72922070       0.73051953       4.00702319
  3668       0.73294174       0.72803884       4.00392232
  3669       0.73666278       0.72555814       4.00082145
  3670       0.74038383       0.72307745       3.99772059
  3671       0.72844140       0.73103907       4.01404638
  3672       0.73216244       0.72855837       4.01094551
  3673       0.73588348       0.72607768       4.00784465
  3674       0.73960453       0.72359698       4.00474378
  3675       0.74332557       0.72111629       4.00164291
  3676       0.72167443       0.74388371       3.99835709
  3677       0.72539547       0.74140302       3.99525622
  3678       0.72911652       0.73892232       3.99215535
  3679       0.73283756       0.73644163       3.98905449
  3680       0.73655860       0.73396093       3.98595362
  3681       0.72461617       0.74192255       4.00227941
  3682       0.72833722       0.73944186       3.99917855
  3683       0.73205826       0.73696116       3.99607768
  3684       0.73577930       0.73448047       3.99297681
  3685       0.73950034       0.73199977       3.98987594
  3686       0.72755792       0.73996139       4.00620174
  3687       0.73127896       0.73748069       4.00310087
  3688       0.73500000       0.73500000       4.00000000
  3689       0.73872104       0.73251931       3.99689913
  3690       0.74244208       0.73003861       3.99379826
  3691       0.73049966       0.73800023       4.01012406
  3692       0.73422070       0.73551953       4.00702319
  3693       0.73794174       0.73303884       4.00392232
  3694       0.74166278       0.73055814       4.00082145
  3695       0.74538383       0.72807745       3.99772059
  3696       0.73344140       0.73603907       4.01404638
  3697       0.73716244       0.73355837       4.01094551
  3698       0.74088348       0.73107768       4.00784465
  3699       0.74460453       0.72859698       4.00474378
  3700       0.74832557       0.72611629       4.00164291
  3701       0.72667443       0.74888371       3.99835709
  3702       0.73039547       0.74640302       3.99525622
  3703       0.73411652       0.74392232       3.99215535
  3704       0.73783756       0.74144163       3.98905449
  3705       0.74155860       0.73896093       3.98595362
  3706       0.72961617       0.74692255       4.00227941
  3707       0.73333722       0.74444186       3.99917855
  3708       0.73705826       0.74196116       3.99607768
  3709       0.74077930       0.73948047       3.99297681
  3710       0.74450034       0.73699977       3.98987594
  3711       0.73255792       0.74496139       4.00620174
  3712       0.73627896       0.74248069       4.00310087
  3713       0.74000000       0.74000000       4.00000000
  3714       0.74372104       0.73751931       3.99689913
  3715       0.74744208       0.73503861       3.99379826
  3716       0.73549966       0.74300023       4.01012406
  3717       0.73922070       0.74051953       4.00702319
  3718       0.74294174       0.73803884       4.00392232
  3719       0.74666278       0.73555814       4.00082145
  3720       0.75038383       0.73307745       3.99772059
  3721       0.73844140       0.74103907       4.01404638
  3722       0.74216244       0.73855837       4.01094551
  3723       0.74588348       0.73607768       4.00784465
  3724       0.74960453       0.73359698       4.00474378
  3725       0.75332557       0.73111629       4.00164291
  3726       0.73167443       0.75388371       3.99835709
  3727       0.73539547       0.75140302       3.99525622
  3728       0.73911652       0.74892232       3.99215535
  3729       0.74283756       0.74644163       3.98905449
  3730       0.74655860       0.74396093       3.98595362
  3731       0.73461617       0.75192255       4.00227941
  3732       0.73833722       0.74944186       3.99917855
  3733       0.74205826       0.74696116       3.99607768
  3734       0.74577930       0.74448047       3.99297681
  3735       0.74950034       0.74199977       3.98987594
  3736       0.73755792       0.74996139       4.00620174
  3737       0.74127896       0.74748069       4.00310087
  3738       0.74500000       0.74500000       4.00000000
  3739       0.74872104       0.74251931       3.99689913
  3740       0.75244208       0.74003861       3.99379826
  3741       0.74049966       0.74800023       4.01012406
  3742       0.74422070       0.74551953       4.00702319
  3743       0.74794174       0.74303884       4.00392232
  3744       0.75166278       0.74055814       4.00082145
  3745       0.75538383       0.73807745       3.99772059
  3746       0.74344140       0.74603907       4.01404638
  3747       0.74716244       0.74355837       4.01094551
  3748       0.75088348       0.74107768       4.00784465
  3749       0.75460453       0.73859698       4.00474378
  3750       0.75832557       0.73611629       4.00164291
  3751       0.73667443       0.75888371       3.99835709
  3752       0.74039547       0.75640302       3.99525622
  3753       0.74411652       0.75392232       3.99215535
  3754       0.74783756       0.75144163       3.98905449
  3755       0.75155860       0.74896093       3.98595362
  3756       0.73961617       0.75692255       4.00227941
  3757       0.74333722       0.75444186       3.99917855
  3758       0.74705826       0.75196116       3.99607768
  3759       0.75077930       0.74948047       3.99297681
  3760       0.75450034       0.74699977       3.98987594
  3761       0.74255792       0.75496139       4.00620174
  3762       0.74627896       0.75248069       4.00310087
  3763       0.75000000       0.75000000       4.00000000
  3764       0.75372104       0.74751931       3.99689913
  3765       0.75744208       0.74503861       3.99379826
  3766       0.74549966       0.75300023       4.01012406
  3767       0.74922070       0.75051953       4.00702319
  3768       0.75294174       0.74803884       4.00392232
  3769       0.75666278       0.74555814       4.00082145
  3770       0.76038383       0.74307745       3.99772059
  3771       0.74844140       0.75103907       4.01404638
  3772       0.75216244       0.74855837       4.01094551
  3773       0.75588348       0.74607768       4.00784465
  3774       0.75960453       0.74359698       4.00474378
  3775       0.76332557       0.74111629       4.00164291
  3776       0.74167443       0.76388371       3.99835709
  3777       0.74539547       0.76140302       3.99525622
  3778       0.74911652       0.75892232       3.99215535
  3779       0.75283756       0.75644163       3.98905449
  3780       0.75655860       0.75396093       3.98595362
  3781       0.74461617       0.76192255       4.00227941
  3782       0.74833722       0.75944186       3.99917855
  3783       0.75205826       0.75696116       3.99607768
  3784       0.75577930       0.75448047       3.99297681
  3785       0.75950034       0.75199977       3.98987594
  3786       0.74755792       0.75996139       4.00620174
  3787       0.75127896       0.75748069       4.00310087
  3788       0.75500000       0.75500000       4.00000000
  3789       0.75872104       0.75251931       3.99689913
  3790       0.76244208       0.75003861       3.99379826
  3791       0.75049966       0.75800023       4.01012406
  3792       0.75422070       0.75551953       4.00702319
  3793       0.75794174       0.75303884       4.00392232
  3794       0.76166278       0.75055814       4.00082145
  3795       0.76538383       0.74807745       3.99772059
  3796       0.75344140       0.75603907       4.01404638
  3797       0.75716244       0.75355837       4.01094551
  3798       0.76088348       0.75107768       4.00784465
  3799       0.76460453       0.74859698       4.00474378
  3800       0.76832557       0.74611629       4.00164291
  3801       0.74667443       0.76888371       3.99835709
  3802       0.75039547       0.76640302       3.99525622
  3803       0.75411652       0.76392232       3.99215535
  3804       0.75783756       0.76144163       3.98905449
  3805       0.76155860       0.75896093       3.98595362
  3806       0.74961617       0.76692255       4.00227941
  3807       0.75333722       0.76444186       3.99917855
  3808       0.75705826       0.76196116       3.99607768
  3809       0.76077930       0.75948047       3.99297681
  3810       0.76450034       0.75699977       3.98987594
  3811       0.75255792       0.76496139       4.00620174
  3812       0.75627896       0.76248069       4.00310087
  3813       0.76000000       0.76000000       4.00000000
  3814       0.76372104       0.75751931       3.99689913
  3815       0.76744208       0.75503861       3.99379826
  3816       0.75549966       0.76300023       4.01012406
  3817       0.75922070       0.76051953       4.00702319
  3818       0.76294174       0.75803884       4.00392232
  3819       0.76666278       0.75555814       4.00082145
  3820       0.77038383       0.75307745       3.99772059
  3821       0.75844140       0.76103907       4.01404638
  3822       0.76216244       0.75855837       4.01094551
  3823       0.76588348       0.75607768       4.00784465
  3824       0.76960453       0.75359698       4.00474378
  3825       0.77332557       0.75111629       4.00164291
  3826       0.75167443       0.77388371       3.99835709
  3827       0.75539547       0.77140302       3.99525622
  3828       0.75911652       0.76892232       3.99215535
  3829       0.76283756       0.76644163       3.98905449
  3830       0.76655860       0.76396093       3.98595362
  3831       0.75461617       0.77192255       4.00227941
  3832       0.75833722       0.76944186       3.99917855
  3833       0.76205826       0.76696116       3.99607768
  3834       0.76577930       0.76448047       3.99297681
  3835       0.76950034       0.76199977       3.98987594
  3836       0.75755792       0.76996139       4.00620174
  3837       0.76127896       0.76748069       4.00310087
  3838       0.76500000       0.76500000       4.00000000
  3839       0.76872104       0.76251931       3.99689913
  3840       0.77244208       0.76003861       3.99379826
  3841       0.76049966       0.76800023       4.01012406
  3842       0.76422070       0.76551953       4.00702319
  3843       0.76794174       0.76303884       4.00392232
  3844       0.77166278       0.76055814       4.00082145
  3845       0.77538383       0.75807745       3.99772059
  3846       0.76344140       0.76603907       4.01404638
  3847       0.76716244       0.76355837       4.01094551
  3848       0.77088348       0.76107768       4.00784465
  3849       0.77460453       0.75859698       4.00474378
  3850       0.77832557       0.75611629       4.00164291
  3851       0.75667443       0.77888371       3.99835709
  3852       0.76039547       0.77640302       3.99525622
  3853       0.76411652       0.77392232       3.99215535
  3854       0.76783756       0.77144163       3.98905449
  3855       0.77155860       0.76896093       3.98595362
  3856       0.75961617       0.77692255       4.00227941
  3857       0.76333722       0.77444186       3.99917855
  3858       0.76705826       0.77196116       3.99607768
  3859       0.77077930       0.76948047       3.99297681
  3860       0.77450034       0.76699977       3.98987594
  3861       0.76255792       0.77496139       4.00620174
  3862       0.76627896       0.77248069       4.00310087
  3863       0.77000000       0.77000000       4.00000000
  3864       0.77372104       0.76751931       3.99689913
  3865       0.77744208       0.76503861       3.99379826
  3866       0.76549966       0.77300023       4.01012406
  3867       0.76922070       0.77051953       4.00702319
  3868       0.77294174       0.76803884       4.00392232
  3869       0.77666278       0.76555814       4.00082145
  3870       0.78038383       0.76307745       3.99772059
  3871       0.76844140       0.77103907       4.01404638
  3872       0.77216244       0.76855837       4.01094551
  3873       0.77588348       0.76607768       4.00784465
  3874       0.77960453       0.76359698       4.00474378
  3875       0.78332557       0.76111629       4.00164291
  3876       0.76167443       0.78388371       3.99835709
  3877       0.76539547       0.78140302       3.99525622
  3878       0.76911652       0.77892232       3.99215535
  3879       0.77283756       0.77644163       3.98905449
  3880       0.77655860       0.77396093       3.98595362
  3881       0.76461617       0.78192255       4.00227941
  3882       0.76833722       0.77944186       3.99917855
  3883       0.77205826       0.77696116       3.99607768
  3884       0.77577930       0.77448047       3.99297681
  3885       0.77950034       0.77199977       3.98987594
  3886       0.76755792       0.77996139       4.00620174
  3887       0.77127896       0.77748069       4.00310087
  3888       0.77500000       0.77500000       4.00000000
  3889       0.77872104       0.77251931       3.99689913
  3890       0.78244208       0.77003861       3.99379826
  3891       0.77049966       0.77800023       4.01012406
  3892       0.77422070       0.77551953       4.00702319
  3893       0.77794174       0.77303884       4.00392232
  3894       0.78166278       0.77055814       4.00082145
  3895       0.78538383       0.76807745       3.99772059
  3896       0.77344140       0.77603907       4.01404638
  3897       0.77716244       0.77355837       4.01094551
  3898       0.78088348       0.77107768       4.00784465
  3899       0.78460453       0.76859698       4.00474378
  3900       0.78832557       0.76611629       4.00164291
  3901       0.76667443       0.78888371       3.99835709
  3902       0.77039547       0.78640302       3.99525622
  3903       0.77411652       0.78392232       3.99215535
  3904       0.77783756       0.78144163       3.98905449
  3905       0.78155860       0.77896093       3.98595362
  3906       0.76961617       0.78692255       4.00227941
  3907       0.77333722       0.78444186       3.99917855
  3908       0.77705826       0.78196116       3.99607768
  3909       0.78077930       0.77948047       3.99297681
  3910       0.78450034       0.77699977       3.98987594
  3911       0.77255792       0.78496139       4.00620174
  3912       0.77627896       0.78248069       4.00310087
  3913       0.78000000       0.78000000       4.00000000
  3914       0.78372104       0.77751931       3.99689913
  3915       0.78744208       0.77503861       3.99379826
  3916       0.77549966       0.78300023       4.01012406
  3917       0.77922070       0.78051953       4.00702319
  3918       0.78294174       0.77803884       4.00392232
  3919       0.78666278       0.77555814       4.00082145
  3920       0.79038383       0.77307745       3.99772059
  3921       0.77844140       0.78103907       4.01404638
  3922       0.78216244       0.77855837       4.01094551
  3923       0.78588348       0.77607768       4.00784465
  3924       0.78960453       0.77359698       4.00474378
  3925       0.79332557       0.77111629       4.00164291
  3926       0.77167443       0.79388371       3.99835709
  3927       0.77539547       0.79140302       3.99525622
  3928       0.77911652       0.78892232       3.99215535
  3929       0.78283756       0.78644163       3.98905449
  3930       0.78655860       0.78396093       3.98595362
  3931       0.77461617       0.79192255       4.00227941
  3932       0.77833722       0.78944186       3.99917855
  3933       0.78205826       0.78696116       3.99607768
  3934       0.78577930       0.78448047       3.99297681
  3935       0.78950034       0.78199977       3.98987594
  3936       0.77755792       0.78996139       4.00620174
  3937       0.78127896       0.78748069       4.00310087
  3938       0.78500000       0.78500000       4.00000000
  3939       0.78872104       0.78251931       3.99689913
  3940       0.79244208       0.78003861       3.99379826
  3941       0.78049966       0.78800023       4.01012406
  3942       0.78422070       0.78551953       4.00702319
  3943       0.78794174       0.78303884       4.00392232
  3944       0.79166278       0.78055814       4.00082145
  3945       0.79538383       0.77807745       3.99772059
  3946       0.78344140       0.78603907       4.01404638
  3947       0.78716244       0.78355837       4.01094551
  3948       0.79088348       0.78107768       4.00784465
  3949       0.79460453       0.77859698       4.00474378
  3950       0.79832557       0.77611629       4.00164291
  3951       0.77667443       0.79888371       3.99835709
  3952       0.78039547       0.79640302       3.99525622
  3953       0.78411652       0.79392232       3.99215535
  3954       0.78783756       0.79144163       3.98905449
  3955       0.79155860       0.78896093       3.98595362
  3956       0.77961617       0.79692255       4.00227941
  3957       0.78333722       0.79444186       3.99917855
  3958       0.78705826       0.79196116       3.99607768
  3959       0.79077930       0.78948047       3.99297681
  3960       0.79450034       0.78699977       3.98987594
  3961       0.78255792       0.79496139       4.00620174
  3962       0.78627896       0.79248069       4.00310087
  3963       0.79000000       0.79000000       4.00000000
  3964       0.79372104       0.78751931       3.99689913
  3965       0.79744208       0.78503861       3.99379826
  3966       0.78549966       0.79300023       4.01012406
  3967       0.78922070       0.79051953       4.00702319
  3968       0.79294174       0.78803884       4.00392232
  3969       0.79666278       0.78555814       4.00082145
  3970       0.80038383       0.78307745       3.99772059
  3971       0.78844140       0.79103907       4.01404638
  3972       0.79216244       0.78855837       4.01094551
  3973       0.79588348       0.78607768       4.00784465
  3974       0.79960453       0.78359698       4.00474378
  3975       0.80332557       0.78111629       4.00164291
  3976       0.78167443       0.80388371       3.99835709
  3977       0.78539547       0.80140302       3.99525622
  3978       0.78911652       0.79892232       3.99215535
  3979       0.79283756       0.79644163       3.98905449
  3980       0.79655860       0.79396093       3.98595362
  3981       0.78461617       0.80192255       4.00227941
  3982       0.78833722       0.79944186       3.99917855
  3983       0.79205826       0.79696116       3.99607768
  3984       0.79577930       0.79448047       3.99297681
  3985       0.79950034       0.79199977       3.98987594
  3986       0.78755792       0.79996139       4.00620174
  3987       0.79127896       0.79748069       4.00310087
  3988       0.79500000       0.79500000       4.00000000
  3989       0.79872104       0.79251931       3.99689913
  3990       0.80244208       0.79003861       3.99379826
  3991       0.79049966       0.79800023       4.01012406
  3992       0.79422070       0.79551953       4.00702319
  3993       0.79794174       0.79303884       4.00392232
  3994       0.80166278       0.79055814       4.00082145
  3995       0.80538383       0.78807745       3.99772059
  3996       0.79344140       0.79603907       4.01404638
  3997       0.79716244       0.79355837       4.01094551
  3998       0.80088348       0.79107768       4.00784465
  3999       0.80460453       0.78859698       4.00474378
  4000       0.80832557       0.78611629       4.00164291
  4001       0.78667443       0.80888371       3.99835709
  4002       0.79039547       0.80640302       3.99525622
  4003       0.79411652       0.80392232       3.99215535
  4004       0.79783756       0.80144163       3.98905449
  4005       0.80155860       0.79896093       3.98595362
  4006       0.78961617       0.80692255       4.00227941
  4007       0.79333722       0.80444186       3.99917855
  4008       0.79705826       0.80196116       3.99607768
  4009       0.80077930       0.79948047       3.99297681
  4010       0.80450034       0.79699977       3.98987594
  4011       0.79255792       0.80496139       4.00620174
  4012       0.79627896       0.80248069       4.00310087
  4013       0.80000000       0.80000000       4.00000000
  4014       0.80372104       0.79751931       3.99689913
  4015       0.80744208       0.79503861       3.99379826
  4016       0.79549966       0.80300023       4.01012406
  4017       0.79922070       0.80051953       4.00702319
  4018       0.80294174       0.79803884       4.00392232
  4019       0.80666278       0.79555814       4.00082145
  4020       0.81038383       0.79307745       3.99772059
  4021       0.79844140       0.80103907       4.01404638
  4022       0.80216244       0.79855837       4.01094551
  4023       0.80588348       0.79607768       4.00784465
  4024       0.80960453       0.79359698       4.00474378
  4025       0.81332557       0.79111629       4.00164291
  4026       0.79167443       0.81388371       3.99835709
  4027       0.79539547       0.81140302       3.99525622
  4028       0.79911652       0.80892232       3.99215535
  4029       0.80283756       0.80644163       3.98905449
  4030       0.80655860       0.80396093       3.98595362
  4031       0.79461617       0.81192255       4.00227941
  4032       0.79833722       0.80944186       3.99917855
  4033       0.80205826       0.80696116       3.99607768
  4034       0.80577930       0.80448047       3.99297681
  4035       0.80950034       0.80199977       3.98987594
  4036       0.79755792       0.80996139       4.00620174
  4037       0.80127896       0.80748069       4.00310087
  4038       0.80500000       0.80500000       4.00000000
  4039       0.80872104       0.80251931       3.99689913
  4040       0.81244208       0.80003861       3.99379826
  4041       0.80049966       0.80800023       4.01012406
  4042       0.80422070       0.80551953       4.00702319
  4043       0.80794174       0.80303884       4.00392232
  4044       0.81166278       0.80055814       4.00082145
  4045       0.81538383       0.79807745       3.99772059
  4046       0.80344140       0.80603907       4.01404638
  4047       0.80716244       0.80355837       4.01094551
  4048       0.81088348       0.80107768       4.00784465
  4049       0.81460453       0.79859698       4.00474378
  4050       0.81832557       0.79611629       4.00164291
  4051       0.79667443       0.81888371       3.99835709
  4052       0.80039547       0.81640302       3.99525622
  4053       0.80411652       0.81392232       3.99215535
  4054       0.80783756       0.81144163       3.98905449
  4055       0.81155860       0.80896093       3.98595362
  4056       0.79961617       0.81692255       4.00227941
  4057       0.80333722       0.81444186       3.99917855
  4058       0.80705826       0.81196116       3.99607768
  4059       0.81077930       0.80948047       3.99297681
  4060       0.81450034       0.80699977       3.98987594
  4061       0.80255792       0.81496139       4.00620174
  4062       0.80627896       0.81248069       4.00310087
  4063       0.81000000       0.81000000       4.00000000
  4064       0.81372104       0.80751931       3.99689913
  4065       0.81744208       0.80503861       3.99379826
  4066       0.80549966       0.81300023       4.01012406
  4067       0.80922070       0.81051953       4.00702319
  4068       0.81294174       0.80803884       4.00392232
  4069       0.81666278       0.80555814       4.00082145
  4070       0.82038383       0.80307745       3.99772059
  4071       0.80844140       0.81103907       4.01404638
  4072       0.81216244       0.80855837       4.01094551
  4073       0.81588348       0.80607768       4.00784465
  4074       0.81960453       0.80359698       4.00474378
  4075       0.82332557       0.80111629       4.00164291
  4076       0.80167443       0.82388371       3.99835709
  4077       0.80539547       0.82140302       3.99525622
  4078       0.80911652       0.81892232       3.99215535
  4079       0.81283756       0.81644163       3.98905449
  4080       0.81655860       0.81396093       3.98595362
  4081       0.80461617       0.82192255       4.00227941
  4082       0.80833722       0.81944186       3.99917855
  4083       0.81205826       0.81696116       3.99607768
  4084       0.81577930       0.81448047       3.99297681
  4085       0.81950034       0.81199977       3.98987594
  4086       0.80755792       0.81996139       4.00620174
  4087       0.81127896       0.81748069       4.00310087
  4088       0.81500000       0.81500000       4.00000000
  4089       0.81872104       0.81251931       3.99689913
  4090       0.82244208       0.81003861       3.99379826
  4091       0.81049966       0.81800023       4.01012406
  4092       0.81422070       0.81551953       4.00702319
  4093       0.81794174       0.81303884       4.00392232
  4094       0.82166278       0.81055814       4.00082145
  4095       0.82538383       0.80807745       3.99772059
  4096       0.81344140       0.81603907       4.01404638
  4097       0.81716244       0.81355837       4.01094551
  4098       0.82088348       0.81107768       4.00784465
  4099       0.82460453       0.80859698       4.00474378
  4100       0.82832557       0.80611629       4.00164291
  4101       0.80667443       0.82888371       3.99835709
  4102       0.81039547       0.82640302       3.99525622
  4103       0.81411652       0.82392232       3.99215535
  4104       0.81783756       0.82144163       3.98905449
  4105       0.82155860       0.81896093       3.98595362
  4106       0.80961617       0.82692255       4.00227941
  4107       0.81333722       0.82444186       3.99917855
  4108       0.81705826       0.82196116       3.99607768
  4109       0.82077930       0.81948047       3.99297681
  4110       0.82450034       0.81699977       3.98987594
  4111       0.81255792       0.82496139       4.00620174
  4112       0.81627896       0.82248069       4.00310087
  4113       0.82000000       0.82000000       4.00000000
  4114       0.82372104       0.81751931       3.99689913
  4115       0.82744208       0.81503861       3.99379826
  4116       0.81549966       0.82300023       4.01012406
  4117       0.81922070       0.82051953       4.00702319
  4118       0.82294174       0.81803884       4.00392232
  4119       0.82666278       0.81555814       4.00082145
  4120       0.83038383       0.81307745       3.99772059
  4121       0.81844140       0.82103907       4.01404638
  4122       0.82216244       0.81855837       4.01094551
  4123       0.82588348       0.81607768       4.00784465
  4124       0.82960453       0.81359698       4.00474378
  4125       0.83332557       0.81111629       4.00164291
  4126       0.81167443       0.83388371       3.99835709
  4127       0.81539547       0.83140302       3.99525622
  4128       0.81911652       0.82892232       3.99215535
  4129       0.82283756       0.82644163       3.98905449
  4130       0.82655860       0.82396093       3.98595362
  4131       0.81461617       0.83192255       4.00227941
  4132       0.81833722       0.82944186       3.99917855
  4133       0.82205826       0.82696116       3.99607768
  4134       0.82577930       0.82448047       3.99297681
  4135       0.82950034       0.82199977       3.98987594
  4136       0.81755792       0.82996139       4.00620174
  4137       0.82127896       0.82748069       4.00310087
  4138       0.82500000       0.82500000       4.00000000
  4139       0.82872104       0.82251931       3.99689913
  4140       0.83244208       0.82003861       3.99379826
  4141       0.82049966       0.82800023       4.01012406
  4142       0.82422070       0.82551953       4.00702319
  4143       0.82794174       0.82303884       4.00392232
  4144       0.83166278       0.82055814       4.00082145
  4145       0.83538383       0.81807745       3.99772059
  4146       0.82344140       0.82603907       4.01404638
  4147       0.82716244       0.82355837       4.01094551
  4148       0.83088348       0.82107768       4.00784465
  4149       0.83460453       0.81859698       4.00474378
  4150       0.83832557       0.81611629       4.00164291
  4151       0.81667443       0.83888371       3.99835709
  4152       0.82039547       0.83640302       3.99525622
  4153       0.82411652       0.83392232       3.99215535
  4154       0.82783756       0.83144163       3.98905449
  4155       0.83155860       0.82896093       3.98595362
  4156       0.81961617       0.83692255       4.00227941
  4157       0.82333722       0.83444186       3.99917855
  4158       0.82705826       0.83196116       3.99607768
  4159       0.83077930       0.82948047       3.99297681
  4160       0.83450034       0.82699977       3.98987594
  4161       0.82255792       0.83496139       4.00620174
  4162       0.82627896       0.83248069       4.00310087
  4163       0.83000000       0.83000000       4.00000000
  4164       0.83372104       0.82751931       3.99689913
  4165       0.83744208       0.82503861       3.99379826
  4166       0.82549966       0.83300023       4.01012406
  4167       0.82922070       0.83051953       4.00702319
  4168       0.83294174       0.82803884       4.00392232
  4169       0.83666278       0.82555814       4.00082145
  4170       0.84038383       0.82307745       3.99772059
  4171       0.82844140       0.83103907       4.01404638
  4172       0.83216244       0.82855837       4.01094551
  4173       0.83588348       0.82607768       4.00784465
  4174       0.83960453       0.82359698       4.00474378
  4175       0.84332557       0.82111629       4.00164291
  4176       0.82167443       0.84388371       3.99835709
  4177       0.82539547       0.84140302       3.99525622
  4178       0.82911652       0.83892232       3.99215535
  4179       0.83283756       0.83644163       3.98905449
  4180       0.83655860       0.83396093       3.98595362
  4181       0.82461617       0.84192255       4.00227941
  4182       0.82833722       0.83944186       3.99917855
  4183       0.83205826       0.83696116       3.99607768
  4184       0.83577930       0.83448047       3.99297681
  4185       0.83950034       0.83199977       3.98987594
  4186       0.82755792       0.83996139       4.00620174
  4187       0.83127896       0.83748069       4.00310087
  4188       0.83500000       0.83500000       4.00000000
  4189       0.83872104       0.83251931       3.99689913
  4190       0.84244208       0.83003861       3.99379826
  4191       0.83049966       0.83800023       4.01012406
  4192       0.83422070       0.83551953       4.00702319
  4193       0.83794174       0.83303884       4.00392232
  4194       0.84166278       0.83055814       4.00082145
  4195       0.84538383       0.82807745       3.99772059
  4196       0.83344140       0.83603907       4.01404638
  4197       0.83716244       0.83355837       4.01094551
  4198       0.84088348       0.83107768       4.00784465
  4199       0.84460453       0.82859698       4.00474378
  4200       0.84832557       0.82611629       4.00164291
  4201       0.82667443       0.84888371       3.99835709
  4202       0.83039547       0.84640302       3.99525622
  4203       0.83411652       0.84392232       3.99215535
  4204       0.83783756       0.84144163       3.98905449
  4205       0.84155860       0.83896093       3.98595362
  4206       0.82961617       0.84692255       4.00227941
  4207       0.83333722       0.84444186       3.99917855
  4208       0.83705826       0.84196116       3.99607768
  4209       0.84077930       0.83948047       3.99297681
  4210       0.84450034       0.83699977       3.98987594
  4211       0.83255792       0.84496139       4.00620174
  4212       0.83627896       0.84248069       4.00310087
  4213       0.84000000       0.84000000       4.00000000
  4214       0.84372104       0.83751931       3.99689913
  4215       0.84744208       0.83503861       3.99379826
  4216       0.83549966       0.84300023       4.01012406
  4217       0.83922070       0.84051953       4.00702319
  4218       0.84294174       0.83803884       4.00392232
  4219       0.84666278       0.83555814       4.00082145
  4220       0.85038383       0.83307745       3.99772059
  4221       0.83844140       0.84103907       4.01404638
  4222       0.84216244       0.83855837       4.01094551
  4223       0.84588348       0.83607768       4.00784465
  4224       0.84960453       0.83359698       4.00474378
  4225       0.85332557       0.83111629       4.00164291
  4226       0.83167443       0.85388371       3.99835709
  4227       0.83539547       0.85140302       3.99525622
  4228       0.83911652       0.84892232       3.99215535
  4229       0.84283756       0.84644163       3.98905449
  4230       0.84655860       0.84396093       3.98595362
  4231       0.83461617       0.85192255       4.00227941
  4232       0.83833722       0.84944186       3.99917855
  4233       0.84205826       0.84696116       3.99607768
  4234       0.84577930       0.84448047       3.99297681
  4235       0.84950034       0.84199977       3.98987594
  4236       0.83755792       0.84996139       4.00620174
  4237       0.84127896       0.84748069       4.00310087
  4238       0.84500000       0.84500000       4.00000000
  4239       0.84872104       0.84251931       3.99689913
  4240       0.85244208       0.84003861       3.99379826
  4241       0.84049966       0.84800023       4.01012406
  4242       0.84422070       0.84551953       4.00702319
  4243       0.84794174       0.84303884       4.00392232
  4244       0.85166278       0.84055814       4.00082145
  4245       0.85538383       0.83807745       3.99772059
  4246       0.84344140       0.84603907       4.01404638
  4247       0.84716244       0.84355837       4.01094551
  4248       0.85088348       0.84107768       4.00784465
  4249       0.85460453       0.83859698       4.00474378
  4250       0.85832557       0.83611629       4.00164291
  4251       0.83667443       0.85888371       3.99835709
  4252       0.84039547       0.85640302       3.99525622
  4253       0.84411652       0.85392232       3.99215535
  4254       0.84783756       0.85144163       3.98905449
  4255       0.85155860       0.84896093       3.98595362
  4256       0.83961617       0.85692255       4.00227941
  4257       0.84333722       0.85444186       3.99917855
  4258       0.84705826       0.85196116       3.99607768
  4259       0.85077930       0.84948047       3.99297681
  4260       0.85450034       0.84699977       3.98987594
  4261       0.84255792       0.85496139       4.00620174
  4262       0.84627896       0.85248069       4.00310087
  4263       0.85000000       0.85000000       4.00000000
  4264       0.85372104       0.84751931       3.99689913
  4265       0.85744208       0.84503861       3.99379826
  4266       0.84549966       0.85300023       4.01012406
  4267       0.84922070       0.85051953       4.00702319
  4268       0.85294174       0.84803884       4.00392232
  4269       0.85666278       0.84555814       4.00082145
  4270       0.86038383       0.84307745       3.99772059
  4271       0.84844140       0.85103907       4.01404638
  4272       0.85216244       0.84855837       4.01094551
  4273       0.85588348       0.84607768       4.00784465
  4274       0.85960453       0.84359698       4.00474378
  4275       0.86332557       0.84111629       4.00164291
  4276       0.84167443       0.86388371       3.99835709
  4277       0.84539547       0.86140302       3.99525622
  4278       0.84911652       0.85892232       3.99215535
  4279       0.85283756       0.85644163       3.98905449
  4280       0.85655860       0.85396093       3.98595362
  4281       0.84461617       0.86192255       4.00227941
  4282       0.84833722       0.85944186       3.99917855
  4283       0.85205826       0.85696116       3.99607768
  4284       0.85577930       0.85448047       3.99297681
  4285       0.85950034       0.85199977       3.98987594
  4286       0.84755792       0.85996139       4.00620174
  4287       0.85127896       0.85748069       4.00310087
  4288       0.85500000       0.85500000       4.00000000
  4289       0.85872104       0.85251931       3.99689913
  4290       0.86244208       0.85003861       3.99379826
  4291       0.85049966       0.85800023       4.01012406
  4292       0.85422070       0.85551953       4.00702319
  4293       0.85794174       0.85303884       4.00392232
  4294       0.86166278       0.85055814       4.00082145
  4295       0.86538383       0.84807745       3.99772059
  4296       0.85344140       0.85603907       4.01404638
  4297       0.85716244       0.85355837       4.01094551
  4298       0.86088348       0.85107768       4.00784465
  4299       0.86460453       0.84859698       4.00474378
  4300       0.86832557       0.84611629       4.00164291
  4301       0.84667443       0.86888371       3.99835709
  4302       0.85039547       0.86640302       3.99525622
  4303       0.85411652       0.86392232       3.99215535
  4304       0.85783756       0.86144163       3.98905449
  4305       0.86155860       0.85896093       3.98595362
  4306       0.84961617       0.86692255       4.00227941
  4307       0.85333722       0.86444186       3.99917855
  4308       0.85705826       0.86196116       3.99607768
  4309       0.86077930       0.85948047       3.99297681
  4310       0.86450034       0.85699977       3.98987594
  4311       0.85255792       0.86496139       4.00620174
  4312       0.85627896       0.86248069       4.00310087
  4313       0.86000000       0.86000000       4.00000000
  4314       0.86372104       0.85751931       3.99689913
  4315       0.86744208       0.85503861       3.99379826
  4316       0.85549966       0.86300023       4.01012406
  4317       0.85922070       0.86051953       4.00702319
  4318       0.86294174       0.85803884       4.00392232
  4319       0.86666278       0.85555814       4.00082145
  4320       0.87038383       0.85307745       3.99772059
  4321       0.85844140       0.86103907       4.01404638
  4322       0.86216244       0.85855837       4.01094551
  4323       0.86588348       0.85607768       4.00784465
  4324       0.86960453       0.85359698       4.00474378
  4325       0.87332557       0.85111629       4.00164291
  4326       0.85167443       0.87388371       3.99835709
  4327       0.85539547       0.87140302       3.99525622
  4328       0.85911652       0.86892232       3.99215535
  4329       0.86283756       0.86644163       3.98905449
  4330       0.86655860       0.86396093       3.98595362
  4331       0.85461617       0.87192255       4.00227941
  4332       0.85833722       0.86944186       3.99917855
  4333       0.86205826       0.86696116       3.99607768
  4334       0.86577930       0.86448047       3.99297681
  4335       0.86950034       0.86199977       3.98987594
  4336       0.85755792       0.86996139       4.00620174
  4337       0.86127896       0.86748069       4.00310087
  4338       0.86500000       0.86500000       4.00000000
  4339       0.86872104       0.86251931       3.99689913
  4340       0.87244208       0.86003861       3.99379826
  4341       0.86049966       0.86800023       4.01012406
  4342       0.86422070       0.86551953       4.00702319
  4343       0.86794174       0.86303884       4.00392232
  4344       0.87166278       0.86055814       4.00082145
  4345       0.87538383       0.85807745       3.99772059
  4346       0.86344140       0.86603907       4.01404638
  4347       0.86716244       0.86355837       4.01094551
  4348       0.87088348       0.86107768       4.00784465
  4349       0.87460453       0.85859698       4.00474378
  4350       0.87832557       0.85611629       4.00164291
  4351       0.85667443       0.87888371       3.99835709
  4352       0.86039547       0.87640302       3.99525622
  4353       0.86411652       0.87392232       3.99215535
  4354       0.86783756       0.87144163       3.98905449
  4355       0.87155860       0.86896093       3.98595362
  4356       0.85961617       0.87692255       4.00227941
  4357       0.86333722       0.87444186       3.99917855
  4358       0.86705826       0.87196116       3.99607768
  4359       0.87077930       0.86948047       3.99297681
  4360       0.87450034       0.86699977       3.98987594
  4361       0.86255792       0.87496139       4.00620174
  4362       0.86627896       0.87248069       4.00310087
  4363       0.87000000       0.87000000       4.00000000
  4364       0.87372104       0.86751931       3.99689913
  4365       0.87744208       0.86503861       3.99379826
  4366       0.86549966       0.87300023       4.01012406
  4367       0.86922070       0.87051953       4.00702319
  4368       0.87294174       0.86803884       4.00392232
  4369       0.87666278       0.86555814       4.00082145
  4370       0.88038383       0.86307745       3.99772059
  4371       0.86844140       0.87103907       4.01404638
  4372       0.87216244       0.86855837       4.01094551
  4373       0.87588348       0.86607768       4.00784465
  4374       0.87960453       0.86359698       4.00474378
  4375       0.88332557       0.86111629       4.00164291
  4376       0.86167443       0.88388371       3.99835709
  4377       0.86539547       0.88140302       3.99525622
  4378       0.86911652       0.87892232       3.99215535
  4379       0.87283756       0.87644163       3.98905449
  4380       0.87655860       0.87396093       3.98595362
  4381       0.86461617       0.88192255       4.00227941
  4382       0.86833722       0.87944186       3.99917855
  4383       0.87205826       0.87696116       3.99607768
  4384       0.87577930       0.87448047       3.99297681
  4385       0.87950034       0.87199977       3.98987594
  4386       0.86755792       0.87996139       4.00620174
  4387       0.87127896       0.87748069       4.00310087
  4388       0.87500000       0.87500000       4.00000000
  4389       0.87872104       0.87251931       3.99689913
  4390       0.88244208       0.87003861       3.99379826
  4391       0.87049966       0.87800023       4.01012406
  4392       0.87422070       0.87551953       4.00702319
  4393       0.87794174       0.87303884       4.00392232
  4394       0.88166278       0.87055814       4.00082145
  4395       0.88538383       0.86807745       3.99772059
  4396       0.87344140       0.87603907       4.01404638
  4397       0.87716244       0.87355837       4.01094551
  4398       0.88088348       0.87107768       4.00784465
  4399       0.88460453       0.86859698       4.00474378
  4400       0.88832557       0.86611629       4.00164291
  4401       0.86667443       0.88888371       3.99835709
  4402       0.87039547       0.88640302       3.99525622
  4403       0.87411652       0.88392232       3.99215535
  4404       0.87783756       0.88144163       3.98905449
  4405       0.88155860       0.87896093       3.98595362
  4406       0.86961617       0.88692255       4.00227941
  4407       0.87333722       0.88444186       3.99917855
  4408       0.87705826       0.88196116       3.99607768
  4409       0.88077930       0.87948047       3.99297681
  4410       0.88450034       0.87699977       3.98987594
  4411       0.87255792       0.88496139       4.00620174
  4412       0.87627896       0.88248069       4.00310087
  4413       0.88000000       0.88000000       4.00000000
  4414       0.88372104       0.87751931       3.99689913
  4415       0.88744208       0.87503861       3.99379826
  4416       0.87549966       0.88300023       4.01012406
  4417       0.87922070       0.88051953       4.00702319
  4418       0.88294174       0.87803884       4.00392232
  4419       0.88666278       0.87555814       4.00082145
  4420       0.89038383       0.87307745       3.99772059
  4421       0.87844140       0.88103907       4.01404638
  4422       0.88216244       0.87855837       4.01094551
  4423       0.88588348       0.87607768       4.00784465
  4424       0.88960453       0.87359698       4.00474378
  4425       0.89332557       0.87111629       4.00164291
  4426       0.87167443       0.89388371       3.99835709
  4427       0.87539547       0.89140302       3.99525622
  4428       0.87911652       0.88892232       3.99215535
  4429       0.88283756       0.88644163       3.98905449
  4430       0.88655860       0.88396093       3.98595362
  4431       0.87461617       0.89192255       4.00227941
  4432       0.87833722       0.88944186       3.99917855
  4433       0.88205826       0.88696116       3.99607768
  4434       0.88577930       0.88448047       3.99297681
  4435       0.88950034       0.88199977       3.98987594
  4436       0.87755792       0.88996139       4.00620174
  4437       0.88127896       0.88748069       4.00310087
  4438       0.88500000       0.88500000       4.00000000
  4439       0.88872104       0.88251931       3.99689913
  4440       0.89244208       0.88003861       3.99379826
  4441       0.88049966       0.88800023       4.01012406
  4442       0.88422070       0.88551953       4.00702319
  4443       0.88794174       0.88303884       4.00392232
  4444       0.89166278       0.88055814       4.00082145
  4445       0.89538383       0.87807745       3.99772059
  4446       0.88344140       0.88603907       4.01404638
  4447       0.88716244       0.88355837       4.01094551
  4448       0.89088348       0.88107768       4.00784465
  4449       0.89460453       0.87859698       4.00474378
  4450       0.89832557       0.87611629       4.00164291
  4451       0.87667443       0.89888371       3.99835709
  4452       0.88039547       0.89640302       3.99525622
  4453       0.88411652       0.89392232       3.99215535
  4454       0.88783756       0.89144163       3.98905449
  4455       0.89155860       0.88896093       3.98595362
  4456       0.87961617       0.89692255       4.00227941
  4457       0.88333722       0.89444186       3.99917855
  4458       0.88705826       0.89196116       3.99607768
  4459       0.89077930       0.88948047       3.99297681
  4460       0.89450034       0.88699977       3.98987594
  4461       0.88255792       0.89496139       4.00620174
  4462       0.88627896       0.89248069       4.00310087
  4463       0.89000000       0.89000000       4.00000000
  4464       0.89372104       0.88751931       3.99689913
  4465       0.89744208       0.88503861       3.99379826
  4466       0.88549966       0.89300023       4.01012406
  4467       0.88922070       0.89051953       4.00702319
  4468       0.89294174       0.88803884       4.00392232
  4469       0.89666278       0.88555814       4.00082145
  4470       0.90038383       0.88307745       3.99772059
  4471       0.88844140       0.89103907       4.01404638
  4472       0.89216244       0.88855837       4.01094551
  4473       0.89588348       0.88607768       4.00784465
  4474       0.89960453       0.88359698       4.00474378
  4475       0.90332557       0.88111629       4.00164291
  4476       0.88167443       0.90388371       3.99835709
  4477       0.88539547       0.90140302       3.99525622
  4478       0.88911652       0.89892232       3.99215535
  4479       0.89283756       0.89644163       3.98905449
  4480       0.89655860       0.89396093       3.98595362
  4481       0.88461617       0.90192255       4.00227941
  4482       0.88833722       0.89944186       3.99917855
  4483       0.89205826       0.89696116       3.99607768
  4484       0.89577930       0.89448047       3.99297681
  4485       0.89950034       0.89199977       3.98987594
  4486       0.88755792       0.89996139       4.00620174
  4487       0.89127896       0.89748069       4.00310087
  4488       0.89500000       0.89500000       4.00000000
  4489       0.89872104       0.89251931       3.99689913
  4490       0.90244208       0.89003861       3.99379826
  4491       0.89049966       0.89800023       4.01012406
  4492       0.89422070       0.89551953       4.00702319
  4493       0.89794174       0.89303884       4.00392232
  4494       0.90166278       0.89055814       4.00082145
  4495       0.90538383       0.88807745       3.99772059
  4496       0.89344140       0.89603907       4.01404638
  4497       0.89716244       0.89355837       4.01094551
  4498       0.90088348       0.89107768       4.00784465
  4499       0.90460453       0.88859698       4.00474378
  4500       0.90832557       0.88611629       4.00164291
  4501       0.88667443       0.90888371       3.99835709
  4502       0.89039547       0.90640302       3.99525622
  4503       0.89411652       0.90392232       3.99215535
  4504       0.89783756       0.90144163       3.98905449
  4505       0.90155860       0.89896093       3.98595362
  4506       0.88961617       0.90692255       4.00227941
  4507       0.89333722       0.90444186       3.99917855
  4508       0.89705826       0.90196116       3.99607768
  4509       0.90077930       0.89948047       3.99297681
  4510       0.90450034       0.89699977       3.98987594
  4511       0.89255792       0.90496139       4.00620174
  4512       0.89627896       0.90248069       4.00310087
  4513       0.90000000       0.90000000       4.00000000
  4514       0.90372104       0.89751931       3.99689913
  4515       0.90744208       0.89503861       3.99379826
  4516       0.89549966       0.90300023       4.01012406
  4517       0.89922070       0.90051953       4.00702319
  4518       0.90294174       0.89803884       4.00392232
  4519       0.90666278       0.89555814       4.00082145
  4520       0.91038383       0.89307745       3.99772059
  4521       0.89844140       0.90103907       4.01404638
  4522       0.90216244       0.89855837       4.01094551
  4523       0.90588348       0.89607768       4.00784465
  4524       0.90960453       0.89359698       4.00474378
  4525       0.91332557       0.89111629       4.00164291
  4526       0.89167443       0.91388371       3.99835709
  4527       0.89539547       0.91140302       3.99525622
  4528       0.89911652       0.90892232       3.99215535
  4529       0.90283756       0.90644163       3.98905449
  4530       0.90655860       0.90396093       3.98595362
  4531       0.89461617       0.91192255       4.00227941
  4532       0.89833722       0.90944186       3.99917855
  4533       0.90205826       0.90696116       3.99607768
  4534       0.90577930       0.90448047       3.99297681
  4535       0.90950034       0.90199977       3.98987594
  4536       0.89755792       0.90996139       4.00620174
  4537       0.90127896       0.90748069       4.00310087
  4538       0.90500000       0.90500000       4.00000000
  4539       0.90872104       0.90251931       3.99689913
  4540       0.91244208       0.90003861       3.99379826
  4541       0.90049966       0.90800023       4.01012406
  4542       0.90422070       0.90551953       4.00702319
  4543       0.90794174       0.90303884       4.00392232
  4544       0.91166278       0.90055814       4.00082145
  4545       0.91538383       0.89807745       3.99772059
  4546       0.90344140       0.90603907       4.01404638
  4547       0.90716244       0.90355837       4.01094551
  4548       0.91088348       0.90107768       4.00784465
  4549       0.91460453       0.89859698       4.00474378
  4550       0.91832557       0.89611629       4.00164291
  4551       0.89667443       0.91888371       3.99835709
  4552       0.90039547       0.91640302       3.99525622
  4553       0.90411652       0.91392232       3.99215535
  4554       0.90783756       0.91144163       3.98905449
  4555       0.91155860       0.90896093       3.98595362
  4556       0.89961617       0.91692255       4.00227941
  4557       0.90333722       0.91444186       3.99917855
  4558       0.90705826       0.91196116       3.99607768
  4559       0.91077930       0.90948047       3.99297681
  4560       0.91450034       0.90699977       3.98987594
  4561       0.90255792       0.91496139       4.00620174
  4562       0.90627896       0.91248069       4.00310087
  4563       0.91000000       0.91000000       4.00000000
  4564       0.91372104       0.90751931       3.99689913
  4565       0.91744208       0.90503861       3.99379826
  4566       0.90549966       0.91300023       4.01012406
  4567       0.90922070       0.91051953       4.00702319
  4568       0.91294174       0.90803884       4.00392232
  4569       0.91666278       0.90555814       4.00082145
  4570       0.92038383       0.90307745       3.99772059
  4571       0.90844140       0.91103907       4.01404638
  4572       0.91216244       0.90855837       4.01094551
  4573       0.91588348       0.90607768       4.00784465
  4574       0.91960453       0.90359698       4.00474378
  4575       0.92332557       0.90111629       4.00164291
  4576       0.90167443       0.92388371       3.99835709
  4577       0.90539547       0.92140302       3.99525622
  4578       0.90911652       0.91892232       3.99215535
  4579       0.91283756       0.91644163       3.98905449
  4580       0.91655860       0.91396093       3.98595362
  4581       0.90461617       0.92192255       4.00227941
  4582       0.90833722       0.91944186       3.99917855
  4583       0.91205826       0.91696116       3.99607768
  4584       0.91577930       0.91448047       3.99297681
  4585       0.91950034       0.91199977       3.98987594
  4586       0.90755792       0.91996139       4.00620174
  4587       0.91127896       0.91748069       4.00310087
  4588       0.91500000       0.91500000       4.00000000
  4589       0.91872104       0.91251931       3.99689913
  4590       0.92244208       0.91003861       3.99379826
  4591       0.91049966       0.91800023       4.01012406
  4592       0.91422070       0.91551953       4.00702319
  4593       0.91794174       0.91303884       4.00392232
  4594       0.92166278       0.91055814       4.00082145
  4595       0.92538383       0.90807745       3.99772059
  4596       0.91344140       0.91603907       4.01404638
  4597       0.91716244       0.91355837       4.01094551
  4598       0.92088348       0.91107768       4.00784465
  4599       0.92460453       0.90859698       4.00474378
  4600       0.92832557       0.90611629       4.00164291
  4601       0.90667443       0.92888371       3.99835709
  4602       0.91039547       0.92640302       3.99525622
  4603       0.91411652       0.92392232       3.99215535
  4604       0.91783756       0.92144163       3.98905449
  4605       0.92155860       0.91896093       3.98595362
  4606       0.90961617       0.92692255       4.00227941
  4607       0.91333722       0.92444186       3.99917855
  4608       0.91705826       0.92196116       3.99607768
  4609       0.92077930       0.91948047       3.99297681
  4610       0.92450034       0.91699977       3.98987594
  4611       0.91255792       0.92496139       4.00620174
  4612       0.91627896       0.92248069       4.00310087
  4613       0.92000000       0.92000000       4.00000000
  4614       0.92372104       0.91751931       3.99689913
  4615       0.92744208       0.91503861       3.99379826
  4616       0.91549966       0.92300023       4.01012406
  4617       0.91922070       0.92051953       4.00702319
  4618       0.92294174       0.91803884       4.00392232
  4619       0.92666278       0.91555814       4.00082145
  4620       0.93038383       0.91307745       3.99772059
  4621       0.91844140       0.92103907       4.01404638
  4622       0.92216244       0.91855837       4.01094551
  4623       0.92588348       0.91607768       4.00784465
  4624       0.92960453       0.91359698       4.00474378
  4625       0.93332557       0.91111629       4.00164291
  4626       0.91167443       0.93388371       3.99835709
  4627       0.91539547       0.93140302       3.99525622
  4628       0.91911652       0.92892232       3.99215535
  4629       0.92283756       0.92644163       3.98905449
  4630       0.92655860       0.92396093       3.98595362
  4631       0.91461617       0.93192255       4.00227941
  4632       0.91833722       0.92944186       3.99917855
  4633       0.92205826       0.92696116       3.99607768
  4634       0.92577930       0.92448047       3.99297681
  4635       0.92950034       0.92199977       3.98987594
  4636       0.91755792       0.92996139       4.00620174
  4637       0.92127896       0.92748069       4.00310087
  4638       0.92500000       0.92500000       4.00000000
  4639       0.92872104       0.92251931       3.99689913
  4640       0.93244208       0.92003861       3.99379826
  4641       0.92049966       0.92800023       4.01012406
  4642       0.92422070       0.92551953       4.00702319
  4643       0.92794174       0.92303884       4.00392232
  4644       0.93166278       0.92055814       4.00082145
  4645       0.93538383       0.91807745       3.99772059
  4646       0.92344140       0.92603907       4.01404638
  4647       0.92716244       0.92355837       4.01094551
  4648       0.93088348       0.92107768       4.00784465
  4649       0.93460453       0.91859698       4.00474378
  4650       0.93832557       0.91611629       4.00164291
  4651       0.91667443       0.93888371       3.99835709
  4652       0.92039547       0.93640302       3.99525622
  4653       0.92411652       0.93392232       3.99215535
  4654       0.92783756       0.93144163       3.98905449
  4655       0.93155860       0.92896093       3.98595362
  4656       0.91961617       0.93692255       4.00227941
  4657       0.92333722       0.93444186       3.99917855
  4658       0.92705826       0.93196116       3.99607768
  4659       0.93077930       0.92948047       3.99297681
  4660       0.93450034       0.92699977       3.98987594
  4661       0.92255792       0.93496139       4.00620174
  4662       0.92627896       0.93248069       4.00310087
  4663       0.93000000       0.93000000       4.00000000
  4664       0.93372104       0.92751931       3.99689913
  4665       0.93744208       0.92503861       3.99379826
  4666       0.92549966       0.93300023       4.01012406
  4667       0.92922070       0.93051953       4.00702319
  4668       0.93294174       0.92803884       4.00392232
  4669       0.93666278       0.92555814       4.00082145
  4670       0.94038383       0.92307745       3.99772059
  4671       0.92844140       0.93103907       4.01404638
  4672       0.93216244       0.92855837       4.01094551
  4673       0.93588348       0.92607768       4.00784465
  4674       0.93960453       0.92359698       4.00474378
  4675       0.94332557       0.92111629       4.00164291
  4676       0.92167443       0.94388371       3.99835709
  4677       0.92539547       0.94140302       3.99525622
  4678       0.92911652       0.93892232       3.99215535
  4679       0.93283756       0.93644163       3.98905449
  4680       0.93655860       0.93396093       3.98595362
  4681       0.92461617       0.94192255       4.00227941
  4682       0.92833722       0.93944186       3.99917855
  4683       0.93205826       0.93696116       3.99607768
  4684       0.93577930       0.93448047       3.99297681
  4685       0.93950034       0.93199977       3.98987594
  4686       0.92755792       0.93996139       4.00620174
  4687       0.93127896       0.93748069       4.00310087
  4688       0.93500000       0.93500000       4.00000000
  4689       0.93872104       0.93251931       3.99689913
  4690       0.94244208       0.93003861       3.99379826
  4691       0.93049966       0.93800023       4.01012406
  4692       0.93422070       0.93551953       4.00702319
  4693       0.93794174       0.93303884       4.00392232
  4694       0.94166278       0.93055814       4.00082145
  4695       0.94538383       0.92807745       3.99772059
  4696       0.93344140       0.93603907       4.01404638
  4697       0.93716244       0.93355837       4.01094551
  4698       0.94088348       0.93107768       4.00784465
  4699       0.94460453       0.92859698       4.00474378
  4700       0.94832557       0.92611629       4.00164291
  4701       0.92667443       0.94888371       3.99835709
  4702       0.93039547       0.94640302       3.99525622
  4703       0.93411652       0.94392232       3.99215535
  4704       0.93783756       0.94144163       3.98905449
  4705       0.94155860       0.93896093       3.98595362
  4706       0.92961617       0.94692255       4.00227941
  4707       0.93333722       0.94444186       3.99917855
  4708       0.93705826       0.94196116       3.99607768
  4709       0.94077930       0.93948047       3.99297681
  4710       0.94450034       0.93699977       3.98987594
  4711       0.93255792       0.94496139       4.00620174
  4712       0.93627896       0.94248069       4.00310087
  4713       0.94000000       0.94000000       4.00000000
  4714       0.94372104       0.93751931       3.99689913
  4715       0.94744208       0.93503861       3.99379826
  4716       0.93549966       0.94300023       4.01012406
  4717       0.93922070       0.94051953       4.00702319
  4718       0.94294174       0.93803884       4.00392232
  4719       0.94666278       0.93555814       4.00082145
  4720       0.95038383       0.93307745       3.99772059
  4721       0.93844140       0.94103907       4.01404638
  4722       0.94216244       0.93855837       4.01094551
  4723       0.94588348       0.93607768       4.00784465
  4724       0.94960453       0.93359698       4.00474378
  4725       0.95332557       0.93111629       4.00164291
  4726       0.93167443       0.95388371       3.99835709
  4727       0.93539547       0.95140302       3.99525622
  4728       0.93911652       0.94892232       3.99215535
  4729       0.94283756       0.94644163       3.98905449
  4730       0.94655860       0.94396093       3.98595362
  4731       0.93461617       0.95192255       4.00227941
  4732       0.93833722       0.94944186       3.99917855
  4733       0.94205826       0.94696116       3.99607768
  4734       0.94577930       0.94448047       3.99297681
  4735       0.94950034       0.94199977       3.98987594
  4736       0.93755792       0.94996139       4.00620174
  4737       0.94127896       0.94748069       4.00310087
  4738       0.94500000       0.94500000       4.00000000
  4739       0.94872104       0.94251931       3.99689913
  4740       0.95244208       0.94003861       3.99379826
  4741       0.94049966       0.94800023       4.01012406
  4742       0.94422070       0.94551953       4.00702319
  4743       0.94794174       0.94303884       4.00392232
  4744       0.95166278       0.94055814       4.00082145
  4745       0.95538383       0.93807745       3.99772059
  4746       0.94344140       0.94603907       4.01404638
  4747       0.94716244       0.94355837       4.01094551
  4748       0.95088348       0.94107768       4.00784465
  4749       0.95460453       0.93859698       4.00474378
  4750       0.95832557       0.93611629       4.00164291
  4751       0.93667443       0.95888371       3.99835709
  4752       0.94039547       0.95640302       3.99525622
  4753       0.94411652       0.95392232       3.99215535
  4754       0.94783756       0.95144163       3.98905449
  4755       0.95155860       0.94896093       3.98595362
  4756       0.93961617       0.95692255       4.00227941
  4757       0.94333722       0.95444186       3.99917855
  4758       0.94705826       0.95196116       3.99607768
  4759       0.95077930       0.94948047       3.99297681
  4760       0.95450034       0.94699977       3.98987594
  4761       0.94255792       0.95496139       4.00620174
  4762       0.94627896       0.95248069       4.00310087
  4763       0.95000000       0.95000000       4.00000000
  4764       0.95372104       0.94751931       3.99689913
  4765       0.95744208       0.94503861       3.99379826
  4766       0.94549966       0.95300023       4.01012406
  4767       0.94922070       0.95051953       4.00702319
  4768       0.95294174       0.94803884       4.00392232
  4769       0.95666278       0.94555814       4.00082145
  4770       0.96038383       0.94307745       3.99772059
  4771       0.94844140       0.95103907       4.01404638
  4772       0.95216244       0.94855837       4.01094551
  4773       0.95588348       0.94607768       4.00784465
  4774       0.95960453       0.94359698       4.00474378
  4775       0.96332557       0.94111629       4.00164291
  4776       0.94167443       0.96388371       3.99835709
  4777       0.94539547       0.96140302       3.99525622
  4778       0.94911652       0.95892232       3.99215535
  4779       0.95283756       0.95644163       3.98905449
  4780       0.95655860       0.95396093       3.98595362
  4781       0.94461617       0.96192255       4.00227941
  4782       0.94833722       0.95944186       3.99917855
  4783       0.95205826       0.95696116       3.99607768
  4784       0.95577930       0.95448047       3.99297681
  4785       0.95950034       0.95199977       3.98987594
  4786       0.94755792       0.95996139       4.00620174
  4787       0.95127896       0.95748069       4.00310087
  4788       0.95500000       0.95500000       4.00000000
  4789       0.95872104       0.95251931       3.99689913
  4790       0.96244208       0.95003861       3.99379826
  4791       0.95049966       0.95800023       4.01012406
  4792       0.95422070       0.95551953       4.00702319
  4793       0.95794174       0.95303884       4.00392232
  4794       0.96166278       0.95055814       4.00082145
  4795       0.96538383       0.94807745       3.99772059
  4796       0.95344140       0.95603907       4.01404638
  4797       0.95716244       0.95355837       4.01094551
  4798       0.96088348       0.95107768       4.00784465
  4799       0.96460453       0.94859698       4.00474378
  4800       0.96832557       0.94611629       4.00164291
  4801       0.94667443       0.96888371       3.99835709
  4802       0.95039547       0.96640302       3.99525622
  4803       0.95411652       0.96392232       3.99215535
  4804       0.95783756       0.96144163       3.98905449
  4805       0.96155860       0.95896093       3.98595362
  4806       0.94961617       0.96692255       4.00227941
  4807       0.95333722       0.96444186       3.99917855
  4808       0.95705826       0.96196116       3.99607768
  4809       0.96077930       0.95948047       3.99297681
  4810       0.96450034       0.95699977       3.98987594
  4811       0.95255792       0.96496139       4.00620174
  4812       0.95627896       0.96248069       4.00310087
  4813       0.96000000       0.96000000       4.00000000
  4814       0.96372104       0.95751931       3.99689913
  4815       0.96744208       0.95503861       3.99379826
  4816       0.95549966       0.96300023       4.01012406
  4817       0.95922070       0.96051953       4.00702319
  4818       0.96294174       0.95803884       4.00392232
  4819       0.96666278       0.95555814       4.00082145
  4820       0.97038383       0.95307745       3.99772059
  4821       0.95844140       0.96103907       4.01404638
  4822       0.96216244       0.95855837       4.01094551
  4823       0.96588348       0.95607768       4.00784465
  4824       0.96960453       0.95359698       4.00474378
  4825       0.97332557       0.95111629       4.00164291
  4826       0.95167443       0.97388371       3.99835709
  4827       0.95539547       0.97140302       3.99525622
  4828       0.95911652       0.96892232       3.99215535
  4829       0.96283756       0.96644163       3.98905449
  4830       0.96655860       0.96396093       3.98595362
  4831       0.95461617       0.97192255       4.00227941
  4832       0.95833722       0.96944186       3.99917855
  4833       0.96205826       0.96696116       3.99607768
  4834       0.96577930       0.96448047       3.99297681
  4835       0.96950034       0.96199977       3.98987594
  4836       0.95755792       0.96996139       4.00620174
  4837       0.96127896       0.96748069       4.00310087
  4838       0.96500000       0.96500000       4.00000000
  4839       0.96872104       0.96251931       3.99689913
  4840       0.97244208       0.96003861       3.99379826
  4841       0.96049966       0.96800023       4.01012406
  4842       0.96422070       0.96551953       4.00702319
  4843       0.96794174       0.96303884       4.00392232
  4844       0.97166278       0.96055814       4.00082145
  4845       0.97538383       0.95807745       3.99772059
  4846       0.96344140       0.96603907       4.01404638
  4847       0.96716244       0.96355837       4.01094551
  4848       0.97088348       0.96107768       4.00784465
  4849       0.97460453       0.95859698       4.00474378
  4850       0.97832557       0.95611629       4.00164291
  4851       0.95667443       0.97888371       3.99835709
  4852       0.96039547       0.97640302       3.99525622
  4853       0.96411652       0.97392232       3.99215535
  4854       0.96783756       0.97144163       3.98905449
  4855       0.97155860       0.96896093       3.98595362
  4856       0.95961617       0.97692255       4.00227941
  4857       0.96333722       0.97444186       3.99917855
  4858       0.96705826       0.97196116       3.99607768
  4859       0.97077930       0.96948047       3.99297681
  4860       0.97450034       0.96699977       3.98987594
  4861       0.96255792       0.97496139       4.00620174
  4862       0.96627896       0.97248069       4.00310087
  4863       0.97000000       0.97000000       4.00000000
  4864       0.97372104       0.96751931       3.99689913
  4865       0.97744208       0.96503861       3.99379826
  4866       0.96549966       0.97300023       4.01012406
  4867       0.96922070       0.97051953       4.00702319
  4868       0.97294174       0.96803884       4.00392232
  4869       0.97666278       0.96555814       4.00082145
  4870       0.98038383       0.96307745       3.99772059
  4871       0.96844140       0.97103907       4.01404638
  4872       0.97216244       0.96855837       4.01094551
  4873       0.97588348       0.96607768       4.00784465
  4874       0.97960453       0.96359698       4.00474378
  4875       0.98332557       0.96111629       4.00164291
  4876       0.96167443       0.98388371       3.99835709
  4877       0.96539547       0.98140302       3.99525622
  4878       0.96911652       0.97892232       3.99215535
  4879       0.97283756       0.97644163       3.98905449
  4880       0.97655860       0.97396093       3.98595362
  4881       0.96461617       0.98192255       4.00227941
  4882       0.96833722       0.97944186       3.99917855
  4883       0.97205826       0.97696116       3.99607768
  4884       0.97577930       0.97448047       3.99297681
  4885       0.97950034       0.97199977       3.98987594
  4886       0.96755792       0.97996139       4.00620174
  4887       0.97127896       0.97748069       4.00310087
  4888       0.97500000       0.97500000       4.00000000
  4889       0.97872104       0.97251931       3.99689913
  4890       0.98244208       0.97003861       3.99379826
  4891       0.97049966       0.97800023       4.01012406
  4892       0.97422070       0.97551953       4.00702319
  4893       0.97794174       0.97303884       4.00392232
  4894       0.98166278       0.97055814       4.00082145
  4895       0.98538383       0.96807745       3.99772059
  4896       0.97344140       0.97603907       4.01404638
  4897       0.97716244       0.97355837       4.01094551
  4898       0.98088348       0.97107768       4.00784465
  4899       0.98460453       0.96859698       4.00474378
  4900       0.98832557       0.96611629       4.00164291
  4901       0.96667443       0.98888371       3.99835709
  4902       0.97039547       0.98640302       3.99525622
  4903       0.97411652       0.98392232       3.99215535
  4904       0.97783756       0.98144163       3.98905449
  4905       0.98155860       0.97896093       3.98595362
  4906       0.96961617       0.98692255       4.00227941
  4907       0.97333722       0.98444186       3.99917855
  4908       0.97705826       0.98196116       3.99607768
  4909       0.98077930       0.97948047       3.99297681
  4910       0.98450034       0.97699977       3.98987594
  4911       0.97255792       0.98496139       4.00620174
  4912       0.97627896       0.98248069       4.00310087
  4913       0.98000000       0.98000000       4.00000000
  4914       0.98372104       0.97751931       3.99689913
  4915       0.98744208       0.97503861       3.99379826
  4916       0.97549966       0.98300023       4.01012406
  4917       0.97922070       0.98051953       4.00702319
  4918       0.98294174       0.97803884       4.00392232
  4919       0.98666278       0.97555814       4.00082145
  4920       0.99038383       0.97307745       3.99772059
  4921       0.97844140       0.98103907       4.01404638
  4922       0.98216244       0.97855837       4.01094551
  4923       0.98588348       0.97607768       4.00784465
  4924       0.98960453       0.97359698       4.00474378
  4925       0.99332557       0.97111629       4.00164291
  4926       0.97167443       0.99388371       3.99835709
  4927       0.97539547       0.99140302       3.99525622
  4928       0.97911652       0.98892232       3.99215535
  4929       0.98283756       0.98644163       3.98905449
  4930       0.98655860       0.98396093       3.98595362
  4931       0.97461617       0.99192255       4.00227941
  4932       0.97833722       0.98944186       3.99917855
  4933       0.98205826       0.98696116       3.99607768
  4934       0.98577930       0.98448047       3.99297681
  4935       0.98950034       0.98199977       3.98987594
  4936       0.97755792       0.98996139       4.00620174
  4937       0.98127896       0.98748069       4.00310087
  4938       0.98500000       0.98500000       4.00000000
  4939       0.98872104       0.98251931       3.99689913
  4940       0.99244208       0.98003861       3.99379826
  4941       0.98049966       0.98800023       4.01012406
  4942       0.98422070       0.98551953       4.00702319
  4943       0.98794174       0.98303884       4.00392232
  4944       0.99166278       0.98055814       4.00082145
  4945       0.99538383       0.97807745       3.99772059
  4946       0.98344140       0.98603907       4.01404638
  4947       0.98716244       0.98355837       4.01094551
  4948       0.99088348       0.98107768       4.00784465
  4949       0.99460453       0.97859698       4.00474378
  4950       0.99832557       0.97611629       4.00164291
  4951       0.97667443       0.99888371       3.99835709
  4952       0.98039547       0.99640302       3.99525622
  4953       0.98411652       0.99392232       3.99215535
  4954       0.98783756       0.99144163       3.98905449
  4955       0.99155860       0.98896093       3.98595362
  4956       0.97961617       0.99692255       4.00227941
  4957       0.98333722       0.99444186       3.99917855
  4958       0.98705826       0.99196116       3.99607768
  4959       0.99077930       0.98948047       3.99297681
  4960       0.99450034       0.98699977       3.98987594
  4961       0.98255792       0.99496139       4.00620174
  4962       0.98627896       0.99248069       4.00310087
  4963       0.99000000       0.99000000       4.00000000
  4964       0.99372104       0.98751931       3.99689913
  4965       0.99744208       0.98503861       3.99379826
  4966       0.98549966       0.99300023       4.01012406
  4967       0.98922070       0.99051953       4.00702319
  4968       0.99294174       0.98803884       4.00392232
  4969       0.99666278       0.98555814       4.00082145
  4970       1.00038383       0.98307745       3.99772059
  4971       0.98844140       0.99103907       4.01404638
  4972       0.99216244       0.98855837       4.01094551
  4973       0.99588348       0.98607768       4.00784465
  4974       0.99960453       0.98359698       4.00474378
  4975       1.00332557       0.98111629       4.00164291
  4976       0.98167443       1.00388371       3.99835709
  4977       0.98539547       1.00140302       3.99525622
  4978       0.98911652       0.99892232       3.99215535
  4979       0.99283756       0.99644163       3.98905449
  4980       0.99655860       0.99396093       3.98595362
  4981       0.98461617       1.00192255       4.00227941
  4982       0.98833722       0.99944186       3.99917855
  4983       0.99205826       0.99696116       3.99607768
  4984       0.99577930       0.99448047       3.99297681
  4985       0.99950034       0.99199977       3.98987594
  4986       0.98755792       0.99996139       4.00620174
  4987       0.99127896       0.99748069       4.00310087
  4988       0.99500000       0.99500000       4.00000000
  4989       0.99872104       0.99251931       3.99689913
  4990       1.00244208       0.99003861       3.99379826
  4991       0.99049966       0.99800023       4.01012406
  4992       0.99422070       0.99551953       4.00702319
  4993       0.99794174       0.99303884       4.00392232
  4994       1.00166278       0.99055814       4.00082145
  4995       1.00538383       0.98807745       3.99772059
  4996       0.99344140       0.99603907       4.01404638
  4997       0.99716244       0.99355837       4.01094551
  4998       1.00088348       0.99107768       4.00784465
  4999       1.00460453       0.98859698       4.00474378
  5000       1.00832557       0.98611629       4.00164291
  5001       0.98667443       1.00888371       3.99835709
  5002       0.99039547       1.00640302       3.99525622
  5003       0.99411652       1.00392232       3.99215535
  5004       0.99783756       1.00144163       3.98905449
  5005       1.00155860       0.99896093       3.98595362
  5006       0.98961617       1.00692255       4.00227941
  5007       0.99333722       1.00444186       3.99917855
  5008       0.99705826       1.00196116       3.99607768
  5009       1.00077930       0.99948047       3.99297681
  5010       1.00450034       0.99699977       3.98987594
  5011       0.99255792       1.00496139       4.00620174
  5012       0.99627896       1.00248069       4.00310087
  5013       1.00000000       1.00000000       4.00000000
  5014       1.00372104       0.99751931       3.99689913
  5015       1.00744208       0.99503861       3.99379826
  5016       0.99549966       1.00300023       4.01012406
  5017       0.99922070       1.00051953       4.00702319
  5018       1.00294174       0.99803884       4.00392232
  5019       1.00666278       0.99555814       4.00082145
  5020       1.01038383       0.99307745       3.99772059
  5021       0.99844140       1.00103907       4.01404638
  5022       1.00216244       0.99855837       4.01094551
  5023       1.00588348       0.99607768       4.00784465
  5024       1.00960453       0.99359698       4.00474378
  5025       1.01332557       0.99111629       4.00164291
  5026       0.99167443       1.01388371       3.99835709
  5027       0.99539547       1.01140302       3.99525622
  5028       0.99911652       1.00892232       3.99215535
  5029       1.00283756       1.00644163       3.98905449
  5030       1.00655860       1.00396093       3.98595362
  5031       0.99461617       1.01192255       4.00227941
  5032       0.99833722       1.00944186       3.99917855
  5033       1.00205826       1.00696116       3.99607768
  5034       1.00577930       1.00448047       3.99297681
  5035       1.00950034       1.00199977       3.98987594
  5036       0.99755792       1.00996139       4.00620174
  5037       1.00127896       1.00748069       4.00310087
  5038       1.00500000       1.00500000       4.00000000
  5039       1.00872104       1.00251931       3.99689913
  5040       1.01244208       1.00003861       3.99379826
  5041       1.00049966       1.00800023       4.01012406
  5042       1.00422070       1.00551953       4.00702319
  5043       1.00794174       1.00303884       4.00392232
  5044       1.01166278       1.00055814       4.00082145
  5045       1.01538383       0.99807745       3.99772059
  5046       1.00344140       1.00603907       4.01404638
  5047       1.00716244       1.00355837       4.01094551
  5048       1.01088348       1.00107768       4.00784465
  5049       1.01460453       0.99859698       4.00474378
  5050       1.01832557       0.99611629       4.00164291
  5051       0.99667443       1.01888371       3.99835709
  5052       1.00039547       1.01640302       3.99525622
  5053       1.00411652       1.01392232       3.99215535
  5054       1.00783756       1.01144163       3.98905449
  5055       1.01155860       1.00896093       3.98595362
  5056       0.99961617       1.01692255       4.00227941
  5057       1.00333722       1.01444186       3.99917855
  5058       1.00705826       1.01196116       3.99607768
  5059       1.01077930       1.00948047       3.99297681
  5060       1.01450034       1.00699977       3.98987594
  5061       1.00255792       1.01496139       4.00620174
  5062       1.00627896       1.01248069       4.00310087
  5063       1.01000000       1.01000000       4.00000000
  5064       1.01372104       1.00751931       3.99689913
  5065       1.01744208       1.00503861       3.99379826
  5066       1.00549966       1.01300023       4.01012406
  5067       1.00922070       1.01051953       4.00702319
  5068       1.01294174       1.00803884       4.00392232
  5069       1.01666278       1.00555814       4.00082145
  5070       1.02038383       1.00307745       3.99772059
  5071       1.00844140       1.01103907       4.01404638
  5072       1.01216244       1.00855837       4.01094551
  5073       1.01588348       1.00607768       4.00784465
  5074       1.01960453       1.00359698       4.00474378
  5075       1.02332557       1.00111629       4.00164291
  5076       1.00167443       1.02388371       3.99835709
  5077       1.00539547       1.02140302       3.99525622
  5078       1.00911652       1.01892232       3.99215535
  5079       1.01283756       1.01644163       3.98905449
  5080       1.01655860       1.01396093       3.98595362
  5081       1.00461617       1.02192255       4.00227941
  5082       1.00833722       1.01944186       3.99917855
  5083       1.01205826       1.01696116       3.99607768
  5084       1.01577930       1.01448047       3.99297681
  5085       1.01950034       1.01199977       3.98987594
  5086       1.00755792       1.01996139       4.00620174
  5087       1.01127896       1.01748069       4.00310087
  5088       1.01500000       1.01500000       4.00000000
  5089       1.01872104       1.01251931       3.99689913
  5090       1.02244208       1.01003861       3.99379826
  5091       1.01049966       1.01800023       4.01012406
  5092       1.01422070       1.01551953       4.00702319
  5093       1.01794174       1.01303884       4.00392232
  5094       1.02166278       1.01055814       4.00082145
  5095       1.02538383       1.00807745       3.99772059
  5096       1.01344140       1.01603907       4.01404638
  5097       1.01716244       1.01355837       4.01094551
  5098       1.02088348       1.01107768       4.00784465
  5099       1.02460453       1.00859698       4.00474378
  5100       1.02832557       1.00611629       4.00164291
  5101       1.00667443       1.02888371       3.99835709
  5102       1.01039547       1.02640302       3.99525622
  5103       1.01411652       1.02392232       3.99215535
  5104       1.01783756       1.02144163       3.98905449
  5105       1.02155860       1.01896093       3.98595362
  5106       1.00961617       1.02692255       4.00227941
  5107       1.01333722       1.02444186       3.99917855
  5108       1.01705826       1.02196116       3.99607768
  5109       1.02077930       1.01948047       3.99297681
  5110       1.02450034       1.01699977       3.98987594
  5111       1.01255792       1.02496139       4.00620174
  5112       1.01627896       1.02248069       4.00310087
  5113       1.02000000       1.02000000       4.00000000
  5114       1.02372104       1.01751931       3.99689913
  5115       1.02744208       1.01503861       3.99379826
  5116       1.01549966       1.02300023       4.01012406
  5117       1.01922070       1.02051953       4.00702319
  5118       1.02294174       1.01803884       4.00392232
  5119       1.02666278       1.01555814       4.00082145
  5120       1.03038383       1.01307745       3.99772059
  5121       1.01844140       1.02103907       4.01404638
  5122       1.02216244       1.01855837       4.01094551
  5123       1.02588348       1.01607768       4.00784465
  5124       1.02960453       1.01359698       4.00474378
  5125       1.03332557       1.01111629       4.00164291
  5126       1.01167443       1.03388371       3.99835709
  5127       1.01539547       1.03140302       3.99525622
  5128       1.01911652       1.02892232       3.99215535
  5129       1.02283756       1.02644163       3.98905449
  5130       1.02655860       1.02396093       3.98595362
  5131       1.01461617       1.03192255       4.00227941
  5132       1.01833722       1.02944186       3.99917855
  5133       1.02205826       1.02696116       3.99607768
  5134       1.02577930       1.02448047       3.99297681
  5135       1.02950034       1.02199977       3.98987594
  5136       1.01755792       1.02996139       4.00620174
  5137       1.02127896       1.02748069       4.00310087
  5138       1.02500000       1.02500000       4.00000000
  5139       1.02872104       1.02251931       3.99689913
  5140       1.03244208       1.02003861       3.99379826
  5141       1.02049966       1.02800023       4.01012406
  5142       1.02422070       1.02551953       4.00702319
  5143       1.02794174       1.02303884       4.00392232
  5144       1.03166278       1.02055814       4.00082145
  5145       1.03538383       1.01807745       3.99772059
  5146       1.02344140       1.02603907       4.01404638
  5147       1.02716244       1.02355837       4.01094551
  5148       1.03088348       1.02107768       4.00784465
  5149       1.03460453       1.01859698       4.00474378
  5150       1.03832557       1.01611629       4.00164291
  5151       1.01667443       1.03888371       3.99835709
  5152       1.02039547       1.03640302       3.99525622
  5153       1.02411652       1.03392232       3.99215535
  5154       1.02783756       1.03144163       3.98905449
  5155       1.03155860       1.02896093       3.98595362
  5156       1.01961617       1.03692255       4.00227941
  5157       1.02333722       1.03444186       3.99917855
  5158       1.02705826       1.03196116       3.99607768
  5159       1.03077930       1.02948047       3.99297681
  5160       1.03450034       1.02699977       3.98987594
  5161       1.02255792       1.03496139       4.00620174
  5162       1.02627896       1.03248069       4.00310087
  5163       1.03000000       1.03000000       4.00000000
  5164       1.03372104       1.02751931       3.99689913
  5165       1.03744208       1.02503861       3.99379826
  5166       1.02549966       1.03300023       4.01012406
  5167       1.02922070       1.03051953       4.00702319
  5168       1.03294174       1.02803884       4.00392232
  5169       1.03666278       1.02555814       4.00082145
  5170       1.04038383       1.02307745       3.99772059
  5171       1.02844140       1.03103907       4.01404638
  5172       1.03216244       1.02855837       4.01094551
  5173       1.03588348       1.02607768       4.00784465
  5174       1.03960453       1.02359698       4.00474378
  5175       1.04332557       1.02111629       4.00164291
  5176       1.02167443       1.04388371       3.99835709
  5177       1.02539547       1.04140302       3.99525622
  5178       1.02911652       1.03892232       3.99215535
  5179       1.03283756       1.03644163       3.98905449
  5180       1.03655860       1.03396093       3.98595362
  5181       1.02461617       1.04192255       4.00227941
  5182       1.02833722       1.03944186       3.99917855
  5183       1.03205826       1.03696116       3.99607768
  5184       1.03577930       1.03448047       3.99297681
  5185       1.03950034       1.03199977       3.98987594
  5186       1.02755792       1.03996139       4.00620174
  5187       1.03127896       1.03748069       4.00310087
  5188       1.03500000       1.03500000       4.00000000
  5189       1.03872104       1.03251931       3.99689913
  5190       1.04244208       1.03003861       3.99379826
  5191       1.03049966       1.03800023       4.01012406
  5192       1.03422070       1.03551953       4.00702319
  5193       1.03794174       1.03303884       4.00392232
  5194       1.04166278       1.03055814       4.00082145
  5195       1.04538383       1.02807745       3.99772059
  5196       1.03344140       1.03603907       4.01404638
  5197       1.03716244       1.03355837       4.01094551
  5198       1.04088348       1.03107768       4.00784465
  5199       1.04460453       1.02859698       4.00474378
  5200       1.04832557       1.02611629       4.00164291
  5201       1.02667443       1.04888371       3.99835709
  5202       1.03039547       1.04640302       3.99525622
  5203       1.03411652       1.04392232       3.99215535
  5204       1.03783756       1.04144163       3.98905449
  5205       1.04155860       1.03896093       3.98595362
  5206       1.02961617       1.04692255       4.00227941
  5207       1.03333722       1.04444186       3.99917855
  5208       1.03705826       1.04196116       3.99607768
  5209       1.04077930       1.03948047       3.99297681
  5210       1.04450034       1.03699977       3.98987594
  5211       1.03255792       1.04496139       4.00620174
  5212       1.03627896       1.04248070       4.00310087
  5213       1.04000000       1.04000000       4.00000000
  5214       1.04372104       1.03751931       3.99689913
  5215       1.04744208       1.03503861       3.99379826
  5216       1.03549966       1.04300023       4.01012406
  5217       1.03922070       1.04051953       4.00702319
  5218       1.04294174       1.03803884       4.00392232
  5219       1.04666278       1.03555814       4.00082145
  5220       1.05038383       1.03307745       3.99772059
  5221       1.03844140       1.04103907       4.01404638
  5222       1.04216244       1.03855837       4.01094551
  5223       1.04588348       1.03607768       4.00784465
  5224       1.04960453       1.03359698       4.00474378
  5225       1.05332557       1.03111629       4.00164291
  5226       1.03167443       1.05388371       3.99835709
  5227       1.03539547       1.05140302       3.99525622
  5228       1.03911652       1.04892232       3.99215535
  5229       1.04283756       1.04644163       3.98905449
  5230       1.04655860       1.04396093       3.98595362
  5231       1.03461617       1.05192255       4.00227941
  5232       1.03833722       1.04944186       3.99917855
  5233       1.04205826       1.04696116       3.99607768
  5234       1.04577930       1.04448047       3.99297681
  5235       1.04950034       1.04199977       3.98987594
  5236       1.03755792       1.04996139       4.00620174
  5237       1.04127896       1.04748070       4.00310087
  5238       1.04500000       1.04500000       4.00000000
  5239       1.04872104       1.04251931       3.99689913
  5240       1.05244208       1.04003861       3.99379826
  5241       1.04049966       1.04800023       4.01012406
  5242       1.04422070       1.04551953       4.00702319
  5243       1.04794174       1.04303884       4.00392232
  5244       1.05166278       1.04055814       4.00082145
  5245       1.05538383       1.03807745       3.99772059
  5246       1.04344140       1.04603907       4.01404638
  5247       1.04716244       1.04355837       4.01094551
  5248       1.05088348       1.04107768       4.00784465
  5249       1.05460453       1.03859698       4.00474378
  5250       1.05832557       1.03611629       4.00164291
  5251       1.03667443       1.05888371       3.99835709
  5252       1.04039547       1.05640302       3.99525622
  5253       1.04411652       1.05392232       3.99215535
  5254       1.04783756       1.05144163       3.98905449
  5255       1.05155860       1.04896093       3.98595362
  5256       1.03961617       1.05692255       4.00227941
  5257       1.04333722       1.05444186       3.99917855
  5258       1.04705826       1.05196116       3.99607768
  5259       1.05077930       1.04948047       3.99297681
  5260       1.05450034       1.04699977       3.98987594
  5261       1.04255792       1.05496139       4.00620174
  5262       1.04627896       1.05248070       4.00310087
  5263       1.05000000       1.05000000       4.00000000
  5264       1.05372104       1.04751931       3.99689913
  5265       1.05744208       1.04503861       3.99379826
  5266       1.04549966       1.05300023       4.01012406
  5267       1.04922070       1.05051953       4.00702319
  5268       1.05294174       1.04803884       4.00392232
  5269       1.05666278       1.04555814       4.00082145
  5270       1.06038383       1.04307745       3.99772059
  5271       1.04844140       1.05103907       4.01404638
  5272       1.05216244       1.04855837       4.01094551
  5273       1.05588348       1.04607768       4.00784465
  5274       1.05960453       1.04359698       4.00474378
  5275       1.06332557       1.04111629       4.00164291
  5276       1.04167443       1.06388371       3.99835709
  5277       1.04539547       1.06140302       3.99525622
  5278       1.04911652       1.05892232       3.99215535
  5279       1.05283756       1.05644163       3.98905449
  5280       1.05655860       1.05396093       3.98595362
  5281       1.04461617       1.06192255       4.00227941
  5282       1.04833722       1.05944186       3.99917855
  5283       1.05205826       1.05696116       3.99607768
  5284       1.05577930       1.05448047       3.99297681
  5285       1.05950034       1.05199977       3.98987594
  5286       1.04755792       1.05996139       4.00620174
  5287       1.05127896       1.05748070       4.00310087
  5288       1.05500000       1.05500000       4.00000000
  5289       1.05872104       1.05251931       3.99689913
  5290       1.06244208       1.05003861       3.99379826
  5291       1.05049966       1.05800023       4.01012406
  5292       1.05422070       1.05551953       4.00702319
  5293       1.05794174       1.05303884       4.00392232
  5294       1.06166278       1.05055814       4.00082145
  5295       1.06538383       1.04807745       3.99772059
  5296       1.05344140       1.05603907       4.01404638
  5297       1.05716244       1.05355837       4.01094551
  5298       1.06088348       1.05107768       4.00784465
  5299       1.06460453       1.04859698       4.00474378
  5300       1.06832557       1.04611629       4.00164291
  5301       1.04667443       1.06888371       3.99835709
  5302       1.05039547       1.06640302       3.99525622
  5303       1.05411652       1.06392232       3.99215535
  5304       1.05783756       1.06144163       3.98905449
  5305       1.06155860       1.05896093       3.98595362
  5306       1.04961617       1.06692255       4.00227941
  5307       1.05333722       1.06444186       3.99917855
  5308       1.05705826       1.06196116       3.99607768
  5309       1.06077930       1.05948047       3.99297681
  5310       1.06450034       1.05699977       3.98987594
  5311       1.05255792       1.06496139       4.00620174
  5312       1.05627896       1.06248070       4.00310087
  5313       1.06000000       1.06000000       4.00000000
  5314       1.06372104       1.05751931       3.99689913
  5315       1.06744208       1.05503861       3.99379826
  5316       1.05549966       1.06300023       4.01012406
  5317       1.05922070       1.06051953       4.00702319
  5318       1.06294174       1.05803884       4.00392232
  5319       1.06666278       1.05555814       4.00082145
  5320       1.07038383       1.05307745       3.99772059
  5321       1.05844140       1.06103907       4.01404638
  5322       1.06216244       1.05855837       4.01094551
  5323       1.06588348       1.05607768       4.00784465
  5324       1.06960453       1.05359698       4.00474378
  5325       1.07332557       1.05111629       4.00164291
  5326       1.05167443       1.07388371       3.99835709
  5327       1.05539547       1.07140302       3.99525622
  5328       1.05911652       1.06892232       3.99215535
  5329       1.06283756       1.06644163       3.98905449
  5330       1.06655860       1.06396093       3.98595362
  5331       1.05461617       1.07192255       4.00227941
  5332       1.05833722       1.06944186       3.99917855
  5333       1.06205826       1.06696116       3.99607768
  5334       1.06577930       1.06448047       3.99297681
  5335       1.06950034       1.06199977       3.98987594
  5336       1.05755792       1.06996139       4.00620174
  5337       1.06127896       1.06748070       4.00310087
  5338       1.06500000       1.06500000       4.00000000
  5339       1.06872104       1.06251931       3.99689913
  5340       1.07244208       1.06003861       3.99379826
  5341       1.06049966       1.06800023       4.01012406
  5342       1.06422070       1.06551953       4.00702319
  5343       1.06794174       1.06303884       4.00392232
  5344       1.07166278       1.06055814       4.00082145
  5345       1.07538383       1.05807745       3.99772059
  5346       1.06344140       1.06603907       4.01404638
  5347       1.06716244       1.06355837       4.01094551
  5348       1.07088348       1.06107768       4.00784465
  5349       1.07460453       1.05859698       4.00474378
  5350       1.07832557       1.05611629       4.00164291
  5351       1.05667443       1.07888371       3.99835709
  5352       1.06039547       1.07640302       3.99525622
  5353       1.06411652       1.07392232       3.99215535
  5354       1.06783756       1.07144163       3.98905449
  5355       1.07155860       1.06896093       3.98595362
  5356       1.05961617       1.07692255       4.00227941
  5357       1.06333722       1.07444186       3.99917855
  5358       1.06705826       1.07196116       3.99607768
  5359       1.07077930       1.06948047       3.99297681
  5360       1.07450034       1.06699977       3.98987594
  5361       1.06255792       1.07496139       4.00620174
  5362       1.06627896       1.07248070       4.00310087
  5363       1.07000000       1.07000000       4.00000000
  5364       1.07372104       1.06751931       3.99689913
  5365       1.07744208       1.06503861       3.99379826
  5366       1.06549966       1.07300023       4.01012406
  5367       1.06922070       1.07051953       4.00702319
  5368       1.07294174       1.06803884       4.00392232
  5369       1.07666278       1.06555814       4.00082145
  5370       1.08038383       1.06307745       3.99772059
  5371       1.06844140       1.07103907       4.01404638
  5372       1.07216244       1.06855837       4.01094551
  5373       1.07588348       1.06607768       4.00784465
  5374       1.07960453       1.06359698       4.00474378
  5375       1.08332557       1.06111629       4.00164291
  5376       1.06167443       1.08388371       3.99835709
  5377       1.06539547       1.08140302       3.99525622
  5378       1.06911652       1.07892232       3.99215535
  5379       1.07283756       1.07644163       3.98905449
  5380       1.07655860       1.07396093       3.98595362
  5381       1.06461617       1.08192255       4.00227941
  5382       1.06833722       1.07944186       3.99917855
  5383       1.07205826       1.07696116       3.99607768
  5384       1.07577930       1.07448047       3.99297681
  5385       1.07950034       1.07199977       3.98987594
  5386       1.06755792       1.07996139       4.00620174
  5387       1.07127896       1.07748070       4.00310087
  5388       1.07500000       1.07500000       4.00000000
  5389       1.07872104       1.07251931       3.99689913
  5390       1.08244208       1.07003861       3.99379826
  5391       1.07049966       1.07800023       4.01012406
  5392       1.07422070       1.07551953       4.00702319
  5393       1.07794174       1.07303884       4.00392232
  5394       1.08166278       1.07055814       4.00082145
  5395       1.08538383       1.06807745       3.99772059
  5396       1.07344140       1.07603907       4.01404638
  5397       1.07716244       1.07355837       4.01094551
  5398       1.08088348       1.07107768       4.00784465
  5399       1.08460453       1.06859698       4.00474378
  5400       1.08832557       1.06611629       4.00164291
  5401       1.06667443       1.08888371       3.99835709
  5402       1.07039547       1.08640302       3.99525622
  5403       1.07411652       1.08392232       3.99215535
  5404       1.07783756       1.08144163       3.98905449
  5405       1.08155860       1.07896093       3.98595362
  5406       1.06961617       1.08692255       4.00227941
  5407       1.07333722       1.08444186       3.99917855
  5408       1.07705826       1.08196116       3.99607768
  5409       1.08077930       1.07948047       3.99297681
  5410       1.08450034       1.07699977       3.98987594
  5411       1.07255792       1.08496139       4.00620174
  5412       1.07627896       1.08248070       4.00310087
  5413       1.08000000       1.08000000       4.00000000
  5414       1.08372104       1.07751931       3.99689913
  5415       1.08744208       1.07503861       3.99379826
  5416       1.07549966       1.08300023       4.01012406
  5417       1.07922070       1.08051953       4.00702319
  5418       1.08294174       1.07803884       4.00392232
  5419       1.08666278       1.07555814       4.00082145
  5420       1.09038383       1.07307745       3.99772059
  5421       1.07844140       1.08103907       4.01404638
  5422       1.08216244       1.07855837       4.01094551
  5423       1.08588348       1.07607768       4.00784465
  5424       1.08960453       1.07359698       4.00474378
  5425       1.09332557       1.07111629       4.00164291
  5426       1.07167443       1.09388371       3.99835709
  5427       1.07539547       1.09140302       3.99525622
  5428       1.07911652       1.08892232       3.99215535
  5429       1.08283756       1.08644163       3.98905449
  5430       1.08655860       1.08396093       3.98595362
  5431       1.07461617       1.09192255       4.00227941
  5432       1.07833722       1.08944186       3.99917855
  5433       1.08205826       1.08696116       3.99607768
  5434       1.08577930       1.08448047       3.99297681
  5435       1.08950034       1.08199977       3.98987594
  5436       1.07755792       1.08996139       4.00620174
  5437       1.08127896       1.08748070       4.00310087
  5438       1.08500000       1.08500000       4.00000000
  5439       1.08872104       1.08251931       3.99689913
  5440       1.09244208       1.08003861       3.99379826
  5441       1.08049966       1.08800023       4.01012406
  5442       1.08422070       1.08551953       4.00702319
  5443       1.08794174       1.08303884       4.00392232
  5444       1.09166278       1.08055814       4.00082145
  5445       1.09538383       1.07807745       3.99772059
  5446       1.08344140       1.08603907       4.01404638
  5447       1.08716244       1.08355837       4.01094551
  5448       1.09088348       1.08107768       4.00784465
  5449       1.09460453       1.07859698       4.00474378
  5450       1.09832557       1.07611629       4.00164291
  5451       1.07667443       1.09888371       3.99835709
  5452       1.08039547       1.09640302       3.99525622
  5453       1.08411652       1.09392232       3.99215535
  5454       1.08783756       1.09144163       3.98905449
  5455       1.09155860       1.08896093       3.98595362
  5456       1.07961617       1.09692255       4.00227941
  5457       1.08333722       1.09444186       3.99917855
  5458       1.08705826       1.09196116       3.99607768
  5459       1.09077930       1.08948047       3.99297681
  5460       1.09450034       1.08699977       3.98987594
  5461       1.08255792       1.09496139       4.00620174
  5462       1.08627896       1.09248070       4.00310087
  5463       1.09000000       1.09000000       4.00000000
  5464       1.09372104       1.08751931       3.99689913
  5465       1.09744208       1.08503861       3.99379826
  5466       1.08549966       1.09300023       4.01012406
  5467       1.08922070       1.09051953       4.00702319
  5468       1.09294174       1.08803884       4.00392232
  5469       1.09666278       1.08555814       4.00082145
  5470       1.10038383       1.08307745       3.99772059
  5471       1.08844140       1.09103907       4.01404638
  5472       1.09216244       1.08855837       4.01094551
  5473       1.09588348       1.08607768       4.00784465
  5474       1.09960453       1.08359698       4.00474378
  5475       1.10332557       1.08111629       4.00164291
  5476       1.08167443       1.10388371       3.99835709
  5477       1.08539547       1.10140302       3.99525622
  5478       1.08911652       1.09892232       3.99215535
  5479       1.09283756       1.09644163       3.98905449
  5480       1.09655860       1.09396093       3.98595362
  5481       1.08461617       1.10192255       4.00227941
  5482       1.08833722       1.09944186       3.99917855
  5483       1.09205826       1.09696116       3.99607768
  5484       1.09577930       1.09448047       3.99297681
  5485       1.09950034       1.09199977       3.98987594
  5486       1.08755792       1.09996139       4.00620174
  5487       1.09127896       1.09748070       4.00310087
  5488       1.09500000       1.09500000       4.00000000
  5489       1.09872104       1.09251931       3.99689913
  5490       1.10244208       1.09003861       3.99379826
  5491       1.09049966       1.09800023       4.01012406
  5492       1.09422070       1.09551953       4.00702319
  5493       1.09794174       1.09303884       4.00392232
  5494       1.10166278       1.09055814       4.00082145
  5495       1.10538383       1.08807745       3.99772059
  5496       1.09344140       1.09603907       4.01404638
  5497       1.09716244       1.09355837       4.01094551
  5498       1.10088348       1.09107768       4.00784465
  5499       1.10460453       1.08859698       4.00474378
  5500       1.10832557       1.08611629       4.00164291
  5501       1.08667443       1.10888371       3.99835709
  5502       1.09039547       1.10640302       3.99525622
  5503       1.09411652       1.10392232       3.99215535
  5504       1.09783756       1.10144163       3.98905449
  5505       1.10155860       1.09896093       3.98595362
  5506       1.08961617       1.10692255       4.00227941
  5507       1.09333722       1.10444186       3.99917855
  5508       1.09705826       1.10196116       3.99607768
  5509       1.10077930       1.09948047       3.99297681
  5510       1.10450034       1.09699977       3.98987594
  5511       1.09255792       1.10496139       4.00620174
  5512       1.09627896       1.10248070       4.00310087
  5513       1.10000000       1.10000000       4.00000000
  5514       1.10372104       1.09751931       3.99689913
  5515       1.10744208       1.09503861       3.99379826
  5516       1.09549966       1.10300023       4.01012406
  5517       1.09922070       1.10051953       4.00702319
  5518       1.10294174       1.09803884       4.00392232
  5519       1.10666278       1.09555814       4.00082145
  5520       1.11038383       1.09307745       3.99772059
  5521       1.09844140       1.10103907       4.01404638
  5522       1.10216244       1.09855837       4.01094551
  5523       1.10588348       1.09607768       4.00784465
  5524       1.10960453       1.09359698       4.00474378
  5525       1.11332557       1.09111629       4.00164291
  5526       1.09167443       1.11388371       3.99835709
  5527       1.09539547       1.11140302       3.99525622
  5528       1.09911652       1.10892232       3.99215535
  5529       1.10283756       1.10644163       3.98905449
  5530       1.10655860       1.10396093       3.98595362
  5531       1.09461617       1.11192255       4.00227941
  5532       1.09833722       1.10944186       3.99917855
  5533       1.10205826       1.10696116       3.99607768
  5534       1.10577930       1.10448047       3.99297681
  5535       1.10950034       1.10199977       3.98987594
  5536       1.09755792       1.10996139       4.00620174
  5537       1.10127896       1.10748070       4.00310087
  5538       1.10500000       1.10500000       4.00000000
  5539       1.10872104       1.10251931       3.99689913
  5540       1.11244208       1.10003861       3.99379826
  5541       1.10049966       1.10800023       4.01012406
  5542       1.10422070       1.10551953       4.00702319
  5543       1.10794174       1.10303884       4.00392232
  5544       1.11166278       1.10055814       4.00082145
  5545       1.11538383       1.09807745       3.99772059
  5546       1.10344140       1.10603907       4.01404638
  5547       1.10716244       1.10355837       4.01094551
  5548       1.11088348       1.10107768       4.00784465
  5549       1.11460453       1.09859698       4.00474378
  5550       1.11832557       1.09611629       4.00164291
  5551       1.09667443       1.11888371       3.99835709
  5552       1.10039547       1.11640302       3.99525622
  5553       1.10411652       1.11392232       3.99215535
  5554       1.10783756       1.11144163       3.98905449
  5555       1.11155860       1.10896093       3.98595362
  5556       1.09961617       1.11692255       4.00227941
  5557       1.10333722       1.11444186       3.99917855
  5558       1.10705826       1.11196116       3.99607768
  5559       1.11077930       1.10948047       3.99297681
  5560       1.11450034       1.10699977       3.98987594
  5561       1.10255792       1.11496139       4.00620174
  5562       1.10627896       1.11248070       4.00310087
  5563       1.11000000       1.11000000       4.00000000
  5564       1.11372104       1.10751931       3.99689913
  5565       1.11744208       1.10503861       3.99379826
  5566       1.10549966       1.11300023       4.01012406
  5567       1.10922070       1.11051953       4.00702319
  5568       1.11294174       1.10803884       4.00392232
  5569       1.11666278       1.10555814       4.00082145
  5570       1.12038383       1.10307745       3.99772059
  5571       1.10844140       1.11103907       4.01404638
  5572       1.11216244       1.10855837       4.01094551
  5573       1.11588348       1.10607768       4.00784465
  5574       1.11960453       1.10359698       4.00474378
  5575       1.12332557       1.10111629       4.00164291
  5576       1.10167443       1.12388371       3.99835709
  5577       1.10539547       1.12140302       3.99525622
  5578       1.10911652       1.11892232       3.99215535
  5579       1.11283756       1.11644163       3.98905449
  5580       1.11655860       1.11396093       3.98595362
  5581       1.10461617       1.12192255       4.00227941
  5582       1.10833722       1.11944186       3.99917855
  5583       1.11205826       1.11696116       3.99607768
  5584       1.11577930       1.11448047       3.99297681
  5585       1.11950034       1.11199977       3.98987594
  5586       1.10755792       1.11996139       4.00620174
  5587       1.11127896       1.11748070       4.00310087
  5588       1.11500000       1.11500000       4.00000000
  5589       1.11872104       1.11251931       3.99689913
  5590       1.12244208       1.11003861       3.99379826
  5591       1.11049966       1.11800023       4.01012406
  5592       1.11422070       1.11551953       4.00702319
  5593       1.11794174       1.11303884       4.00392232
  5594       1.12166278       1.11055814       4.00082145
  5595       1.12538383       1.10807745       3.99772059
  5596       1.11344140       1.11603907       4.01404638
  5597       1.11716244       1.11355837       4.01094551
  5598       1.12088348       1.11107768       4.00784465
  5599       1.12460453       1.10859698       4.00474378
  5600       1.12832557       1.10611629       4.00164291
  5601       1.10667443       1.12888371       3.99835709
  5602       1.11039547       1.12640302       3.99525622
  5603       1.11411652       1.12392232       3.99215535
  5604       1.11783756       1.12144163       3.98905449
  5605       1.12155860       1.11896093       3.98595362
  5606       1.10961617       1.12692255       4.00227941
  5607       1.11333722       1.12444186       3.99917855
  5608       1.11705826       1.12196116       3.99607768
  5609       1.12077930       1.11948047       3.99297681
  5610       1.12450034       1.11699977       3.98987594
  5611       1.11255792       1.12496139       4.00620174
  5612       1.11627896       1.12248070       4.00310087
  5613       1.12000000       1.12000000       4.00000000
  5614       1.12372104       1.11751931       3.99689913
  5615       1.12744208       1.11503861       3.99379826
  5616       1.11549966       1.12300023       4.01012406
  5617       1.11922070       1.12051953       4.00702319
  5618       1.12294174       1.11803884       4.00392232
  5619       1.12666278       1.11555814       4.00082145
  5620       1.13038383       1.11307745       3.99772059
  5621       1.11844140       1.12103907       4.01404638
  5622       1.12216244       1.11855837       4.01094551
  5623       1.12588348       1.11607768       4.00784465
  5624       1.12960453       1.11359698       4.00474378
  5625       1.13332557       1.11111629       4.00164291
  5626       1.11167443       1.13388371       3.99835709
  5627       1.11539547       1.13140302       3.99525622
  5628       1.11911652       1.12892232       3.99215535
  5629       1.12283756       1.12644163       3.98905449
  5630       1.12655860       1.12396093       3.98595362
  5631       1.11461617       1.13192255       4.00227941
  5632       1.11833722       1.12944186       3.99917855
  5633       1.12205826       1.12696116       3.99607768
  5634       1.12577930       1.12448047       3.99297681
  5635       1.12950034       1.12199977       3.98987594
  5636       1.11755792       1.12996139       4.00620174
  5637       1.12127896       1.12748070       4.00310087
  5638       1.12500000       1.12500000       4.00000000
  5639       1.12872104       1.12251931       3.99689913
  5640       1.13244208       1.12003861       3.99379826
  5641       1.12049966       1.12800023       4.01012406
  5642       1.12422070       1.12551953       4.00702319
  5643       1.12794174       1.12303884       4.00392232
  5644       1.13166278       1.12055814       4.00082145
  5645       1.13538383       1.11807745       3.99772059
  5646       1.12344140       1.12603907       4.01404638
  5647       1.12716244       1.12355837       4.01094551
  5648       1.13088348       1.12107768       4.00784465
  5649       1.13460453       1.11859698       4.00474378
  5650       1.13832557       1.11611629       4.00164291
  5651       1.11667443       1.13888371       3.99835709
  5652       1.12039547       1.13640302       3.99525622
  5653       1.12411652       1.13392232       3.99215535
  5654       1.12783756       1.13144163       3.98905449
  5655       1.13155860       1.12896093       3.98595362
  5656       1.11961617       1.13692255       4.00227941
  5657       1.12333722       1.13444186       3.99917855
  5658       1.12705826       1.13196116       3.99607768
  5659       1.13077930       1.12948047       3.99297681
  5660       1.13450034       1.12699977       3.98987594
  5661       1.12255792       1.13496139       4.00620174
  5662       1.12627896       1.13248070       4.00310087
  5663       1.13000000       1.13000000       4.00000000
  5664       1.13372104       1.12751931       3.99689913
  5665       1.13744208       1.12503861       3.99379826
  5666       1.12549966       1.13300023       4.01012406
  5667       1.12922070       1.13051953       4.00702319
  5668       1.13294174       1.12803884       4.00392232
  5669       1.13666278       1.12555814       4.00082145
  5670       1.14038383       1.12307745       3.99772059
  5671       1.12844140       1.13103907       4.01404638
  5672       1.13216244       1.12855837       4.01094551
  5673       1.13588348       1.12607768       4.00784465
  5674       1.13960453       1.12359698       4.00474378
  5675       1.14332557       1.12111629       4.00164291
  5676       1.12167443       1.14388371       3.99835709
  5677       1.12539547       1.14140302       3.99525622
  5678       1.12911652       1.13892232       3.99215535
  5679       1.13283756       1.13644163       3.98905449
  5680       1.13655860       1.13396093       3.98595362
  5681       1.12461617       1.14192255       4.00227941
  5682       1.12833722       1.13944186       3.99917855
  5683       1.13205826       1.13696116       3.99607768
  5684       1.13577930       1.13448047       3.99297681
  5685       1.13950034       1.13199977       3.98987594
  5686       1.12755792       1.13996139       4.00620174
  5687       1.13127896       1.13748070       4.00310087
  5688       1.13500000       1.13500000       4.00000000
  5689       1.13872104       1.13251931       3.99689913
  5690       1.14244208       1.13003861       3.99379826
  5691       1.13049966       1.13800023       4.01012406
  5692       1.13422070       1.13551953       4.00702319
  5693       1.13794174       1.13303884       4.00392232
  5694       1.14166278       1.13055814       4.00082145
  5695       1.14538383       1.12807745       3.99772059
  5696       1.13344140       1.13603907       4.01404638
  5697       1.13716244       1.13355837       4.01094551
  5698       1.14088348       1.13107768       4.00784465
  5699       1.14460453       1.12859698       4.00474378
  5700       1.14832557       1.12611629       4.00164291
  5701       1.12667443       1.14888371       3.99835709
  5702       1.13039547       1.14640302       3.99525622
  5703       1.13411652       1.14392232       3.99215535
  5704       1.13783756       1.14144163       3.98905449
  5705       1.14155860       1.13896093       3.98595362
  5706       1.12961617       1.14692255       4.00227941
  5707       1.13333722       1.14444186       3.99917855
  5708       1.13705826       1.14196116       3.99607768
  5709       1.14077930       1.13948047       3.99297681
  5710       1.14450034       1.13699977       3.98987594
  5711       1.13255792       1.14496139       4.00620174
  5712       1.13627896       1.14248070       4.00310087
  5713       1.14000000       1.14000000       4.00000000
  5714       1.14372104       1.13751931       3.99689913
  5715       1.14744208       1.13503861       3.99379826
  5716       1.13549966       1.14300023       4.01012406
  5717       1.13922070       1.14051953       4.00702319
  5718       1.14294174       1.13803884       4.00392232
  5719       1.14666278       1.13555814       4.00082145
  5720       1.15038383       1.13307745       3.99772059
  5721       1.13844140       1.14103907       4.01404638
  5722       1.14216244       1.13855837       4.01094551
  5723       1.14588348       1.13607768       4.00784465
  5724       1.14960453       1.13359698       4.00474378
  5725       1.15332557       1.13111629       4.00164291
  5726       1.13167443       1.15388371       3.99835709
  5727       1.13539547       1.15140302       3.99525622
  5728       1.13911652       1.14892232       3.99215535
  5729       1.14283756       1.14644163       3.98905449
  5730       1.14655860       1.14396093       3.98595362
  5731       1.13461617       1.15192255       4.00227941
  5732       1.13833722       1.14944186       3.99917855
  5733       1.14205826       1.14696116       3.99607768
  5734       1.14577930       1.14448047       3.99297681
  5735       1.14950034       1.14199977       3.98987594
  5736       1.13755792       1.14996139       4.00620174
  5737       1.14127896       1.14748070       4.00310087
  5738       1.14500000       1.14500000       4.00000000
  5739       1.14872104       1.14251931       3.99689913
  5740       1.15244208       1.14003861       3.99379826
  5741       1.14049966       1.14800023       4.01012406
  5742       1.14422070       1.14551953       4.00702319
  5743       1.14794174       1.14303884       4.00392232
  5744       1.15166278       1.14055814       4.00082145
  5745       1.15538383       1.13807745       3.99772059
  5746       1.14344140       1.14603907       4.01404638
  5747       1.14716244       1.14355837       4.01094551
  5748       1.15088348       1.14107768       4.00784465
  5749       1.15460453       1.13859698       4.00474378
  5750       1.15832557       1.13611629       4.00164291
  5751       1.13667443       1.15888371       3.99835709
  5752       1.14039547       1.15640302       3.99525622
  5753       1.14411652       1.15392232       3.99215535
  5754       1.14783756       1.15144163       3.98905449
  5755       1.15155860       1.14896093       3.98595362
  5756       1.13961617       1.15692255       4.00227941
  5757       1.14333722       1.15444186       3.99917855
  5758       1.14705826       1.15196116       3.99607768
  5759       1.15077930       1.14948047       3.99297681
  5760       1.15450034       1.14699977       3.98987594
  5761       1.14255792       1.15496139       4.00620174
  5762       1.14627896       1.15248070       4.00310087
  5763       1.15000000       1.15000000       4.00000000
  5764       1.15372104       1.14751931       3.99689913
  5765       1.15744208       1.14503861       3.99379826
  5766       1.14549966       1.15300023       4.01012406
  5767       1.14922070       1.15051953       4.00702319
  5768       1.15294174       1.14803884       4.00392232
  5769       1.15666278       1.14555814       4.00082145
  5770       1.16038383       1.14307745       3.99772059
  5771       1.14844140       1.15103907       4.01404638
  5772       1.15216244       1.14855837       4.01094551
  5773       1.15588348       1.14607768       4.00784465
  5774       1.15960453       1.14359698       4.00474378
  5775       1.16332557       1.14111629       4.00164291
  5776       1.14167443       1.16388371       3.99835709
  5777       1.14539547       1.16140302       3.99525622
  5778       1.14911652       1.15892232       3.99215535
  5779       1.15283756       1.15644163       3.98905449
  5780       1.15655860       1.15396093       3.98595362
  5781       1.14461617       1.16192255       4.00227941
  5782       1.14833722       1.15944186       3.99917855
  5783       1.15205826       1.15696116       3.99607768
  5784       1.15577930       1.15448047       3.99297681
  5785       1.15950034       1.15199977       3.98987594
  5786       1.14755792       1.15996139       4.00620174
  5787       1.15127896       1.15748070       4.00310087
  5788       1.15500000       1.15500000       4.00000000
  5789       1.15872104       1.15251931       3.99689913
  5790       1.16244208       1.15003861       3.99379826
  5791       1.15049966       1.15800023       4.01012406
  5792       1.15422070       1.15551953       4.00702319
  5793       1.15794174       1.15303884       4.00392232
  5794       1.16166278       1.15055814       4.00082145
  5795       1.16538383       1.14807745       3.99772059
  5796       1.15344140       1.15603907       4.01404638
  5797       1.15716244       1.15355837       4.01094551
  5798       1.16088348       1.15107768       4.00784465
  5799       1.16460453       1.14859698       4.00474378
  5800       1.16832557       1.14611629       4.00164291
  5801       1.14667443       1.16888371       3.99835709
  5802       1.15039547       1.16640302       3.99525622
  5803       1.15411652       1.16392232       3.99215535
  5804       1.15783756       1.16144163       3.98905449
  5805       1.16155860       1.15896093       3.98595362
  5806       1.14961617       1.16692255       4.00227941
  5807       1.15333722       1.16444186       3.99917855
  5808       1.15705826       1.16196116       3.99607768
  5809       1.16077930       1.15948047       3.99297681
  5810       1.16450034       1.15699977       3.98987594
  5811       1.15255792       1.16496139       4.00620174
  5812       1.15627896       1.16248070       4.00310087
  5813       1.16000000       1.16000000       4.00000000
  5814       1.16372104       1.15751931       3.99689913
  5815       1.16744208       1.15503861       3.99379826
  5816       1.15549966       1.16300023       4.01012406
  5817       1.15922070       1.16051953       4.00702319
  5818       1.16294174       1.15803884       4.00392232
  5819       1.16666278       1.15555814       4.00082145
  5820       1.17038383       1.15307745       3.99772059
  5821       1.15844140       1.16103907       4.01404638
  5822       1.16216244       1.15855837       4.01094551
  5823       1.16588348       1.15607768       4.00784465
  5824       1.16960453       1.15359698       4.00474378
  5825       1.17332557       1.15111629       4.00164291
  5826       1.15167443       1.17388371       3.99835709
  5827       1.15539547       1.17140302       3.99525622
  5828       1.15911652       1.16892232       3.99215535
  5829       1.16283756       1.16644163       3.98905449
  5830       1.16655860       1.16396093       3.98595362
  5831       1.15461617       1.17192255       4.00227941
  5832       1.15833722       1.16944186       3.99917855
  5833       1.16205826       1.16696116       3.99607768
  5834       1.16577930       1.16448047       3.99297681
  5835       1.16950034       1.16199977       3.98987594
  5836       1.15755792       1.16996139       4.00620174
  5837       1.16127896       1.16748070       4.00310087
  5838       1.16500000       1.16500000       4.00000000
  5839       1.16872104       1.16251931       3.99689913
  5840       1.17244208       1.16003861       3.99379826
  5841       1.16049966       1.16800023       4.01012406
  5842       1.16422070       1.16551953       4.00702319
  5843       1.16794174       1.16303884       4.00392232
  5844       1.17166278       1.16055814       4.00082145
  5845       1.17538383       1.15807745       3.99772059
  5846       1.16344140       1.16603907       4.01404638
  5847       1.16716244       1.16355837       4.01094551
  5848       1.17088348       1.16107768       4.00784465
  5849       1.17460453       1.15859698       4.00474378
  5850       1.17832557       1.15611629       4.00164291
  5851       1.15667443       1.17888371       3.99835709
  5852       1.16039547       1.17640302       3.99525622
  5853       1.16411652       1.17392232       3.99215535
  5854       1.16783756       1.17144163       3.98905449
  5855       1.17155860       1.16896093       3.98595362
  5856       1.15961617       1.17692255       4.00227941
  5857       1.16333722       1.17444186       3.99917855
  5858       1.16705826       1.17196116       3.99607768
  5859       1.17077930       1.16948047       3.99297681
  5860       1.17450034       1.16699977       3.98987594
  5861       1.16255792       1.17496139       4.00620174
  5862       1.16627896       1.17248070       4.00310087
  5863       1.17000000       1.17000000       4.00000000
  5864       1.17372104       1.16751931       3.99689913
  5865       1.17744208       1.16503861       3.99379826
  5866       1.16549966       1.17300023       4.01012406
  5867       1.16922070       1.17051953       4.00702319
  5868       1.17294174       1.16803884       4.00392232
  5869       1.17666278       1.16555814       4.00082145
  5870       1.18038383       1.16307745       3.99772059
  5871       1.16844140       1.17103907       4.01404638
  5872       1.17216244       1.16855837       4.01094551
  5873       1.17588348       1.16607768       4.00784465
  5874       1.17960453       1.16359698       4.00474378
  5875       1.18332557       1.16111629       4.00164291
  5876       1.16167443       1.18388371       3.99835709
  5877       1.16539547       1.18140302       3.99525622
  5878       1.16911652       1.17892232       3.99215535
  5879       1.17283756       1.17644163       3.98905449
  5880       1.17655860       1.17396093       3.98595362
  5881       1.16461617       1.18192255       4.00227941
  5882       1.16833722       1.17944186       3.99917855
  5883       1.17205826       1.17696116       3.99607768
  5884       1.17577930       1.17448047       3.99297681
  5885       1.17950034       1.17199977       3.98987594
  5886       1.16755792       1.17996139       4.00620174
  5887       1.17127896       1.17748070       4.00310087
  5888       1.17500000       1.17500000       4.00000000
  5889       1.17872104       1.17251931       3.99689913
  5890       1.18244208       1.17003861       3.99379826
  5891       1.17049966       1.17800023       4.01012406
  5892       1.17422070       1.17551953       4.00702319
  5893       1.17794174       1.17303884       4.00392232
  5894       1.18166278       1.17055814       4.00082145
  5895       1.18538383       1.16807745       3.99772059
  5896       1.17344140       1.17603907       4.01404638
  5897       1.17716244       1.17355837       4.01094551
  5898       1.18088348       1.17107768       4.00784465
  5899       1.18460453       1.16859698       4.00474378
  5900       1.18832557       1.16611629       4.00164291
  5901       1.16667443       1.18888371       3.99835709
  5902       1.17039547       1.18640302       3.99525622
  5903       1.17411652       1.18392232       3.99215535
  5904       1.17783756       1.18144163       3.98905449
  5905       1.18155860       1.17896093       3.98595362
  5906       1.16961617       1.18692255       4.00227941
  5907       1.17333722       1.18444186       3.99917855
  5908       1.17705826       1.18196116       3.99607768
  5909       1.18077930       1.17948047       3.99297681
  5910       1.18450034       1.17699977       3.98987594
  5911       1.17255792       1.18496139       4.00620174
  5912       1.17627896       1.18248070       4.00310087
  5913       1.18000000       1.18000000       4.00000000
  5914       1.18372104       1.17751931       3.99689913
  5915       1.18744208       1.17503861       3.99379826
  5916       1.17549966       1.18300023       4.01012406
  5917       1.17922070       1.18051953       4.00702319
  5918       1.18294174       1.17803884       4.00392232
  5919       1.18666278       1.17555814       4.00082145
  5920       1.19038383       1.17307745       3.99772059
  5921       1.17844140       1.18103907       4.01404638
  5922       1.18216244       1.17855837       4.01094551
  5923       1.18588348       1.17607768       4.00784465
  5924       1.18960453       1.17359698       4.00474378
  5925       1.19332557       1.17111629       4.00164291
  5926       1.17167443       1.19388371       3.99835709
  5927       1.17539547       1.19140302       3.99525622
  5928       1.17911652       1.18892232       3.99215535
  5929       1.18283756       1.18644163       3.98905449
  5930       1.18655860       1.18396093       3.98595362
  5931       1.17461617       1.19192255       4.00227941
  5932       1.17833722       1.18944186       3.99917855
  5933       1.18205826       1.18696116       3.99607768
  5934       1.18577930       1.18448047       3.99297681
  5935       1.18950034       1.18199977       3.98987594
  5936       1.17755792       1.18996139       4.00620174
  5937       1.18127896       1.18748070       4.00310087
  5938       1.18500000       1.18500000       4.00000000
  5939       1.18872104       1.18251931       3.99689913
  5940       1.19244208       1.18003861       3.99379826
  5941       1.18049966       1.18800023       4.01012406
  5942       1.18422070       1.18551953       4.00702319
  5943       1.18794174       1.18303884       4.00392232
  5944       1.19166278       1.18055814       4.00082145
  5945       1.19538383       1.17807745       3.99772059
  5946       1.18344140       1.18603907       4.01404638
  5947       1.18716244       1.18355837       4.01094551
  5948       1.19088348       1.18107768       4.00784465
  5949       1.19460453       1.17859698       4.00474378
  5950       1.19832557       1.17611629       4.00164291
  5951       1.17667443       1.19888371       3.99835709
  5952       1.18039547       1.19640302       3.99525622
  5953       1.18411652       1.19392232       3.99215535
  5954       1.18783756       1.19144163       3.98905449
  5955       1.19155860       1.18896093       3.98595362
  5956       1.17961617       1.19692255       4.00227941
  5957       1.18333722       1.19444186       3.99917855
  5958       1.18705826       1.19196116       3.99607768
  5959       1.19077930       1.18948047       3.99297681
  5960       1.19450034       1.18699977       3.98987594
  5961       1.18255792       1.19496139       4.00620174
  5962       1.18627896       1.19248070       4.00310087
  5963       1.19000000       1.19000000       4.00000000
  5964       1.19372104       1.18751931       3.99689913
  5965       1.19744208       1.18503861       3.99379826
  5966       1.18549966       1.19300023       4.01012406
  5967       1.18922070       1.19051953       4.00702319
  5968       1.19294174       1.18803884       4.00392232
  5969       1.19666278       1.18555814       4.00082145
  5970       1.20038383       1.18307745       3.99772059
  5971       1.18844140       1.19103907       4.01404638
  5972       1.19216244       1.18855837       4.01094551
  5973       1.19588348       1.18607768       4.00784465
  5974       1.19960453       1.18359698       4.00474378
  5975       1.20332557       1.18111629       4.00164291
  5976       1.18167443       1.20388371       3.99835709
  5977       1.18539547       1.20140302       3.99525622
  5978       1.18911652       1.19892232       3.99215535
  5979       1.19283756       1.19644163       3.98905449
  5980       1.19655860       1.19396093       3.98595362
  5981       1.18461617       1.20192255       4.00227941
  5982       1.18833722       1.19944186       3.99917855
  5983       1.19205826       1.19696116       3.99607768
  5984       1.19577930       1.19448047       3.99297681
  5985       1.19950034       1.19199977       3.98987594
  5986       1.18755792       1.19996139       4.00620174
  5987       1.19127896       1.19748070       4.00310087
  5988       1.19500000       1.19500000       4.00000000
  5989       1.19872104       1.19251931       3.99689913
  5990       1.20244208       1.19003861       3.99379826
  5991       1.19049966       1.19800023       4.01012406
  5992       1.19422070       1.19551953       4.00702319
  5993       1.19794174       1.19303884       4.00392232
  5994       1.20166278       1.19055814       4.00082145
  5995       1.20538383       1.18807745       3.99772059
  5996       1.19344140       1.19603907       4.01404638
  5997       1.19716244       1.19355837       4.01094551
  5998       1.20088348       1.19107768       4.00784465
  5999       1.20460453       1.18859698       4.00474378
  6000       1.20832557       1.18611629       4.00164291
  6001       1.18667443       1.20888371       3.99835709
  6002       1.19039547       1.20640302       3.99525622
  6003       1.19411652       1.20392232       3.99215535
  6004       1.19783756       1.20144163       3.98905449
  6005       1.20155860       1.19896093       3.98595362
  6006       1.18961617       1.20692255       4.00227941
  6007       1.19333722       1.20444186       3.99917855
  6008       1.19705826       1.20196116       3.99607768
  6009       1.20077930       1.19948047       3.99297681
  6010       1.20450034       1.19699977       3.98987594
  6011       1.19255792       1.20496139       4.00620174
  6012       1.19627896       1.20248070       4.00310087
  6013       1.20000000       1.20000000       4.00000000
  6014       1.20372104       1.19751931       3.99689913
  6015       1.20744208       1.19503861       3.99379826
  6016       1.19549966       1.20300023       4.01012406
  6017       1.19922070       1.20051953       4.00702319
  6018       1.20294174       1.19803884       4.00392232
  6019       1.20666278       1.19555814       4.00082145
  6020       1.21038383       1.19307745       3.99772059
  6021       1.19844140       1.20103907       4.01404638
  6022       1.20216244       1.19855837       4.01094551
  6023       1.20588348       1.19607768       4.00784465
  6024       1.20960453       1.19359698       4.00474378
  6025       1.21332557       1.19111629       4.00164291
  6026       1.19167443       1.21388371       3.99835709
  6027       1.19539547       1.21140302       3.99525622
  6028       1.19911652       1.20892232       3.99215535
  6029       1.20283756       1.20644163       3.98905449
  6030       1.20655860       1.20396093       3.98595362
  6031       1.19461617       1.21192255       4.00227941
  6032       1.19833722       1.20944186       3.99917855
  6033       1.20205826       1.20696116       3.99607768
  6034       1.20577930       1.20448047       3.99297681
  6035       1.20950034       1.20199977       3.98987594
  6036       1.19755792       1.20996139       4.00620174
  6037       1.20127896       1.20748070       4.00310087
  6038       1.20500000       1.20500000       4.00000000
  6039       1.20872104       1.20251931       3.99689913
  6040       1.21244208       1.20003861       3.99379826
  6041       1.20049966       1.20800023       4.01012406
  6042       1.20422070       1.20551953       4.00702319
  6043       1.20794174       1.20303884       4.00392232
  6044       1.21166278       1.20055814       4.00082145
  6045       1.21538383       1.19807745       3.99772059
  6046       1.20344140       1.20603907       4.01404638
  6047       1.20716244       1.20355837       4.01094551
  6048       1.21088348       1.20107768       4.00784465
  6049       1.21460453       1.19859698       4.00474378
  6050       1.21832557       1.19611629       4.00164291
  6051       1.19667443       1.21888371       3.99835709
  6052       1.20039547       1.21640302       3.99525622
  6053       1.20411652       1.21392232       3.99215535
  6054       1.20783756       1.21144163       3.98905449
  6055       1.21155860       1.20896093       3.98595362
  6056       1.19961617       1.21692255       4.00227941
  6057       1.20333722       1.21444186       3.99917855
  6058       1.20705826       1.21196116       3.99607768
  6059       1.21077930       1.20948047       3.99297681
  6060       1.21450034       1.20699977       3.98987594
  6061       1.20255792       1.21496139       4.00620174
  6062       1.20627896       1.21248070       4.00310087
  6063       1.21000000       1.21000000       4.00000000
  6064       1.21372104       1.20751931       3.99689913
  6065       1.21744208       1.20503861       3.99379826
  6066       1.20549966       1.21300023       4.01012406
  6067       1.20922070       1.21051953       4.00702319
  6068       1.21294174       1.20803884       4.00392232
  6069       1.21666278       1.20555814       4.00082145
  6070       1.22038383       1.20307745       3.99772059
  6071       1.20844140       1.21103907       4.01404638
  6072       1.21216244       1.20855837       4.01094551
  6073       1.21588348       1.20607768       4.00784465
  6074       1.21960453       1.20359698       4.00474378
  6075       1.22332557       1.20111629       4.00164291
  6076       1.20167443       1.22388371       3.99835709
  6077       1.20539547       1.22140302       3.99525622
  6078       1.20911652       1.21892232       3.99215535
  6079       1.21283756       1.21644163       3.98905449
  6080       1.21655860       1.21396093       3.98595362
  6081       1.20461617       1.22192255       4.00227941
  6082       1.20833722       1.21944186       3.99917855
  6083       1.21205826       1.21696116       3.99607768
  6084       1.21577930       1.21448047       3.99297681
  6085       1.21950034       1.21199977       3.98987594
  6086       1.20755792       1.21996139       4.00620174
  6087       1.21127896       1.21748070       4.00310087
  6088       1.21500000       1.21500000       4.00000000
  6089       1.21872104       1.21251931       3.99689913
  6090       1.22244208       1.21003861       3.99379826
  6091       1.21049966       1.21800023       4.01012406
  6092       1.21422070       1.21551953       4.00702319
  6093       1.21794174       1.21303884       4.00392232
  6094       1.22166278       1.21055814       4.00082145
  6095       1.22538383       1.20807745       3.99772059
  6096       1.21344140       1.21603907       4.01404638
  6097       1.21716244       1.21355837       4.01094551
  6098       1.22088348       1.21107768       4.00784465
  6099       1.22460453       1.20859698       4.00474378
  6100       1.22832557       1.20611629       4.00164291
  6101       1.20667443       1.22888371       3.99835709
  6102       1.21039547       1.22640302       3.99525622
  6103       1.21411652       1.22392232       3.99215535
  6104       1.21783756       1.22144163       3.98905449
  6105       1.22155860       1.21896093       3.98595362
  6106       1.20961617       1.22692255       4.00227941
  6107       1.21333722       1.22444186       3.99917855
  6108       1.21705826       1.22196116       3.99607768
  6109       1.22077930       1.21948047       3.99297681
  6110       1.22450034       1.21699977       3.98987594
  6111       1.21255792       1.22496139       4.00620174
  6112       1.21627896       1.22248070       4.00310087
  6113       1.22000000       1.22000000       4.00000000
  6114       1.22372104       1.21751931       3.99689913
  6115       1.22744208       1.21503861       3.99379826
  6116       1.21549966       1.22300023       4.01012406
  6117       1.21922070       1.22051953       4.00702319
  6118       1.22294174       1.21803884       4.00392232
  6119       1.22666278       1.21555814       4.00082145
  6120       1.23038383       1.21307745       3.99772059
  6121       1.21844140       1.22103907       4.01404638
  6122       1.22216244       1.21855837       4.01094551
  6123       1.22588348       1.21607768       4.00784465
  6124       1.22960453       1.21359698       4.00474378
  6125       1.23332557       1.21111629       4.00164291
  6126       1.21167443       1.23388371       3.99835709
  6127       1.21539547       1.23140302       3.99525622
  6128       1.21911652       1.22892232       3.99215535
  6129       1.22283756       1.22644163       3.98905449
  6130       1.22655860       1.22396093       3.98595362
  6131       1.21461617       1.23192255       4.00227941
  6132       1.21833722       1.22944186       3.99917855
  6133       1.22205826       1.22696116       3.99607768
  6134       1.22577930       1.22448047       3.99297681
  6135       1.22950034       1.22199977       3.98987594
  6136       1.21755792       1.22996139       4.00620174
  6137       1.22127896       1.22748070       4.00310087
  6138       1.22500000       1.22500000       4.00000000
  6139       1.22872104       1.22251931       3.99689913
  6140       1.23244208       1.22003861       3.99379826
  6141       1.22049966       1.22800023       4.01012406
  6142       1.22422070       1.22551953       4.00702319
  6143       1.22794174       1.22303884       4.00392232
  6144       1.23166278       1.22055814       4.00082145
  6145       1.23538383       1.21807745       3.99772059
  6146       1.22344140       1.22603907       4.01404638
  6147       1.22716244       1.22355837       4.01094551
  6148       1.23088348       1.22107768       4.00784465
  6149       1.23460453       1.21859698       4.00474378
  6150       1.23832557       1.21611629       4.00164291
  6151       1.21667443       1.23888371       3.99835709
  6152       1.22039547       1.23640302       3.99525622
  6153       1.22411652       1.23392232       3.99215535
  6154       1.22783756       1.23144163       3.98905449
  6155       1.23155860       1.22896093       3.98595362
  6156       1.21961617       1.23692255       4.00227941
  6157       1.22333722       1.23444186       3.99917855
  6158       1.22705826       1.23196116       3.99607768
  6159       1.23077930       1.22948047       3.99297681
  6160       1.23450034       1.22699977       3.98987594
  6161       1.22255792       1.23496139       4.00620174
  6162       1.22627896       1.23248070       4.00310087
  6163       1.23000000       1.23000000       4.00000000
  6164       1.23372104       1.22751931       3.99689913
  6165       1.23744208       1.22503861       3.99379826
  6166       1.22549966       1.23300023       4.01012406
  6167       1.22922070       1.23051953       4.00702319
  6168       1.23294174       1.22803884       4.00392232
  6169       1.23666278       1.22555814       4.00082145
  6170       1.24038383       1.22307745       3.99772059
  6171       1.22844140       1.23103907       4.01404638
  6172       1.23216244       1.22855837       4.01094551
  6173       1.23588348       1.22607768       4.00784465
  6174       1.23960453       1.22359698       4.00474378
  6175       1.24332557       1.22111629       4.00164291
  6176       1.22167443       1.24388371       3.99835709
  6177       1.22539547       1.24140302       3.99525622
  6178       1.22911652       1.23892232       3.99215535
  6179       1.23283756       1.23644163       3.98905449
  6180       1.23655860       1.23396093       3.98595362
  6181       1.22461617       1.24192255       4.00227941
  6182       1.22833722       1.23944186       3.99917855
  6183       1.23205826       1.23696116       3.99607768
  6184       1.23577930       1.23448047       3.99297681
  6185       1.23950034       1.23199977       3.98987594
  6186       1.22755792       1.23996139       4.00620174
  6187       1.23127896       1.23748070       4.00310087
  6188       1.23500000       1.23500000       4.00000000
  6189       1.23872104       1.23251931       3.99689913
  6190       1.24244208       1.23003861       3.99379826
  6191       1.23049966       1.23800023       4.01012406
  6192       1.23422070       1.23551953       4.00702319
  6193       1.23794174       1.23303884       4.00392232
  6194       1.24166278       1.23055814       4.00082145
  6195       1.24538383       1.22807745       3.99772059
  6196       1.23344140       1.23603907       4.01404638
  6197       1.23716244       1.23355837       4.01094551
  6198       1.24088348       1.23107768       4.00784465
  6199       1.24460453       1.22859698       4.00474378
  6200       1.24832557       1.22611629       4.00164291
  6201       1.22667443       1.24888371       3.99835709
  6202       1.23039547       1.24640302       3.99525622
  6203       1.23411652       1.24392232       3.99215535
  6204       1.23783756       1.24144163       3.98905449
  6205       1.24155860       1.23896093       3.98595362
  6206       1.22961617       1.24692255       4.00227941
  6207       1.23333722       1.24444186       3.99917855
  6208       1.23705826       1.24196116       3.99607768
  6209       1.24077930       1.23948047       3.99297681
  6210       1.24450034       1.23699977       3.98987594
  6211       1.23255792       1.24496139       4.00620174
  6212       1.23627896       1.24248070       4.00310087
  6213       1.24000000       1.24000000       4.00000000
  6214       1.24372104       1.23751931       3.99689913
  6215       1.24744208       1.23503861       3.99379826
  6216       1.23549966       1.24300023       4.01012406
  6217       1.23922070       1.24051953       4.00702319
  6218       1.24294174       1.23803884       4.00392232
  6219       1.24666278       1.23555814       4.00082145
  6220       1.25038383       1.23307745       3.99772059
  6221       1.23844140       1.24103907       4.01404638
  6222       1.24216244       1.23855837       4.01094551
  6223       1.24588348       1.23607768       4.00784465
  6224       1.24960453       1.23359698       4.00474378
  6225       1.25332557       1.23111629       4.00164291
  6226       1.23167443       1.25388371       3.99835709
  6227       1.23539547       1.25140302       3.99525622
  6228       1.23911652       1.24892232       3.99215535
  6229       1.24283756       1.24644163       3.98905449
  6230       1.24655860       1.24396093       3.98595362
  6231       1.23461617       1.25192255       4.00227941
  6232       1.23833722       1.24944186       3.99917855
  6233       1.24205826       1.24696116       3.99607768
  6234       1.24577930       1.24448047       3.99297681
  6235       1.24950034       1.24199977       3.98987594
  6236       1.23755792       1.24996139       4.00620174
  6237       1.24127896       1.24748070       4.00310087
  6238       1.24500000       1.24500000       4.00000000
  6239       1.24872104       1.24251931       3.99689913
  6240       1.25244208       1.24003861       3.99379826
  6241       1.24049966       1.24800023       4.01012406
  6242       1.24422070       1.24551953       4.00702319
  6243       1.24794174       1.24303884       4.00392232
  6244       1.25166278       1.24055814       4.00082145
  6245       1.25538383       1.23807745       3.99772059
  6246       1.24344140       1.24603907       4.01404638
  6247       1.24716244       1.24355837       4.01094551
  6248       1.25088348       1.24107768       4.00784465
  6249       1.25460453       1.23859698       4.00474378
  6250       1.25832557       1.23611629       4.00164291
  6251       1.23667443       1.25888371       3.99835709
  6252       1.24039547       1.25640302       3.99525622
  6253       1.24411652       1.25392232       3.99215535
  6254       1.24783756       1.25144163       3.98905449
  6255       1.25155860       1.24896093       3.98595362
  6256       1.23961617       1.25692255       4.00227941
  6257       1.24333722       1.25444186       3.99917855
  6258       1.24705826       1.25196116       3.99607768
  6259       1.25077930       1.24948047       3.99297681
  6260       1.25450034       1.24699977       3.98987594
  6261       1.24255792       1.25496139       4.00620174
  6262       1.24627896       1.25248070       4.00310087
  6263       1.25000000       1.25000000       4.00000000
  6264       1.25372104       1.24751931       3.99689913
  6265       1.25744208       1.24503861       3.99379826
  6266       1.24549966       1.25300023       4.01012406
  6267       1.24922070       1.25051953       4.00702319
  6268       1.25294174       1.24803884       4.00392232
  6269       1.25666278       1.24555814       4.00082145
  6270       1.26038383       1.24307745       3.99772059
  6271       1.24844140       1.25103907       4.01404638
  6272       1.25216244       1.24855837       4.01094551
  6273       1.25588348       1.24607768       4.00784465
  6274       1.25960453       1.24359698       4.00474378
  6275       1.26332557       1.24111629       4.00164291
  6276       1.24167443       1.26388371       3.99835709
  6277       1.24539547       1.26140302       3.99525622
  6278       1.24911652       1.25892232       3.99215535
  6279       1.25283756       1.25644163       3.98905449
  6280       1.25655860       1.25396093       3.98595362
  6281       1.24461617       1.26192255       4.00227941
  6282       1.24833722       1.25944186       3.99917855
  6283       1.25205826       1.25696116       3.99607768
  6284       1.25577930       1.25448047       3.99297681
  6285       1.25950034       1.25199977       3.98987594
  6286       1.24755792       1.25996139       4.00620174
  6287       1.25127896       1.25748070       4.00310087
  6288       1.25500000       1.25500000       4.00000000
  6289       1.25872104       1.25251931       3.99689913
  6290       1.26244208       1.25003861       3.99379826
  6291       1.25049966       1.25800023       4.01012406
  6292       1.25422070       1.25551953       4.00702319
  6293       1.25794174       1.25303884       4.00392232
  6294       1.26166278       1.25055814       4.00082145
  6295       1.26538383       1.24807745       3.99772059
  6296       1.25344140       1.25603907       4.01404638
  6297       1.25716244       1.25355837       4.01094551
  6298       1.26088348       1.25107768       4.00784465
  6299       1.26460453       1.24859698       4.00474378
  6300       1.26832557       1.24611629       4.00164291
  6301       1.24667443       1.26888371       3.99835709
  6302       1.25039547       1.26640302       3.99525622
  6303       1.25411652       1.26392232       3.99215535
  6304       1.25783756       1.26144163       3.98905449
  6305       1.26155860       1.25896093       3.98595362
  6306       1.24961617       1.26692255       4.00227941
  6307       1.25333722       1.26444186       3.99917855
  6308       1.25705826       1.26196116       3.99607768
  6309       1.26077930       1.25948047       3.99297681
  6310       1.26450034       1.25699977       3.98987594
  6311       1.25255792       1.26496139       4.00620174
  6312       1.25627896       1.26248070       4.00310087
  6313       1.26000000       1.26000000       4.00000000
  6314       1.26372104       1.25751931       3.99689913
  6315       1.26744208       1.25503861       3.99379826
  6316       1.25549966       1.26300023       4.01012406
  6317       1.25922070       1.26051953       4.00702319
  6318       1.26294174       1.25803884       4.00392232
  6319       1.26666278       1.25555814       4.00082145
  6320       1.27038383       1.25307745       3.99772059
  6321       1.25844140       1.26103907       4.01404638
  6322       1.26216244       1.25855837       4.01094551
  6323       1.26588348       1.25607768       4.00784465
  6324       1.26960453       1.25359698       4.00474378
  6325       1.27332557       1.25111629       4.00164291
  6326       1.25167443       1.27388371       3.99835709
  6327       1.25539547       1.27140302       3.99525622
  6328       1.25911652       1.26892232       3.99215535
  6329       1.26283756       1.26644163       3.98905449
  6330       1.26655860       1.26396093       3.98595362
  6331       1.25461617       1.27192255       4.00227941
  6332       1.25833722       1.26944186       3.99917855
  6333       1.26205826       1.26696116       3.99607768
  6334       1.26577930       1.26448047       3.99297681
  6335       1.26950034       1.26199977       3.98987594
  6336       1.25755792       1.26996139       4.00620174
  6337       1.26127896       1.26748070       4.00310087
  6338       1.26500000       1.26500000       4.00000000
  6339       1.26872104       1.26251931       3.99689913
  6340       1.27244208       1.26003861       3.99379826
  6341       1.26049966       1.26800023       4.01012406
  6342       1.26422070       1.26551953       4.00702319
  6343       1.26794174       1.26303884       4.00392232
  6344       1.27166278       1.26055814       4.00082145
  6345       1.27538383       1.25807745       3.99772059
  6346       1.26344140       1.26603907       4.01404638
  6347       1.26716244       1.26355837       4.01094551
  6348       1.27088348       1.26107768       4.00784465
  6349       1.27460453       1.25859698       4.00474378
  6350       1.27832557       1.25611629       4.00164291
  6351       1.25667443       1.27888371       3.99835709
  6352       1.26039547       1.27640302       3.99525622
  6353       1.26411652       1.27392232       3.99215535
  6354       1.26783756       1.27144163       3.98905449
  6355       1.27155860       1.26896093       3.98595362
  6356       1.25961617       1.27692255       4.00227941
  6357       1.26333722       1.27444186       3.99917855
  6358       1.26705826       1.27196116       3.99607768
  6359       1.27077930       1.26948047       3.99297681
  6360       1.27450034       1.26699977       3.98987594
  6361       1.26255792       1.27496139       4.00620174
  6362       1.26627896       1.27248070       4.00310087
  6363       1.27000000       1.27000000       4.00000000
  6364       1.27372104       1.26751931       3.99689913
  6365       1.27744208       1.26503861       3.99379826
  6366       1.26549966       1.27300023       4.01012406
  6367       1.26922070       1.27051953       4.00702319
  6368       1.27294174       1.26803884       4.00392232
  6369       1.27666278       1.26555814       4.00082145
  6370       1.28038383       1.26307745       3.99772059
  6371       1.26844140       1.27103907       4.01404638
  6372       1.27216244       1.26855837       4.01094551
  6373       1.27588348       1.26607768       4.00784465
  6374       1.27960453       1.26359698       4.00474378
  6375       1.28332557       1.26111629       4.00164291
  6376       1.26167443       1.28388371       3.99835709
  6377       1.26539547       1.28140302       3.99525622
  6378       1.26911652       1.27892232       3.99215535
  6379       1.27283756       1.27644163       3.98905449
  6380       1.27655860       1.27396093       3.98595362
  6381       1.26461617       1.28192255       4.00227941
  6382       1.26833722       1.27944186       3.99917855
  6383       1.27205826       1.27696116       3.99607768
  6384       1.27577930       1.27448047       3.99297681
  6385       1.27950034       1.27199977       3.98987594
  6386       1.26755792       1.27996139       4.00620174
  6387       1.27127896       1.27748070       4.00310087
  6388       1.27500000       1.27500000       4.00000000
  6389       1.27872104       1.27251931       3.99689913
  6390       1.28244208       1.27003861       3.99379826
  6391       1.27049966       1.27800023       4.01012406
  6392       1.27422070       1.27551953       4.00702319
  6393       1.27794174       1.27303884       4.00392232
  6394       1.28166278       1.27055814       4.00082145
  6395       1.28538383       1.26807745       3.99772059
  6396       1.27344140       1.27603907       4.01404638
  6397       1.27716244       1.27355837       4.01094551
  6398       1.28088348       1.27107768       4.00784465
  6399       1.28460453       1.26859698       4.00474378
  6400       1.28832557       1.26611629       4.00164291
  6401       1.26667443       1.28888371       3.99835709
  6402       1.27039547       1.28640302       3.99525622
  6403       1.27411652       1.28392232       3.99215535
  6404       1.27783756       1.28144163       3.98905449
  6405       1.28155860       1.27896093       3.98595362
  6406       1.26961617       1.28692255       4.00227941
  6407       1.27333722       1.28444186       3.99917855
  6408       1.27705826       1.28196116       3.99607768
  6409       1.28077930       1.27948047       3.99297681
  6410       1.28450034       1.27699977       3.98987594
  6411       1.27255792       1.28496139       4.00620174
  6412       1.27627896       1.28248070       4.00310087
  6413       1.28000000       1.28000000       4.00000000
  6414       1.28372104       1.27751931       3.99689913
  6415       1.28744208       1.27503861       3.99379826
  6416       1.27549966       1.28300023       4.01012406
  6417       1.27922070       1.28051953       4.00702319
  6418       1.28294174       1.27803884       4.00392232
  6419       1.28666278       1.27555814       4.00082145
  6420       1.29038383       1.27307745       3.99772059
  6421       1.27844140       1.28103907       4.01404638
  6422       1.28216244       1.27855837       4.01094551
  6423       1.28588348       1.27607768       4.00784465
  6424       1.28960453       1.27359698       4.00474378
  6425       1.29332557       1.27111629       4.00164291
  6426       1.27167443       1.29388371       3.99835709
  6427       1.27539547       1.29140302       3.99525622
  6428       1.27911652       1.28892232       3.99215535
  6429       1.28283756       1.28644163       3.98905449
  6430       1.28655860       1.28396093       3.98595362
  6431       1.27461617       1.29192255       4.00227941
  6432       1.27833722       1.28944186       3.99917855
  6433       1.28205826       1.28696116       3.99607768
  6434       1.28577930       1.28448047       3.99297681
  6435       1.28950034       1.28199977       3.98987594
  6436       1.27755792       1.28996139       4.00620174
  6437       1.28127896       1.28748070       4.00310087
  6438       1.28500000       1.28500000       4.00000000
  6439       1.28872104       1.28251931       3.99689913
  6440       1.29244208       1.28003861       3.99379826
  6441       1.28049966       1.28800023       4.01012406
  6442       1.28422070       1.28551953       4.00702319
  6443       1.28794174       1.28303884       4.00392232
  6444       1.29166278       1.28055814       4.00082145
  6445       1.29538383       1.27807745       3.99772059
  6446       1.28344140       1.28603907       4.01404638
  6447       1.28716244       1.28355837       4.01094551
  6448       1.29088348       1.28107768       4.00784465
  6449       1.29460453       1.27859698       4.00474378
  6450       1.29832557       1.27611629       4.00164291
  6451       1.27667443       1.29888371       3.99835709
  6452       1.28039547       1.29640302       3.99525622
  6453       1.28411652       1.29392232       3.99215535
  6454       1.28783756       1.29144163       3.98905449
  6455       1.29155860       1.28896093       3.98595362
  6456       1.27961617       1.29692255       4.00227941
  6457       1.28333722       1.29444186       3.99917855
  6458       1.28705826       1.29196116       3.99607768
  6459       1.29077930       1.28948047       3.99297681
  6460       1.29450034       1.28699977       3.98987594
  6461       1.28255792       1.29496139       4.00620174
  6462       1.28627896       1.29248070       4.00310087
  6463       1.29000000       1.29000000       4.00000000
  6464       1.29372104       1.28751931       3.99689913
  6465       1.29744208       1.28503861       3.99379826
  6466       1.28549966       1.29300023       4.01012406
  6467       1.28922070       1.29051953       4.00702319
  6468       1.29294174       1.28803884       4.00392232
  6469       1.29666278       1.28555814       4.00082145
  6470       1.30038383       1.28307745       3.99772059
  6471       1.28844140       1.29103907       4.01404638
  6472       1.29216244       1.28855837       4.01094551
  6473       1.29588348       1.28607768       4.00784465
  6474       1.29960453       1.28359698       4.00474378
  6475       1.30332557       1.28111629       4.00164291
  6476       1.28167443       1.30388371       3.99835709
  6477       1.28539547       1.30140302       3.99525622
  6478       1.28911652       1.29892232       3.99215535
  6479       1.29283756       1.29644163       3.98905449
  6480       1.29655860       1.29396093       3.98595362
  6481       1.28461617       1.30192255       4.00227941
  6482       1.28833722       1.29944186       3.99917855
  6483       1.29205826       1.29696116       3.99607768
  6484       1.29577930       1.29448047       3.99297681
  6485       1.29950034       1.29199977       3.98987594
  6486       1.28755792       1.29996139       4.00620174
  6487       1.29127896       1.29748070       4.00310087
  6488       1.29500000       1.29500000       4.00000000
  6489       1.29872104       1.29251931       3.99689913
  6490       1.30244208       1.29003861       3.99379826
  6491       1.29049966       1.29800023       4.01012406
  6492       1.29422070       1.29551953       4.00702319
  6493       1.29794174       1.29303884       4.00392232
  6494       1.30166278       1.29055814       4.00082145
  6495       1.30538383       1.28807745       3.99772059
  6496       1.29344140       1.29603907       4.01404638
  6497       1.29716244       1.29355837       4.01094551
  6498       1.30088348       1.29107768       4.00784465
  6499       1.30460453       1.28859698       4.00474378
  6500       1.30832557       1.28611629       4.00164291
  6501       1.28667443       1.30888371       3.99835709
  6502       1.29039547       1.30640302       3.99525622
  6503       1.29411652       1.30392232       3.99215535
  6504       1.29783756       1.30144163       3.98905449
  6505       1.30155860       1.29896093       3.98595362
  6506       1.28961617       1.30692255       4.00227941
  6507       1.29333722       1.30444186       3.99917855
  6508       1.29705826       1.30196116       3.99607768
  6509       1.30077930       1.29948047       3.99297681
  6510       1.30450034       1.29699977       3.98987594
  6511       1.29255792       1.30496139       4.00620174
  6512       1.29627896       1.30248070       4.00310087
  6513       1.30000000       1.30000000       4.00000000
  6514       1.30372104       1.29751931       3.99689913
  6515       1.30744208       1.29503861       3.99379826
  6516       1.29549966       1.30300023       4.01012406
  6517       1.29922070       1.30051953       4.00702319
  6518       1.30294174       1.29803884       4.00392232
  6519       1.30666278       1.29555814       4.00082145
  6520       1.31038383       1.29307745       3.99772059
  6521       1.29844140       1.30103907       4.01404638
  6522       1.30216244       1.29855837       4.01094551
  6523       1.30588348       1.29607768       4.00784465
  6524       1.30960453       1.29359698       4.00474378
  6525       1.31332557       1.29111629       4.00164291
  6526       1.29167443       1.31388371       3.99835709
  6527       1.29539547       1.31140302       3.99525622
  6528       1.29911652       1.30892232       3.99215535
  6529       1.30283756       1.30644163       3.98905449
  6530       1.30655860       1.30396093       3.98595362
  6531       1.29461617       1.31192255       4.00227941
  6532       1.29833722       1.30944186       3.99917855
  6533       1.30205826       1.30696116       3.99607768
  6534       1.30577930       1.30448047       3.99297681
  6535       1.30950034       1.30199977       3.98987594
  6536       1.29755792       1.30996139       4.00620174
  6537       1.30127896       1.30748070       4.00310087
  6538       1.30500000       1.30500000       4.00000000
  6539       1.30872104       1.30251931       3.99689913
  6540       1.31244208       1.30003861       3.99379826
  6541       1.30049966       1.30800023       4.01012406
  6542       1.30422070       1.30551953       4.00702319
  6543       1.30794174       1.30303884       4.00392232
  6544       1.31166278       1.30055814       4.00082145
  6545       1.31538383       1.29807745       3.99772059
  6546       1.30344140       1.30603907       4.01404638
  6547       1.30716244       1.30355837       4.01094551
  6548       1.31088348       1.30107768       4.00784465
  6549       1.31460453       1.29859698       4.00474378
  6550       1.31832557       1.29611629       4.00164291
  6551       1.29667443       1.31888371       3.99835709
  6552       1.30039547       1.31640302       3.99525622
  6553       1.30411652       1.31392232       3.99215535
  6554       1.30783756       1.31144163       3.98905449
  6555       1.31155860       1.30896093       3.98595362
  6556       1.29961617       1.31692255       4.00227941
  6557       1.30333722       1.31444186       3.99917855
  6558       1.30705826       1.31196116       3.99607768
  6559       1.31077930       1.30948047       3.99297681
  6560       1.31450034       1.30699977       3.98987594
  6561       1.30255792       1.31496139       4.00620174
  6562       1.30627896       1.31248070       4.00310087
  6563       1.31000000       1.31000000       4.00000000
  6564       1.31372104       1.30751931       3.99689913
  6565       1.31744208       1.30503861       3.99379826
  6566       1.30549966       1.31300023       4.01012406
  6567       1.30922070       1.31051953       4.00702319
  6568       1.31294174       1.30803884       4.00392232
  6569       1.31666278       1.30555814       4.00082145
  6570       1.32038383       1.30307745       3.99772059
  6571       1.30844140       1.31103907       4.01404638
  6572       1.31216244       1.30855837       4.01094551
  6573       1.31588348       1.30607768       4.00784465
  6574       1.31960453       1.30359698       4.00474378
  6575       1.32332557       1.30111629       4.00164291
  6576       1.30167443       1.32388371       3.99835709
  6577       1.30539547       1.32140302       3.99525622
  6578       1.30911652       1.31892232       3.99215535
  6579       1.31283756       1.31644163       3.98905449
  6580       1.31655860       1.31396093       3.98595362
  6581       1.30461617       1.32192255       4.00227941
  6582       1.30833722       1.31944186       3.99917855
  6583       1.31205826       1.31696116       3.99607768
  6584       1.31577930       1.31448047       3.99297681
  6585       1.31950034       1.31199977       3.98987594
  6586       1.30755792       1.31996139       4.00620174
  6587       1.31127896       1.31748070       4.00310087
  6588       1.31500000       1.31500000       4.00000000
  6589       1.31872104       1.31251931       3.99689913
  6590       1.32244208       1.31003861       3.99379826
  6591       1.31049966       1.31800023       4.01012406
  6592       1.31422070       1.31551953       4.00702319
  6593       1.31794174       1.31303884       4.00392232
  6594       1.32166278       1.31055814       4.00082145
  6595       1.32538383       1.30807745       3.99772059
  6596       1.31344140       1.31603907       4.01404638
  6597       1.31716244       1.31355837       4.01094551
  6598       1.32088348       1.31107768       4.00784465
  6599       1.32460453       1.30859698       4.00474378
  6600       1.32832557       1.30611629       4.00164291
  6601       1.30667443       1.32888371       3.99835709
  6602       1.31039547       1.32640302       3.99525622
  6603       1.31411652       1.32392232       3.99215535
  6604       1.31783756       1.32144163       3.98905449
  6605       1.32155860       1.31896093       3.98595362
  6606       1.30961617       1.32692255       4.00227941
  6607       1.31333722       1.32444186       3.99917855
  6608       1.31705826       1.32196116       3.99607768
  6609       1.32077930       1.31948047       3.99297681
  6610       1.32450034       1.31699977       3.98987594
  6611       1.31255792       1.32496139       4.00620174
  6612       1.31627896       1.32248070       4.00310087
  6613       1.32000000       1.32000000       4.00000000
  6614       1.32372104       1.31751931       3.99689913
  6615       1.32744208       1.31503861       3.99379826
  6616       1.31549966       1.32300023       4.01012406
  6617       1.31922070       1.32051953       4.00702319
  6618       1.32294174       1.31803884       4.00392232
  6619       1.32666278       1.31555814       4.00082145
  6620       1.33038383       1.31307745       3.99772059
  6621       1.31844140       1.32103907       4.01404638
  6622       1.32216244       1.31855837       4.01094551
  6623       1.32588348       1.31607768       4.00784465
  6624       1.32960453       1.31359698       4.00474378
  6625       1.33332557       1.31111629       4.00164291
  6626       1.31167443       1.33388371       3.99835709
  6627       1.31539547       1.33140302       3.99525622
  6628       1.31911652       1.32892232       3.99215535
  6629       1.32283756       1.32644163       3.98905449
  6630       1.32655860       1.32396093       3.98595362
  6631       1.31461617       1.33192255       4.00227941
  6632       1.31833722       1.32944186       3.99917855
  6633       1.32205826       1.32696116       3.99607768
  6634       1.32577930       1.32448047       3.99297681
  6635       1.32950034       1.32199977       3.98987594
  6636       1.31755792       1.32996139       4.00620174
  6637       1.32127896       1.32748070       4.00310087
  6638       1.32500000       1.32500000       4.00000000
  6639       1.32872104       1.32251931       3.99689913
  6640       1.33244208       1.32003861       3.99379826
  6641       1.32049966       1.32800023       4.01012406
  6642       1.32422070       1.32551953       4.00702319
  6643       1.32794174       1.32303884       4.00392232
  6644       1.33166278       1.32055814       4.00082145
  6645       1.33538383       1.31807745       3.99772059
  6646       1.32344140       1.32603907       4.01404638
  6647       1.32716244       1.32355837       4.01094551
  6648       1.33088348       1.32107768       4.00784465
  6649       1.33460453       1.31859698       4.00474378
  6650       1.33832557       1.31611629       4.00164291
  6651       1.31667443       1.33888371       3.99835709
  6652       1.32039547       1.33640302       3.99525622
  6653       1.32411652       1.33392232       3.99215535
  6654       1.32783756       1.33144163       3.98905449
  6655       1.33155860       1.32896093       3.98595362
  6656       1.31961617       1.33692255       4.00227941
  6657       1.32333722       1.33444186       3.99917855
  6658       1.32705826       1.33196116       3.99607768
  6659       1.33077930       1.32948047       3.99297681
  6660       1.33450034       1.32699977       3.98987594
  6661       1.32255792       1.33496139       4.00620174
  6662       1.32627896       1.33248070       4.00310087
  6663       1.33000000       1.33000000       4.00000000
  6664       1.33372104       1.32751931       3.99689913
  6665       1.33744208       1.32503861       3.99379826
  6666       1.32549966       1.33300023       4.01012406
  6667       1.32922070       1.33051953       4.00702319
  6668       1.33294174       1.32803884       4.00392232
  6669       1.33666278       1.32555814       4.00082145
  6670       1.34038383       1.32307745       3.99772059
  6671       1.32844140       1.33103907       4.01404638
  6672       1.33216244       1.32855837       4.01094551
  6673       1.33588348       1.32607768       4.00784465
  6674       1.33960453       1.32359698       4.00474378
  6675       1.34332557       1.32111629       4.00164291
  6676       1.32167443       1.34388371       3.99835709
  6677       1.32539547       1.34140302       3.99525622
  6678       1.32911652       1.33892232       3.99215535
  6679       1.33283756       1.33644163       3.98905449
  6680       1.33655860       1.33396093       3.98595362
  6681       1.32461617       1.34192255       4.00227941
  6682       1.32833722       1.33944186       3.99917855
  6683       1.33205826       1.33696116       3.99607768
  6684       1.33577930       1.33448047       3.99297681
  6685       1.33950034       1.33199977       3.98987594
  6686       1.32755792       1.33996139       4.00620174
  6687       1.33127896       1.33748070       4.00310087
  6688       1.33500000       1.33500000       4.00000000
  6689       1.33872104       1.33251931       3.99689913
  6690       1.34244208       1.33003861       3.99379826
  6691       1.33049966       1.33800023       4.01012406
  6692       1.33422070       1.33551953       4.00702319
  6693       1.33794174       1.33303884       4.00392232
  6694       1.34166278       1.33055814       4.00082145
  6695       1.34538383       1.32807745       3.99772059
  6696       1.33344140       1.33603907       4.01404638
  6697       1.33716244       1.33355837       4.01094551
  6698       1.34088348       1.33107768       4.00784465
  6699       1.34460453       1.32859698       4.00474378
  6700       1.34832557       1.32611629       4.00164291
  6701       1.32667443       1.34888371       3.99835709
  6702       1.33039547       1.34640302       3.99525622
  6703       1.33411652       1.34392232       3.99215535
  6704       1.33783756       1.34144163       3.98905449
  6705       1.34155860       1.33896093       3.98595362
  6706       1.32961617       1.34692255       4.00227941
  6707       1.33333722       1.34444186       3.99917855
  6708       1.33705826       1.34196116       3.99607768
  6709       1.34077930       1.33948047       3.99297681
  6710       1.34450034       1.33699977       3.98987594
  6711       1.33255792       1.34496139       4.00620174
  6712       1.33627896       1.34248070       4.00310087
  6713       1.34000000       1.34000000       4.00000000
  6714       1.34372104       1.33751931       3.99689913
  6715       1.34744208       1.33503861       3.99379826
  6716       1.33549966       1.34300023       4.01012406
  6717       1.33922070       1.34051953       4.00702319
  6718       1.34294174       1.33803884       4.00392232
  6719       1.34666278       1.33555814       4.00082145
  6720       1.35038383       1.33307745       3.99772059
  6721       1.33844140       1.34103907       4.01404638
  6722       1.34216244       1.33855837       4.01094551
  6723       1.34588348       1.33607768       4.00784465
  6724       1.34960453       1.33359698       4.00474378
  6725       1.35332557       1.33111629       4.00164291
  6726       1.33167443       1.35388371       3.99835709
  6727       1.33539547       1.35140302       3.99525622
  6728       1.33911652       1.34892232       3.99215535
  6729       1.34283756       1.34644163       3.98905449
  6730       1.34655860       1.34396093       3.98595362
  6731       1.33461617       1.35192255       4.00227941
  6732       1.33833722       1.34944186       3.99917855
  6733       1.34205826       1.34696116       3.99607768
  6734       1.34577930       1.34448047       3.99297681
  6735       1.34950034       1.34199977       3.98987594
  6736       1.33755792       1.34996139       4.00620174
  6737       1.34127896       1.34748070       4.00310087
  6738       1.34500000       1.34500000       4.00000000
  6739       1.34872104       1.34251931       3.99689913
  6740       1.35244208       1.34003861       3.99379826
  6741       1.34049966       1.34800023       4.01012406
  6742       1.34422070       1.34551953       4.00702319
  6743       1.34794174       1.34303884       4.00392232
  6744       1.35166278       1.34055814       4.00082145
  6745       1.35538383       1.33807745       3.99772059
  6746       1.34344140       1.34603907       4.01404638
  6747       1.34716244       1.34355837       4.01094551
  6748       1.35088348       1.34107768       4.00784465
  6749       1.35460453       1.33859698       4.00474378
  6750       1.35832557       1.33611629       4.00164291
  6751       1.33667443       1.35888371       3.99835709
  6752       1.34039547       1.35640302       3.99525622
  6753       1.34411652       1.35392232       3.99215535
  6754       1.34783756       1.35144163       3.98905449
  6755       1.35155860       1.34896093       3.98595362
  6756       1.33961617       1.35692255       4.00227941
  6757       1.34333722       1.35444186       3.99917855
  6758       1.34705826       1.35196116       3.99607768
  6759       1.35077930       1.34948047       3.99297681
  6760       1.35450034       1.34699977       3.98987594
  6761       1.34255792       1.35496139       4.00620174
  6762       1.34627896       1.35248070       4.00310087
  6763       1.35000000       1.35000000       4.00000000
  6764       1.35372104       1.34751931       3.99689913
  6765       1.35744208       1.34503861       3.99379826
  6766       1.34549966       1.35300023       4.01012406
  6767       1.34922070       1.35051953       4.00702319
  6768       1.35294174       1.34803884       4.00392232
  6769       1.35666278       1.34555814       4.00082145
  6770       1.36038383       1.34307745       3.99772059
  6771       1.34844140       1.35103907       4.01404638
  6772       1.35216244       1.34855837       4.01094551
  6773       1.35588348       1.34607768       4.00784465
  6774       1.35960453       1.34359698       4.00474378
  6775       1.36332557       1.34111629       4.00164291
  6776       1.34167443       1.36388371       3.99835709
  6777       1.34539547       1.36140302       3.99525622
  6778       1.34911652       1.35892232       3.99215535
  6779       1.35283756       1.35644163       3.98905449
  6780       1.35655860       1.35396093       3.98595362
  6781       1.34461617       1.36192255       4.00227941
  6782       1.34833722       1.35944186       3.99917855
  6783       1.35205826       1.35696116       3.99607768
  6784       1.35577930       1.35448047       3.99297681
  6785       1.35950034       1.35199977       3.98987594
  6786       1.34755792       1.35996139       4.00620174
  6787       1.35127896       1.35748070       4.00310087
  6788       1.35500000       1.35500000       4.00000000
  6789       1.35872104       1.35251931       3.99689913
  6790       1.36244208       1.35003861       3.99379826
  6791       1.35049966       1.35800023       4.01012406
  6792       1.35422070       1.35551953       4.00702319
  6793       1.35794174       1.35303884       4.00392232
  6794       1.36166278       1.35055814       4.00082145
  6795       1.36538383       1.34807745       3.99772059
  6796       1.35344140       1.35603907       4.01404638
  6797       1.35716244       1.35355837       4.01094551
  6798       1.36088348       1.35107768       4.00784465
  6799       1.36460453       1.34859698       4.00474378
  6800       1.36832557       1.34611629       4.00164291
  6801       1.34667443       1.36888371       3.99835709
  6802       1.35039547       1.36640302       3.99525622
  6803       1.35411652       1.36392232       3.99215535
  6804       1.35783756       1.36144163       3.98905449
  6805       1.36155860       1.35896093       3.98595362
  6806       1.34961617       1.36692255       4.00227941
  6807       1.35333722       1.36444186       3.99917855
  6808       1.35705826       1.36196116       3.99607768
  6809       1.36077930       1.35948047       3.99297681
  6810       1.36450034       1.35699977       3.98987594
  6811       1.35255792       1.36496139       4.00620174
  6812       1.35627896       1.36248070       4.00310087
  6813       1.36000000       1.36000000       4.00000000
  6814       1.36372104       1.35751931       3.99689913
  6815       1.36744208       1.35503861       3.99379826
  6816       1.35549966       1.36300023       4.01012406
  6817       1.35922070       1.36051953       4.00702319
  6818       1.36294174       1.35803884       4.00392232
  6819       1.36666278       1.35555814       4.00082145
  6820       1.37038383       1.35307745       3.99772059
  6821       1.35844140       1.36103907       4.01404638
  6822       1.36216244       1.35855837       4.01094551
  6823       1.36588348       1.35607768       4.00784465
  6824       1.36960453       1.35359698       4.00474378
  6825       1.37332557       1.35111629       4.00164291
  6826       1.35167443       1.37388371       3.99835709
  6827       1.35539547       1.37140302       3.99525622
  6828       1.35911652       1.36892232       3.99215535
  6829       1.36283756       1.36644163       3.98905449
  6830       1.36655860       1.36396093       3.98595362
  6831       1.35461617       1.37192255       4.00227941
  6832       1.35833722       1.36944186       3.99917855
  6833       1.36205826       1.36696116       3.99607768
  6834       1.36577930       1.36448047       3.99297681
  6835       1.36950034       1.36199977       3.98987594
  6836       1.35755792       1.36996139       4.00620174
  6837       1.36127896       1.36748070       4.00310087
  6838       1.36500000       1.36500000       4.00000000
  6839       1.36872104       1.36251931       3.99689913
  6840       1.37244208       1.36003861       3.99379826
  6841       1.36049966       1.36800023       4.01012406
  6842       1.36422070       1.36551953       4.00702319
  6843       1.36794174       1.36303884       4.00392232
  6844       1.37166278       1.36055814       4.00082145
  6845       1.37538383       1.35807745       3.99772059
  6846       1.36344140       1.36603907       4.01404638
  6847       1.36716244       1.36355837       4.01094551
  6848       1.37088348       1.36107768       4.00784465
  6849       1.37460453       1.35859698       4.00474378
  6850       1.37832557       1.35611629       4.00164291
  6851       1.35667443       1.37888371       3.99835709
  6852       1.36039547       1.37640302       3.99525622
  6853       1.36411652       1.37392232       3.99215535
  6854       1.36783756       1.37144163       3.98905449
  6855       1.37155860       1.36896093       3.98595362
  6856       1.35961617       1.37692255       4.00227941
  6857       1.36333722       1.37444186       3.99917855
  6858       1.36705826       1.37196116       3.99607768
  6859       1.37077930       1.36948047       3.99297681
  6860       1.37450034       1.36699977       3.98987594
  6861       1.36255792       1.37496139       4.00620174
  6862       1.36627896       1.37248070       4.00310087
  6863       1.37000000       1.37000000       4.00000000
  6864       1.37372104       1.36751931       3.99689913
  6865       1.37744208       1.36503861       3.99379826
  6866       1.36549966       1.37300023       4.01012406
  6867       1.36922070       1.37051953       4.00702319
  6868       1.37294174       1.36803884       4.00392232
  6869       1.37666278       1.36555814       4.00082145
  6870       1.38038383       1.36307745       3.99772059
  6871       1.36844140       1.37103907       4.01404638
  6872       1.37216244       1.36855837       4.01094551
  6873       1.37588348       1.36607768       4.00784465
  6874       1.37960453       1.36359698       4.00474378
  6875       1.38332557       1.36111629       4.00164291
  6876       1.36167443       1.38388371       3.99835709
  6877       1.36539547       1.38140302       3.99525622
  6878       1.36911652       1.37892232       3.99215535
  6879       1.37283756       1.37644163       3.98905449
  6880       1.37655860       1.37396093       3.98595362
  6881       1.36461617       1.38192255       4.00227941
  6882       1.36833722       1.37944186       3.99917855
  6883       1.37205826       1.37696116       3.99607768
  6884       1.37577930       1.37448047       3.99297681
  6885       1.37950034       1.37199977       3.98987594
  6886       1.36755792       1.37996139       4.00620174
  6887       1.37127896       1.37748070       4.00310087
  6888       1.37500000       1.37500000       4.00000000
  6889       1.37872104       1.37251931       3.99689913
  6890       1.38244208       1.37003861       3.99379826
  6891       1.37049966       1.37800023       4.01012406
  6892       1.37422070       1.37551953       4.00702319
  6893       1.37794174       1.37303884       4.00392232
  6894       1.38166278       1.37055814       4.00082145
  6895       1.38538383       1.36807745       3.99772059
  6896       1.37344140       1.37603907       4.01404638
  6897       1.37716244       1.37355837       4.01094551
  6898       1.38088348       1.37107768       4.00784465
  6899       1.38460453       1.36859698       4.00474378
  6900       1.38832557       1.36611629       4.00164291
  6901       1.36667443       1.38888371       3.99835709
  6902       1.37039547       1.38640302       3.99525622
  6903       1.37411652       1.38392232       3.99215535
  6904       1.37783756       1.38144163       3.98905449
  6905       1.38155860       1.37896093       3.98595362
  6906       1.36961617       1.38692255       4.00227941
  6907       1.37333722       1.38444186       3.99917855
  6908       1.37705826       1.38196116       3.99607768
  6909       1.38077930       1.37948047       3.99297681
  6910       1.38450034       1.37699977       3.98987594
  6911       1.37255792       1.38496139       4.00620174
  6912       1.37627896       1.38248070       4.00310087
  6913       1.38000000       1.38000000       4.00000000
  6914       1.38372104       1.37751931       3.99689913
  6915       1.38744208       1.37503861       3.99379826
  6916       1.37549966       1.38300023       4.01012406
  6917       1.37922070       1.38051953       4.00702319
  6918       1.38294174       1.37803884       4.00392232
  6919       1.38666278       1.37555814       4.00082145
  6920       1.39038383       1.37307745       3.99772059
  6921       1.37844140       1.38103907       4.01404638
  6922       1.38216244       1.37855837       4.01094551
  6923       1.38588348       1.37607768       4.00784465
  6924       1.38960453       1.37359698       4.00474378
  6925       1.39332557       1.37111629       4.00164291
  6926       1.37167443       1.39388371       3.99835709
  6927       1.37539547       1.39140302       3.99525622
  6928       1.37911652       1.38892232       3.99215535
  6929       1.38283756       1.38644163       3.98905449
  6930       1.38655860       1.38396093       3.98595362
  6931       1.37461617       1.39192255       4.00227941
  6932       1.37833722       1.38944186       3.99917855
  6933       1.38205826       1.38696116       3.99607768
  6934       1.38577930       1.38448047       3.99297681
  6935       1.38950034       1.38199977       3.98987594
  6936       1.37755792       1.38996139       4.00620174
  6937       1.38127896       1.38748070       4.00310087
  6938       1.38500000       1.38500000       4.00000000
  6939       1.38872104       1.38251931       3.99689913
  6940       1.39244208       1.38003861       3.99379826
  6941       1.38049966       1.38800023       4.01012406
  6942       1.38422070       1.38551953       4.00702319
  6943       1.38794174       1.38303884       4.00392232
  6944       1.39166278       1.38055814       4.00082145
  6945       1.39538383       1.37807745       3.99772059
  6946       1.38344140       1.38603907       4.01404638
  6947       1.38716244       1.38355837       4.01094551
  6948       1.39088348       1.38107768       4.00784465
  6949       1.39460453       1.37859698       4.00474378
  6950       1.39832557       1.37611629       4.00164291
  6951       1.37667443       1.39888371       3.99835709
  6952       1.38039547       1.39640302       3.99525622
  6953       1.38411652       1.39392232       3.99215535
  6954       1.38783756       1.39144163       3.98905449
  6955       1.39155860       1.38896093       3.98595362
  6956       1.37961617       1.39692255       4.00227941
  6957       1.38333722       1.39444186       3.99917855
  6958       1.38705826       1.39196116       3.99607768
  6959       1.39077930       1.38948047       3.99297681
  6960       1.39450034       1.38699977       3.98987594
  6961       1.38255792       1.39496139       4.00620174
  6962       1.38627896       1.39248070       4.00310087
  6963       1.39000000       1.39000000       4.00000000
  6964       1.39372104       1.38751931       3.99689913
  6965       1.39744208       1.38503861       3.99379826
  6966       1.38549966       1.39300023       4.01012406
  6967       1.38922070       1.39051953       4.00702319
  6968       1.39294174       1.38803884       4.00392232
  6969       1.39666278       1.38555814       4.00082145
  6970       1.40038383       1.38307745       3.99772059
  6971       1.38844140       1.39103907       4.01404638
  6972       1.39216244       1.38855837       4.01094551
  6973       1.39588348       1.38607768       4.00784465
  6974       1.39960453       1.38359698       4.00474378
  6975       1.40332557       1.38111629       4.00164291
  6976       1.38167443       1.40388371       3.99835709
  6977       1.38539547       1.40140302       3.99525622
  6978       1.38911652       1.39892232       3.99215535
  6979       1.39283756       1.39644163       3.98905449
  6980       1.39655860       1.39396093       3.98595362
  6981       1.38461617       1.40192255       4.00227941
  6982       1.38833722       1.39944186       3.99917855
  6983       1.39205826       1.39696116       3.99607768
  6984       1.39577930       1.39448047       3.99297681
  6985       1.39950034       1.39199977       3.98987594
  6986       1.38755792       1.39996139       4.00620174
  6987       1.39127896       1.39748070       4.00310087
  6988       1.39500000       1.39500000       4.00000000
  6989       1.39872104       1.39251931       3.99689913
  6990       1.40244208       1.39003861       3.99379826
  6991       1.39049966       1.39800023       4.01012406
  6992       1.39422070       1.39551953       4.00702319
  6993       1.39794174       1.39303884       4.00392232
  6994       1.40166278       1.39055814       4.00082145
  6995       1.40538383       1.38807745       3.99772059
  6996       1.39344140       1.39603907       4.01404638
  6997       1.39716244       1.39355837       4.01094551
  6998       1.40088348       1.39107768       4.00784465
  6999       1.40460453       1.38859698       4.00474378
  7000       1.40832557       1.38611629       4.00164291
  7001       1.38667443       1.40888371       3.99835709
  7002       1.39039547       1.40640302       3.99525622
  7003       1.39411652       1.40392232       3.99215535
  7004       1.39783756       1.40144163       3.98905449
  7005       1.40155860       1.39896093       3.98595362
  7006       1.38961617       1.40692255       4.00227941
  7007       1.39333722       1.40444186       3.99917855
  7008       1.39705826       1.40196116       3.99607768
  7009       1.40077930       1.39948047       3.99297681
  7010       1.40450034       1.39699977       3.98987594
  7011       1.39255792       1.40496139       4.00620174
  7012       1.39627896       1.40248070       4.00310087
  7013       1.40000000       1.40000000       4.00000000
  7014       1.40372104       1.39751931       3.99689913
  7015       1.40744208       1.39503861       3.99379826
  7016       1.39549966       1.40300023       4.01012406
  7017       1.39922070       1.40051953       4.00702319
  7018       1.40294174       1.39803884       4.00392232
  7019       1.40666278       1.39555814       4.00082145
  7020       1.41038383       1.39307745       3.99772059
  7021       1.39844140       1.40103907       4.01404638
  7022       1.40216244       1.39855837       4.01094551
  7023       1.40588348       1.39607768       4.00784465
  7024       1.40960453       1.39359698       4.00474378
  7025       1.41332557       1.39111629       4.00164291
  7026       1.39167443       1.41388371       3.99835709
  7027       1.39539547       1.41140302       3.99525622
  7028       1.39911652       1.40892232       3.99215535
  7029       1.40283756       1.40644163       3.98905449
  7030       1.40655860       1.40396093       3.98595362
  7031       1.39461617       1.41192255       4.00227941
  7032       1.39833722       1.40944186       3.99917855
  7033       1.40205826       1.40696116       3.99607768
  7034       1.40577930       1.40448047       3.99297681
  7035       1.40950034       1.40199977       3.98987594
  7036       1.39755792       1.40996139       4.00620174
  7037       1.40127896       1.40748070       4.00310087
  7038       1.40500000       1.40500000       4.00000000
  7039       1.40872104       1.40251931       3.99689913
  7040       1.41244208       1.40003861       3.99379826
  7041       1.40049966       1.40800023       4.01012406
  7042       1.40422070       1.40551953       4.00702319
  7043       1.40794174       1.40303884       4.00392232
  7044       1.41166278       1.40055814       4.00082145
  7045       1.41538383       1.39807745       3.99772059
  7046       1.40344140       1.40603907       4.01404638
  7047       1.40716244       1.40355837       4.01094551
  7048       1.41088348       1.40107768       4.00784465
  7049       1.41460453       1.39859698       4.00474378
  7050       1.41832557       1.39611629       4.00164291
  7051       1.39667443       1.41888371       3.99835709
  7052       1.40039547       1.41640302       3.99525622
  7053       1.40411652       1.41392232       3.99215535
  7054       1.40783756       1.41144163       3.98905449
  7055       1.41155860       1.40896093       3.98595362
  7056       1.39961617       1.41692255       4.00227941
  7057       1.40333722       1.41444186       3.99917855
  7058       1.40705826       1.41196116       3.99607768
  7059       1.41077930       1.40948047       3.99297681
  7060       1.41450034       1.40699977       3.98987594
  7061       1.40255792       1.41496139       4.00620174
  7062       1.40627896       1.41248070       4.00310087
  7063       1.41000000       1.41000000       4.00000000
  7064       1.41372104       1.40751931       3.99689913
  7065       1.41744208       1.40503861       3.99379826
  7066       1.40549966       1.41300023       4.01012406
  7067       1.40922070       1.41051953       4.00702319
  7068       1.41294174       1.40803884       4.00392232
  7069       1.41666278       1.40555814       4.00082145
  7070       1.42038383       1.40307745       3.99772059
  7071       1.40844140       1.41103907       4.01404638
  7072       1.41216244       1.40855837       4.01094551
  7073       1.41588348       1.40607768       4.00784465
  7074       1.41960453       1.40359698       4.00474378
  7075       1.42332557       1.40111629       4.00164291
  7076       1.40167443       1.42388371       3.99835709
  7077       1.40539547       1.42140302       3.99525622
  7078       1.40911652       1.41892232       3.99215535
  7079       1.41283756       1.41644163       3.98905449
  7080       1.41655860       1.41396093       3.98595362
  7081       1.40461617       1.42192255       4.00227941
  7082       1.40833722       1.41944186       3.99917855
  7083       1.41205826       1.41696116       3.99607768
  7084       1.41577930       1.41448047       3.99297681
  7085       1.41950034       1.41199977       3.98987594
  7086       1.40755792       1.41996139       4.00620174
  7087       1.41127896       1.41748070       4.00310087
  7088       1.41500000       1.41500000       4.00000000
  7089       1.41872104       1.41251931       3.99689913
  7090       1.42244208       1.41003861       3.99379826
  7091       1.41049966       1.41800023       4.01012406
  7092       1.41422070       1.41551953       4.00702319
  7093       1.41794174       1.41303884       4.00392232
  7094       1.42166278       1.41055814       4.00082145
  7095       1.42538383       1.40807745       3.99772059
  7096       1.41344140       1.41603907       4.01404638
  7097       1.41716244       1.41355837       4.01094551
  7098       1.42088348       1.41107768       4.00784465
  7099       1.42460453       1.40859698       4.00474378
  7100       1.42832557       1.40611629       4.00164291
  7101       1.40667443       1.42888371       3.99835709
  7102       1.41039547       1.42640302       3.99525622
  7103       1.41411652       1.42392232       3.99215535
  7104       1.41783756       1.42144163       3.98905449
  7105       1.42155860       1.41896093       3.98595362
  7106       1.40961617       1.42692255       4.00227941
  7107       1.41333722       1.42444186       3.99917855
  7108       1.41705826       1.42196116       3.99607768
  7109       1.42077930       1.41948047       3.99297681
  7110       1.42450034       1.41699977       3.98987594
  7111       1.41255792       1.42496139       4.00620174
  7112       1.41627896       1.42248070       4.00310087
  7113       1.42000000       1.42000000       4.00000000
  7114       1.42372104       1.41751931       3.99689913
  7115       1.42744208       1.41503861       3.99379826
  7116       1.41549966       1.42300023       4.01012406
  7117       1.41922070       1.42051953       4.00702319
  7118       1.42294174       1.41803884       4.00392232
  7119       1.42666278       1.41555814       4.00082145
  7120       1.43038383       1.41307745       3.99772059
  7121       1.41844140       1.42103907       4.01404638
  7122       1.42216244       1.41855837       4.01094551
  7123       1.42588348       1.41607768       4.00784465
  7124       1.42960453       1.41359698       4.00474378
  7125       1.43332557       1.41111629       4.00164291
  7126       1.41167443       1.43388371       3.99835709
  7127       1.41539547       1.43140302       3.99525622
  7128       1.41911652       1.42892232       3.99215535
  7129       1.42283756       1.42644163       3.98905449
  7130       1.42655860       1.42396093       3.98595362
  7131       1.41461617       1.43192255       4.00227941
  7132       1.41833722       1.42944186       3.99917855
  7133       1.42205826       1.42696116       3.99607768
  7134       1.42577930       1.42448047       3.99297681
  7135       1.42950034       1.42199977       3.98987594
  7136       1.41755792       1.42996139       4.00620174
  7137       1.42127896       1.42748070       4.00310087
  7138       1.42500000       1.42500000       4.00000000
  7139       1.42872104       1.42251931       3.99689913
  7140       1.43244208       1.42003861       3.99379826
  7141       1.42049966       1.42800023       4.01012406
  7142       1.42422070       1.42551953       4.00702319
  7143       1.42794174       1.42303884       4.00392232
  7144       1.43166278       1.42055814       4.00082145
  7145       1.43538383       1.41807745       3.99772059
  7146       1.42344140       1.42603907       4.01404638
  7147       1.42716244       1.42355837       4.01094551
  7148       1.43088348       1.42107768       4.00784465
  7149       1.43460453       1.41859698       4.00474378
  7150       1.43832557       1.41611629       4.00164291
  7151       1.41667443       1.43888371       3.99835709
  7152       1.42039547       1.43640302       3.99525622
  7153       1.42411652       1.43392232       3.99215535
  7154       1.42783756       1.43144163       3.98905449
  7155       1.43155860       1.42896093       3.98595362
  7156       1.41961617       1.43692255       4.00227941
  7157       1.42333722       1.43444186       3.99917855
  7158       1.42705826       1.43196116       3.99607768
  7159       1.43077930       1.42948047       3.99297681
  7160       1.43450034       1.42699977       3.98987594
  7161       1.42255792       1.43496139       4.00620174
  7162       1.42627896       1.43248070       4.00310087
  7163       1.43000000       1.43000000       4.00000000
  7164       1.43372104       1.42751931       3.99689913
  7165       1.43744208       1.42503861       3.99379826
  7166       1.42549966       1.43300023       4.01012406
  7167       1.42922070       1.43051953       4.00702319
  7168       1.43294174       1.42803884       4.00392232
  7169       1.43666278       1.42555814       4.00082145
  7170       1.44038383       1.42307745       3.99772059
  7171       1.42844140       1.43103907       4.01404638
  7172       1.43216244       1.42855837       4.01094551
  7173       1.43588348       1.42607768       4.00784465
  7174       1.43960453       1.42359698       4.00474378
  7175       1.44332557       1.42111629       4.00164291
  7176       1.42167443       1.44388371       3.99835709
  7177       1.42539547       1.44140302       3.99525622
  7178       1.42911652       1.43892232       3.99215535
  7179       1.43283756       1.43644163       3.98905449
  7180       1.43655860       1.43396093       3.98595362
  7181       1.42461617       1.44192255       4.00227941
  7182       1.42833722       1.43944186       3.99917855
  7183       1.43205826       1.43696116       3.99607768
  7184       1.43577930       1.43448047       3.99297681
  7185       1.43950034       1.43199977       3.98987594
  7186       1.42755792       1.43996139       4.00620174
  7187       1.43127896       1.43748070       4.00310087
  7188       1.43500000       1.43500000       4.00000000
  7189       1.43872104       1.43251931       3.99689913
  7190       1.44244208       1.43003861       3.99379826
  7191       1.43049966       1.43800023       4.01012406
  7192       1.43422070       1.43551953       4.00702319
  7193       1.43794174       1.43303884       4.00392232
  7194       1.44166278       1.43055814       4.00082145
  7195       1.44538383       1.42807745       3.99772059
  7196       1.43344140       1.43603907       4.01404638
  7197       1.43716244       1.43355837       4.01094551
  7198       1.44088348       1.43107768       4.00784465
  7199       1.44460453       1.42859698       4.00474378
  7200       1.44832557       1.42611629       4.00164291
  7201       1.42667443       1.44888371       3.99835709
  7202       1.43039547       1.44640302       3.99525622
  7203       1.43411652       1.44392232       3.99215535
  7204       1.43783756       1.44144163       3.98905449
  7205       1.44155860       1.43896093       3.98595362
  7206       1.42961617       1.44692255       4.00227941
  7207       1.43333722       1.44444186       3.99917855
  7208       1.43705826       1.44196116       3.99607768
  7209       1.44077930       1.43948047       3.99297681
  7210       1.44450034       1.43699977       3.98987594
  7211       1.43255792       1.44496139       4.00620174
  7212       1.43627896       1.44248070       4.00310087
  7213       1.44000000       1.44000000       4.00000000
  7214       1.44372104       1.43751931       3.99689913
  7215       1.44744208       1.43503861       3.99379826
  7216       1.43549966       1.44300023       4.01012406
  7217       1.43922070       1.44051953       4.00702319
  7218       1.44294174       1.43803884       4.00392232
  7219       1.44666278       1.43555814       4.00082145
  7220       1.45038383       1.43307745       3.99772059
  7221       1.43844140       1.44103907       4.01404638
  7222       1.44216244       1.43855837       4.01094551
  7223       1.44588348       1.43607768       4.00784465
  7224       1.44960453       1.43359698       4.00474378
  7225       1.45332557       1.43111629       4.00164291
  7226       1.43167443       1.45388371       3.99835709
  7227       1.43539547       1.45140302       3.99525622
  7228       1.43911652       1.44892232       3.99215535
  7229       1.44283756       1.44644163       3.98905449
  7230       1.44655860       1.44396093       3.98595362
  7231       1.43461617       1.45192255       4.00227941
  7232       1.43833722       1.44944186       3.99917855
  7233       1.44205826       1.44696116       3.99607768
  7234       1.44577930       1.44448047       3.99297681
  7235       1.44950034       1.44199977       3.98987594
  7236       1.43755792       1.44996139       4.00620174
  7237       1.44127896       1.44748070       4.00310087
  7238       1.44500000       1.44500000       4.00000000
  7239       1.44872104       1.44251931       3.99689913
  7240       1.45244208       1.44003861       3.99379826
  7241       1.44049966       1.44800023       4.01012406
  7242       1.44422070       1.44551953       4.00702319
  7243       1.44794174       1.44303884       4.00392232
  7244       1.45166278       1.44055814       4.00082145
  7245       1.45538383       1.43807745       3.99772059
  7246       1.44344140       1.44603907       4.01404638
  7247       1.44716244       1.44355837       4.01094551
  7248       1.45088348       1.44107768       4.00784465
  7249       1.45460453       1.43859698       4.00474378
  7250       1.45832557       1.43611629       4.00164291
  7251       1.43667443       1.45888371       3.99835709
  7252       1.44039547       1.45640302       3.99525622
  7253       1.44411652       1.45392232       3.99215535
  7254       1.44783756       1.45144163       3.98905449
  7255       1.45155860       1.44896093       3.98595362
  7256       1.43961617       1.45692255       4.00227941
  7257       1.44333722       1.45444186       3.99917855
  7258       1.44705826       1.45196116       3.99607768
  7259       1.45077930       1.44948047       3.99297681
  7260       1.45450034       1.44699977       3.98987594
  7261       1.44255792       1.45496139       4.00620174
  7262       1.44627896       1.45248070       4.00310087
  7263       1.45000000       1.45000000       4.00000000
  7264       1.45372104       1.44751931       3.99689913
  7265       1.45744208       1.44503861       3.99379826
  7266       1.44549966       1.45300023       4.01012406
  7267       1.44922070       1.45051953       4.00702319
  7268       1.45294174       1.44803884       4.00392232
  7269       1.45666278       1.44555814       4.00082145
  7270       1.46038383       1.44307745       3.99772059
  7271       1.44844140       1.45103907       4.01404638
  7272       1.45216244       1.44855837       4.01094551
  7273       1.45588348       1.44607768       4.00784465
  7274       1.45960453       1.44359698       4.00474378
  7275       1.46332557       1.44111629       4.00164291
  7276       1.44167443       1.46388371       3.99835709
  7277       1.44539547       1.46140302       3.99525622
  7278       1.44911652       1.45892232       3.99215535
  7279       1.45283756       1.45644163       3.98905449
  7280       1.45655860       1.45396093       3.98595362
  7281       1.44461617       1.46192255       4.00227941
  7282       1.44833722       1.45944186       3.99917855
  7283       1.45205826       1.45696116       3.99607768
  7284       1.45577930       1.45448047       3.99297681
  7285       1.45950034       1.45199977       3.98987594
  7286       1.44755792       1.45996139       4.00620174
  7287       1.45127896       1.45748070       4.00310087
  7288       1.45500000       1.45500000       4.00000000
  7289       1.45872104       1.45251931       3.99689913
  7290       1.46244208       1.45003861       3.99379826
  7291       1.45049966       1.45800023       4.01012406
  7292       1.45422070       1.45551953       4.00702319
  7293       1.45794174       1.45303884       4.00392232
  7294       1.46166278       1.45055814       4.00082145
  7295       1.46538383       1.44807745       3.99772059
  7296       1.45344140       1.45603907       4.01404638
  7297       1.45716244       1.45355837       4.01094551
  7298       1.46088348       1.45107768       4.00784465
  7299       1.46460453       1.44859698       4.00474378
  7300       1.46832557       1.44611629       4.00164291
  7301       1.44667443       1.46888371       3.99835709
  7302       1.45039547       1.46640302       3.99525622
  7303       1.45411652       1.46392232       3.99215535
  7304       1.45783756       1.46144163       3.98905449
  7305       1.46155860       1.45896093       3.98595362
  7306       1.44961617       1.46692255       4.00227941
  7307       1.45333722       1.46444186       3.99917855
  7308       1.45705826       1.46196116       3.99607768
  7309       1.46077930       1.45948047       3.99297681
  7310       1.46450034       1.45699977       3.98987594
  7311       1.45255792       1.46496139       4.00620174
  7312       1.45627896       1.46248070       4.00310087
  7313       1.46000000       1.46000000       4.00000000
  7314       1.46372104       1.45751931       3.99689913
  7315       1.46744208       1.45503861       3.99379826
  7316       1.45549966       1.46300023       4.01012406
  7317       1.45922070       1.46051953       4.00702319
  7318       1.46294174       1.45803884       4.00392232
  7319       1.46666278       1.45555814       4.00082145
  7320       1.47038383       1.45307745       3.99772059
  7321       1.45844140       1.46103907       4.01404638
  7322       1.46216244       1.45855837       4.01094551
  7323       1.46588348       1.45607768       4.00784465
  7324       1.46960453       1.45359698       4.00474378
  7325       1.47332557       1.45111629       4.00164291
  7326       1.45167443       1.47388371       3.99835709
  7327       1.45539547       1.47140302       3.99525622
  7328       1.45911652       1.46892232       3.99215535
  7329       1.46283756       1.46644163       3.98905449
  7330       1.46655860       1.46396093       3.98595362
  7331       1.45461617       1.47192255       4.00227941
  7332       1.45833722       1.46944186       3.99917855
  7333       1.46205826       1.46696116       3.99607768
  7334       1.46577930       1.46448047       3.99297681
  7335       1.46950034       1.46199977       3.98987594
  7336       1.45755792       1.46996139       4.00620174
  7337       1.46127896       1.46748070       4.00310087
  7338       1.46500000       1.46500000       4.00000000
  7339       1.46872104       1.46251931       3.99689913
  7340       1.47244208       1.46003861       3.99379826
  7341       1.46049966       1.46800023       4.01012406
  7342       1.46422070       1.46551953       4.00702319
  7343       1.46794174       1.46303884       4.00392232
  7344       1.47166278       1.46055814       4.00082145
  7345       1.47538383       1.45807745       3.99772059
  7346       1.46344140       1.46603907       4.01404638
  7347       1.46716244       1.46355837       4.01094551
  7348       1.47088348       1.46107768       4.00784465
  7349       1.47460453       1.45859698       4.00474378
  7350       1.47832557       1.45611629       4.00164291
  7351       1.45667443       1.47888371       3.99835709
  7352       1.46039547       1.47640302       3.99525622
  7353       1.46411652       1.47392232       3.99215535
  7354       1.46783756       1.47144163       3.98905449
  7355       1.47155860       1.46896093       3.98595362
  7356       1.45961617       1.47692255       4.00227941
  7357       1.46333722       1.47444186       3.99917855
  7358       1.46705826       1.47196116       3.99607768
  7359       1.47077930       1.46948047       3.99297681
  7360       1.47450034       1.46699977       3.98987594
  7361       1.46255792       1.47496139       4.00620174
  7362       1.46627896       1.47248070       4.00310087
  7363       1.47000000       1.47000000       4.00000000
  7364       1.47372104       1.46751931       3.99689913
  7365       1.47744208       1.46503861       3.99379826
  7366       1.46549966       1.47300023       4.01012406
  7367       1.46922070       1.47051953       4.00702319
  7368       1.47294174       1.46803884       4.00392232
  7369       1.47666278       1.46555814       4.00082145
  7370       1.48038383       1.46307745       3.99772059
  7371       1.46844140       1.47103907       4.01404638
  7372       1.47216244       1.46855837       4.01094551
  7373       1.47588348       1.46607768       4.00784465
  7374       1.47960453       1.46359698       4.00474378
  7375       1.48332557       1.46111629       4.00164291
  7376       1.46167443       1.48388371       3.99835709
  7377       1.46539547       1.48140302       3.99525622
  7378       1.46911652       1.47892232       3.99215535
  7379       1.47283756       1.47644163       3.98905449
  7380       1.47655860       1.47396093       3.98595362
  7381       1.46461617       1.48192255       4.00227941
  7382       1.46833722       1.47944186       3.99917855
  7383       1.47205826       1.47696116       3.99607768
  7384       1.47577930       1.47448047       3.99297681
  7385       1.47950034       1.47199977       3.98987594
  7386       1.46755792       1.47996139       4.00620174
  7387       1.47127896       1.47748070       4.00310087
  7388       1.47500000       1.47500000       4.00000000
  7389       1.47872104       1.47251931       3.99689913
  7390       1.48244208       1.47003861       3.99379826
  7391       1.47049966       1.47800023       4.01012406
  7392       1.47422070       1.47551953       4.00702319
  7393       1.47794174       1.47303884       4.00392232
  7394       1.48166278       1.47055814       4.00082145
  7395       1.48538383       1.46807745       3.99772059
  7396       1.47344140       1.47603907       4.01404638
  7397       1.47716244       1.47355837       4.01094551
  7398       1.48088348       1.47107768       4.00784465
  7399       1.48460453       1.46859698       4.00474378
  7400       1.48832557       1.46611629       4.00164291
  7401       1.46667443       1.48888371       3.99835709
  7402       1.47039547       1.48640302       3.99525622
  7403       1.47411652       1.48392232       3.99215535
  7404       1.47783756       1.48144163       3.98905449
  7405       1.48155860       1.47896093       3.98595362
  7406       1.46961617       1.48692255       4.00227941
  7407       1.47333722       1.48444186       3.99917855
  7408       1.47705826       1.48196116       3.99607768
  7409       1.48077930       1.47948047       3.99297681
  7410       1.48450034       1.47699977       3.98987594
  7411       1.47255792       1.48496139       4.00620174
  7412       1.47627896       1.48248070       4.00310087
  7413       1.48000000       1.48000000       4.00000000
  7414       1.48372104       1.47751931       3.99689913
  7415       1.48744208       1.47503861       3.99379826
  7416       1.47549966       1.48300023       4.01012406
  7417       1.47922070       1.48051953       4.00702319
  7418       1.48294174       1.47803884       4.00392232
  7419       1.48666278       1.47555814       4.00082145
  7420       1.49038383       1.47307745       3.99772059
  7421       1.47844140       1.48103907       4.01404638
  7422       1.48216244       1.47855837       4.01094551
  7423       1.48588348       1.47607768       4.00784465
  7424       1.48960453       1.47359698       4.00474378
  7425       1.49332557       1.47111629       4.00164291
  7426       1.47167443       1.49388371       3.99835709
  7427       1.47539547       1.49140302       3.99525622
  7428       1.47911652       1.48892232       3.99215535
  7429       1.48283756       1.48644163       3.98905449
  7430       1.48655860       1.48396093       3.98595362
  7431       1.47461617       1.49192255       4.00227941
  7432       1.47833722       1.48944186       3.99917855
  7433       1.48205826       1.48696116       3.99607768
  7434       1.48577930       1.48448047       3.99297681
  7435       1.48950034       1.48199977       3.98987594
  7436       1.47755792       1.48996139       4.00620174
  7437       1.48127896       1.48748070       4.00310087
  7438       1.48500000       1.48500000       4.00000000
  7439       1.48872104       1.48251931       3.99689913
  7440       1.49244208       1.48003861       3.99379826
  7441       1.48049966       1.48800023       4.01012406
  7442       1.48422070       1.48551953       4.00702319
  7443       1.48794174       1.48303884       4.00392232
  7444       1.49166278       1.48055814       4.00082145
  7445       1.49538383       1.47807745       3.99772059
  7446       1.48344140       1.48603907       4.01404638
  7447       1.48716244       1.48355837       4.01094551
  7448       1.49088348       1.48107768       4.00784465
  7449       1.49460453       1.47859698       4.00474378
  7450       1.49832557       1.47611629       4.00164291
  7451       1.47667443       1.49888371       3.99835709
  7452       1.48039547       1.49640302       3.99525622
  7453       1.48411652       1.49392232       3.99215535
  7454       1.48783756       1.49144163       3.98905449
  7455       1.49155860       1.48896093       3.98595362
  7456       1.47961617       1.49692255       4.00227941
  7457       1.48333722       1.49444186       3.99917855
  7458       1.48705826       1.49196116       3.99607768
  7459       1.49077930       1.48948047       3.99297681
  7460       1.49450034       1.48699977       3.98987594
  7461       1.48255792       1.49496139       4.00620174
  7462       1.48627896       1.49248070       4.00310087
  7463       1.49000000       1.49000000       4.00000000
  7464       1.49372104       1.48751931       3.99689913
  7465       1.49744208       1.48503861       3.99379826
  7466       1.48549966       1.49300023       4.01012406
  7467       1.48922070       1.49051953       4.00702319
  7468       1.49294174       1.48803884       4.00392232
  7469       1.49666278       1.48555814       4.00082145
  7470       1.50038383       1.48307745       3.99772059
  7471       1.48844140       1.49103907       4.01404638
  7472       1.49216244       1.48855837       4.01094551
  7473       1.49588348       1.48607768       4.00784465
  7474       1.49960453       1.48359698       4.00474378
  7475       1.50332557       1.48111629       4.00164291
  7476       1.48167443       1.50388371       3.99835709
  7477       1.48539547       1.50140302       3.99525622
  7478       1.48911652       1.49892232       3.99215535
  7479       1.49283756       1.49644163       3.98905449
  7480       1.49655860       1.49396093       3.98595362
  7481       1.48461617       1.50192255       4.00227941
  7482       1.48833722       1.49944186       3.99917855
  7483       1.49205826       1.49696116       3.99607768
  7484       1.49577930       1.49448047       3.99297681
  7485       1.49950034       1.49199977       3.98987594
  7486       1.48755792       1.49996139       4.00620174
  7487       1.49127896       1.49748070       4.00310087
  7488       1.49500000       1.49500000       4.00000000
  7489       1.49872104       1.49251931       3.99689913
  7490       1.50244208       1.49003861       3.99379826
  7491       1.49049966       1.49800023       4.01012406
  7492       1.49422070       1.49551953       4.00702319
  7493       1.49794174       1.49303884       4.00392232
  7494       1.50166278       1.49055814       4.00082145
  7495       1.50538383       1.48807745       3.99772059
  7496       1.49344140       1.49603907       4.01404638
  7497       1.49716244       1.49355837       4.01094551
  7498       1.50088348       1.49107768       4.00784465
  7499       1.50460453       1.48859698       4.00474378
  7500       1.50832557       1.48611629       4.00164291
  7501       1.48667443       1.50888371       3.99835709
  7502       1.49039547       1.50640302       3.99525622
  7503       1.49411652       1.50392232       3.99215535
  7504       1.49783756       1.50144163       3.98905449
  7505       1.50155860       1.49896093       3.98595362
  7506       1.48961617       1.50692255       4.00227941
  7507       1.49333722       1.50444186       3.99917855
  7508       1.49705826       1.50196116       3.99607768
  7509       1.50077930       1.49948047       3.99297681
  7510       1.50450034       1.49699977       3.98987594
  7511       1.49255792       1.50496139       4.00620174
  7512       1.49627896       1.50248070       4.00310087
  7513       1.50000000       1.50000000       4.00000000
  7514       1.50372104       1.49751931       3.99689913
  7515       1.50744208       1.49503861       3.99379826
  7516       1.49549966       1.50300023       4.01012406
  7517       1.49922070       1.50051953       4.00702319
  7518       1.50294174       1.49803884       4.00392232
  7519       1.50666278       1.49555814       4.00082145
  7520       1.51038383       1.49307745       3.99772059
  7521       1.49844140       1.50103907       4.01404638
  7522       1.50216244       1.49855837       4.01094551
  7523       1.50588348       1.49607768       4.00784465
  7524       1.50960453       1.49359698       4.00474378
  7525       1.51332557       1.49111629       4.00164291
  7526       1.49167443       1.51388371       3.99835709
  7527       1.49539547       1.51140302       3.99525622
  7528       1.49911652       1.50892232       3.99215535
  7529       1.50283756       1.50644163       3.98905449
  7530       1.50655860       1.50396093       3.98595362
  7531       1.49461617       1.51192255       4.00227941
  7532       1.49833722       1.50944186       3.99917855
  7533       1.50205826       1.50696116       3.99607768
  7534       1.50577930       1.50448047       3.99297681
  7535       1.50950034       1.50199977       3.98987594
  7536       1.49755792       1.50996139       4.00620174
  7537       1.50127896       1.50748070       4.00310087
  7538       1.50500000       1.50500000       4.00000000
  7539       1.50872104       1.50251931       3.99689913
  7540       1.51244208       1.50003861       3.99379826
  7541       1.50049966       1.50800023       4.01012406
  7542       1.50422070       1.50551953       4.00702319
  7543       1.50794174       1.50303884       4.00392232
  7544       1.51166278       1.50055814       4.00082145
  7545       1.51538383       1.49807745       3.99772059
  7546       1.50344140       1.50603907       4.01404638
  7547       1.50716244       1.50355837       4.01094551
  7548       1.51088348       1.50107768       4.00784465
  7549       1.51460453       1.49859698       4.00474378
  7550       1.51832557       1.49611629       4.00164291
  7551       1.49667443       1.51888371       3.99835709
  7552       1.50039547       1.51640302       3.99525622
  7553       1.50411652       1.51392232       3.99215535
  7554       1.50783756       1.51144163       3.98905449
  7555       1.51155860       1.50896093       3.98595362
  7556       1.49961617       1.51692255       4.00227941
  7557       1.50333722       1.51444186       3.99917855
  7558       1.50705826       1.51196116       3.99607768
  7559       1.51077930       1.50948047       3.99297681
  7560       1.51450034       1.50699977       3.98987594
  7561       1.50255792       1.51496139       4.00620174
  7562       1.50627896       1.51248070       4.00310087
  7563       1.51000000       1.51000000       4.00000000
  7564       1.51372104       1.50751931       3.99689913
  7565       1.51744208       1.50503861       3.99379826
  7566       1.50549966       1.51300023       4.01012406
  7567       1.50922070       1.51051953       4.00702319
  7568       1.51294174       1.50803884       4.00392232
  7569       1.51666278       1.50555814       4.00082145
  7570       1.52038383       1.50307745       3.99772059
  7571       1.50844140       1.51103907       4.01404638
  7572       1.51216244       1.50855837       4.01094551
  7573       1.51588348       1.50607768       4.00784465
  7574       1.51960453       1.50359698       4.00474378
  7575       1.52332557       1.50111629       4.00164291
  7576       1.50167443       1.52388371       3.99835709
  7577       1.50539547       1.52140302       3.99525622
  7578       1.50911652       1.51892232       3.99215535
  7579       1.51283756       1.51644163       3.98905449
  7580       1.51655860       1.51396093       3.98595362
  7581       1.50461617       1.52192255       4.00227941
  7582       1.50833722       1.51944186       3.99917855
  7583       1.51205826       1.51696116       3.99607768
  7584       1.51577930       1.51448047       3.99297681
  7585       1.51950034       1.51199977       3.98987594
  7586       1.50755792       1.51996139       4.00620174
  7587       1.51127896       1.51748070       4.00310087
  7588       1.51500000       1.51500000       4.00000000
  7589       1.51872104       1.51251931       3.99689913
  7590       1.52244208       1.51003861       3.99379826
  7591       1.51049966       1.51800023       4.01012406
  7592       1.51422070       1.51551953       4.00702319
  7593       1.51794174       1.51303884       4.00392232
  7594       1.52166278       1.51055814       4.00082145
  7595       1.52538383       1.50807745       3.99772059
  7596       1.51344140       1.51603907       4.01404638
  7597       1.51716244       1.51355837       4.01094551
  7598       1.52088348       1.51107768       4.00784465
  7599       1.52460453       1.50859698       4.00474378
  7600       1.52832557       1.50611629       4.00164291
  7601       1.50667443       1.52888371       3.99835709
  7602       1.51039547       1.52640302       3.99525622
  7603       1.51411652       1.52392232       3.99215535
  7604       1.51783756       1.52144163       3.98905449
  7605       1.52155860       1.51896093       3.98595362
  7606       1.50961617       1.52692255       4.00227941
  7607       1.51333722       1.52444186       3.99917855
  7608       1.51705826       1.52196116       3.99607768
  7609       1.52077930       1.51948047       3.99297681
  7610       1.52450034       1.51699977       3.98987594
  7611       1.51255792       1.52496139       4.00620174
  7612       1.51627896       1.52248070       4.00310087
  7613       1.52000000       1.52000000       4.00000000
  7614       1.52372104       1.51751931       3.99689913
  7615       1.52744208       1.51503861       3.99379826
  7616       1.51549966       1.52300023       4.01012406
  7617       1.51922070       1.52051953       4.00702319
  7618       1.52294174       1.51803884       4.00392232
  7619       1.52666278       1.51555814       4.00082145
  7620       1.53038383       1.51307745       3.99772059
  7621       1.51844140       1.52103907       4.01404638
  7622       1.52216244       1.51855837       4.01094551
  7623       1.52588348       1.51607768       4.00784465
  7624       1.52960453       1.51359698       4.00474378
  7625       1.53332557       1.51111629       4.00164291
  7626       1.51167443       1.53388371       3.99835709
  7627       1.51539547       1.53140302       3.99525622
  7628       1.51911652       1.52892232       3.99215535
  7629       1.52283756       1.52644163       3.98905449
  7630       1.52655860       1.52396093       3.98595362
  7631       1.51461617       1.53192255       4.00227941
  7632       1.51833722       1.52944186       3.99917855
  7633       1.52205826       1.52696116       3.99607768
  7634       1.52577930       1.52448047       3.99297681
  7635       1.52950034       1.52199977       3.98987594
  7636       1.51755792       1.52996139       4.00620174
  7637       1.52127896       1.52748070       4.00310087
  7638       1.52500000       1.52500000       4.00000000
  7639       1.52872104       1.52251931       3.99689913
  7640       1.53244208       1.52003861       3.99379826
  7641       1.52049966       1.52800023       4.01012406
  7642       1.52422070       1.52551953       4.00702319
  7643       1.52794174       1.52303884       4.00392232
  7644       1.53166278       1.52055814       4.00082145
  7645       1.53538383       1.51807745       3.99772059
  7646       1.52344140       1.52603907       4.01404638
  7647       1.52716244       1.52355837       4.01094551
  7648       1.53088348       1.52107768       4.00784465
  7649       1.53460453       1.51859698       4.00474378
  7650       1.53832557       1.51611629       4.00164291
  7651       1.51667443       1.53888371       3.99835709
  7652       1.52039547       1.53640302       3.99525622
  7653       1.52411652       1.53392232       3.99215535
  7654       1.52783756       1.53144163       3.98905449
  7655       1.53155860       1.52896093       3.98595362
  7656       1.51961617       1.53692255       4.00227941
  7657       1.52333722       1.53444186       3.99917855
  7658       1.52705826       1.53196116       3.99607768
  7659       1.53077930       1.52948047       3.99297681
  7660       1.53450034       1.52699977       3.98987594
  7661       1.52255792       1.53496139       4.00620174
  7662       1.52627896       1.53248070       4.00310087
  7663       1.53000000       1.53000000       4.00000000
  7664       1.53372104       1.52751931       3.99689913
  7665       1.53744208       1.52503861       3.99379826
  7666       1.52549966       1.53300023       4.01012406
  7667       1.52922070       1.53051953       4.00702319
  7668       1.53294174       1.52803884       4.00392232
  7669       1.53666278       1.52555814       4.00082145
  7670       1.54038383       1.52307745       3.99772059
  7671       1.52844140       1.53103907       4.01404638
  7672       1.53216244       1.52855837       4.01094551
  7673       1.53588348       1.52607768       4.00784465
  7674       1.53960453       1.52359698       4.00474378
  7675       1.54332557       1.52111629       4.00164291
  7676       1.52167443       1.54388371       3.99835709
  7677       1.52539547       1.54140302       3.99525622
  7678       1.52911652       1.53892232       3.99215535
  7679       1.53283756       1.53644163       3.98905449
  7680       1.53655860       1.53396093       3.98595362
  7681       1.52461617       1.54192255       4.00227941
  7682       1.52833722       1.53944186       3.99917855
  7683       1.53205826       1.53696116       3.99607768
  7684       1.53577930       1.53448047       3.99297681
  7685       1.53950034       1.53199977       3.98987594
  7686       1.52755792       1.53996139       4.00620174
  7687       1.53127896       1.53748070       4.00310087
  7688       1.53500000       1.53500000       4.00000000
  7689       1.53872104       1.53251931       3.99689913
  7690       1.54244208       1.53003861       3.99379826
  7691       1.53049966       1.53800023       4.01012406
  7692       1.53422070       1.53551953       4.00702319
  7693       1.53794174       1.53303884       4.00392232
  7694       1.54166278       1.53055814       4.00082145
  7695       1.54538383       1.52807745       3.99772059
  7696       1.53344140       1.53603907       4.01404638
  7697       1.53716244       1.53355837       4.01094551
  7698       1.54088348       1.53107768       4.00784465
  7699       1.54460453       1.52859698       4.00474378
  7700       1.54832557       1.52611629       4.00164291
  7701       1.52667443       1.54888371       3.99835709
  7702       1.53039547       1.54640302       3.99525622
  7703       1.53411652       1.54392232       3.99215535
  7704       1.53783756       1.54144163       3.98905449
  7705       1.54155860       1.53896093       3.98595362
  7706       1.52961617       1.54692255       4.00227941
  7707       1.53333722       1.54444186       3.99917855
  7708       1.53705826       1.54196116       3.99607768
  7709       1.54077930       1.53948047       3.99297681
  7710       1.54450034       1.53699977       3.98987594
  7711       1.53255792       1.54496139       4.00620174
  7712       1.53627896       1.54248070       4.00310087
  7713       1.54000000       1.54000000       4.00000000
  7714       1.54372104       1.53751931       3.99689913
  7715       1.54744208       1.53503861       3.99379826
  7716       1.53549966       1.54300023       4.01012406
  7717       1.53922070       1.54051953       4.00702319
  7718       1.54294174       1.53803884       4.00392232
  7719       1.54666278       1.53555814       4.00082145
  7720       1.55038383       1.53307745       3.99772059
  7721       1.53844140       1.54103907       4.01404638
  7722       1.54216244       1.53855837       4.01094551
  7723       1.54588348       1.53607768       4.00784465
  7724       1.54960453       1.53359698       4.00474378
  7725       1.55332557       1.53111629       4.00164291
  7726       1.53167443       1.55388371       3.99835709
  7727       1.53539547       1.55140302       3.99525622
  7728       1.53911652       1.54892232       3.99215535
  7729       1.54283756       1.54644163       3.98905449
  7730       1.54655860       1.54396093       3.98595362
  7731       1.53461617       1.55192255       4.00227941
  7732       1.53833722       1.54944186       3.99917855
  7733       1.54205826       1.54696116       3.99607768
  7734       1.54577930       1.54448047       3.99297681
  7735       1.54950034       1.54199977       3.98987594
  7736       1.53755792       1.54996139       4.00620174
  7737       1.54127896       1.54748070       4.00310087
  7738       1.54500000       1.54500000       4.00000000
  7739       1.54872104       1.54251931       3.99689913
  7740       1.55244208       1.54003861       3.99379826
  7741       1.54049966       1.54800023       4.01012406
  7742       1.54422070       1.54551953       4.00702319
  7743       1.54794174       1.54303884       4.00392232
  7744       1.55166278       1.54055814       4.00082145
  7745       1.55538383       1.53807745       3.99772059
  7746       1.54344140       1.54603907       4.01404638
  7747       1.54716244       1.54355837       4.01094551
  7748       1.55088348       1.54107768       4.00784465
  7749       1.55460453       1.53859698       4.00474378
  7750       1.55832557       1.53611629       4.00164291
  7751       1.53667443       1.55888371       3.99835709
  7752       1.54039547       1.55640302       3.99525622
  7753       1.54411652       1.55392232       3.99215535
  7754       1.54783756       1.55144163       3.98905449
  7755       1.55155860       1.54896093       3.98595362
  7756       1.53961617       1.55692255       4.00227941
  7757       1.54333722       1.55444186       3.99917855
  7758       1.54705826       1.55196116       3.99607768
  7759       1.55077930       1.54948047       3.99297681
  7760       1.55450034       1.54699977       3.98987594
  7761       1.54255792       1.55496139       4.00620174
  7762       1.54627896       1.55248070       4.00310087
  7763       1.55000000       1.55000000       4.00000000
  7764       1.55372104       1.54751931       3.99689913
  7765       1.55744208       1.54503861       3.99379826
  7766       1.54549966       1.55300023       4.01012406
  7767       1.54922070       1.55051953       4.00702319
  7768       1.55294174       1.54803884       4.00392232
  7769       1.55666278       1.54555814       4.00082145
  7770       1.56038383       1.54307745       3.99772059
  7771       1.54844140       1.55103907       4.01404638
  7772       1.55216244       1.54855837       4.01094551
  7773       1.55588348       1.54607768       4.00784465
  7774       1.55960453       1.54359698       4.00474378
  7775       1.56332557       1.54111629       4.00164291
  7776       1.54167443       1.56388371       3.99835709
  7777       1.54539547       1.56140302       3.99525622
  7778       1.54911652       1.55892232       3.99215535
  7779       1.55283756       1.55644163       3.98905449
  7780       1.55655860       1.55396093       3.98595362
  7781       1.54461617       1.56192255       4.00227941
  7782       1.54833722       1.55944186       3.99917855
  7783       1.55205826       1.55696116       3.99607768
  7784       1.55577930       1.55448047       3.99297681
  7785       1.55950034       1.55199977       3.98987594
  7786       1.54755792       1.55996139       4.00620174
  7787       1.55127896       1.55748070       4.00310087
  7788       1.55500000       1.55500000       4.00000000
  7789       1.55872104       1.55251931       3.99689913
  7790       1.56244208       1.55003861       3.99379826
  7791       1.55049966       1.55800023       4.01012406
  7792       1.55422070       1.55551953       4.00702319
  7793       1.55794174       1.55303884       4.00392232
  7794       1.56166278       1.55055814       4.00082145
  7795       1.56538383       1.54807745       3.99772059
  7796       1.55344140       1.55603907       4.01404638
  7797       1.55716244       1.55355837       4.01094551
  7798       1.56088348       1.55107768       4.00784465
  7799       1.56460453       1.54859698       4.00474378
  7800       1.56832557       1.54611629       4.00164291
  7801       1.54667443       1.56888371       3.99835709
  7802       1.55039547       1.56640302       3.99525622
  7803       1.55411652       1.56392232       3.99215535
  7804       1.55783756       1.56144163       3.98905449
  7805       1.56155860       1.55896093       3.98595362
  7806       1.54961617       1.56692255       4.00227941
  7807       1.55333722       1.56444186       3.99917855
  7808       1.55705826       1.56196116       3.99607768
  7809       1.56077930       1.55948047       3.99297681
  7810       1.56450034       1.55699977       3.98987594
  7811       1.55255792       1.56496139       4.00620174
  7812       1.55627896       1.56248070       4.00310087
  7813       1.56000000       1.56000000       4.00000000
  7814       1.56372104       1.55751931       3.99689913
  7815       1.56744208       1.55503861       3.99379826
  7816       1.55549966       1.56300023       4.01012406
  7817       1.55922070       1.56051953       4.00702319
  7818       1.56294174       1.55803884       4.00392232
  7819       1.56666278       1.55555814       4.00082145
  7820       1.57038383       1.55307745       3.99772059
  7821       1.55844140       1.56103907       4.01404638
  7822       1.56216244       1.55855837       4.01094551
  7823       1.56588348       1.55607768       4.00784465
  7824       1.56960453       1.55359698       4.00474378
  7825       1.57332557       1.55111629       4.00164291
  7826       1.55167443       1.57388371       3.99835709
  7827       1.55539547       1.57140302       3.99525622
  7828       1.55911652       1.56892232       3.99215535
  7829       1.56283756       1.56644163       3.98905449
  7830       1.56655860       1.56396093       3.98595362
  7831       1.55461617       1.57192255       4.00227941
  7832       1.55833722       1.56944186       3.99917855
  7833       1.56205826       1.56696116       3.99607768
  7834       1.56577930       1.56448047       3.99297681
  7835       1.56950034       1.56199977       3.98987594
  7836       1.55755792       1.56996139       4.00620174
  7837       1.56127896       1.56748070       4.00310087
  7838       1.56500000       1.56500000       4.00000000
  7839       1.56872104       1.56251931       3.99689913
  7840       1.57244208       1.56003861       3.99379826
  7841       1.56049966       1.56800023       4.01012406
  7842       1.56422070       1.56551953       4.00702319
  7843       1.56794174       1.56303884       4.00392232
  7844       1.57166278       1.56055814       4.00082145
  7845       1.57538383       1.55807745       3.99772059
  7846       1.56344140       1.56603907       4.01404638
  7847       1.56716244       1.56355837       4.01094551
  7848       1.57088348       1.56107768       4.00784465
  7849       1.57460453       1.55859698       4.00474378
  7850       1.57832557       1.55611629       4.00164291
  7851       1.55667443       1.57888371       3.99835709
  7852       1.56039547       1.57640302       3.99525622
  7853       1.56411652       1.57392232       3.99215535
  7854       1.56783756       1.57144163       3.98905449
  7855       1.57155860       1.56896093       3.98595362
  7856       1.55961617       1.57692255       4.00227941
  7857       1.56333722       1.57444186       3.99917855
  7858       1.56705826       1.57196116       3.99607768
  7859       1.57077930       1.56948047       3.99297681
  7860       1.57450034       1.56699977       3.98987594
  7861       1.56255792       1.57496139       4.00620174
  7862       1.56627896       1.57248070       4.00310087
  7863       1.57000000       1.57000000       4.00000000
  7864       1.57372104       1.56751931       3.99689913
  7865       1.57744208       1.56503861       3.99379826
  7866       1.56549966       1.57300023       4.01012406
  7867       1.56922070       1.57051953       4.00702319
  7868       1.57294174       1.56803884       4.00392232
  7869       1.57666278       1.56555814       4.00082145
  7870       1.58038383       1.56307745       3.99772059
  7871       1.56844140       1.57103907       4.01404638
  7872       1.57216244       1.56855837       4.01094551
  7873       1.57588348       1.56607768       4.00784465
  7874       1.57960453       1.56359698       4.00474378
  7875       1.58332557       1.56111629       4.00164291
  7876       1.56167443       1.58388371       3.99835709
  7877       1.56539547       1.58140302       3.99525622
  7878       1.56911652       1.57892232       3.99215535
  7879       1.57283756       1.57644163       3.98905449
  7880       1.57655860       1.57396093       3.98595362
  7881       1.56461617       1.58192255       4.00227941
  7882       1.56833722       1.57944186       3.99917855
  7883       1.57205826       1.57696116       3.99607768
  7884       1.57577930       1.57448047       3.99297681
  7885       1.57950034       1.57199977       3.98987594
  7886       1.56755792       1.57996139       4.00620174
  7887       1.57127896       1.57748070       4.00310087
  7888       1.57500000       1.57500000       4.00000000
  7889       1.57872104       1.57251931       3.99689913
  7890       1.58244208       1.57003861       3.99379826
  7891       1.57049966       1.57800023       4.01012406
  7892       1.57422070       1.57551953       4.00702319
  7893       1.57794174       1.57303884       4.00392232
  7894       1.58166278       1.57055814       4.00082145
  7895       1.58538383       1.56807745       3.99772059
  7896       1.57344140       1.57603907       4.01404638
  7897       1.57716244       1.57355837       4.01094551
  7898       1.58088348       1.57107768       4.00784465
  7899       1.58460453       1.56859698       4.00474378
  7900       1.58832557       1.56611629       4.00164291
  7901       1.56667443       1.58888371       3.99835709
  7902       1.57039547       1.58640302       3.99525622
  7903       1.57411652       1.58392232       3.99215535
  7904       1.57783756       1.58144163       3.98905449
  7905       1.58155860       1.57896093       3.98595362
  7906       1.56961617       1.58692255       4.00227941
  7907       1.57333722       1.58444186       3.99917855
  7908       1.57705826       1.58196116       3.99607768
  7909       1.58077930       1.57948047       3.99297681
  7910       1.58450034       1.57699977       3.98987594
  7911       1.57255792       1.58496139       4.00620174
  7912       1.57627896       1.58248070       4.00310087
  7913       1.58000000       1.58000000       4.00000000
  7914       1.58372104       1.57751931       3.99689913
  7915       1.58744208       1.57503861       3.99379826
  7916       1.57549966       1.58300023       4.01012406
  7917       1.57922070       1.58051953       4.00702319
  7918       1.58294174       1.57803884       4.00392232
  7919       1.58666278       1.57555814       4.00082145
  7920       1.59038383       1.57307745       3.99772059
  7921       1.57844140       1.58103907       4.01404638
  7922       1.58216244       1.57855837       4.01094551
  7923       1.58588348       1.57607768       4.00784465
  7924       1.58960453       1.57359698       4.00474378
  7925       1.59332557       1.57111629       4.00164291
  7926       1.57167443       1.59388371       3.99835709
  7927       1.57539547       1.59140302       3.99525622
  7928       1.57911652       1.58892232       3.99215535
  7929       1.58283756       1.58644163       3.98905449
  7930       1.58655860       1.58396093       3.98595362
  7931       1.57461617       1.59192255       4.00227941
  7932       1.57833722       1.58944186       3.99917855
  7933       1.58205826       1.58696116       3.99607768
  7934       1.58577930       1.58448047       3.99297681
  7935       1.58950034       1.58199977       3.98987594
  7936       1.57755792       1.58996139       4.00620174
  7937       1.58127896       1.58748070       4.00310087
  7938       1.58500000       1.58500000       4.00000000
  7939       1.58872104       1.58251931       3.99689913
  7940       1.59244208       1.58003861       3.99379826
  7941       1.58049966       1.58800023       4.01012406
  7942       1.58422070       1.58551953       4.00702319
  7943       1.58794174       1.58303884       4.00392232
  7944       1.59166278       1.58055814       4.00082145
  7945       1.59538383       1.57807745       3.99772059
  7946       1.58344140       1.58603907       4.01404638
  7947       1.58716244       1.58355837       4.01094551
  7948       1.59088348       1.58107768       4.00784465
  7949       1.59460453       1.57859698       4.00474378
  7950       1.59832557       1.57611629       4.00164291
  7951       1.57667443       1.59888371       3.99835709
  7952       1.58039547       1.59640302       3.99525622
  7953       1.58411652       1.59392232       3.99215535
  7954       1.58783756       1.59144163       3.98905449
  7955       1.59155860       1.58896093       3.98595362
  7956       1.57961617       1.59692255       4.00227941
  7957       1.58333722       1.59444186       3.99917855
  7958       1.58705826       1.59196116       3.99607768
  7959       1.59077930       1.58948047       3.99297681
  7960       1.59450034       1.58699977       3.98987594
  7961       1.58255792       1.59496139       4.00620174
  7962       1.58627896       1.59248070       4.00310087
  7963       1.59000000       1.59000000       4.00000000
  7964       1.59372104       1.58751931       3.99689913
  7965       1.59744208       1.58503861       3.99379826
  7966       1.58549966       1.59300023       4.01012406
  7967       1.58922070       1.59051953       4.00702319
  7968       1.59294174       1.58803884       4.00392232
  7969       1.59666278       1.58555814       4.00082145
  7970       1.60038383       1.58307745       3.99772059
  7971       1.58844140       1.59103907       4.01404638
  7972       1.59216244       1.58855837       4.01094551
  7973       1.59588348       1.58607768       4.00784465
  7974       1.59960453       1.58359698       4.00474378
  7975       1.60332557       1.58111629       4.00164291
  7976       1.58167443       1.60388371       3.99835709
  7977       1.58539547       1.60140302       3.99525622
  7978       1.58911652       1.59892232       3.99215535
  7979       1.59283756       1.59644163       3.98905449
  7980       1.59655860       1.59396093       3.98595362
  7981       1.58461617       1.60192255       4.00227941
  7982       1.58833722       1.59944186       3.99917855
  7983       1.59205826       1.59696116       3.99607768
  7984       1.59577930       1.59448047       3.99297681
  7985       1.59950034       1.59199977       3.98987594
  7986       1.58755792       1.59996139       4.00620174
  7987       1.59127896       1.59748070       4.00310087
  7988       1.59500000       1.59500000       4.00000000
  7989       1.59872104       1.59251931       3.99689913
  7990       1.60244208       1.59003861       3.99379826
  7991       1.59049966       1.59800023       4.01012406
  7992       1.59422070       1.59551953       4.00702319
  7993       1.59794174       1.59303884       4.00392232
  7994       1.60166278       1.59055814       4.00082145
  7995       1.60538383       1.58807745       3.99772059
  7996       1.59344140       1.59603907       4.01404638
  7997       1.59716244       1.59355837       4.01094551
  7998       1.60088348       1.59107768       4.00784465
  7999       1.60460453       1.58859698       4.00474378
  8000       1.60832557       1.58611629       4.00164291
  8001       1.58667443       1.60888371       3.99835709
  8002       1.59039547       1.60640302       3.99525622
  8003       1.59411652       1.60392232       3.99215535
  8004       1.59783756       1.60144163       3.98905449
  8005       1.60155860       1.59896093       3.98595362
  8006       1.58961617       1.60692255       4.00227941
  8007       1.59333722       1.60444186       3.99917855
  8008       1.59705826       1.60196116       3.99607768
  8009       1.60077930       1.59948047       3.99297681
  8010       1.60450034       1.59699977       3.98987594
  8011       1.59255792       1.60496139       4.00620174
  8012       1.59627896       1.60248070       4.00310087
  8013       1.60000000       1.60000000       4.00000000
  8014       1.60372104       1.59751931       3.99689913
  8015       1.60744208       1.59503861       3.99379826
  8016       1.59549966       1.60300023       4.01012406
  8017       1.59922070       1.60051953       4.00702319
  8018       1.60294174       1.59803884       4.00392232
  8019       1.60666278       1.59555814       4.00082145
  8020       1.61038383       1.59307745       3.99772059
  8021       1.59844140       1.60103907       4.01404638
  8022       1.60216244       1.59855837       4.01094551
  8023       1.60588348       1.59607768       4.00784465
  8024       1.60960453       1.59359698       4.00474378
  8025       1.61332557       1.59111629       4.00164291
  8026       1.59167443       1.61388371       3.99835709
  8027       1.59539547       1.61140302       3.99525622
  8028       1.59911652       1.60892232       3.99215535
  8029       1.60283756       1.60644163       3.98905449
  8030       1.60655860       1.60396093       3.98595362
  8031       1.59461617       1.61192255       4.00227941
  8032       1.59833722       1.60944186       3.99917855
  8033       1.60205826       1.60696116       3.99607768
  8034       1.60577930       1.60448047       3.99297681
  8035       1.60950034       1.60199977       3.98987594
  8036       1.59755792       1.60996139       4.00620174
  8037       1.60127896       1.60748070       4.00310087
  8038       1.60500000       1.60500000       4.00000000
  8039       1.60872104       1.60251931       3.99689913
  8040       1.61244208       1.60003861       3.99379826
  8041       1.60049966       1.60800023       4.01012406
  8042       1.60422070       1.60551953       4.00702319
  8043       1.60794174       1.60303884       4.00392232
  8044       1.61166278       1.60055814       4.00082145
  8045       1.61538383       1.59807745       3.99772059
  8046       1.60344140       1.60603907       4.01404638
  8047       1.60716244       1.60355837       4.01094551
  8048       1.61088348       1.60107768       4.00784465
  8049       1.61460453       1.59859698       4.00474378
  8050       1.61832557       1.59611629       4.00164291
  8051       1.59667443       1.61888371       3.99835709
  8052       1.60039547       1.61640302       3.99525622
  8053       1.60411652       1.61392232       3.99215535
  8054       1.60783756       1.61144163       3.98905449
  8055       1.61155860       1.60896093       3.98595362
  8056       1.59961617       1.61692255       4.00227941
  8057       1.60333722       1.61444186       3.99917855
  8058       1.60705826       1.61196116       3.99607768
  8059       1.61077930       1.60948047       3.99297681
  8060       1.61450034       1.60699977       3.98987594
  8061       1.60255792       1.61496139       4.00620174
  8062       1.60627896       1.61248070       4.00310087
  8063       1.61000000       1.61000000       4.00000000
  8064       1.61372104       1.60751931       3.99689913
  8065       1.61744208       1.60503861       3.99379826
  8066       1.60549966       1.61300023       4.01012406
  8067       1.60922070       1.61051953       4.00702319
  8068       1.61294174       1.60803884       4.00392232
  8069       1.61666278       1.60555814       4.00082145
  8070       1.62038383       1.60307745       3.99772059
  8071       1.60844140       1.61103907       4.01404638
  8072       1.61216244       1.60855837       4.01094551
  8073       1.61588348       1.60607768       4.00784465
  8074       1.61960453       1.60359698       4.00474378
  8075       1.62332557       1.60111629       4.00164291
  8076       1.60167443       1.62388371       3.99835709
  8077       1.60539547       1.62140302       3.99525622
  8078       1.60911652       1.61892232       3.99215535
  8079       1.61283756       1.61644163       3.98905449
  8080       1.61655860       1.61396093       3.98595362
  8081       1.60461617       1.62192255       4.00227941
  8082       1.60833722       1.61944186       3.99917855
  8083       1.61205826       1.61696116       3.99607768
  8084       1.61577930       1.61448047       3.99297681
  8085       1.61950034       1.61199977       3.98987594
  8086       1.60755792       1.61996139       4.00620174
  8087       1.61127896       1.61748070       4.00310087
  8088       1.61500000       1.61500000       4.00000000
  8089       1.61872104       1.61251931       3.99689913
  8090       1.62244208       1.61003861       3.99379826
  8091       1.61049966       1.61800023       4.01012406
  8092       1.61422070       1.61551953       4.00702319
  8093       1.61794174       1.61303884       4.00392232
  8094       1.62166278       1.61055814       4.00082145
  8095       1.62538383       1.60807745       3.99772059
  8096       1.61344140       1.61603907       4.01404638
  8097       1.61716244       1.61355837       4.01094551
  8098       1.62088348       1.61107768       4.00784465
  8099       1.62460453       1.60859698       4.00474378
  8100       1.62832557       1.60611629       4.00164291
  8101       1.60667443       1.62888371       3.99835709
  8102       1.61039547       1.62640302       3.99525622
  8103       1.61411652       1.62392232       3.99215535
  8104       1.61783756       1.62144163       3.98905449
  8105       1.62155860       1.61896093       3.98595362
  8106       1.60961617       1.62692255       4.00227941
  8107       1.61333722       1.62444186       3.99917855
  8108       1.61705826       1.62196116       3.99607768
  8109       1.62077930       1.61948047       3.99297681
  8110       1.62450034       1.61699977       3.98987594
  8111       1.61255792       1.62496139       4.00620174
  8112       1.61627896       1.62248070       4.00310087
  8113       1.62000000       1.62000000       4.00000000
  8114       1.62372104       1.61751931       3.99689913
  8115       1.62744208       1.61503861       3.99379826
  8116       1.61549966       1.62300023       4.01012406
  8117       1.61922070       1.62051953       4.00702319
  8118       1.62294174       1.61803884       4.00392232
  8119       1.62666278       1.61555814       4.00082145
  8120       1.63038383       1.61307745       3.99772059
  8121       1.61844140       1.62103907       4.01404638
  8122       1.62216244       1.61855837       4.01094551
  8123       1.62588348       1.61607768       4.00784465
  8124       1.62960453       1.61359698       4.00474378
  8125       1.63332557       1.61111629       4.00164291
  8126       1.61167443       1.63388371       3.99835709
  8127       1.61539547       1.63140302       3.99525622
  8128       1.61911652       1.62892232       3.99215535
  8129       1.62283756       1.62644163       3.98905449
  8130       1.62655860       1.62396093       3.98595362
  8131       1.61461617       1.63192255       4.00227941
  8132       1.61833722       1.62944186       3.99917855
  8133       1.62205826       1.62696116       3.99607768
  8134       1.62577930       1.62448047       3.99297681
  8135       1.62950034       1.62199977       3.98987594
  8136       1.61755792       1.62996139       4.00620174
  8137       1.62127896       1.62748070       4.00310087
  8138       1.62500000       1.62500000       4.00000000
  8139       1.62872104       1.62251931       3.99689913
  8140       1.63244208       1.62003861       3.99379826
  8141       1.62049966       1.62800023       4.01012406
  8142       1.62422070       1.62551953       4.00702319
  8143       1.62794174       1.62303884       4.00392232
  8144       1.63166278       1.62055814       4.00082145
  8145       1.63538383       1.61807745       3.99772059
  8146       1.62344140       1.62603907       4.01404638
  8147       1.62716244       1.62355837       4.01094551
  8148       1.63088348       1.62107768       4.00784465
  8149       1.63460453       1.61859698       4.00474378
  8150       1.63832557       1.61611629       4.00164291
  8151       1.61667443       1.63888371       3.99835709
  8152       1.62039547       1.63640302       3.99525622
  8153       1.62411652       1.63392232       3.99215535
  8154       1.62783756       1.63144163       3.98905449
  8155       1.63155860       1.62896093       3.98595362
  8156       1.61961617       1.63692255       4.00227941
  8157       1.62333722       1.63444186       3.99917855
  8158       1.62705826       1.63196116       3.99607768
  8159       1.63077930       1.62948047       3.99297681
  8160       1.63450034       1.62699977       3.98987594
  8161       1.62255792       1.63496139       4.00620174
  8162       1.62627896       1.63248070       4.00310087
  8163       1.63000000       1.63000000       4.00000000
  8164       1.63372104       1.62751931       3.99689913
  8165       1.63744208       1.62503861       3.99379826
  8166       1.62549966       1.63300023       4.01012406
  8167       1.62922070       1.63051953       4.00702319
  8168       1.63294174       1.62803884       4.00392232
  8169       1.63666278       1.62555814       4.00082145
  8170       1.64038383       1.62307745       3.99772059
  8171       1.62844140       1.63103907       4.01404638
  8172       1.63216244       1.62855837       4.01094551
  8173       1.63588348       1.62607768       4.00784465
  8174       1.63960453       1.62359698       4.00474378
  8175       1.64332557       1.62111629       4.00164291
  8176       1.62167443       1.64388371       3.99835709
  8177       1.62539547       1.64140302       3.99525622
  8178       1.62911652       1.63892232       3.99215535
  8179       1.63283756       1.63644163       3.98905449
  8180       1.63655860       1.63396093       3.98595362
  8181       1.62461617       1.64192255       4.00227941
  8182       1.62833722       1.63944186       3.99917855
  8183       1.63205826       1.63696116       3.99607768
  8184       1.63577930       1.63448047       3.99297681
  8185       1.63950034       1.63199977       3.98987594
  8186       1.62755792       1.63996139       4.00620174
  8187       1.63127896       1.63748070       4.00310087
  8188       1.63500000       1.63500000       4.00000000
  8189       1.63872104       1.63251931       3.99689913
  8190       1.64244208       1.63003861       3.99379826
  8191       1.63049966       1.63800023       4.01012406
  8192       1.63422070       1.63551953       4.00702319
  8193       1.63794174       1.63303884       4.00392232
  8194       1.64166278       1.63055814       4.00082145
  8195       1.64538383       1.62807745       3.99772059
  8196       1.63344140       1.63603907       4.01404638
  8197       1.63716244       1.63355837       4.01094551
  8198       1.64088348       1.63107768       4.00784465
  8199       1.64460453       1.62859698       4.00474378
  8200       1.64832557       1.62611629       4.00164291
  8201       1.62667443       1.64888371       3.99835709
  8202       1.63039547       1.64640302       3.99525622
  8203       1.63411652       1.64392232       3.99215535
  8204       1.63783756       1.64144163       3.98905449
  8205       1.64155860       1.63896093       3.98595362
  8206       1.62961617       1.64692255       4.00227941
  8207       1.63333722       1.64444186       3.99917855
  8208       1.63705826       1.64196116       3.99607768
  8209       1.64077930       1.63948047       3.99297681
  8210       1.64450034       1.63699977       3.98987594
  8211       1.63255792       1.64496139       4.00620174
  8212       1.63627896       1.64248070       4.00310087
  8213       1.64000000       1.64000000       4.00000000
  8214       1.64372104       1.63751931       3.99689913
  8215       1.64744208       1.63503861       3.99379826
  8216       1.63549966       1.64300023       4.01012406
  8217       1.63922070       1.64051953       4.00702319
  8218       1.64294174       1.63803884       4.00392232
  8219       1.64666278       1.63555814       4.00082145
  8220       1.65038383       1.63307745       3.99772059
  8221       1.63844140       1.64103907       4.01404638
  8222       1.64216244       1.63855837       4.01094551
  8223       1.64588348       1.63607768       4.00784465
  8224       1.64960453       1.63359698       4.00474378
  8225       1.65332557       1.63111629       4.00164291
  8226       1.63167443       1.65388371       3.99835709
  8227       1.63539547       1.65140302       3.99525622
  8228       1.63911652       1.64892232       3.99215535
  8229       1.64283756       1.64644163       3.98905449
  8230       1.64655860       1.64396093       3.98595362
  8231       1.63461617       1.65192255       4.00227941
  8232       1.63833722       1.64944186       3.99917855
  8233       1.64205826       1.64696116       3.99607768
  8234       1.64577930       1.64448047       3.99297681
  8235       1.64950034       1.64199977       3.98987594
  8236       1.63755792       1.64996139       4.00620174
  8237       1.64127896       1.64748070       4.00310087
  8238       1.64500000       1.64500000       4.00000000
  8239       1.64872104       1.64251931       3.99689913
  8240       1.65244208       1.64003861       3.99379826
  8241       1.64049966       1.64800023       4.01012406
  8242       1.64422070       1.64551953       4.00702319
  8243       1.64794174       1.64303884       4.00392232
  8244       1.65166278       1.64055814       4.00082145
  8245       1.65538383       1.63807745       3.99772059
  8246       1.64344140       1.64603907       4.01404638
  8247       1.64716244       1.64355837       4.01094551
  8248       1.65088348       1.64107768       4.00784465
  8249       1.65460453       1.63859698       4.00474378
  8250       1.65832557       1.63611629       4.00164291
  8251       1.63667443       1.65888371       3.99835709
  8252       1.64039547       1.65640302       3.99525622
  8253       1.64411652       1.65392232       3.99215535
  8254       1.64783756       1.65144163       3.98905449
  8255       1.65155860       1.64896093       3.98595362
  8256       1.63961617       1.65692255       4.00227941
  8257       1.64333722       1.65444186       3.99917855
  8258       1.64705826       1.65196116       3.99607768
  8259       1.65077930       1.64948047       3.99297681
  8260       1.65450034       1.64699977       3.98987594
  8261       1.64255792       1.65496139       4.00620174
  8262       1.64627896       1.65248070       4.00310087
  8263       1.65000000       1.65000000       4.00000000
  8264       1.65372104       1.64751931       3.99689913
  8265       1.65744208       1.64503861       3.99379826
  8266       1.64549966       1.65300023       4.01012406
  8267       1.64922070       1.65051953       4.00702319
  8268       1.65294174       1.64803884       4.00392232
  8269       1.65666278       1.64555814       4.00082145
  8270       1.66038383       1.64307745       3.99772059
  8271       1.64844140       1.65103907       4.01404638
  8272       1.65216244       1.64855837       4.01094551
  8273       1.65588348       1.64607768       4.00784465
  8274       1.65960453       1.64359698       4.00474378
  8275       1.66332557       1.64111629       4.00164291
  8276       1.64167443       1.66388371       3.99835709
  8277       1.64539547       1.66140302       3.99525622
  8278       1.64911652       1.65892232       3.99215535
  8279       1.65283756       1.65644163       3.98905449
  8280       1.65655860       1.65396093       3.98595362
  8281       1.64461617       1.66192255       4.00227941
  8282       1.64833722       1.65944186       3.99917855
  8283       1.65205826       1.65696116       3.99607768
  8284       1.65577930       1.65448047       3.99297681
  8285       1.65950034       1.65199977       3.98987594
  8286       1.64755792       1.65996139       4.00620174
  8287       1.65127896       1.65748070       4.00310087
  8288       1.65500000       1.65500000       4.00000000
  8289       1.65872104       1.65251931       3.99689913
  8290       1.66244208       1.65003861       3.99379826
  8291       1.65049966       1.65800023       4.01012406
  8292       1.65422070       1.65551953       4.00702319
  8293       1.65794174       1.65303884       4.00392232
  8294       1.66166278       1.65055814       4.00082145
  8295       1.66538383       1.64807745       3.99772059
  8296       1.65344140       1.65603907       4.01404638
  8297       1.65716244       1.65355837       4.01094551
  8298       1.66088348       1.65107768       4.00784465
  8299       1.66460453       1.64859698       4.00474378
  8300       1.66832557       1.64611629       4.00164291
  8301       1.64667443       1.66888371       3.99835709
  8302       1.65039547       1.66640302       3.99525622
  8303       1.65411652       1.66392232       3.99215535
  8304       1.65783756       1.66144163       3.98905449
  8305       1.66155860       1.65896093       3.98595362
  8306       1.64961617       1.66692255       4.00227941
  8307       1.65333722       1.66444186       3.99917855
  8308       1.65705826       1.66196116       3.99607768
  8309       1.66077930       1.65948047       3.99297681
  8310       1.66450034       1.65699977       3.98987594
  8311       1.65255792       1.66496139       4.00620174
  8312       1.65627896       1.66248070       4.00310087
  8313       1.66000000       1.66000000       4.00000000
  8314       1.66372104       1.65751931       3.99689913
  8315       1.66744208       1.65503861       3.99379826
  8316       1.65549966       1.66300023       4.01012406
  8317       1.65922070       1.66051953       4.00702319
  8318       1.66294174       1.65803884       4.00392232
  8319       1.66666278       1.65555814       4.00082145
  8320       1.67038383       1.65307745       3.99772059
  8321       1.65844140       1.66103907       4.01404638
  8322       1.66216244       1.65855837       4.01094551
  8323       1.66588348       1.65607768       4.00784465
  8324       1.66960453       1.65359698       4.00474378
  8325       1.67332557       1.65111629       4.00164291
  8326       1.65167443       1.67388371       3.99835709
  8327       1.65539547       1.67140302       3.99525622
  8328       1.65911652       1.66892232       3.99215535
  8329       1.66283756       1.66644163       3.98905449
  8330       1.66655860       1.66396093       3.98595362
  8331       1.65461617       1.67192255       4.00227941
  8332       1.65833722       1.66944186       3.99917855
  8333       1.66205826       1.66696116       3.99607768
  8334       1.66577930       1.66448047       3.99297681
  8335       1.66950034       1.66199977       3.98987594
  8336       1.65755792       1.66996139       4.00620174
  8337       1.66127896       1.66748070       4.00310087
  8338       1.66500000       1.66500000       4.00000000
  8339       1.66872104       1.66251931       3.99689913
  8340       1.67244208       1.66003861       3.99379826
  8341       1.66049966       1.66800023       4.01012406
  8342       1.66422070       1.66551953       4.00702319
  8343       1.66794174       1.66303884       4.00392232
  8344       1.67166278       1.66055814       4.00082145
  8345       1.67538383       1.65807745       3.99772059
  8346       1.66344140       1.66603907       4.01404638
  8347       1.66716244       1.66355837       4.01094551
  8348       1.67088348       1.66107768       4.00784465
  8349       1.67460453       1.65859698       4.00474378
  8350       1.67832557       1.65611629       4.00164291
  8351       1.65667443       1.67888371       3.99835709
  8352       1.66039547       1.67640302       3.99525622
  8353       1.66411652       1.67392232       3.99215535
  8354       1.66783756       1.67144163       3.98905449
  8355       1.67155860       1.66896093       3.98595362
  8356       1.65961617       1.67692255       4.00227941
  8357       1.66333722       1.67444186       3.99917855
  8358       1.66705826       1.67196116       3.99607768
  8359       1.67077930       1.66948047       3.99297681
  8360       1.67450034       1.66699977       3.98987594
  8361       1.66255792       1.67496139       4.00620174
  8362       1.66627896       1.67248070       4.00310087
  8363       1.67000000       1.67000000       4.00000000
  8364       1.67372104       1.66751931       3.99689913
  8365       1.67744208       1.66503861       3.99379826
  8366       1.66549966       1.67300023       4.01012406
  8367       1.66922070       1.67051953       4.00702319
  8368       1.67294174       1.66803884       4.00392232
  8369       1.67666278       1.66555814       4.00082145
  8370       1.68038383       1.66307745       3.99772059
  8371       1.66844140       1.67103907       4.01404638
  8372       1.67216244       1.66855837       4.01094551
  8373       1.67588348       1.66607768       4.00784465
  8374       1.67960453       1.66359698       4.00474378
  8375       1.68332557       1.66111629       4.00164291
  8376       1.66167443       1.68388371       3.99835709
  8377       1.66539547       1.68140302       3.99525622
  8378       1.66911652       1.67892232       3.99215535
  8379       1.67283756       1.67644163       3.98905449
  8380       1.67655860       1.67396093       3.98595362
  8381       1.66461617       1.68192255       4.00227941
  8382       1.66833722       1.67944186       3.99917855
  8383       1.67205826       1.67696116       3.99607768
  8384       1.67577930       1.67448047       3.99297681
  8385       1.67950034       1.67199977       3.98987594
  8386       1.66755792       1.67996139       4.00620174
  8387       1.67127896       1.67748070       4.00310087
  8388       1.67500000       1.67500000       4.00000000
  8389       1.67872104       1.67251931       3.99689913
  8390       1.68244208       1.67003861       3.99379826
  8391       1.67049966       1.67800023       4.01012406
  8392       1.67422070       1.67551953       4.00702319
  8393       1.67794174       1.67303884       4.00392232
  8394       1.68166278       1.67055814       4.00082145
  8395       1.68538383       1.66807745       3.99772059
  8396       1.67344140       1.67603907       4.01404638
  8397       1.67716244       1.67355837       4.01094551
  8398       1.68088348       1.67107768       4.00784465
  8399       1.68460453       1.66859698       4.00474378
  8400       1.68832557       1.66611629       4.00164291
  8401       1.66667443       1.68888371       3.99835709
  8402       1.67039547       1.68640302       3.99525622
  8403       1.67411652       1.68392232       3.99215535
  8404       1.67783756       1.68144163       3.98905449
  8405       1.68155860       1.67896093       3.98595362
  8406       1.66961617       1.68692255       4.00227941
  8407       1.67333722       1.68444186       3.99917855
  8408       1.67705826       1.68196116       3.99607768
  8409       1.68077930       1.67948047       3.99297681
  8410       1.68450034       1.67699977       3.98987594
  8411       1.67255792       1.68496139       4.00620174
  8412       1.67627896       1.68248070       4.00310087
  8413       1.68000000       1.68000000       4.00000000
  8414       1.68372104       1.67751931       3.99689913
  8415       1.68744208       1.67503861       3.99379826
  8416       1.67549966       1.68300023       4.01012406
  8417       1.67922070       1.68051953       4.00702319
  8418       1.68294174       1.67803884       4.00392232
  8419       1.68666278       1.67555814       4.00082145
  8420       1.69038383       1.67307745       3.99772059
  8421       1.67844140       1.68103907       4.01404638
  8422       1.68216244       1.67855837       4.01094551
  8423       1.68588348       1.67607768       4.00784465
  8424       1.68960453       1.67359698       4.00474378
  8425       1.69332557       1.67111629       4.00164291
  8426       1.67167443       1.69388371       3.99835709
  8427       1.67539547       1.69140302       3.99525622
  8428       1.67911652       1.68892232       3.99215535
  8429       1.68283756       1.68644163       3.98905449
  8430       1.68655860       1.68396093       3.98595362
  8431       1.67461617       1.69192255       4.00227941
  8432       1.67833722       1.68944186       3.99917855
  8433       1.68205826       1.68696116       3.99607768
  8434       1.68577930       1.68448047       3.99297681
  8435       1.68950034       1.68199977       3.98987594
  8436       1.67755792       1.68996139       4.00620174
  8437       1.68127896       1.68748070       4.00310087
  8438       1.68500000       1.68500000       4.00000000
  8439       1.68872104       1.68251931       3.99689913
  8440       1.69244208       1.68003861       3.99379826
  8441       1.68049966       1.68800023       4.01012406
  8442       1.68422070       1.68551953       4.00702319
  8443       1.68794174       1.68303884       4.00392232
  8444       1.69166278       1.68055814       4.00082145
  8445       1.69538383       1.67807745       3.99772059
  8446       1.68344140       1.68603907       4.01404638
  8447       1.68716244       1.68355837       4.01094551
  8448       1.69088348       1.68107768       4.00784465
  8449       1.69460453       1.67859698       4.00474378
  8450       1.69832557       1.67611629       4.00164291
  8451       1.67667443       1.69888371       3.99835709
  8452       1.68039547       1.69640302       3.99525622
  8453       1.68411652       1.69392232       3.99215535
  8454       1.68783756       1.69144163       3.98905449
  8455       1.69155860       1.68896093       3.98595362
  8456       1.67961617       1.69692255       4.00227941
  8457       1.68333722       1.69444186       3.99917855
  8458       1.68705826       1.69196116       3.99607768
  8459       1.69077930       1.68948047       3.99297681
  8460       1.69450034       1.68699977       3.98987594
  8461       1.68255792       1.69496139       4.00620174
  8462       1.68627896       1.69248070       4.00310087
  8463       1.69000000       1.69000000       4.00000000
  8464       1.69372104       1.68751931       3.99689913
  8465       1.69744208       1.68503861       3.99379826
  8466       1.68549966       1.69300023       4.01012406
  8467       1.68922070       1.69051953       4.00702319
  8468       1.69294174       1.68803884       4.00392232
  8469       1.69666278       1.68555814       4.00082145
  8470       1.70038383       1.68307745       3.99772059
  8471       1.68844140       1.69103907       4.01404638
  8472       1.69216244       1.68855837       4.01094551
  8473       1.69588348       1.68607768       4.00784465
  8474       1.69960453       1.68359698       4.00474378
  8475       1.70332557       1.68111629       4.00164291
  8476       1.68167443       1.70388371       3.99835709
  8477       1.68539547       1.70140302       3.99525622
  8478       1.68911652       1.69892232       3.99215535
  8479       1.69283756       1.69644163       3.98905449
  8480       1.69655860       1.69396093       3.98595362
  8481       1.68461617       1.70192255       4.00227941
  8482       1.68833722       1.69944186       3.99917855
  8483       1.69205826       1.69696116       3.99607768
  8484       1.69577930       1.69448047       3.99297681
  8485       1.69950034       1.69199977       3.98987594
  8486       1.68755792       1.69996139       4.00620174
  8487       1.69127896       1.69748070       4.00310087
  8488       1.69500000       1.69500000       4.00000000
  8489       1.69872104       1.69251931       3.99689913
  8490       1.70244208       1.69003861       3.99379826
  8491       1.69049966       1.69800023       4.01012406
  8492       1.69422070       1.69551953       4.00702319
  8493       1.69794174       1.69303884       4.00392232
  8494       1.70166278       1.69055814       4.00082145
  8495       1.70538383       1.68807745       3.99772059
  8496       1.69344140       1.69603907       4.01404638
  8497       1.69716244       1.69355837       4.01094551
  8498       1.70088348       1.69107768       4.00784465
  8499       1.70460453       1.68859698       4.00474378
  8500       1.70832557       1.68611629       4.00164291
  8501       1.68667443       1.70888371       3.99835709
  8502       1.69039547       1.70640302       3.99525622
  8503       1.69411652       1.70392232       3.99215535
  8504       1.69783756       1.70144163       3.98905449
  8505       1.70155860       1.69896093       3.98595362
  8506       1.68961617       1.70692255       4.00227941
  8507       1.69333722       1.70444186       3.99917855
  8508       1.69705826       1.70196116       3.99607768
  8509       1.70077930       1.69948047       3.99297681
  8510       1.70450034       1.69699977       3.98987594
  8511       1.69255792       1.70496139       4.00620174
  8512       1.69627896       1.70248070       4.00310087
  8513       1.70000000       1.70000000       4.00000000
  8514       1.70372104       1.69751931       3.99689913
  8515       1.70744208       1.69503861       3.99379826
  8516       1.69549966       1.70300023       4.01012406
  8517       1.69922070       1.70051953       4.00702319
  8518       1.70294174       1.69803884       4.00392232
  8519       1.70666278       1.69555814       4.00082145
  8520       1.71038383       1.69307745       3.99772059
  8521       1.69844140       1.70103907       4.01404638
  8522       1.70216244       1.69855837       4.01094551
  8523       1.70588348       1.69607768       4.00784465
  8524       1.70960453       1.69359698       4.00474378
  8525       1.71332557       1.69111629       4.00164291
  8526       1.69167443       1.71388371       3.99835709
  8527       1.69539547       1.71140302       3.99525622
  8528       1.69911652       1.70892232       3.99215535
  8529       1.70283756       1.70644163       3.98905449
  8530       1.70655860       1.70396093       3.98595362
  8531       1.69461617       1.71192255       4.00227941
  8532       1.69833722       1.70944186       3.99917855
  8533       1.70205826       1.70696116       3.99607768
  8534       1.70577930       1.70448047       3.99297681
  8535       1.70950034       1.70199977       3.98987594
  8536       1.69755792       1.70996139       4.00620174
  8537       1.70127896       1.70748070       4.00310087
  8538       1.70500000       1.70500000       4.00000000
  8539       1.70872104       1.70251931       3.99689913
  8540       1.71244208       1.70003861       3.99379826
  8541       1.70049966       1.70800023       4.01012406
  8542       1.70422070       1.70551953       4.00702319
  8543       1.70794174       1.70303884       4.00392232
  8544       1.71166278       1.70055814       4.00082145
  8545       1.71538383       1.69807745       3.99772059
  8546       1.70344140       1.70603907       4.01404638
  8547       1.70716244       1.70355837       4.01094551
  8548       1.71088348       1.70107768       4.00784465
  8549       1.71460453       1.69859698       4.00474378
  8550       1.71832557       1.69611629       4.00164291
  8551       1.69667443       1.71888371       3.99835709
  8552       1.70039547       1.71640302       3.99525622
  8553       1.70411652       1.71392232       3.99215535
  8554       1.70783756       1.71144163       3.98905449
  8555       1.71155860       1.70896093       3.98595362
  8556       1.69961617       1.71692255       4.00227941
  8557       1.70333722       1.71444186       3.99917855
  8558       1.70705826       1.71196116       3.99607768
  8559       1.71077930       1.70948047       3.99297681
  8560       1.71450034       1.70699977       3.98987594
  8561       1.70255792       1.71496139       4.00620174
  8562       1.70627896       1.71248070       4.00310087
  8563       1.71000000       1.71000000       4.00000000
  8564       1.71372104       1.70751931       3.99689913
  8565       1.71744208       1.70503861       3.99379826
  8566       1.70549966       1.71300023       4.01012406
  8567       1.70922070       1.71051953       4.00702319
  8568       1.71294174       1.70803884       4.00392232
  8569       1.71666278       1.70555814       4.00082145
  8570       1.72038383       1.70307745       3.99772059
  8571       1.70844140       1.71103907       4.01404638
  8572       1.71216244       1.70855837       4.01094551
  8573       1.71588348       1.70607768       4.00784465
  8574       1.71960453       1.70359698       4.00474378
  8575       1.72332557       1.70111629       4.00164291
  8576       1.70167443       1.72388371       3.99835709
  8577       1.70539547       1.72140302       3.99525622
  8578       1.70911652       1.71892232       3.99215535
  8579       1.71283756       1.71644163       3.98905449
  8580       1.71655860       1.71396093       3.98595362
  8581       1.70461617       1.72192255       4.00227941
  8582       1.70833722       1.71944186       3.99917855
  8583       1.71205826       1.71696116       3.99607768
  8584       1.71577930       1.71448047       3.99297681
  8585       1.71950034       1.71199977       3.98987594
  8586       1.70755792       1.71996139       4.00620174
  8587       1.71127896       1.71748070       4.00310087
  8588       1.71500000       1.71500000       4.00000000
  8589       1.71872104       1.71251931       3.99689913
  8590       1.72244208       1.71003861       3.99379826
  8591       1.71049966       1.71800023       4.01012406
  8592       1.71422070       1.71551953       4.00702319
  8593       1.71794174       1.71303884       4.00392232
  8594       1.72166278       1.71055814       4.00082145
  8595       1.72538383       1.70807745       3.99772059
  8596       1.71344140       1.71603907       4.01404638
  8597       1.71716244       1.71355837       4.01094551
  8598       1.72088348       1.71107768       4.00784465
  8599       1.72460453       1.70859698       4.00474378
  8600       1.72832557       1.70611629       4.00164291
  8601       1.70667443       1.72888371       3.99835709
  8602       1.71039547       1.72640302       3.99525622
  8603       1.71411652       1.72392232       3.99215535
  8604       1.71783756       1.72144163       3.98905449
  8605       1.72155860       1.71896093       3.98595362
  8606       1.70961617       1.72692255       4.00227941
  8607       1.71333722       1.72444186       3.99917855
  8608       1.71705826       1.72196116       3.99607768
  8609       1.72077930       1.71948047       3.99297681
  8610       1.72450034       1.71699977       3.98987594
  8611       1.71255792       1.72496139       4.00620174
  8612       1.71627896       1.72248070       4.00310087
  8613       1.72000000       1.72000000       4.00000000
  8614       1.72372104       1.71751931       3.99689913
  8615       1.72744208       1.71503861       3.99379826
  8616       1.71549966       1.72300023       4.01012406
  8617       1.71922070       1.72051953       4.00702319
  8618       1.72294174       1.71803884       4.00392232
  8619       1.72666278       1.71555814       4.00082145
  8620       1.73038383       1.71307745       3.99772059
  8621       1.71844140       1.72103907       4.01404638
  8622       1.72216244       1.71855837       4.01094551
  8623       1.72588348       1.71607768       4.00784465
  8624       1.72960453       1.71359698       4.00474378
  8625       1.73332557       1.71111629       4.00164291
  8626       1.71167443       1.73388371       3.99835709
  8627       1.71539547       1.73140302       3.99525622
  8628       1.71911652       1.72892232       3.99215535
  8629       1.72283756       1.72644163       3.98905449
  8630       1.72655860       1.72396093       3.98595362
  8631       1.71461617       1.73192255       4.00227941
  8632       1.71833722       1.72944186       3.99917855
  8633       1.72205826       1.72696116       3.99607768
  8634       1.72577930       1.72448047       3.99297681
  8635       1.72950034       1.72199977       3.98987594
  8636       1.71755792       1.72996139       4.00620174
  8637       1.72127896       1.72748070       4.00310087
  8638       1.72500000       1.72500000       4.00000000
  8639       1.72872104       1.72251931       3.99689913
  8640       1.73244208       1.72003861       3.99379826
  8641       1.72049966       1.72800023       4.01012406
  8642       1.72422070       1.72551953       4.00702319
  8643       1.72794174       1.72303884       4.00392232
  8644       1.73166278       1.72055814       4.00082145
  8645       1.73538383       1.71807745       3.99772059
  8646       1.72344140       1.72603907       4.01404638
  8647       1.72716244       1.72355837       4.01094551
  8648       1.73088348       1.72107768       4.00784465
  8649       1.73460453       1.71859698       4.00474378
  8650       1.73832557       1.71611629       4.00164291
  8651       1.71667443       1.73888371       3.99835709
  8652       1.72039547       1.73640302       3.99525622
  8653       1.72411652       1.73392232       3.99215535
  8654       1.72783756       1.73144163       3.98905449
  8655       1.73155860       1.72896093       3.98595362
  8656       1.71961617       1.73692255       4.00227941
  8657       1.72333722       1.73444186       3.99917855
  8658       1.72705826       1.73196116       3.99607768
  8659       1.73077930       1.72948047       3.99297681
  8660       1.73450034       1.72699977       3.98987594
  8661       1.72255792       1.73496139       4.00620174
  8662       1.72627896       1.73248070       4.00310087
  8663       1.73000000       1.73000000       4.00000000
  8664       1.73372104       1.72751931       3.99689913
  8665       1.73744208       1.72503861       3.99379826
  8666       1.72549966       1.73300023       4.01012406
  8667       1.72922070       1.73051953       4.00702319
  8668       1.73294174       1.72803884       4.00392232
  8669       1.73666278       1.72555814       4.00082145
  8670       1.74038383       1.72307745       3.99772059
  8671       1.72844140       1.73103907       4.01404638
  8672       1.73216244       1.72855837       4.01094551
  8673       1.73588348       1.72607768       4.00784465
  8674       1.73960453       1.72359698       4.00474378
  8675       1.74332557       1.72111629       4.00164291
  8676       1.72167443       1.74388371       3.99835709
  8677       1.72539547       1.74140302       3.99525622
  8678       1.72911652       1.73892232       3.99215535
  8679       1.73283756       1.73644163       3.98905449
  8680       1.73655860       1.73396093       3.98595362
  8681       1.72461617       1.74192255       4.00227941
  8682       1.72833722       1.73944186       3.99917855
  8683       1.73205826       1.73696116       3.99607768
  8684       1.73577930       1.73448047       3.99297681
  8685       1.73950034       1.73199977       3.98987594
  8686       1.72755792       1.73996139       4.00620174
  8687       1.73127896       1.73748070       4.00310087
  8688       1.73500000       1.73500000       4.00000000
  8689       1.73872104       1.73251931       3.99689913
  8690       1.74244208       1.73003861       3.99379826
  8691       1.73049966       1.73800023       4.01012406
  8692       1.73422070       1.73551953       4.00702319
  8693       1.73794174       1.73303884       4.00392232
  8694       1.74166278       1.73055814       4.00082145
  8695       1.74538383       1.72807745       3.99772059
  8696       1.73344140       1.73603907       4.01404638
  8697       1.73716244       1.73355837       4.01094551
  8698       1.74088348       1.73107768       4.00784465
  8699       1.74460453       1.72859698       4.00474378
  8700       1.74832557       1.72611629       4.00164291
  8701       1.72667443       1.74888371       3.99835709
  8702       1.73039547       1.74640302       3.99525622
  8703       1.73411652       1.74392232       3.99215535
  8704       1.73783756       1.74144163       3.98905449
  8705       1.74155860       1.73896093       3.98595362
  8706       1.72961617       1.74692255       4.00227941
  8707       1.73333722       1.74444186       3.99917855
  8708       1.73705826       1.74196116       3.99607768
  8709       1.74077930       1.73948047       3.99297681
  8710       1.74450034       1.73699977       3.98987594
  8711       1.73255792       1.74496139       4.00620174
  8712       1.73627896       1.74248070       4.00310087
  8713       1.74000000       1.74000000       4.00000000
  8714       1.74372104       1.73751931       3.99689913
  8715       1.74744208       1.73503861       3.99379826
  8716       1.73549966       1.74300023       4.01012406
  8717       1.73922070       1.74051953       4.00702319
  8718       1.74294174       1.73803884       4.00392232
  8719       1.74666278       1.73555814       4.00082145
  8720       1.75038383       1.73307745       3.99772059
  8721       1.73844140       1.74103907       4.01404638
  8722       1.74216244       1.73855837       4.01094551
  8723       1.74588348       1.73607768       4.00784465
  8724       1.74960453       1.73359698       4.00474378
  8725       1.75332557       1.73111629       4.00164291
  8726       1.73167443       1.75388371       3.99835709
  8727       1.73539547       1.75140302       3.99525622
  8728       1.73911652       1.74892232       3.99215535
  8729       1.74283756       1.74644163       3.98905449
  8730       1.74655860       1.74396093       3.98595362
  8731       1.73461617       1.75192255       4.00227941
  8732       1.73833722       1.74944186       3.99917855
  8733       1.74205826       1.74696116       3.99607768
  8734       1.74577930       1.74448047       3.99297681
  8735       1.74950034       1.74199977       3.98987594
  8736       1.73755792       1.74996139       4.00620174
  8737       1.74127896       1.74748070       4.00310087
  8738       1.74500000       1.74500000       4.00000000
  8739       1.74872104       1.74251931       3.99689913
  8740       1.75244208       1.74003861       3.99379826
  8741       1.74049966       1.74800023       4.01012406
  8742       1.74422070       1.74551953       4.00702319
  8743       1.74794174       1.74303884       4.00392232
  8744       1.75166278       1.74055814       4.00082145
  8745       1.75538383       1.73807745       3.99772059
  8746       1.74344140       1.74603907       4.01404638
  8747       1.74716244       1.74355837       4.01094551
  8748       1.75088348       1.74107768       4.00784465
  8749       1.75460453       1.73859698       4.00474378
  8750       1.75832557       1.73611629       4.00164291
  8751       1.73667443       1.75888371       3.99835709
  8752       1.74039547       1.75640302       3.99525622
  8753       1.74411652       1.75392232       3.99215535
  8754       1.74783756       1.75144163       3.98905449
  8755       1.75155860       1.74896093       3.98595362
  8756       1.73961617       1.75692255       4.00227941
  8757       1.74333722       1.75444186       3.99917855
  8758       1.74705826       1.75196116       3.99607768
  8759       1.75077930       1.74948047       3.99297681
  8760       1.75450034       1.74699977       3.98987594
  8761       1.74255792       1.75496139       4.00620174
  8762       1.74627896       1.75248070       4.00310087
  8763       1.75000000       1.75000000       4.00000000
  8764       1.75372104       1.74751931       3.99689913
  8765       1.75744208       1.74503861       3.99379826
  8766       1.74549966       1.75300023       4.01012406
  8767       1.74922070       1.75051953       4.00702319
  8768       1.75294174       1.74803884       4.00392232
  8769       1.75666278       1.74555814       4.00082145
  8770       1.76038383       1.74307745       3.99772059
  8771       1.74844140       1.75103907       4.01404638
  8772       1.75216244       1.74855837       4.01094551
  8773       1.75588348       1.74607768       4.00784465
  8774       1.75960453       1.74359698       4.00474378
  8775       1.76332557       1.74111629       4.00164291
  8776       1.74167443       1.76388371       3.99835709
  8777       1.74539547       1.76140302       3.99525622
  8778       1.74911652       1.75892232       3.99215535
  8779       1.75283756       1.75644163       3.98905449
  8780       1.75655860       1.75396093       3.98595362
  8781       1.74461617       1.76192255       4.00227941
  8782       1.74833722       1.75944186       3.99917855
  8783       1.75205826       1.75696116       3.99607768
  8784       1.75577930       1.75448047       3.99297681
  8785       1.75950034       1.75199977       3.98987594
  8786       1.74755792       1.75996139       4.00620174
  8787       1.75127896       1.75748070       4.00310087
  8788       1.75500000       1.75500000       4.00000000
  8789       1.75872104       1.75251931       3.99689913
  8790       1.76244208       1.75003861       3.99379826
  8791       1.75049966       1.75800023       4.01012406
  8792       1.75422070       1.75551953       4.00702319
  8793       1.75794174       1.75303884       4.00392232
  8794       1.76166278       1.75055814       4.00082145
  8795       1.76538383       1.74807745       3.99772059
  8796       1.75344140       1.75603907       4.01404638
  8797       1.75716244       1.75355837       4.01094551
  8798       1.76088348       1.75107768       4.00784465
  8799       1.76460453       1.74859698       4.00474378
  8800       1.76832557       1.74611629       4.00164291
  8801       1.74667443       1.76888371       3.99835709
  8802       1.75039547       1.76640302       3.99525622
  8803       1.75411652       1.76392232       3.99215535
  8804       1.75783756       1.76144163       3.98905449
  8805       1.76155860       1.75896093       3.98595362
  8806       1.74961617       1.76692255       4.00227941
  8807       1.75333722       1.76444186       3.99917855
  8808       1.75705826       1.76196116       3.99607768
  8809       1.76077930       1.75948047       3.99297681
  8810       1.76450034       1.75699977       3.98987594
  8811       1.75255792       1.76496139       4.00620174
  8812       1.75627896       1.76248070       4.00310087
  8813       1.76000000       1.76000000       4.00000000
  8814       1.76372104       1.75751931       3.99689913
  8815       1.76744208       1.75503861       3.99379826
  8816       1.75549966       1.76300023       4.01012406
  8817       1.75922070       1.76051953       4.00702319
  8818       1.76294174       1.75803884       4.00392232
  8819       1.76666278       1.75555814       4.00082145
  8820       1.77038383       1.75307745       3.99772059
  8821       1.75844140       1.76103907       4.01404638
  8822       1.76216244       1.75855837       4.01094551
  8823       1.76588348       1.75607768       4.00784465
  8824       1.76960453       1.75359698       4.00474378
  8825       1.77332557       1.75111629       4.00164291
  8826       1.75167443       1.77388371       3.99835709
  8827       1.75539547       1.77140302       3.99525622
  8828       1.75911652       1.76892232       3.99215535
  8829       1.76283756       1.76644163       3.98905449
  8830       1.76655860       1.76396093       3.98595362
  8831       1.75461617       1.77192255       4.00227941
  8832       1.75833722       1.76944186       3.99917855
  8833       1.76205826       1.76696116       3.99607768
  8834       1.76577930       1.76448047       3.99297681
  8835       1.76950034       1.76199977       3.98987594
  8836       1.75755792       1.76996139       4.00620174
  8837       1.76127896       1.76748070       4.00310087
  8838       1.76500000       1.76500000       4.00000000
  8839       1.76872104       1.76251931       3.99689913
  8840       1.77244208       1.76003861       3.99379826
  8841       1.76049966       1.76800023       4.01012406
  8842       1.76422070       1.76551953       4.00702319
  8843       1.76794174       1.76303884       4.00392232
  8844       1.77166278       1.76055814       4.00082145
  8845       1.77538383       1.75807745       3.99772059
  8846       1.76344140       1.76603907       4.01404638
  8847       1.76716244       1.76355837       4.01094551
  8848       1.77088348       1.76107768       4.00784465
  8849       1.77460453       1.75859698       4.00474378
  8850       1.77832557       1.75611629       4.00164291
  8851       1.75667443       1.77888371       3.99835709
  8852       1.76039547       1.77640302       3.99525622
  8853       1.76411652       1.77392232       3.99215535
  8854       1.76783756       1.77144163       3.98905449
  8855       1.77155860       1.76896093       3.98595362
  8856       1.75961617       1.77692255       4.00227941
  8857       1.76333722       1.77444186       3.99917855
  8858       1.76705826       1.77196116       3.99607768
  8859       1.77077930       1.76948047       3.99297681
  8860       1.77450034       1.76699977       3.98987594
  8861       1.76255792       1.77496139       4.00620174
  8862       1.76627896       1.77248070       4.00310087
  8863       1.77000000       1.77000000       4.00000000
  8864       1.77372104       1.76751931       3.99689913
  8865       1.77744208       1.76503861       3.99379826
  8866       1.76549966       1.77300023       4.01012406
  8867       1.76922070       1.77051953       4.00702319
  8868       1.77294174       1.76803884       4.00392232
  8869       1.77666278       1.76555814       4.00082145
  8870       1.78038383       1.76307745       3.99772059
  8871       1.76844140       1.77103907       4.01404638
  8872       1.77216244       1.76855837       4.01094551
  8873       1.77588348       1.76607768       4.00784465
  8874       1.77960453       1.76359698       4.00474378
  8875       1.78332557       1.76111629       4.00164291
  8876       1.76167443       1.78388371       3.99835709
  8877       1.76539547       1.78140302       3.99525622
  8878       1.76911652       1.77892232       3.99215535
  8879       1.77283756       1.77644163       3.98905449
  8880       1.77655860       1.77396093       3.98595362
  8881       1.76461617       1.78192255       4.00227941
  8882       1.76833722       1.77944186       3.99917855
  8883       1.77205826       1.77696116       3.99607768
  8884       1.77577930       1.77448047       3.99297681
  8885       1.77950034       1.77199977       3.98987594
  8886       1.76755792       1.77996139       4.00620174
  8887       1.77127896       1.77748070       4.00310087
  8888       1.77500000       1.77500000       4.00000000
  8889       1.77872104       1.77251931       3.99689913
  8890       1.78244208       1.77003861       3.99379826
  8891       1.77049966       1.77800023       4.01012406
  8892       1.77422070       1.77551953       4.00702319
  8893       1.77794174       1.77303884       4.00392232
  8894       1.78166278       1.77055814       4.00082145
  8895       1.78538383       1.76807745       3.99772059
  8896       1.77344140       1.77603907       4.01404638
  8897       1.77716244       1.77355837       4.01094551
  8898       1.78088348       1.77107768       4.00784465
  8899       1.78460453       1.76859698       4.00474378
  8900       1.78832557       1.76611629       4.00164291
  8901       1.76667443       1.78888371       3.99835709
  8902       1.77039547       1.78640302       3.99525622
  8903       1.77411652       1.78392232       3.99215535
  8904       1.77783756       1.78144163       3.98905449
  8905       1.78155860       1.77896093       3.98595362
  8906       1.76961617       1.78692255       4.00227941
  8907       1.77333722       1.78444186       3.99917855
  8908       1.77705826       1.78196116       3.99607768
  8909       1.78077930       1.77948047       3.99297681
  8910       1.78450034       1.77699977       3.98987594
  8911       1.77255792       1.78496139       4.00620174
  8912       1.77627896       1.78248070       4.00310087
  8913       1.78000000       1.78000000       4.00000000
  8914       1.78372104       1.77751931       3.99689913
  8915       1.78744208       1.77503861       3.99379826
  8916       1.77549966       1.78300023       4.01012406
  8917       1.77922070       1.78051953       4.00702319
  8918       1.78294174       1.77803884       4.00392232
  8919       1.78666278       1.77555814       4.00082145
  8920       1.79038383       1.77307745       3.99772059
  8921       1.77844140       1.78103907       4.01404638
  8922       1.78216244       1.77855837       4.01094551
  8923       1.78588348       1.77607768       4.00784465
  8924       1.78960453       1.77359698       4.00474378
  8925       1.79332557       1.77111629       4.00164291
  8926       1.77167443       1.79388371       3.99835709
  8927       1.77539547       1.79140302       3.99525622
  8928       1.77911652       1.78892232       3.99215535
  8929       1.78283756       1.78644163       3.98905449
  8930       1.78655860       1.78396093       3.98595362
  8931       1.77461617       1.79192255       4.00227941
  8932       1.77833722       1.78944186       3.99917855
  8933       1.78205826       1.78696116       3.99607768
  8934       1.78577930       1.78448047       3.99297681
  8935       1.78950034       1.78199977       3.98987594
  8936       1.77755792       1.78996139       4.00620174
  8937       1.78127896       1.78748070       4.00310087
  8938       1.78500000       1.78500000       4.00000000
  8939       1.78872104       1.78251931       3.99689913
  8940       1.79244208       1.78003861       3.99379826
  8941       1.78049966       1.78800023       4.01012406
  8942       1.78422070       1.78551953       4.00702319
  8943       1.78794174       1.78303884       4.00392232
  8944       1.79166278       1.78055814       4.00082145
  8945       1.79538383       1.77807745       3.99772059
  8946       1.78344140       1.78603907       4.01404638
  8947       1.78716244       1.78355837       4.01094551
  8948       1.79088348       1.78107768       4.00784465
  8949       1.79460453       1.77859698       4.00474378
  8950       1.79832557       1.77611629       4.00164291
  8951       1.77667443       1.79888371       3.99835709
  8952       1.78039547       1.79640302       3.99525622
  8953       1.78411652       1.79392232       3.99215535
  8954       1.78783756       1.79144163       3.98905449
  8955       1.79155860       1.78896093       3.98595362
  8956       1.77961617       1.79692255       4.00227941
  8957       1.78333722       1.79444186       3.99917855
  8958       1.78705826       1.79196116       3.99607768
  8959       1.79077930       1.78948047       3.99297681
  8960       1.79450034       1.78699977       3.98987594
  8961       1.78255792       1.79496139       4.00620174
  8962       1.78627896       1.79248070       4.00310087
  8963       1.79000000       1.79000000       4.00000000
  8964       1.79372104       1.78751931       3.99689913
  8965       1.79744208       1.78503861       3.99379826
  8966       1.78549966       1.79300023       4.01012406
  8967       1.78922070       1.79051953       4.00702319
  8968       1.79294174       1.78803884       4.00392232
  8969       1.79666278       1.78555814       4.00082145
  8970       1.80038383       1.78307745       3.99772059
  8971       1.78844140       1.79103907       4.01404638
  8972       1.79216244       1.78855837       4.01094551
  8973       1.79588348       1.78607768       4.00784465
  8974       1.79960453       1.78359698       4.00474378
  8975       1.80332557       1.78111629       4.00164291
  8976       1.78167443       1.80388371       3.99835709
  8977       1.78539547       1.80140302       3.99525622
  8978       1.78911652       1.79892232       3.99215535
  8979       1.79283756       1.79644163       3.98905449
  8980       1.79655860       1.79396093       3.98595362
  8981       1.78461617       1.80192255       4.00227941
  8982       1.78833722       1.79944186       3.99917855
  8983       1.79205826       1.79696116       3.99607768
  8984       1.79577930       1.79448047       3.99297681
  8985       1.79950034       1.79199977       3.98987594
  8986       1.78755792       1.79996139       4.00620174
  8987       1.79127896       1.79748070       4.00310087
  8988       1.79500000       1.79500000       4.00000000
  8989       1.79872104       1.79251931       3.99689913
  8990       1.80244208       1.79003861       3.99379826
  8991       1.79049966       1.79800023       4.01012406
  8992       1.79422070       1.79551953       4.00702319
  8993       1.79794174       1.79303884       4.00392232
  8994       1.80166278       1.79055814       4.00082145
  8995       1.80538383       1.78807745       3.99772059
  8996       1.79344140       1.79603907       4.01404638
  8997       1.79716244       1.79355837       4.01094551
  8998       1.80088348       1.79107768       4.00784465
  8999       1.80460453       1.78859698       4.00474378
  9000       1.80832557       1.78611629       4.00164291
  9001       1.78667443       1.80888371       3.99835709
  9002       1.79039547       1.80640302       3.99525622
  9003       1.79411652       1.80392232       3.99215535
  9004       1.79783756       1.80144163       3.98905449
  9005       1.80155860       1.79896093       3.98595362
  9006       1.78961617       1.80692255       4.00227941
  9007       1.79333722       1.80444186       3.99917855
  9008       1.79705826       1.80196116       3.99607768
  9009       1.80077930       1.79948047       3.99297681
  9010       1.80450034       1.79699977       3.98987594
  9011       1.79255792       1.80496139       4.00620174
  9012       1.79627896       1.80248070       4.00310087
  9013       1.80000000       1.80000000       4.00000000
  9014       1.80372104       1.79751931       3.99689913
  9015       1.80744208       1.79503861       3.99379826
  9016       1.79549966       1.80300023       4.01012406
  9017       1.79922070       1.80051953       4.00702319
  9018       1.80294174       1.79803884       4.00392232
  9019       1.80666278       1.79555814       4.00082145
  9020       1.81038383       1.79307745       3.99772059
  9021       1.79844140       1.80103907       4.01404638
  9022       1.80216244       1.79855837       4.01094551
  9023       1.80588348       1.79607768       4.00784465
  9024       1.80960453       1.79359698       4.00474378
  9025       1.81332557       1.79111629       4.00164291
  9026       1.79167443       1.81388371       3.99835709
  9027       1.79539547       1.81140302       3.99525622
  9028       1.79911652       1.80892232       3.99215535
  9029       1.80283756       1.80644163       3.98905449
  9030       1.80655860       1.80396093       3.98595362
  9031       1.79461617       1.81192255       4.00227941
  9032       1.79833722       1.80944186       3.99917855
  9033       1.80205826       1.80696116       3.99607768
  9034       1.80577930       1.80448047       3.99297681
  9035       1.80950034       1.80199977       3.98987594
  9036       1.79755792       1.80996139       4.00620174
  9037       1.80127896       1.80748070       4.00310087
  9038       1.80500000       1.80500000       4.00000000
  9039       1.80872104       1.80251931       3.99689913
  9040       1.81244208       1.80003861       3.99379826
  9041       1.80049966       1.80800023       4.01012406
  9042       1.80422070       1.80551953       4.00702319
  9043       1.80794174       1.80303884       4.00392232
  9044       1.81166278       1.80055814       4.00082145
  9045       1.81538383       1.79807745       3.99772059
  9046       1.80344140       1.80603907       4.01404638
  9047       1.80716244       1.80355837       4.01094551
  9048       1.81088348       1.80107768       4.00784465
  9049       1.81460453       1.79859698       4.00474378
  9050       1.81832557       1.79611629       4.00164291
  9051       1.79667443       1.81888371       3.99835709
  9052       1.80039547       1.81640302       3.99525622
  9053       1.80411652       1.81392232       3.99215535
  9054       1.80783756       1.81144163       3.98905449
  9055       1.81155860       1.80896093       3.98595362
  9056       1.79961617       1.81692255       4.00227941
  9057       1.80333722       1.81444186       3.99917855
  9058       1.80705826       1.81196116       3.99607768
  9059       1.81077930       1.80948047       3.99297681
  9060       1.81450034       1.80699977       3.98987594
  9061       1.80255792       1.81496139       4.00620174
  9062       1.80627896       1.81248070       4.00310087
  9063       1.81000000       1.81000000       4.00000000
  9064       1.81372104       1.80751931       3.99689913
  9065       1.81744208       1.80503861       3.99379826
  9066       1.80549966       1.81300023       4.01012406
  9067       1.80922070       1.81051953       4.00702319
  9068       1.81294174       1.80803884       4.00392232
  9069       1.81666278       1.80555814       4.00082145
  9070       1.82038383       1.80307745       3.99772059
  9071       1.80844140       1.81103907       4.01404638
  9072       1.81216244       1.80855837       4.01094551
  9073       1.81588348       1.80607768       4.00784465
  9074       1.81960453       1.80359698       4.00474378
  9075       1.82332557       1.80111629       4.00164291
  9076       1.80167443       1.82388371       3.99835709
  9077       1.80539547       1.82140302       3.99525622
  9078       1.80911652       1.81892232       3.99215535
  9079       1.81283756       1.81644163       3.98905449
  9080       1.81655860       1.81396093       3.98595362
  9081       1.80461617       1.82192255       4.00227941
  9082       1.80833722       1.81944186       3.99917855
  9083       1.81205826       1.81696116       3.99607768
  9084       1.81577930       1.81448047       3.99297681
  9085       1.81950034       1.81199977       3.98987594
  9086       1.80755792       1.81996139       4.00620174
  9087       1.81127896       1.81748070       4.00310087
  9088       1.81500000       1.81500000       4.00000000
  9089       1.81872104       1.81251931       3.99689913
  9090       1.82244208       1.81003861       3.99379826
  9091       1.81049966       1.81800023       4.01012406
  9092       1.81422070       1.81551953       4.00702319
  9093       1.81794174       1.81303884       4.00392232
  9094       1.82166278       1.81055814       4.00082145
  9095       1.82538383       1.80807745       3.99772059
  9096       1.81344140       1.81603907       4.01404638
  9097       1.81716244       1.81355837       4.01094551
  9098       1.82088348       1.81107768       4.00784465
  9099       1.82460453       1.80859698       4.00474378
  9100       1.82832557       1.80611629       4.00164291
  9101       1.80667443       1.82888371       3.99835709
  9102       1.81039547       1.82640302       3.99525622
  9103       1.81411652       1.82392232       3.99215535
  9104       1.81783756       1.82144163       3.98905449
  9105       1.82155860       1.81896093       3.98595362
  9106       1.80961617       1.82692255       4.00227941
  9107       1.81333722       1.82444186       3.99917855
  9108       1.81705826       1.82196116       3.99607768
  9109       1.82077930       1.81948047       3.99297681
  9110       1.82450034       1.81699977       3.98987594
  9111       1.81255792       1.82496139       4.00620174
  9112       1.81627896       1.82248070       4.00310087
  9113       1.82000000       1.82000000       4.00000000
  9114       1.82372104       1.81751931       3.99689913
  9115       1.82744208       1.81503861       3.99379826
  9116       1.81549966       1.82300023       4.01012406
  9117       1.81922070       1.82051953       4.00702319
  9118       1.82294174       1.81803884       4.00392232
  9119       1.82666278       1.81555814       4.00082145
  9120       1.83038383       1.81307745       3.99772059
  9121       1.81844140       1.82103907       4.01404638
  9122       1.82216244       1.81855837       4.01094551
  9123       1.82588348       1.81607768       4.00784465
  9124       1.82960453       1.81359698       4.00474378
  9125       1.83332557       1.81111629       4.00164291
  9126       1.81167443       1.83388371       3.99835709
  9127       1.81539547       1.83140302       3.99525622
  9128       1.81911652       1.82892232       3.99215535
  9129       1.82283756       1.82644163       3.98905449
  9130       1.82655860       1.82396093       3.98595362
  9131       1.81461617       1.83192255       4.00227941
  9132       1.81833722       1.82944186       3.99917855
  9133       1.82205826       1.82696116       3.99607768
  9134       1.82577930       1.82448047       3.99297681
  9135       1.82950034       1.82199977       3.98987594
  9136       1.81755792       1.82996139       4.00620174
  9137       1.82127896       1.82748070       4.00310087
  9138       1.82500000       1.82500000       4.00000000
  9139       1.82872104       1.82251931       3.99689913
  9140       1.83244208       1.82003861       3.99379826
  9141       1.82049966       1.82800023       4.01012406
  9142       1.82422070       1.82551953       4.00702319
  9143       1.82794174       1.82303884       4.00392232
  9144       1.83166278       1.82055814       4.00082145
  9145       1.83538383       1.81807745       3.99772059
  9146       1.82344140       1.82603907       4.01404638
  9147       1.82716244       1.82355837       4.01094551
  9148       1.83088348       1.82107768       4.00784465
  9149       1.83460453       1.81859698       4.00474378
  9150       1.83832557       1.81611629       4.00164291
  9151       1.81667443       1.83888371       3.99835709
  9152       1.82039547       1.83640302       3.99525622
  9153       1.82411652       1.83392232       3.99215535
  9154       1.82783756       1.83144163       3.98905449
  9155       1.83155860       1.82896093       3.98595362
  9156       1.81961617       1.83692255       4.00227941
  9157       1.82333722       1.83444186       3.99917855
  9158       1.82705826       1.83196116       3.99607768
  9159       1.83077930       1.82948047       3.99297681
  9160       1.83450034       1.82699977       3.98987594
  9161       1.82255792       1.83496139       4.00620174
  9162       1.82627896       1.83248070       4.00310087
  9163       1.83000000       1.83000000       4.00000000
  9164       1.83372104       1.82751931       3.99689913
  9165       1.83744208       1.82503861       3.99379826
  9166       1.82549966       1.83300023       4.01012406
  9167       1.82922070       1.83051953       4.00702319
  9168       1.83294174       1.82803884       4.00392232
  9169       1.83666278       1.82555814       4.00082145
  9170       1.84038383       1.82307745       3.99772059
  9171       1.82844140       1.83103907       4.01404638
  9172       1.83216244       1.82855837       4.01094551
  9173       1.83588348       1.82607768       4.00784465
  9174       1.83960453       1.82359698       4.00474378
  9175       1.84332557       1.82111629       4.00164291
  9176       1.82167443       1.84388371       3.99835709
  9177       1.82539547       1.84140302       3.99525622
  9178       1.82911652       1.83892232       3.99215535
  9179       1.83283756       1.83644163       3.98905449
  9180       1.83655860       1.83396093       3.98595362
  9181       1.82461617       1.84192255       4.00227941
  9182       1.82833722       1.83944186       3.99917855
  9183       1.83205826       1.83696116       3.99607768
  9184       1.83577930       1.83448047       3.99297681
  9185       1.83950034       1.83199977       3.98987594
  9186       1.82755792       1.83996139       4.00620174
  9187       1.83127896       1.83748070       4.00310087
  9188       1.83500000       1.83500000       4.00000000
  9189       1.83872104       1.83251931       3.99689913
  9190       1.84244208       1.83003861       3.99379826
  9191       1.83049966       1.83800023       4.01012406
  9192       1.83422070       1.83551953       4.00702319
  9193       1.83794174       1.83303884       4.00392232
  9194       1.84166278       1.83055814       4.00082145
  9195       1.84538383       1.82807745       3.99772059
  9196       1.83344140       1.83603907       4.01404638
  9197       1.83716244       1.83355837       4.01094551
  9198       1.84088348       1.83107768       4.00784465
  9199       1.84460453       1.82859698       4.00474378
  9200       1.84832557       1.82611629       4.00164291
  9201       1.82667443       1.84888371       3.99835709
  9202       1.83039547       1.84640302       3.99525622
  9203       1.83411652       1.84392232       3.99215535
  9204       1.83783756       1.84144163       3.98905449
  9205       1.84155860       1.83896093       3.98595362
  9206       1.82961617       1.84692255       4.00227941
  9207       1.83333722       1.84444186       3.99917855
  9208       1.83705826       1.84196116       3.99607768
  9209       1.84077930       1.83948047       3.99297681
  9210       1.84450034       1.83699977       3.98987594
  9211       1.83255792       1.84496139       4.00620174
  9212       1.83627896       1.84248070       4.00310087
  9213       1.84000000       1.84000000       4.00000000
  9214       1.84372104       1.83751931       3.99689913
  9215       1.84744208       1.83503861       3.99379826
  9216       1.83549966       1.84300023       4.01012406
  9217       1.83922070       1.84051953       4.00702319
  9218       1.84294174       1.83803884       4.00392232
  9219       1.84666278       1.83555814       4.00082145
  9220       1.85038383       1.83307745       3.99772059
  9221       1.83844140       1.84103907       4.01404638
  9222       1.84216244       1.83855837       4.01094551
  9223       1.84588348       1.83607768       4.00784465
  9224       1.84960453       1.83359698       4.00474378
  9225       1.85332557       1.83111629       4.00164291
  9226       1.83167443       1.85388371       3.99835709
  9227       1.83539547       1.85140302       3.99525622
  9228       1.83911652       1.84892232       3.99215535
  9229       1.84283756       1.84644163       3.98905449
  9230       1.84655860       1.84396093       3.98595362
  9231       1.83461617       1.85192255       4.00227941
  9232       1.83833722       1.84944186       3.99917855
  9233       1.84205826       1.84696116       3.99607768
  9234       1.84577930       1.84448047       3.99297681
  9235       1.84950034       1.84199977       3.98987594
  9236       1.83755792       1.84996139       4.00620174
  9237       1.84127896       1.84748070       4.00310087
  9238       1.84500000       1.84500000       4.00000000
  9239       1.84872104       1.84251931       3.99689913
  9240       1.85244208       1.84003861       3.99379826
  9241       1.84049966       1.84800023       4.01012406
  9242       1.84422070       1.84551953       4.00702319
  9243       1.84794174       1.84303884       4.00392232
  9244       1.85166278       1.84055814       4.00082145
  9245       1.85538383       1.83807745       3.99772059
  9246       1.84344140       1.84603907       4.01404638
  9247       1.84716244       1.84355837       4.01094551
  9248       1.85088348       1.84107768       4.00784465
  9249       1.85460453       1.83859698       4.00474378
  9250       1.85832557       1.83611629       4.00164291
  9251       1.83667443       1.85888371       3.99835709
  9252       1.84039547       1.85640302       3.99525622
  9253       1.84411652       1.85392232       3.99215535
  9254       1.84783756       1.85144163       3.98905449
  9255       1.85155860       1.84896093       3.98595362
  9256       1.83961617       1.85692255       4.00227941
  9257       1.84333722       1.85444186       3.99917855
  9258       1.84705826       1.85196116       3.99607768
  9259       1.85077930       1.84948047       3.99297681
  9260       1.85450034       1.84699977       3.98987594
  9261       1.84255792       1.85496139       4.00620174
  9262       1.84627896       1.85248070       4.00310087
  9263       1.85000000       1.85000000       4.00000000
  9264       1.85372104       1.84751931       3.99689913
  9265       1.85744208       1.84503861       3.99379826
  9266       1.84549966       1.85300023       4.01012406
  9267       1.84922070       1.85051953       4.00702319
  9268       1.85294174       1.84803884       4.00392232
  9269       1.85666278       1.84555814       4.00082145
  9270       1.86038383       1.84307745       3.99772059
  9271       1.84844140       1.85103907       4.01404638
  9272       1.85216244       1.84855837       4.01094551
  9273       1.85588348       1.84607768       4.00784465
  9274       1.85960453       1.84359698       4.00474378
  9275       1.86332557       1.84111629       4.00164291
  9276       1.84167443       1.86388371       3.99835709
  9277       1.84539547       1.86140302       3.99525622
  9278       1.84911652       1.85892232       3.99215535
  9279       1.85283756       1.85644163       3.98905449
  9280       1.85655860       1.85396093       3.98595362
  9281       1.84461617       1.86192255       4.00227941
  9282       1.84833722       1.85944186       3.99917855
  9283       1.85205826       1.85696116       3.99607768
  9284       1.85577930       1.85448047       3.99297681
  9285       1.85950034       1.85199977       3.98987594
  9286       1.84755792       1.85996139       4.00620174
  9287       1.85127896       1.85748070       4.00310087
  9288       1.85500000       1.85500000       4.00000000
  9289       1.85872104       1.85251931       3.99689913
  9290       1.86244208       1.85003861       3.99379826
  9291       1.85049966       1.85800023       4.01012406
  9292       1.85422070       1.85551953       4.00702319
  9293       1.85794174       1.85303884       4.00392232
  9294       1.86166278       1.85055814       4.00082145
  9295       1.86538383       1.84807745       3.99772059
  9296       1.85344140       1.85603907       4.01404638
  9297       1.85716244       1.85355837       4.01094551
  9298       1.86088348       1.85107768       4.00784465
  9299       1.86460453       1.84859698       4.00474378
  9300       1.86832557       1.84611629       4.00164291
  9301       1.84667443       1.86888371       3.99835709
  9302       1.85039547       1.86640302       3.99525622
  9303       1.85411652       1.86392232       3.99215535
  9304       1.85783756       1.86144163       3.98905449
  9305       1.86155860       1.85896093       3.98595362
  9306       1.84961617       1.86692255       4.00227941
  9307       1.85333722       1.86444186       3.99917855
  9308       1.85705826       1.86196116       3.99607768
  9309       1.86077930       1.85948047       3.99297681
  9310       1.86450034       1.85699977       3.98987594
  9311       1.85255792       1.86496139       4.00620174
  9312       1.85627896       1.86248070       4.00310087
  9313       1.86000000       1.86000000       4.00000000
  9314       1.86372104       1.85751931       3.99689913
  9315       1.86744208       1.85503861       3.99379826
  9316       1.85549966       1.86300023       4.01012406
  9317       1.85922070       1.86051953       4.00702319
  9318       1.86294174       1.85803884       4.00392232
  9319       1.86666278       1.85555814       4.00082145
  9320       1.87038383       1.85307745       3.99772059
  9321       1.85844140       1.86103907       4.01404638
  9322       1.86216244       1.85855837       4.01094551
  9323       1.86588348       1.85607768       4.00784465
  9324       1.86960453       1.85359698       4.00474378
  9325       1.87332557       1.85111629       4.00164291
  9326       1.85167443       1.87388371       3.99835709
  9327       1.85539547       1.87140302       3.99525622
  9328       1.85911652       1.86892232       3.99215535
  9329       1.86283756       1.86644163       3.98905449
  9330       1.86655860       1.86396093       3.98595362
  9331       1.85461617       1.87192255       4.00227941
  9332       1.85833722       1.86944186       3.99917855
  9333       1.86205826       1.86696116       3.99607768
  9334       1.86577930       1.86448047       3.99297681
  9335       1.86950034       1.86199977       3.98987594
  9336       1.85755792       1.86996139       4.00620174
  9337       1.86127896       1.86748070       4.00310087
  9338       1.86500000       1.86500000       4.00000000
  9339       1.86872104       1.86251931       3.99689913
  9340       1.87244208       1.86003861       3.99379826
  9341       1.86049966       1.86800023       4.01012406
  9342       1.86422070       1.86551953       4.00702319
  9343       1.86794174       1.86303884       4.00392232
  9344       1.87166278       1.86055814       4.00082145
  9345       1.87538383       1.85807745       3.99772059
  9346       1.86344140       1.86603907       4.01404638
  9347       1.86716244       1.86355837       4.01094551
  9348       1.87088348       1.86107768       4.00784465
  9349       1.87460453       1.85859698       4.00474378
  9350       1.87832557       1.85611629       4.00164291
  9351       1.85667443       1.87888371       3.99835709
  9352       1.86039547       1.87640302       3.99525622
  9353       1.86411652       1.87392232       3.99215535
  9354       1.86783756       1.87144163       3.98905449
  9355       1.87155860       1.86896093       3.98595362
  9356       1.85961617       1.87692255       4.00227941
  9357       1.86333722       1.87444186       3.99917855
  9358       1.86705826       1.87196116       3.99607768
  9359       1.87077930       1.86948047       3.99297681
  9360       1.87450034       1.86699977       3.98987594
  9361       1.86255792       1.87496139       4.00620174
  9362       1.86627896       1.87248070       4.00310087
  9363       1.87000000       1.87000000       4.00000000
  9364       1.87372104       1.86751931       3.99689913
  9365       1.87744208       1.86503861       3.99379826
  9366       1.86549966       1.87300023       4.01012406
  9367       1.86922070       1.87051953       4.00702319
  9368       1.87294174       1.86803884       4.00392232
  9369       1.87666278       1.86555814       4.00082145
  9370       1.88038383       1.86307745       3.99772059
  9371       1.86844140       1.87103907       4.01404638
  9372       1.87216244       1.86855837       4.01094551
  9373       1.87588348       1.86607768       4.00784465
  9374       1.87960453       1.86359698       4.00474378
  9375       1.88332557       1.86111629       4.00164291
  9376       1.86167443       1.88388371       3.99835709
  9377       1.86539547       1.88140302       3.99525622
  9378       1.86911652       1.87892232       3.99215535
  9379       1.87283756       1.87644163       3.98905449
  9380       1.87655860       1.87396093       3.98595362
  9381       1.86461617       1.88192255       4.00227941
  9382       1.86833722       1.87944186       3.99917855
  9383       1.87205826       1.87696116       3.99607768
  9384       1.87577930       1.87448047       3.99297681
  9385       1.87950034       1.87199977       3.98987594
  9386       1.86755792       1.87996139       4.00620174
  9387       1.87127896       1.87748070       4.00310087
  9388       1.87500000       1.87500000       4.00000000
  9389       1.87872104       1.87251931       3.99689913
  9390       1.88244208       1.87003861       3.99379826
  9391       1.87049966       1.87800023       4.01012406
  9392       1.87422070       1.87551953       4.00702319
  9393       1.87794174       1.87303884       4.00392232
  9394       1.88166278       1.87055814       4.00082145
  9395       1.88538383       1.86807745       3.99772059
  9396       1.87344140       1.87603907       4.01404638
  9397       1.87716244       1.87355837       4.01094551
  9398       1.88088348       1.87107768       4.00784465
  9399       1.88460453       1.86859698       4.00474378
  9400       1.88832557       1.86611629       4.00164291
  9401       1.86667443       1.88888371       3.99835709
  9402       1.87039547       1.88640302       3.99525622
  9403       1.87411652       1.88392232       3.99215535
  9404       1.87783756       1.88144163       3.98905449
  9405       1.88155860       1.87896093       3.98595362
  9406       1.86961617       1.88692255       4.00227941
  9407       1.87333722       1.88444186       3.99917855
  9408       1.87705826       1.88196116       3.99607768
  9409       1.88077930       1.87948047       3.99297681
  9410       1.88450034       1.87699977       3.98987594
  9411       1.87255792       1.88496139       4.00620174
  9412       1.87627896       1.88248070       4.00310087
  9413       1.88000000       1.88000000       4.00000000
  9414       1.88372104       1.87751931       3.99689913
  9415       1.88744208       1.87503861       3.99379826
  9416       1.87549966       1.88300023       4.01012406
  9417       1.87922070       1.88051953       4.00702319
  9418       1.88294174       1.87803884       4.00392232
  9419       1.88666278       1.87555814       4.00082145
  9420       1.89038383       1.87307745       3.99772059
  9421       1.87844140       1.88103907       4.01404638
  9422       1.88216244       1.87855837       4.01094551
  9423       1.88588348       1.87607768       4.00784465
  9424       1.88960453       1.87359698       4.00474378
  9425       1.89332557       1.87111629       4.00164291
  9426       1.87167443       1.89388371       3.99835709
  9427       1.87539547       1.89140302       3.99525622
  9428       1.87911652       1.88892232       3.99215535
  9429       1.88283756       1.88644163       3.98905449
  9430       1.88655860       1.88396093       3.98595362
  9431       1.87461617       1.89192255       4.00227941
  9432       1.87833722       1.88944186       3.99917855
  9433       1.88205826       1.88696116       3.99607768
  9434       1.88577930       1.88448047       3.99297681
  9435       1.88950034       1.88199977       3.98987594
  9436       1.87755792       1.88996139       4.00620174
  9437       1.88127896       1.88748070       4.00310087
  9438       1.88500000       1.88500000       4.00000000
  9439       1.88872104       1.88251931       3.99689913
  9440       1.89244208       1.88003861       3.99379826
  9441       1.88049966       1.88800023       4.01012406
  9442       1.88422070       1.88551953       4.00702319
  9443       1.88794174       1.88303884       4.00392232
  9444       1.89166278       1.88055814       4.00082145
  9445       1.89538383       1.87807745       3.99772059
  9446       1.88344140       1.88603907       4.01404638
  9447       1.88716244       1.88355837       4.01094551
  9448       1.89088348       1.88107768       4.00784465
  9449       1.89460453       1.87859698       4.00474378
  9450       1.89832557       1.87611629       4.00164291
  9451       1.87667443       1.89888371       3.99835709
  9452       1.88039547       1.89640302       3.99525622
  9453       1.88411652       1.89392232       3.99215535
  9454       1.88783756       1.89144163       3.98905449
  9455       1.89155860       1.88896093       3.98595362
  9456       1.87961617       1.89692255       4.00227941
  9457       1.88333722       1.89444186       3.99917855
  9458       1.88705826       1.89196116       3.99607768
  9459       1.89077930       1.88948047       3.99297681
  9460       1.89450034       1.88699977       3.98987594
  9461       1.88255792       1.89496139       4.00620174
  9462       1.88627896       1.89248070       4.00310087
  9463       1.89000000       1.89000000       4.00000000
  9464       1.89372104       1.88751931       3.99689913
  9465       1.89744208       1.88503861       3.99379826
  9466       1.88549966       1.89300023       4.01012406
  9467       1.88922070       1.89051953       4.00702319
  9468       1.89294174       1.88803884       4.00392232
  9469       1.89666278       1.88555814       4.00082145
  9470       1.90038383       1.88307745       3.99772059
  9471       1.88844140       1.89103907       4.01404638
  9472       1.89216244       1.88855837       4.01094551
  9473       1.89588348       1.88607768       4.00784465
  9474       1.89960453       1.88359698       4.00474378
  9475       1.90332557       1.88111629       4.00164291
  9476       1.88167443       1.90388371       3.99835709
  9477       1.88539547       1.90140302       3.99525622
  9478       1.88911652       1.89892232       3.99215535
  9479       1.89283756       1.89644163       3.98905449
  9480       1.89655860       1.89396093       3.98595362
  9481       1.88461617       1.90192255       4.00227941
  9482       1.88833722       1.89944186       3.99917855
  9483       1.89205826       1.89696116       3.99607768
  9484       1.89577930       1.89448047       3.99297681
  9485       1.89950034       1.89199977       3.98987594
  9486       1.88755792       1.89996139       4.00620174
  9487       1.89127896       1.89748070       4.00310087
  9488       1.89500000       1.89500000       4.00000000
  9489       1.89872104       1.89251931       3.99689913
  9490       1.90244208       1.89003861       3.99379826
  9491       1.89049966       1.89800023       4.01012406
  9492       1.89422070       1.89551953       4.00702319
  9493       1.89794174       1.89303884       4.00392232
  9494       1.90166278       1.89055814       4.00082145
  9495       1.90538383       1.88807745       3.99772059
  9496       1.89344140       1.89603907       4.01404638
  9497       1.89716244       1.89355837       4.01094551
  9498       1.90088348       1.89107768       4.00784465
  9499       1.90460453       1.88859698       4.00474378
  9500       1.90832557       1.88611629       4.00164291
  9501       1.88667443       1.90888371       3.99835709
  9502       1.89039547       1.90640302       3.99525622
  9503       1.89411652       1.90392232       3.99215535
  9504       1.89783756       1.90144163       3.98905449
  9505       1.90155860       1.89896093       3.98595362
  9506       1.88961617       1.90692255       4.00227941
  9507       1.89333722       1.90444186       3.99917855
  9508       1.89705826       1.90196116       3.99607768
  9509       1.90077930       1.89948047       3.99297681
  9510       1.90450034       1.89699977       3.98987594
  9511       1.89255792       1.90496139       4.00620174
  9512       1.89627896       1.90248070       4.00310087
  9513       1.90000000       1.90000000       4.00000000
  9514       1.90372104       1.89751931       3.99689913
  9515       1.90744208       1.89503861       3.99379826
  9516       1.89549966       1.90300023       4.01012406
  9517       1.89922070       1.90051953       4.00702319
  9518       1.90294174       1.89803884       4.00392232
  9519       1.90666278       1.89555814       4.00082145
  9520       1.91038383       1.89307745       3.99772059
  9521       1.89844140       1.90103907       4.01404638
  9522       1.90216244       1.89855837       4.01094551
  9523       1.90588348       1.89607768       4.00784465
  9524       1.90960453       1.89359698       4.00474378
  9525       1.91332557       1.89111629       4.00164291
  9526       1.89167443       1.91388371       3.99835709
  9527       1.89539547       1.91140302       3.99525622
  9528       1.89911652       1.90892232       3.99215535
  9529       1.90283756       1.90644163       3.98905449
  9530       1.90655860       1.90396093       3.98595362
  9531       1.89461617       1.91192255       4.00227941
  9532       1.89833722       1.90944186       3.99917855
  9533       1.90205826       1.90696116       3.99607768
  9534       1.90577930       1.90448047       3.99297681
  9535       1.90950034       1.90199977       3.98987594
  9536       1.89755792       1.90996139       4.00620174
  9537       1.90127896       1.90748070       4.00310087
  9538       1.90500000       1.90500000       4.00000000
  9539       1.90872104       1.90251931       3.99689913
  9540       1.91244208       1.90003861       3.99379826
  9541       1.90049966       1.90800023       4.01012406
  9542       1.90422070       1.90551953       4.00702319
  9543       1.90794174       1.90303884       4.00392232
  9544       1.91166278       1.90055814       4.00082145
  9545       1.91538383       1.89807745       3.99772059
  9546       1.90344140       1.90603907       4.01404638
  9547       1.90716244       1.90355837       4.01094551
  9548       1.91088348       1.90107768       4.00784465
  9549       1.91460453       1.89859698       4.00474378
  9550       1.91832557       1.89611629       4.00164291
  9551       1.89667443       1.91888371       3.99835709
  9552       1.90039547       1.91640302       3.99525622
  9553       1.90411652       1.91392232       3.99215535
  9554       1.90783756       1.91144163       3.98905449
  9555       1.91155860       1.90896093       3.98595362
  9556       1.89961617       1.91692255       4.00227941
  9557       1.90333722       1.91444186       3.99917855
  9558       1.90705826       1.91196116       3.99607768
  9559       1.91077930       1.90948047       3.99297681
  9560       1.91450034       1.90699977       3.98987594
  9561       1.90255792       1.91496139       4.00620174
  9562       1.90627896       1.91248070       4.00310087
  9563       1.91000000       1.91000000       4.00000000
  9564       1.91372104       1.90751931       3.99689913
  9565       1.91744208       1.90503861       3.99379826
  9566       1.90549966       1.91300023       4.01012406
  9567       1.90922070       1.91051953       4.00702319
  9568       1.91294174       1.90803884       4.00392232
  9569       1.91666278       1.90555814       4.00082145
  9570       1.92038383       1.90307745       3.99772059
  9571       1.90844140       1.91103907       4.01404638
  9572       1.91216244       1.90855837       4.01094551
  9573       1.91588348       1.90607768       4.00784465
  9574       1.91960453       1.90359698       4.00474378
  9575       1.92332557       1.90111629       4.00164291
  9576       1.90167443       1.92388371       3.99835709
  9577       1.90539547       1.92140302       3.99525622
  9578       1.90911652       1.91892232       3.99215535
  9579       1.91283756       1.91644163       3.98905449
  9580       1.91655860       1.91396093       3.98595362
  9581       1.90461617       1.92192255       4.00227941
  9582       1.90833722       1.91944186       3.99917855
  9583       1.91205826       1.91696116       3.99607768
  9584       1.91577930       1.91448047       3.99297681
  9585       1.91950034       1.91199977       3.98987594
  9586       1.90755792       1.91996139       4.00620174
  9587       1.91127896       1.91748070       4.00310087
  9588       1.91500000       1.91500000       4.00000000
  9589       1.91872104       1.91251931       3.99689913
  9590       1.92244208       1.91003861       3.99379826
  9591       1.91049966       1.91800023       4.01012406
  9592       1.91422070       1.91551953       4.00702319
  9593       1.91794174       1.91303884       4.00392232
  9594       1.92166278       1.91055814       4.00082145
  9595       1.92538383       1.90807745       3.99772059
  9596       1.91344140       1.91603907       4.01404638
  9597       1.91716244       1.91355837       4.01094551
  9598       1.92088348       1.91107768       4.00784465
  9599       1.92460453       1.90859698       4.00474378
  9600       1.92832557       1.90611629       4.00164291
  9601       1.90667443       1.92888371       3.99835709
  9602       1.91039547       1.92640302       3.99525622
  9603       1.91411652       1.92392232       3.99215535
  9604       1.91783756       1.92144163       3.98905449
  9605       1.92155860       1.91896093       3.98595362
  9606       1.90961617       1.92692255       4.00227941
  9607       1.91333722       1.92444186       3.99917855
  9608       1.91705826       1.92196116       3.99607768
  9609       1.92077930       1.91948047       3.99297681
  9610       1.92450034       1.91699977       3.98987594
  9611       1.91255792       1.92496139       4.00620174
  9612       1.91627896       1.92248070       4.00310087
  9613       1.92000000       1.92000000       4.00000000
  9614       1.92372104       1.91751931       3.99689913
  9615       1.92744208       1.91503861       3.99379826
  9616       1.91549966       1.92300023       4.01012406
  9617       1.91922070       1.92051953       4.00702319
  9618       1.92294174       1.91803884       4.00392232
  9619       1.92666278       1.91555814       4.00082145
  9620       1.93038383       1.91307745       3.99772059
  9621       1.91844140       1.92103907       4.01404638
  9622       1.92216244       1.91855837       4.01094551
  9623       1.92588348       1.91607768       4.00784465
  9624       1.92960453       1.91359698       4.00474378
  9625       1.93332557       1.91111629       4.00164291
  9626       1.91167443       1.93388371       3.99835709
  9627       1.91539547       1.93140302       3.99525622
  9628       1.91911652       1.92892232       3.99215535
  9629       1.92283756       1.92644163       3.98905449
  9630       1.92655860       1.92396093       3.98595362
  9631       1.91461617       1.93192255       4.00227941
  9632       1.91833722       1.92944186       3.99917855
  9633       1.92205826       1.92696116       3.99607768
  9634       1.92577930       1.92448047       3.99297681
  9635       1.92950034       1.92199977       3.98987594
  9636       1.91755792       1.92996139       4.00620174
  9637       1.92127896       1.92748070       4.00310087
  9638       1.92500000       1.92500000       4.00000000
  9639       1.92872104       1.92251931       3.99689913
  9640       1.93244208       1.92003861       3.99379826
  9641       1.92049966       1.92800023       4.01012406
  9642       1.92422070       1.92551953       4.00702319
  9643       1.92794174       1.92303884       4.00392232
  9644       1.93166278       1.92055814       4.00082145
  9645       1.93538383       1.91807745       3.99772059
  9646       1.92344140       1.92603907       4.01404638
  9647       1.92716244       1.92355837       4.01094551
  9648       1.93088348       1.92107768       4.00784465
  9649       1.93460453       1.91859698       4.00474378
  9650       1.93832557       1.91611629       4.00164291
  9651       1.91667443       1.93888371       3.99835709
  9652       1.92039547       1.93640302       3.99525622
  9653       1.92411652       1.93392232       3.99215535
  9654       1.92783756       1.93144163       3.98905449
  9655       1.93155860       1.92896093       3.98595362
  9656       1.91961617       1.93692255       4.00227941
  9657       1.92333722       1.93444186       3.99917855
  9658       1.92705826       1.93196116       3.99607768
  9659       1.93077930       1.92948047       3.99297681
  9660       1.93450034       1.92699977       3.98987594
  9661       1.92255792       1.93496139       4.00620174
  9662       1.92627896       1.93248070       4.00310087
  9663       1.93000000       1.93000000       4.00000000
  9664       1.93372104       1.92751931       3.99689913
  9665       1.93744208       1.92503861       3.99379826
  9666       1.92549966       1.93300023       4.01012406
  9667       1.92922070       1.93051953       4.00702319
  9668       1.93294174       1.92803884       4.00392232
  9669       1.93666278       1.92555814       4.00082145
  9670       1.94038383       1.92307745       3.99772059
  9671       1.92844140       1.93103907       4.01404638
  9672       1.93216244       1.92855837       4.01094551
  9673       1.93588348       1.92607768       4.00784465
  9674       1.93960453       1.92359698       4.00474378
  9675       1.94332557       1.92111629       4.00164291
  9676       1.92167443       1.94388371       3.99835709
  9677       1.92539547       1.94140302       3.99525622
  9678       1.92911652       1.93892232       3.99215535
  9679       1.93283756       1.93644163       3.98905449
  9680       1.93655860       1.93396093       3.98595362
  9681       1.92461617       1.94192255       4.00227941
  9682       1.92833722       1.93944186       3.99917855
  9683       1.93205826       1.93696116       3.99607768
  9684       1.93577930       1.93448047       3.99297681
  9685       1.93950034       1.93199977       3.98987594
  9686       1.92755792       1.93996139       4.00620174
  9687       1.93127896       1.93748070       4.00310087
  9688       1.93500000       1.93500000       4.00000000
  9689       1.93872104       1.93251931       3.99689913
  9690       1.94244208       1.93003861       3.99379826
  9691       1.93049966       1.93800023       4.01012406
  9692       1.93422070       1.93551953       4.00702319
  9693       1.93794174       1.93303884       4.00392232
  9694       1.94166278       1.93055814       4.00082145
  9695       1.94538383       1.92807745       3.99772059
  9696       1.93344140       1.93603907       4.01404638
  9697       1.93716244       1.93355837       4.01094551
  9698       1.94088348       1.93107768       4.00784465
  9699       1.94460453       1.92859698       4.00474378
  9700       1.94832557       1.92611629       4.00164291
  9701       1.92667443       1.94888371       3.99835709
  9702       1.93039547       1.94640302       3.99525622
  9703       1.93411652       1.94392232       3.99215535
  9704       1.93783756       1.94144163       3.98905449
  9705       1.94155860       1.93896093       3.98595362
  9706       1.92961617       1.94692255       4.00227941
  9707       1.93333722       1.94444186       3.99917855
  9708       1.93705826       1.94196116       3.99607768
  9709       1.94077930       1.93948047       3.99297681
  9710       1.94450034       1.93699977       3.98987594
  9711       1.93255792       1.94496139       4.00620174
  9712       1.93627896       1.94248070       4.00310087
  9713       1.94000000       1.94000000       4.00000000
  9714       1.94372104       1.93751931       3.99689913
  9715       1.94744208       1.93503861       3.99379826
  9716       1.93549966       1.94300023       4.01012406
  9717       1.93922070       1.94051953       4.00702319
  9718       1.94294174       1.93803884       4.00392232
  9719       1.94666278       1.93555814       4.00082145
  9720       1.95038383       1.93307745       3.99772059
  9721       1.93844140       1.94103907       4.01404638
  9722       1.94216244       1.93855837       4.01094551
  9723       1.94588348       1.93607768       4.00784465
  9724       1.94960453       1.93359698       4.00474378
  9725       1.95332557       1.93111629       4.00164291
  9726       1.93167443       1.95388371       3.99835709
  9727       1.93539547       1.95140302       3.99525622
  9728       1.93911652       1.94892232       3.99215535
  9729       1.94283756       1.94644163       3.98905449
  9730       1.94655860       1.94396093       3.98595362
  9731       1.93461617       1.95192255       4.00227941
  9732       1.93833722       1.94944186       3.99917855
  9733       1.94205826       1.94696116       3.99607768
  9734       1.94577930       1.94448047       3.99297681
  9735       1.94950034       1.94199977       3.98987594
  9736       1.93755792       1.94996139       4.00620174
  9737       1.94127896       1.94748070       4.00310087
  9738       1.94500000       1.94500000       4.00000000
  9739       1.94872104       1.94251931       3.99689913
  9740       1.95244208       1.94003861       3.99379826
  9741       1.94049966       1.94800023       4.01012406
  9742       1.94422070       1.94551953       4.00702319
  9743       1.94794174       1.94303884       4.00392232
  9744       1.95166278       1.94055814       4.00082145
  9745       1.95538383       1.93807745       3.99772059
  9746       1.94344140       1.94603907       4.01404638
  9747       1.94716244       1.94355837       4.01094551
  9748       1.95088348       1.94107768       4.00784465
  9749       1.95460453       1.93859698       4.00474378
  9750       1.95832557       1.93611629       4.00164291
  9751       1.93667443       1.95888371       3.99835709
  9752       1.94039547       1.95640302       3.99525622
  9753       1.94411652       1.95392232       3.99215535
  9754       1.94783756       1.95144163       3.98905449
  9755       1.95155860       1.94896093       3.98595362
  9756       1.93961617       1.95692255       4.00227941
  9757       1.94333722       1.95444186       3.99917855
  9758       1.94705826       1.95196116       3.99607768
  9759       1.95077930       1.94948047       3.99297681
  9760       1.95450034       1.94699977       3.98987594
  9761       1.94255792       1.95496139       4.00620174
  9762       1.94627896       1.95248070       4.00310087
  9763       1.95000000       1.95000000       4.00000000
  9764       1.95372104       1.94751931       3.99689913
  9765       1.95744208       1.94503861       3.99379826
  9766       1.94549966       1.95300023       4.01012406
  9767       1.94922070       1.95051953       4.00702319
  9768       1.95294174       1.94803884       4.00392232
  9769       1.95666278       1.94555814       4.00082145
  9770       1.96038383       1.94307745       3.99772059
  9771       1.94844140       1.95103907       4.01404638
  9772       1.95216244       1.94855837       4.01094551
  9773       1.95588348       1.94607768       4.00784465
  9774       1.95960453       1.94359698       4.00474378
  9775       1.96332557       1.94111629       4.00164291
  9776       1.94167443       1.96388371       3.99835709
  9777       1.94539547       1.96140302       3.99525622
  9778       1.94911652       1.95892232       3.99215535
  9779       1.95283756       1.95644163       3.98905449
  9780       1.95655860       1.95396093       3.98595362
  9781       1.94461617       1.96192255       4.00227941
  9782       1.94833722       1.95944186       3.99917855
  9783       1.95205826       1.95696116       3.99607768
  9784       1.95577930       1.95448047       3.99297681
  9785       1.95950034       1.95199977       3.98987594
  9786       1.94755792       1.95996139       4.00620174
  9787       1.95127896       1.95748070       4.00310087
  9788       1.95500000       1.95500000       4.00000000
  9789       1.95872104       1.95251931       3.99689913
  9790       1.96244208       1.95003861       3.99379826
  9791       1.95049966       1.95800023       4.01012406
  9792       1.95422070       1.95551953       4.00702319
  9793       1.95794174       1.95303884       4.00392232
  9794       1.96166278       1.95055814       4.00082145
  9795       1.96538383       1.94807745       3.99772059
  9796       1.95344140       1.95603907       4.01404638
  9797       1.95716244       1.95355837       4.01094551
  9798       1.96088348       1.95107768       4.00784465
  9799       1.96460453       1.94859698       4.00474378
  9800       1.96832557       1.94611629       4.00164291
  9801       1.94667443       1.96888371       3.99835709
  9802       1.95039547       1.96640302       3.99525622
  9803       1.95411652       1.96392232       3.99215535
  9804       1.95783756       1.96144163       3.98905449
  9805       1.96155860       1.95896093       3.98595362
  9806       1.94961617       1.96692255       4.00227941
  9807       1.95333722       1.96444186       3.99917855
  9808       1.95705826       1.96196116       3.99607768
  9809       1.96077930       1.95948047       3.99297681
  9810       1.96450034       1.95699977       3.98987594
  9811       1.95255792       1.96496139       4.00620174
  9812       1.95627896       1.96248070       4.00310087
  9813       1.96000000       1.96000000       4.00000000
  9814       1.96372104       1.95751931       3.99689913
  9815       1.96744208       1.95503861       3.99379826
  9816       1.95549966       1.96300023       4.01012406
  9817       1.95922070       1.96051953       4.00702319
  9818       1.96294174       1.95803884       4.00392232
  9819       1.96666278       1.95555814       4.00082145
  9820       1.97038383       1.95307745       3.99772059
  9821       1.95844140       1.96103907       4.01404638
  9822       1.96216244       1.95855837       4.01094551
  9823       1.96588348       1.95607768       4.00784465
  9824       1.96960453       1.95359698       4.00474378
  9825       1.97332557       1.95111629       4.00164291
  9826       1.95167443       1.97388371       3.99835709
  9827       1.95539547       1.97140302       3.99525622
  9828       1.95911652       1.96892232       3.99215535
  9829       1.96283756       1.96644163       3.98905449
  9830       1.96655860       1.96396093       3.98595362
  9831       1.95461617       1.97192255       4.00227941
  9832       1.95833722       1.96944186       3.99917855
  9833       1.96205826       1.96696116       3.99607768
  9834       1.96577930       1.96448047       3.99297681
  9835       1.96950034       1.96199977       3.98987594
  9836       1.95755792       1.96996139       4.00620174
  9837       1.96127896       1.96748070       4.00310087
  9838       1.96500000       1.96500000       4.00000000
  9839       1.96872104       1.96251931       3.99689913
  9840       1.97244208       1.96003861       3.99379826
  9841       1.96049966       1.96800023       4.01012406
  9842       1.96422070       1.96551953       4.00702319
  9843       1.96794174       1.96303884       4.00392232
  9844       1.97166278       1.96055814       4.00082145
  9845       1.97538383       1.95807745       3.99772059
  9846       1.96344140       1.96603907       4.01404638
  9847       1.96716244       1.96355837       4.01094551
  9848       1.97088348       1.96107768       4.00784465
  9849       1.97460453       1.95859698       4.00474378
  9850       1.97832557       1.95611629       4.00164291
  9851       1.95667443       1.97888371       3.99835709
  9852       1.96039547       1.97640302       3.99525622
  9853       1.96411652       1.97392232       3.99215535
  9854       1.96783756       1.97144163       3.98905449
  9855       1.97155860       1.96896093       3.98595362
  9856       1.95961617       1.97692255       4.00227941
  9857       1.96333722       1.97444186       3.99917855
  9858       1.96705826       1.97196116       3.99607768
  9859       1.97077930       1.96948047       3.99297681
  9860       1.97450034       1.96699977       3.98987594
  9861       1.96255792       1.97496139       4.00620174
  9862       1.96627896       1.97248070       4.00310087
  9863       1.97000000       1.97000000       4.00000000
  9864       1.97372104       1.96751931       3.99689913
  9865       1.97744208       1.96503861       3.99379826
  9866       1.96549966       1.97300023       4.01012406
  9867       1.96922070       1.97051953       4.00702319
  9868       1.97294174       1.96803884       4.00392232
  9869       1.97666278       1.96555814       4.00082145
  9870       1.98038383       1.96307745       3.99772059
  9871       1.96844140       1.97103907       4.01404638
  9872       1.97216244       1.96855837       4.01094551
  9873       1.97588348       1.96607768       4.00784465
  9874       1.97960453       1.96359698       4.00474378
  9875       1.98332557       1.96111629       4.00164291
  9876       1.96167443       1.98388371       3.99835709
  9877       1.96539547       1.98140302       3.99525622
  9878       1.96911652       1.97892232       3.99215535
  9879       1.97283756       1.97644163       3.98905449
  9880       1.97655860       1.97396093       3.98595362
  9881       1.96461617       1.98192255       4.00227941
  9882       1.96833722       1.97944186       3.99917855
  9883       1.97205826       1.97696116       3.99607768
  9884       1.97577930       1.97448047       3.99297681
  9885       1.97950034       1.97199977       3.98987594
  9886       1.96755792       1.97996139       4.00620174
  9887       1.97127896       1.97748070       4.00310087
  9888       1.97500000       1.97500000       4.00000000
  9889       1.97872104       1.97251931       3.99689913
  9890       1.98244208       1.97003861       3.99379826
  9891       1.97049966       1.97800023       4.01012406
  9892       1.97422070       1.97551953       4.00702319
  9893       1.97794174       1.97303884       4.00392232
  9894       1.98166278       1.97055814       4.00082145
  9895       1.98538383       1.96807745       3.99772059
  9896       1.97344140       1.97603907       4.01404638
  9897       1.97716244       1.97355837       4.01094551
  9898       1.98088348       1.97107768       4.00784465
  9899       1.98460453       1.96859698       4.00474378
  9900       1.98832557       1.96611629       4.00164291
  9901       1.96667443       1.98888371       3.99835709
  9902       1.97039547       1.98640302       3.99525622
  9903       1.97411652       1.98392232       3.99215535
  9904       1.97783756       1.98144163       3.98905449
  9905       1.98155860       1.97896093       3.98595362
  9906       1.96961617       1.98692255       4.00227941
  9907       1.97333722       1.98444186       3.99917855
  9908       1.97705826       1.98196116       3.99607768
  9909       1.98077930       1.97948047       3.99297681
  9910       1.98450034       1.97699977       3.98987594
  9911       1.97255792       1.98496139       4.00620174
  9912       1.97627896       1.98248070       4.00310087
  9913       1.98000000       1.98000000       4.00000000
  9914       1.98372104       1.97751931       3.99689913
  9915       1.98744208       1.97503861       3.99379826
  9916       1.97549966       1.98300023       4.01012406
  9917       1.97922070       1.98051953       4.00702319
  9918       1.98294174       1.97803884       4.00392232
  9919       1.98666278       1.97555814       4.00082145
  9920       1.99038383       1.97307745       3.99772059
  9921       1.97844140       1.98103907       4.01404638
  9922       1.98216244       1.97855837       4.01094551
  9923       1.98588348       1.97607768       4.00784465
  9924       1.98960453       1.97359698       4.00474378
  9925       1.99332557       1.97111629       4.00164291
  9926       1.97167443       1.99388371       3.99835709
  9927       1.97539547       1.99140302       3.99525622
  9928       1.97911652       1.98892232       3.99215535
  9929       1.98283756       1.98644163       3.98905449
  9930       1.98655860       1.98396093       3.98595362
  9931       1.97461617       1.99192255       4.00227941
  9932       1.97833722       1.98944186       3.99917855
  9933       1.98205826       1.98696116       3.99607768
  9934       1.98577930       1.98448047       3.99297681
  9935       1.98950034       1.98199977       3.98987594
  9936       1.97755792       1.98996139       4.00620174
  9937       1.98127896       1.98748070       4.00310087
  9938       1.98500000       1.98500000       4.00000000
  9939       1.98872104       1.98251931       3.99689913
  9940       1.99244208       1.98003861       3.99379826
  9941       1.98049966       1.98800023       4.01012406
  9942       1.98422070       1.98551953       4.00702319
  9943       1.98794174       1.98303884       4.00392232
  9944       1.99166278       1.98055814       4.00082145
  9945       1.99538383       1.97807745       3.99772059
  9946       1.98344140       1.98603907       4.01404638
  9947       1.98716244       1.98355837       4.01094551
  9948       1.99088348       1.98107768       4.00784465
  9949       1.99460453       1.97859698       4.00474378
  9950       1.99832557       1.97611629       4.00164291
  9951       1.97667443       1.99888371       3.99835709
  9952       1.98039547       1.99640302       3.99525622
  9953       1.98411652       1.99392232       3.99215535
  9954       1.98783756       1.99144163       3.98905449
  9955       1.99155860       1.98896093       3.98595362
  9956       1.97961617       1.99692255       4.00227941
  9957       1.98333722       1.99444186       3.99917855
  9958       1.98705826       1.99196116       3.99607768
  9959       1.99077930       1.98948047       3.99297681
  9960       1.99450034       1.98699977       3.98987594
  9961       1.98255792       1.99496139       4.00620174
  9962       1.98627896       1.99248070       4.00310087
  9963       1.99000000       1.99000000       4.00000000
  9964       1.99372104       1.98751931       3.99689913
  9965       1.99744208       1.98503861       3.99379826
  9966       1.98549966       1.99300023       4.01012406
  9967       1.98922070       1.99051953       4.00702319
  9968       1.99294174       1.98803884       4.00392232
  9969       1.99666278       1.98555814       4.00082145
  9970       2.00038383       1.98307745       3.99772059
  9971       1.98844140       1.99103907       4.01404638
  9972       1.99216244       1.98855837       4.01094551
  9973       1.99588348       1.98607768       4.00784465
  9974       1.99960453       1.98359698       4.00474378
  9975       2.00332557       1.98111629       4.00164291
  9976       1.98167443       2.00388371       3.99835709
  9977       1.98539547       2.00140302       3.99525622
  9978       1.98911652       1.99892232       3.99215535
  9979       1.99283756       1.99644163       3.98905449
  9980       1.99655860       1.99396093       3.98595362
  9981       1.98461617       2.00192255       4.00227941
  9982       1.98833722       1.99944186       3.99917855
  9983       1.99205826       1.99696116       3.99607768
  9984       1.99577930       1.99448047       3.99297681
  9985       1.99950034       1.99199977       3.98987594
  9986       1.98755792       1.99996139       4.00620174
  9987       1.99127896       1.99748070       4.00310087
  9988       1.99500000       1.99500000       4.00000000
  9989       1.99872104       1.99251931       3.99689913
  9990       2.00244208       1.99003861       3.99379826
  9991       1.99049966       1.99800023       4.01012406
  9992       1.99422070       1.99551953       4.00702319
  9993       1.99794174       1.99303884       4.00392232
  9994       2.00166278       1.99055814       4.00082145
  9995       2.00538383       1.98807745       3.99772059
  9996       1.99344140       1.99603907       4.01404638
  9997       1.99716244       1.99355837       4.01094551
  9998       2.00088348       1.99107768       4.00784465
  9999       2.00460453       1.98859698       4.00474378
 10000       2.00832557       1.98611629       4.00164291
